trip_id,date,city_id,passenger_type,distance_travelled(km),fare_amount,passenger_rating,driver_rating
TRPCOI250808a6bcf33a,2025-08-08,TN01,new,12,119,9,7
TRPKOC25080882ca0521,2025-08-08,KL01,new,27,328,10,10
TRPCHA25080833b0e8c0,2025-08-08,CH01,repeated,14,152,6,7
TRPKOC250808daa9e630,2025-08-08,KL01,repeated,14,185,7,9
TRPCOI250808a58b3b6b,2025-08-08,TN01,repeated,20,183,9,7
TRPLUC250808621a0689,2025-08-08,UP01,repeated,18,188,5,6
TRPJAI250808c203b977,2025-08-08,RJ01,new,18,253,10,10
TRPIND250808a2255c3c,2025-08-08,MP01,repeated,13,127,7,7
TRPCOI25080830f38886,2025-08-08,TN01,new,17,159,7,9
TRPLUC250808fe07be92,2025-08-08,UP01,repeated,13,143,5,5
TRPJAI250808fe957aca,2025-08-08,RJ01,repeated,42,541,7,10
TRPIND25080852edaa9c,2025-08-08,MP01,repeated,19,175,9,7
TRPLUC250808ed7c8e92,2025-08-08,UP01,repeated,13,143,6,6
TRPCHA250808723a9b77,2025-08-08,CH01,repeated,31,305,7,8
TRPSUR250808d2ab12b6,2025-08-08,GJ01,repeated,15,139,7,7
TRPVAD25080861bc5d31,2025-08-08,GJ02,new,9,90,8,8
TRPJAI25080874b4c293,2025-08-08,RJ01,repeated,37,481,9,8
TRPSUR2508086bbbf757,2025-08-08,GJ01,repeated,10,99,5,8
TRPJAI2508081bb96a41,2025-08-08,RJ01,new,19,265,10,8
TRPSUR250808a9f7342e,2025-08-08,GJ01,repeated,6,67,7,6
TRPMYS250808815bb726,2025-08-08,KA01,repeated,25,285,8,8
TRPSUR2508082f53aa7f,2025-08-08,GJ01,repeated,13,123,6,7
TRPLUC2508086e105870,2025-08-08,UP01,repeated,5,71,7,7
TRPVIS25080821273b25,2025-08-08,AP01,new,19,198,9,8
TRPCHA250808a9eb147c,2025-08-08,CH01,new,20,206,10,9
TRPIND2508083dca849d,2025-08-08,MP01,repeated,18,167,6,6
TRPSUR25080858f3b757,2025-08-08,GJ01,new,8,83,7,7
TRPSUR250808b1bcec85,2025-08-08,GJ01,repeated,7,75,7,7
TRPCHA250808b7749869,2025-08-08,CH01,repeated,14,152,7,6
TRPSUR2508081d58ab3d,2025-08-08,GJ01,new,16,147,7,6
TRPLUC250808a76f1b20,2025-08-08,UP01,repeated,20,206,7,6
TRPIND25080850cdb1a4,2025-08-08,MP01,repeated,25,223,9,9
TRPLUC250808d093815d,2025-08-08,UP01,repeated,13,143,5,5
TRPJAI2508084d701b23,2025-08-08,RJ01,new,40,517,10,8
TRPVIS2508082f55fd46,2025-08-08,AP01,repeated,31,306,8,10
TRPSUR250808b8222f46,2025-08-08,GJ01,repeated,16,147,6,7
TRPVAD2508083bf5a8f7,2025-08-08,GJ02,repeated,13,122,6,8
TRPCHA250808bbdc60a0,2025-08-08,CH01,new,30,296,10,9
TRPIND25080805ab7b7b,2025-08-08,MP01,new,25,223,7,9
TRPJAI25080808fff913,2025-08-08,RJ01,new,16,229,10,8
TRPCHA250808ec60483b,2025-08-08,CH01,new,26,260,8,9
TRPKOC250808ff11a4fb,2025-08-08,KL01,new,23,284,10,8
TRPLUC2508085c77fec4,2025-08-08,UP01,repeated,20,206,7,7
TRPSUR25080839de0b05,2025-08-08,GJ01,repeated,15,139,6,8
TRPLUC250808e06b3502,2025-08-08,UP01,new,9,107,8,6
TRPJAI25080897eb9a2c,2025-08-08,RJ01,repeated,20,277,9,9
TRPLUC250808207acb57,2025-08-08,UP01,repeated,13,143,7,7
TRPSUR25080807004ad3,2025-08-08,GJ01,repeated,9,91,5,5
TRPSUR250808b4f33f7b,2025-08-08,GJ01,repeated,14,131,6,8
TRPSUR2508083bfd6c0a,2025-08-08,GJ01,new,7,75,9,6
TRPVIS2508081b0ea8ff,2025-08-08,AP01,new,16,171,10,10
TRPVAD2508085d25a4ff,2025-08-08,GJ02,repeated,11,106,7,8
TRPCHA250808324ed1c3,2025-08-08,CH01,repeated,20,206,7,6
TRPLUC2508086cc46f2a,2025-08-08,UP01,repeated,5,71,6,8
TRPLUC2508080e2c49d6,2025-08-08,UP01,repeated,6,80,6,8
TRPCOI2508084da9e0cf,2025-08-08,TN01,repeated,15,143,6,8
TRPKOC25080840c25cf8,2025-08-08,KL01,new,38,449,9,8
TRPSUR250808ea35f684,2025-08-08,GJ01,repeated,11,107,7,5
TRPJAI250808fda7e134,2025-08-08,RJ01,repeated,41,529,9,9
TRPKOC250808bd552f45,2025-08-08,KL01,repeated,36,427,8,10
TRPCHA250808a697c39a,2025-08-08,CH01,repeated,12,134,7,9
TRPIND2508087234da9a,2025-08-08,MP01,repeated,15,143,6,9
TRPVAD2508088515b8d9,2025-08-08,GJ02,new,13,122,7,8
TRPIND250808f90e005a,2025-08-08,MP01,repeated,23,207,9,6
TRPIND25080863ccc381,2025-08-08,MP01,repeated,11,111,8,6
TRPKOC250808b9a864eb,2025-08-08,KL01,new,14,185,10,9
TRPLUC250808672a79e9,2025-08-08,UP01,new,15,161,9,6
TRPSUR250808487c136d,2025-08-08,GJ01,repeated,14,131,7,8
TRPVAD250808961ce737,2025-08-08,GJ02,new,13,122,8,8
TRPVIS250808222e04f7,2025-08-08,AP01,repeated,25,252,8,9
TRPJAI250808c6f9c4d2,2025-08-08,RJ01,new,17,241,8,8
TRPJAI2508085e1756ed,2025-08-08,RJ01,repeated,45,577,7,10
TRPMYS250808e79c0489,2025-08-08,KA01,new,15,185,9,9
TRPCOI250808fe31e7c1,2025-08-08,TN01,repeated,11,111,9,6
TRPVAD2508083dda45cb,2025-08-08,GJ02,repeated,11,106,5,5
TRPJAI250808ebf04aca,2025-08-08,RJ01,new,31,409,8,9
TRPSUR2508089994c45d,2025-08-08,GJ01,repeated,6,67,6,8
TRPLUC2508083800338f,2025-08-08,UP01,repeated,18,188,5,5
TRPSUR25080878fc946c,2025-08-08,GJ01,new,8,83,9,7
TRPSUR250808244b2985,2025-08-08,GJ01,repeated,14,131,5,6
TRPCHA25080804d9371a,2025-08-08,CH01,new,12,134,9,7
TRPLUC25080861d462fc,2025-08-08,UP01,repeated,14,152,7,6
TRPIND2508081ec564fb,2025-08-08,MP01,repeated,24,215,7,8
TRPLUC250808a9d0be3b,2025-08-08,UP01,new,17,179,9,6
TRPJAI250808a8e71476,2025-08-08,RJ01,new,35,457,10,9
TRPLUC250808200bda17,2025-08-08,UP01,repeated,7,89,5,5
TRPLUC250808d05d762c,2025-08-08,UP01,new,15,161,8,7
TRPLUC250808112f4fa0,2025-08-08,UP01,repeated,12,134,7,7
TRPIND250808821aee50,2025-08-08,MP01,repeated,13,127,6,8
TRPJAI2508087813c375,2025-08-08,RJ01,new,34,445,9,9
TRPLUC2508087e2ab9d1,2025-08-08,UP01,new,5,71,7,8
TRPJAI2508089f49f99c,2025-08-08,RJ01,new,28,373,9,8
TRPSUR250808b5653ee7,2025-08-08,GJ01,repeated,14,131,7,6
TRPVAD2508086d96af9b,2025-08-08,GJ02,new,5,58,9,6
TRPVAD250808585b49d3,2025-08-08,GJ02,new,11,106,7,7
TRPCOI250808e9115f84,2025-08-08,TN01,repeated,11,111,8,7
TRPJAI250808fbc19375,2025-08-08,RJ01,repeated,31,409,7,10
TRPMYS2508086ca22752,2025-08-08,KA01,repeated,19,225,8,8
TRPSUR25080800b6d96f,2025-08-08,GJ01,repeated,8,83,7,5
TRPVAD2508086c68dea9,2025-08-08,GJ02,repeated,9,90,7,5
TRPSUR250808056738ab,2025-08-08,GJ01,repeated,13,123,7,7
TRPCOI250808c80192cd,2025-08-08,TN01,repeated,17,159,6,9
TRPJAI25080839b3f645,2025-08-08,RJ01,new,27,361,8,9
TRPCHA250808e4f4cbf3,2025-08-08,CH01,new,33,323,7,9
TRPJAI250808e23a517d,2025-08-08,RJ01,new,18,253,9,8
TRPVAD250808a88969ff,2025-08-08,GJ02,repeated,9,90,7,5
TRPIND2508089c59a70e,2025-08-08,MP01,new,16,151,10,9
TRPIND250808490b4eeb,2025-08-08,MP01,new,21,191,7,7
TRPKOC250808a8f89c6b,2025-08-08,KL01,new,10,141,10,10
TRPSUR250808236e74b2,2025-08-08,GJ01,repeated,9,91,6,8
TRPMYS25080832056669,2025-08-08,KA01,new,23,265,8,8
TRPCHA250808cd1129dc,2025-08-08,CH01,new,19,197,10,9
TRPKOC250808d478cdb5,2025-08-08,KL01,repeated,20,251,9,10
TRPMYS250808c76d8116,2025-08-08,KA01,new,19,225,9,8
TRPSUR2508088e25bc2c,2025-08-08,GJ01,repeated,10,99,6,8
TRPLUC2508082f89c3c8,2025-08-08,UP01,repeated,20,206,7,8
TRPLUC250808e48ad2d4,2025-08-08,UP01,repeated,5,71,7,8
TRPIND25080815de162b,2025-08-08,MP01,new,11,111,9,7
TRPKOC25080874975528,2025-08-08,KL01,new,13,174,8,8
TRPVIS250808fe177541,2025-08-08,AP01,repeated,19,198,7,8
TRPLUC250808dfc3ef26,2025-08-08,UP01,new,15,161,8,8
TRPLUC2508081fab1d17,2025-08-08,UP01,repeated,18,188,7,7
TRPCHA25080895feea59,2025-08-08,CH01,repeated,32,314,8,7
TRPJAI25080888f6fff5,2025-08-08,RJ01,repeated,32,421,8,8
TRPSUR2508088bc5c977,2025-08-08,GJ01,repeated,5,59,6,7
TRPKOC2508081aed7042,2025-08-08,KL01,new,32,383,10,8
TRPSUR250808c5395ff4,2025-08-08,GJ01,repeated,12,115,6,5
TRPCHA25080885aba333,2025-08-08,CH01,new,35,341,10,9
TRPKOC25080889bd59bf,2025-08-08,KL01,repeated,14,185,8,8
TRPJAI2508087000cfdf,2025-08-08,RJ01,new,23,313,10,9
TRPKOC250808ec630eb2,2025-08-08,KL01,new,38,449,9,10
TRPLUC250808c52e65a3,2025-08-08,UP01,new,5,71,7,7
TRPCHA25080812537e3b,2025-08-08,CH01,repeated,19,197,9,6
TRPLUC250808efdd294e,2025-08-08,UP01,repeated,5,71,6,6
TRPLUC2508086f43d76b,2025-08-08,UP01,new,7,89,8,7
TRPJAI2508085cd48afa,2025-08-08,RJ01,new,42,541,9,9
TRPVIS250808027eab3f,2025-08-08,AP01,new,26,261,8,8
TRPJAI250808e063eccb,2025-08-08,RJ01,new,32,421,10,10
TRPVIS2508080bd706b5,2025-08-08,AP01,repeated,23,234,9,10
TRPSUR250808a43be5df,2025-08-08,GJ01,repeated,17,155,6,5
TRPJAI250808186de9b6,2025-08-08,RJ01,new,25,337,10,9
TRPVAD250808ba8e58ee,2025-08-08,GJ02,repeated,18,162,7,8
TRPVAD250808389cfb83,2025-08-08,GJ02,new,7,74,8,7
TRPJAI2508087559aeb6,2025-08-08,RJ01,new,36,469,10,9
TRPJAI2508088603f173,2025-08-08,RJ01,repeated,40,517,7,9
TRPLUC25080853e7acb7,2025-08-08,UP01,new,11,125,8,6
TRPCOI2508082186cd04,2025-08-08,TN01,new,17,159,10,7
TRPLUC250808ad02fca5,2025-08-08,UP01,repeated,14,152,6,6
TRPLUC250808496bfddb,2025-08-08,UP01,repeated,12,134,5,8
TRPSUR2508084632be33,2025-08-08,GJ01,new,13,123,9,7
TRPJAI2508084c5f5580,2025-08-08,RJ01,repeated,15,217,9,10
TRPKOC2508082e3aaedc,2025-08-08,KL01,repeated,32,383,9,10
TRPCOI25080867ff2d67,2025-08-08,TN01,new,15,143,8,9
TRPVAD2508082d32505f,2025-08-08,GJ02,new,13,122,7,6
TRPLUC2508080f073250,2025-08-08,UP01,repeated,17,179,5,5
TRPLUC250808c8be7637,2025-08-08,UP01,repeated,6,80,5,8
TRPJAI2508088c0089c4,2025-08-08,RJ01,new,24,325,8,9
TRPSUR25080814e08846,2025-08-08,GJ01,repeated,14,131,5,5
TRPIND250808c2bb5e72,2025-08-08,MP01,new,15,143,10,8
TRPVIS250808016cd372,2025-08-08,AP01,repeated,26,261,7,9
TRPSUR25080802ff4c40,2025-08-08,GJ01,repeated,16,147,7,5
TRPSUR2508087c432f9c,2025-08-08,GJ01,repeated,6,67,6,5
TRPMYS250808400733c5,2025-08-08,KA01,new,14,175,10,8
TRPLUC25080839b1973c,2025-08-08,UP01,repeated,14,152,6,5
TRPSUR2508082fe23e3a,2025-08-08,GJ01,repeated,5,59,7,5
TRPVAD2508080ff6ecd6,2025-08-08,GJ02,new,12,114,9,6
TRPCHA25080831d5101e,2025-08-08,CH01,new,20,206,7,8
TRPSUR250808316ee74e,2025-08-08,GJ01,repeated,8,83,7,7
TRPJAI2508088f85da90,2025-08-08,RJ01,repeated,34,445,9,9
TRPCHA2508088f0ba1f6,2025-08-08,CH01,repeated,22,224,6,8
TRPSUR2508083e04655f,2025-08-08,GJ01,new,15,139,9,7
TRPKOC250808fa2ffece,2025-08-08,KL01,new,15,196,10,8
TRPVIS2508089061c546,2025-08-08,AP01,new,20,207,9,9
TRPMYS2508085dde95c9,2025-08-08,KA01,repeated,17,205,8,10
TRPSUR250808685ac158,2025-08-08,GJ01,repeated,13,123,5,5
TRPSUR250808ef8db762,2025-08-08,GJ01,repeated,13,123,7,5
TRPLUC250808d867d28c,2025-08-08,UP01,repeated,5,71,5,5
TRPKOC2508083056881d,2025-08-08,KL01,new,15,196,10,8
TRPKOC250808c49c4201,2025-08-08,KL01,repeated,10,141,9,9
TRPVIS2508081c02281d,2025-08-08,AP01,new,18,189,8,10
TRPLUC25080861592f81,2025-08-08,UP01,repeated,6,80,7,7
TRPSUR250808d90ef38b,2025-08-08,GJ01,repeated,17,155,6,8
TRPIND250808c402b3a3,2025-08-08,MP01,repeated,13,127,9,6
TRPCHA250808e3ed6be3,2025-08-08,CH01,repeated,21,215,8,9
TRPCHA2508080fd6114a,2025-08-08,CH01,new,26,260,8,9
TRPJAI2508084b2c020c,2025-08-08,RJ01,new,37,481,9,9
TRPVIS250808a9d911cc,2025-08-08,AP01,repeated,24,243,8,10
TRPVIS250808e54f328e,2025-08-08,AP01,new,35,342,2,3
TRPCHA25080856654140,2025-08-08,CH01,repeated,22,224,6,7
TRPCOI250808ecb7a78f,2025-08-08,TN01,repeated,13,127,8,9
TRPKOC25080884c8b971,2025-08-08,KL01,new,36,427,9,9
TRPLUC250808ab937817,2025-08-08,UP01,repeated,8,98,7,8
TRPCHA2508089da3f0a5,2025-08-08,CH01,new,26,260,10,9
TRPJAI250808ef2e4762,2025-08-08,RJ01,repeated,21,289,7,9
TRPSUR250808014a38fe,2025-08-08,GJ01,repeated,14,131,6,7
TRPLUC250808826ecf62,2025-08-08,UP01,repeated,19,197,5,7
TRPJAI250808d9c1526f,2025-08-08,RJ01,new,23,313,9,9
TRPVAD250808a886c314,2025-08-08,GJ02,new,8,82,9,6
TRPLUC2508088a1b44bd,2025-08-08,UP01,new,15,161,9,6
TRPVAD2508089beecc78,2025-08-08,GJ02,repeated,16,146,6,7
TRPSUR25080839fb053d,2025-08-08,GJ01,repeated,13,123,5,5
TRPCHA2508086db4be57,2025-08-08,CH01,new,27,269,10,9
TRPCHA2508084efa011f,2025-08-08,CH01,new,14,152,8,8
TRPLUC25080859aeb42d,2025-08-08,UP01,repeated,19,197,6,8
TRPKOC250808dce7b81c,2025-08-08,KL01,repeated,13,174,7,10
TRPJAI250808616ebf98,2025-08-08,RJ01,repeated,35,457,9,10
TRPJAI2508085e945ec2,2025-08-08,RJ01,repeated,33,433,8,10
TRPCOI25080881a06ad6,2025-08-08,TN01,repeated,12,119,9,6
TRPCHA250808fc0537a1,2025-08-08,CH01,repeated,13,143,7,6
TRPCHA2508081695ce03,2025-08-08,CH01,new,15,161,8,8
TRPJAI250808aaba685e,2025-08-08,RJ01,repeated,26,349,9,10
TRPLUC250808c2faf258,2025-08-08,UP01,repeated,17,179,7,7
TRPVAD250808fdd525ef,2025-08-08,GJ02,repeated,10,98,6,5
TRPVIS250808aa7d131c,2025-08-08,AP01,new,29,288,10,8
TRPIND25080849ba34ca,2025-08-08,MP01,new,24,215,7,7
TRPCHA2508087e527fe4,2025-08-08,CH01,repeated,16,170,7,8
TRPSUR25080830adbf11,2025-08-08,GJ01,repeated,9,91,6,7
TRPKOC2508082556e520,2025-08-08,KL01,new,27,328,8,10
TRPLUC250808d4907179,2025-08-08,UP01,repeated,15,161,5,7
TRPCOI250808c445a020,2025-08-08,TN01,repeated,22,199,9,8
TRPLUC2508088bd71cc9,2025-08-08,UP01,new,16,170,9,6
TRPLUC250808611a4d44,2025-08-08,UP01,repeated,12,134,5,7
TRPIND25080813aba5ad,2025-08-08,MP01,new,21,191,7,7
TRPIND250808afc92059,2025-08-08,MP01,repeated,21,191,7,6
TRPVIS250808143212aa,2025-08-08,AP01,new,31,306,9,10
TRPSUR250808ee2f1d0f,2025-08-08,GJ01,repeated,17,155,5,7
TRPLUC2508080ac8e717,2025-08-08,UP01,new,11,125,9,6
TRPLUC250808c0efdb57,2025-08-08,UP01,repeated,6,80,5,5
TRPVIS25080861ce71e8,2025-08-08,AP01,repeated,19,198,7,9
TRPLUC25080824adab11,2025-08-08,UP01,new,7,89,8,7
TRPLUC250808cd33b8c3,2025-08-08,UP01,repeated,10,116,6,8
TRPJAI250808abb7917b,2025-08-08,RJ01,repeated,43,553,7,9
TRPJAI250808791403f5,2025-08-08,RJ01,new,23,313,9,8
TRPLUC250808694b7649,2025-08-08,UP01,new,9,107,8,6
TRPVIS2508080a65d0d2,2025-08-08,AP01,new,20,207,8,10
TRPLUC2508082a5f21ba,2025-08-08,UP01,repeated,7,89,6,8
TRPLUC250808a56edaa8,2025-08-08,UP01,new,12,134,8,7
TRPLUC250808542194ec,2025-08-08,UP01,repeated,20,206,6,5
TRPLUC2508084a0851e6,2025-08-08,UP01,repeated,6,80,6,8
TRPIND250808e943f888,2025-08-08,MP01,repeated,11,111,6,7
TRPJAI250808453b43e5,2025-08-08,RJ01,repeated,34,445,7,8
TRPJAI2508082b8347a3,2025-08-08,RJ01,new,42,541,8,9
TRPSUR250808c587ffb3,2025-08-08,GJ01,repeated,9,91,6,7
TRPLUC2508082eb99532,2025-08-08,UP01,repeated,13,143,7,6
TRPMYS250808e6cb6947,2025-08-08,KA01,new,21,245,8,8
TRPMYS250808ed5e4622,2025-08-08,KA01,new,18,215,10,8
TRPJAI250808a2c9317a,2025-08-08,RJ01,new,22,301,10,10
TRPJAI250808fa7ae04f,2025-08-08,RJ01,repeated,40,517,7,9
TRPJAI2508086c53c37c,2025-08-08,RJ01,new,27,361,8,10
TRPIND2508080ae7f5e6,2025-08-08,MP01,repeated,14,135,8,9
TRPJAI25080833fbd7cf,2025-08-08,RJ01,new,26,349,9,9
TRPVIS2508088a43a882,2025-08-08,AP01,new,22,225,8,10
TRPIND250808fd9f773f,2025-08-08,MP01,repeated,19,175,8,9
TRPVAD250808aa0a4bf3,2025-08-08,GJ02,new,10,98,8,8
TRPSUR250808d34a26f1,2025-08-08,GJ01,repeated,15,139,6,7
TRPJAI2508081c82c7ba,2025-08-08,RJ01,new,37,481,9,9
TRPKOC25080864912fde,2025-08-08,KL01,new,15,196,8,10
TRPIND250808557c0a15,2025-08-08,MP01,new,20,183,10,9
TRPJAI250808bccc767e,2025-08-08,RJ01,new,32,421,10,10
TRPLUC250808aaf3c9e0,2025-08-08,UP01,new,7,89,7,8
TRPIND250808bdc40d41,2025-08-08,MP01,repeated,18,167,6,7
TRPLUC2508084866a453,2025-08-08,UP01,repeated,19,197,6,6
TRPKOC25080862909f5e,2025-08-08,KL01,repeated,14,185,9,9
TRPLUC2508086b3da2cd,2025-08-08,UP01,new,14,152,7,6
TRPCOI2508085dca4ec6,2025-08-08,TN01,new,9,95,10,9
TRPVAD250808bf6f531e,2025-08-08,GJ02,new,12,114,9,7
TRPLUC250808c126671f,2025-08-08,UP01,repeated,13,143,6,5
TRPVAD250808e8bf3a37,2025-08-08,GJ02,new,7,74,9,6
TRPLUC25080872c6019d,2025-08-08,UP01,new,17,179,9,6
TRPVAD2508083ad7b8f7,2025-08-08,GJ02,repeated,8,82,7,6
TRPLUC250808d968b59b,2025-08-08,UP01,repeated,15,161,7,5
TRPIND250808ae5c5e0d,2025-08-08,MP01,repeated,18,167,8,8
TRPSUR25080839cbef62,2025-08-08,GJ01,new,16,147,9,7
TRPKOC250808fb527481,2025-08-08,KL01,repeated,16,207,8,10
TRPKOC25080852e36100,2025-08-08,KL01,repeated,31,372,9,8
TRPSUR2508084cfd5d2b,2025-08-08,GJ01,repeated,17,155,7,5
TRPLUC2508081fb6198b,2025-08-08,UP01,new,20,206,8,7
TRPCOI25080854ed7989,2025-08-08,TN01,repeated,17,159,6,9
TRPSUR2508089958cc41,2025-08-08,GJ01,repeated,7,75,6,7
TRPIND250808a4add6d7,2025-08-08,MP01,new,10,103,7,9
TRPLUC2508089762106e,2025-08-08,UP01,repeated,9,107,5,6
TRPSUR2508087d930d60,2025-08-08,GJ01,repeated,13,123,5,5
TRPJAI250808fce6dc1d,2025-08-08,RJ01,repeated,17,241,7,8
TRPCHA25080830d3ccb1,2025-08-08,CH01,repeated,34,332,9,8
TRPSUR2508089609804b,2025-08-08,GJ01,repeated,14,131,6,5
TRPJAI250808b416eb68,2025-08-08,RJ01,new,36,469,8,8
TRPCHA25080838bc02d0,2025-08-08,CH01,new,13,143,7,8
TRPIND25080891e7af96,2025-08-08,MP01,repeated,21,191,6,6
TRPLUC25080813b1d4f8,2025-08-08,UP01,repeated,20,206,6,7
TRPLUC2508080f1a96c9,2025-08-08,UP01,new,16,170,7,8
TRPCOI2508084bd26a80,2025-08-08,TN01,repeated,16,151,6,8
TRPJAI2508081117e8f2,2025-08-08,RJ01,repeated,32,421,8,9
TRPKOC2508083f5f387f,2025-08-08,KL01,repeated,15,196,7,9
TRPVIS2508088129fa9d,2025-08-08,AP01,new,21,216,9,10
TRPKOC25080873d0e4f6,2025-08-08,KL01,repeated,37,438,8,9
TRPVIS250808c8ddf379,2025-08-08,AP01,new,32,315,10,9
TRPMYS2508088f5231f6,2025-08-08,KA01,repeated,9,125,8,8
TRPVIS2508086aadd3a7,2025-08-08,AP01,repeated,16,171,9,10
TRPVAD250808de9652d2,2025-08-08,GJ02,repeated,5,58,7,7
TRPSUR2508086b8c2e4c,2025-08-08,GJ01,new,9,91,8,6
TRPJAI250808a4f6d006,2025-08-08,RJ01,new,26,349,9,10
TRPVIS25080874efec39,2025-08-08,AP01,new,23,234,9,10
TRPVAD25080832b909ea,2025-08-08,GJ02,repeated,12,114,5,6
TRPVIS250808b3c7e4e3,2025-08-08,AP01,repeated,17,180,8,8
TRPKOC2508081fe0b22c,2025-08-08,KL01,repeated,13,174,9,9
TRPKOC250808e3a95349,2025-08-08,KL01,new,24,295,10,10
TRPJAI2508083c751d15,2025-08-08,RJ01,new,34,445,8,9
TRPLUC250808bef02259,2025-08-08,UP01,new,5,71,7,8
TRPMYS25080865ce8d0a,2025-08-08,KA01,new,16,195,9,10
TRPKOC2508084d38ea05,2025-08-08,KL01,new,28,339,8,8
TRPKOC25080874ba9ca5,2025-08-08,KL01,new,37,438,8,10
TRPKOC250808aded7368,2025-08-08,KL01,repeated,13,174,8,8
TRPKOC2508085bbae8bd,2025-08-08,KL01,new,27,328,9,10
TRPVAD250808b221284c,2025-08-08,GJ02,repeated,15,138,6,8
TRPSUR250808803ee13a,2025-08-08,GJ01,repeated,9,91,6,7
TRPKOC250808ab03db6e,2025-08-08,KL01,repeated,11,152,9,8
TRPLUC25080817b87baa,2025-08-08,UP01,repeated,8,98,5,5
TRPLUC2508081863bf40,2025-08-08,UP01,new,9,107,9,6
TRPJAI25080866eb1970,2025-08-08,RJ01,new,15,217,9,10
TRPIND25080842f032d3,2025-08-08,MP01,repeated,22,199,8,6
TRPKOC2508086778a9e0,2025-08-08,KL01,repeated,30,361,7,9
TRPSUR25080879a07116,2025-08-08,GJ01,repeated,7,75,5,8
TRPLUC250808d2accdfa,2025-08-08,UP01,repeated,19,197,6,8
TRPCOI2508088ff87d83,2025-08-08,TN01,repeated,17,159,9,9
TRPJAI2508089abcca96,2025-08-08,RJ01,new,38,493,8,10
TRPIND2508087a8c3b83,2025-08-08,MP01,repeated,12,119,8,7
TRPLUC250808ded48068,2025-08-08,UP01,repeated,10,116,5,7
TRPLUC25080888fa6b0a,2025-08-08,UP01,repeated,14,152,6,6
TRPKOC250808929bd564,2025-08-08,KL01,repeated,31,372,7,10
TRPCOI25080890e1f6b9,2025-08-08,TN01,repeated,17,159,9,7
TRPLUC2508084bd7c50b,2025-08-08,UP01,repeated,17,179,7,8
TRPVIS250808260f31d3,2025-08-08,AP01,repeated,28,279,8,8
TRPSUR250808dc9194b4,2025-08-08,GJ01,new,16,147,7,8
TRPVIS250808d760d5e0,2025-08-08,AP01,new,33,324,10,9
TRPJAI2508088bc94ca4,2025-08-08,RJ01,repeated,17,241,7,10
TRPKOC250808dee39991,2025-08-08,KL01,new,13,174,9,8
TRPLUC250808b8a85199,2025-08-08,UP01,new,8,98,8,8
TRPLUC2508089365d4a1,2025-08-08,UP01,repeated,6,80,7,5
TRPLUC2508080938429b,2025-08-08,UP01,repeated,14,152,6,7
TRPCHA250808769a0447,2025-08-08,CH01,new,26,260,7,9
TRPCHA250808f8881761,2025-08-08,CH01,repeated,28,278,8,9
TRPJAI2508088241c1be,2025-08-08,RJ01,new,40,517,9,9
TRPKOC250808f596e601,2025-08-08,KL01,repeated,26,317,9,10
TRPVAD250808422756c9,2025-08-08,GJ02,new,16,146,8,6
TRPVAD2508081f369a14,2025-08-08,GJ02,repeated,9,90,6,8
TRPIND250808dc66e414,2025-08-08,MP01,repeated,13,127,9,8
TRPCOI25080863ff5085,2025-08-08,TN01,repeated,13,127,8,7
TRPSUR2508088cef7d2f,2025-08-08,GJ01,new,13,123,8,6
TRPCHA25080824bc0f90,2025-08-08,CH01,repeated,26,260,9,9
TRPLUC2508080dfe3c41,2025-08-08,UP01,new,15,161,9,7
TRPVIS25080850e37b74,2025-08-08,AP01,repeated,10,117,7,10
TRPLUC250808886063b5,2025-08-08,UP01,repeated,10,116,7,5
TRPIND2508080b7e0a65,2025-08-08,MP01,repeated,9,95,6,9
TRPIND250808c6643980,2025-08-08,MP01,new,8,87,7,9
TRPLUC2508083ce45ab1,2025-08-08,UP01,new,18,188,9,8
TRPIND2508087206c424,2025-08-08,MP01,repeated,17,159,9,8
TRPVIS2508084a103212,2025-08-08,AP01,new,14,153,8,8
TRPSUR25080864401b75,2025-08-08,GJ01,new,7,75,7,7
TRPCHA2508085b153ce4,2025-08-08,CH01,repeated,14,152,6,7
TRPLUC250808a9e5365d,2025-08-08,UP01,repeated,15,161,6,5
TRPLUC2508082f1cc36d,2025-08-08,UP01,new,16,170,9,7
TRPIND25080895fbfd81,2025-08-08,MP01,new,16,151,9,9
TRPVIS25080813bab200,2025-08-08,AP01,repeated,32,315,7,9
TRPIND2508084632ade1,2025-08-08,MP01,repeated,10,103,6,9
TRPVIS2508081575aa47,2025-08-08,AP01,new,14,153,9,9
TRPLUC250808fe50fbd3,2025-08-08,UP01,repeated,13,143,5,5
TRPIND2508086e573ce0,2025-08-08,MP01,repeated,19,175,6,9
TRPVAD2508081d0ac6e2,2025-08-08,GJ02,repeated,8,82,5,7
TRPSUR25080842e2e171,2025-08-08,GJ01,new,10,99,7,8
TRPVAD250808a153a464,2025-08-08,GJ02,new,5,58,8,8
TRPKOC250808842d9bec,2025-08-08,KL01,repeated,19,240,7,8
TRPJAI2508086010121a,2025-08-08,RJ01,new,45,577,8,10
TRPLUC250808bb7aae28,2025-08-08,UP01,repeated,16,170,5,8
TRPLUC2508087b16925a,2025-08-08,UP01,repeated,13,143,6,7
TRPVAD250808e3161044,2025-08-08,GJ02,repeated,13,122,6,7
TRPLUC250808d321929c,2025-08-08,UP01,new,6,80,7,8
TRPVIS250808c6d7821e,2025-08-08,AP01,new,30,297,9,10
TRPJAI25080840bf6de4,2025-08-08,RJ01,new,23,313,10,10
TRPCHA25080850251c2a,2025-08-08,CH01,new,16,170,8,8
TRPKOC250808fde9146f,2025-08-08,KL01,repeated,12,163,7,9
TRPLUC250808ef6bcd72,2025-08-08,UP01,repeated,12,134,6,6
TRPJAI25080899a3970a,2025-08-08,RJ01,new,20,277,10,9
TRPMYS250808f2905ef7,2025-08-08,KA01,new,19,225,10,8
TRPJAI25080813e32336,2025-08-08,RJ01,new,43,553,9,10
TRPJAI2508088f4a26ff,2025-08-08,RJ01,new,17,241,8,10
TRPJAI2508088a164eb1,2025-08-08,RJ01,new,45,577,10,8
TRPSUR2508082ac83e98,2025-08-08,GJ01,repeated,8,83,5,7
TRPIND2508086b539c02,2025-08-08,MP01,new,11,111,8,8
TRPJAI2508083a1b9e67,2025-08-08,RJ01,repeated,45,577,8,9
TRPSUR250808ae05d7ae,2025-08-08,GJ01,repeated,11,107,7,6
TRPJAI250808bec14138,2025-08-08,RJ01,new,39,505,10,9
TRPJAI2508084038fb60,2025-08-08,RJ01,new,26,349,8,10
TRPIND2508088863b737,2025-08-08,MP01,new,17,159,10,7
TRPCHA25080889319f1c,2025-08-08,CH01,repeated,20,206,9,7
TRPIND2508089efa04a6,2025-08-08,MP01,repeated,11,111,8,9
TRPVIS250808a7ff6b30,2025-08-08,AP01,new,27,270,9,10
TRPVAD25080866b2bc1f,2025-08-08,GJ02,new,6,66,7,8
TRPMYS25080845a32f59,2025-08-08,KA01,new,11,145,9,8
TRPLUC2508083ceb1f98,2025-08-08,UP01,repeated,10,116,6,5
TRPCHA250808df0d4132,2025-08-08,CH01,repeated,35,341,9,7
TRPIND250808bfe4ef78,2025-08-08,MP01,repeated,22,199,6,6
TRPSUR2508087b63083b,2025-08-08,GJ01,new,7,75,8,6
TRPJAI250808b52f6831,2025-08-08,RJ01,new,26,349,10,10
TRPVAD2508087cc85ef3,2025-08-08,GJ02,new,8,82,9,6
TRPSUR250808bfa3104b,2025-08-08,GJ01,new,17,155,8,7
TRPLUC250808d56b3edf,2025-08-08,UP01,repeated,12,134,7,5
TRPJAI250808b8f7e704,2025-08-08,RJ01,repeated,41,529,7,10
TRPKOC250808d2d3fd09,2025-08-08,KL01,new,34,405,9,8
TRPVIS25080836299ad8,2025-08-08,AP01,repeated,24,243,8,8
TRPMYS2508086d70b38d,2025-08-08,KA01,new,15,185,9,8
TRPLUC250808982fa55c,2025-08-08,UP01,repeated,5,71,6,5
TRPIND250808598f38a5,2025-08-08,MP01,new,24,215,8,7
TRPCOI2508082e84cea3,2025-08-08,TN01,repeated,8,87,6,9
TRPIND2508082a5aacee,2025-08-08,MP01,new,16,151,7,8
TRPCOI2508082080ab1e,2025-08-08,TN01,new,10,103,8,7
TRPKOC250808908c43bf,2025-08-08,KL01,repeated,11,152,8,10
TRPJAI250808ad89b7af,2025-08-08,RJ01,new,33,433,10,10
TRPLUC2508085df819b1,2025-08-08,UP01,new,9,107,9,7
TRPJAI250808d4437176,2025-08-08,RJ01,repeated,43,553,9,10
TRPJAI25080818883990,2025-08-08,RJ01,repeated,45,577,8,8
TRPCHA250808630ed3c1,2025-08-08,CH01,repeated,14,152,7,7
TRPLUC250808f3511ed3,2025-08-08,UP01,repeated,20,206,6,5
TRPCHA2508088aa94bb4,2025-08-08,CH01,new,27,269,9,8
TRPSUR25080814730a2b,2025-08-08,GJ01,new,17,155,8,7
TRPSUR250808f20afbbf,2025-08-08,GJ01,repeated,12,115,5,5
TRPJAI25080816b1c5e3,2025-08-08,RJ01,repeated,39,505,9,8
TRPKOC25080897be72c4,2025-08-08,KL01,repeated,13,174,9,8
TRPVAD2508086f297eab,2025-08-08,GJ02,new,14,130,9,7
TRPVIS250808b59691c5,2025-08-08,AP01,repeated,27,270,8,10
TRPJAI250808c63431c4,2025-08-08,RJ01,new,39,505,9,9
TRPLUC25080858c0242e,2025-08-08,UP01,repeated,14,152,6,7
TRPLUC250808fd5c8e82,2025-08-08,UP01,repeated,20,206,5,5
TRPSUR250808d612751f,2025-08-08,GJ01,new,16,147,7,6
TRPLUC2508080b406749,2025-08-08,UP01,repeated,17,179,7,6
TRPCHA250808eabc3348,2025-08-08,CH01,new,12,134,10,9
TRPLUC250808c8284dfa,2025-08-08,UP01,repeated,11,125,7,5
TRPJAI25080837aea71b,2025-08-08,RJ01,new,42,541,9,8
TRPIND25080830f0f5a5,2025-08-08,MP01,repeated,25,223,6,6
TRPLUC2508086bd026b8,2025-08-08,UP01,repeated,18,188,6,7
TRPLUC250808a3d0e41a,2025-08-08,UP01,repeated,8,98,7,6
TRPLUC2508083bc77879,2025-08-08,UP01,repeated,11,125,7,8
TRPCHA2508087b303e31,2025-08-08,CH01,new,28,278,10,9
TRPSUR25080845dbb4fb,2025-08-08,GJ01,repeated,12,115,7,7
TRPVAD25080828d7f895,2025-08-08,GJ02,repeated,14,130,6,7
TRPJAI250808a17e2f0c,2025-08-08,RJ01,new,24,325,8,9
TRPVAD25080832fbe576,2025-08-08,GJ02,repeated,18,162,7,7
TRPIND2508085e07ae27,2025-08-08,MP01,new,18,167,10,9
TRPJAI250808094d6191,2025-08-08,RJ01,new,35,457,8,9
TRPKOC25080856cf2325,2025-08-08,KL01,repeated,23,284,9,8
TRPIND250808b965bc0d,2025-08-08,MP01,new,10,103,10,8
TRPKOC2508081e9b1666,2025-08-08,KL01,new,38,449,9,9
TRPIND250808b5ca8c28,2025-08-08,MP01,new,12,119,10,9
TRPSUR2508082528088c,2025-08-08,GJ01,repeated,12,115,6,7
TRPLUC250808c9986aff,2025-08-08,UP01,repeated,11,125,6,8
TRPLUC2508087bd63031,2025-08-08,UP01,repeated,18,188,6,5
TRPJAI250808d4c243d0,2025-08-08,RJ01,new,32,421,9,9
TRPKOC250808cfd5ecf1,2025-08-08,KL01,new,17,218,10,9
TRPJAI250808ac8075ad,2025-08-08,RJ01,new,16,229,8,9
TRPSUR250808d6e6d3e1,2025-08-08,GJ01,repeated,14,131,6,8
TRPCHA250808f0728a89,2025-08-08,CH01,repeated,25,251,6,7
TRPIND2508086b18663f,2025-08-08,MP01,new,13,127,9,7
TRPLUC2508084c6826d7,2025-08-08,UP01,new,7,89,7,7
TRPJAI250808413ae9b6,2025-08-08,RJ01,repeated,30,397,8,10
TRPVAD250808b4d86f33,2025-08-08,GJ02,repeated,13,122,6,6
TRPIND250808bddf888b,2025-08-08,MP01,new,9,95,10,8
TRPLUC2508080841dcbd,2025-08-08,UP01,repeated,11,125,7,6
TRPSUR250808166bec48,2025-08-08,GJ01,repeated,16,147,7,6
TRPVIS250808fafb0bd5,2025-08-08,AP01,new,31,306,10,9
TRPSUR2508088128388a,2025-08-08,GJ01,repeated,11,107,6,8
TRPLUC25080806f07d69,2025-08-08,UP01,repeated,9,107,5,6
TRPJAI250808442f88fd,2025-08-08,RJ01,new,24,325,10,9
TRPLUC250808e6f4137d,2025-08-08,UP01,repeated,7,89,6,6
TRPSUR250808b6ea311b,2025-08-08,GJ01,new,10,99,9,7
TRPVIS250808f9b756de,2025-08-08,AP01,repeated,29,288,9,9
TRPVAD250808864b9c6b,2025-08-08,GJ02,repeated,16,146,7,8
TRPLUC250808d0a6fac8,2025-08-08,UP01,repeated,6,80,5,8
TRPSUR2508086761b4c9,2025-08-08,GJ01,repeated,13,123,6,6
TRPIND25080809cefc36,2025-08-08,MP01,new,19,175,9,8
TRPSUR2508086720b8a1,2025-08-08,GJ01,repeated,17,155,7,6
TRPIND250808cfc40511,2025-08-08,MP01,repeated,9,95,8,8
TRPCHA2508081b983b9a,2025-08-08,CH01,new,19,197,9,7
TRPJAI250808adfbc3a4,2025-08-08,RJ01,new,42,541,8,10
TRPLUC2508082e95c769,2025-08-08,UP01,repeated,18,188,6,8
TRPVAD250808b23d1380,2025-08-08,GJ02,new,11,106,7,8
TRPJAI250808829d58da,2025-08-08,RJ01,new,22,301,9,8
TRPCHA250808d00f0fe2,2025-08-08,CH01,new,22,224,8,7
TRPSUR2508082bf0f7a0,2025-08-08,GJ01,repeated,16,147,6,6
TRPCOI2508081c070ec3,2025-08-08,TN01,new,13,127,10,9
TRPJAI250808aadf8f4d,2025-08-08,RJ01,new,34,445,9,9
TRPVAD25080878e5bf07,2025-08-08,GJ02,new,14,130,9,6
TRPSUR250808c99d9201,2025-08-08,GJ01,repeated,11,107,6,6
TRPKOC250808cc92297a,2025-08-08,KL01,repeated,21,262,7,9
TRPVAD2508081e738d88,2025-08-08,GJ02,new,17,154,8,6
TRPLUC250808a066f65b,2025-08-08,UP01,repeated,6,80,7,5
TRPVAD250808816a0187,2025-08-08,GJ02,new,12,114,9,7
TRPSUR250808a900a7d4,2025-08-08,GJ01,repeated,8,83,5,7
TRPLUC2508084be87a12,2025-08-08,UP01,repeated,16,170,7,8
TRPJAI250808226811c7,2025-08-08,RJ01,new,35,457,8,8
TRPIND25080870edff16,2025-08-08,MP01,repeated,8,87,9,6
TRPCOI25080893eebed0,2025-08-08,TN01,repeated,9,95,7,7
TRPCOI250808d62e487b,2025-08-08,TN01,new,11,111,9,8
TRPSUR250808fdf96cf6,2025-08-08,GJ01,new,7,75,7,6
TRPJAI2508082f3da1c3,2025-08-08,RJ01,new,33,433,9,9
TRPCOI250808aba038b0,2025-08-08,TN01,new,16,151,10,7
TRPVIS250808b42c3c85,2025-08-08,AP01,repeated,34,333,9,10
TRPSUR2508087240d10e,2025-08-08,GJ01,repeated,14,131,7,7
TRPJAI250808028bb7fe,2025-08-08,RJ01,new,28,373,10,8
TRPSUR250808d06286c8,2025-08-08,GJ01,repeated,7,75,5,5
TRPSUR250808927fe4c1,2025-08-08,GJ01,repeated,8,83,6,6
TRPLUC250808129fb130,2025-08-08,UP01,repeated,13,143,6,6
TRPJAI250808e2f95483,2025-08-08,RJ01,new,37,481,8,8
TRPCHA250808f3ce2ed9,2025-08-08,CH01,new,34,332,8,9
TRPLUC2508089d8a69cd,2025-08-08,UP01,repeated,13,143,7,7
TRPIND250808097a3e2b,2025-08-08,MP01,repeated,15,143,6,9
TRPSUR2508085c9703be,2025-08-08,GJ01,repeated,14,131,7,7
TRPKOC250808bbd5b1e9,2025-08-08,KL01,repeated,30,361,9,10
TRPSUR2508083f47d6e0,2025-08-08,GJ01,repeated,8,83,5,8
TRPSUR250808e05b790d,2025-08-08,GJ01,repeated,17,155,5,6
TRPJAI2508085f2cf530,2025-08-08,RJ01,new,21,289,10,10
TRPVIS25080853b2f306,2025-08-08,AP01,repeated,33,324,8,10
TRPKOC2508080e6c2922,2025-08-08,KL01,repeated,34,405,8,8
TRPKOC250808fc4c0e3d,2025-08-08,KL01,new,35,416,10,8
TRPCHA25080886bb7599,2025-08-08,CH01,new,28,278,10,7
TRPSUR2508085499e32d,2025-08-08,GJ01,repeated,6,67,7,6
TRPLUC2508085c8b14b6,2025-08-08,UP01,repeated,10,116,7,5
TRPVIS250808ebce8eb2,2025-08-08,AP01,repeated,24,243,7,8
TRPVIS250808b2e6861e,2025-08-08,AP01,new,27,270,10,9
TRPJAI2508087398c597,2025-08-08,RJ01,repeated,26,349,8,9
TRPCOI250808205635fc,2025-08-08,TN01,repeated,12,119,9,7
TRPVIS2508081e81902d,2025-08-08,AP01,repeated,21,216,8,9
TRPJAI250808eefa0cfe,2025-08-08,RJ01,new,25,337,8,8
TRPIND2508089117862c,2025-08-08,MP01,repeated,13,127,8,8
TRPVAD25080891fe87c6,2025-08-08,GJ02,repeated,10,98,6,6
TRPLUC2508083fcfb53a,2025-08-08,UP01,repeated,15,161,7,7
TRPVAD2508088a52e620,2025-08-08,GJ02,new,5,58,7,8
TRPVAD250808d2491a54,2025-08-08,GJ02,repeated,9,90,6,8
TRPCOI25080872e395e7,2025-08-08,TN01,new,22,199,7,9
TRPLUC250808a3d984cb,2025-08-08,UP01,repeated,9,107,5,8
TRPCHA2508088e5ec054,2025-08-08,CH01,repeated,13,143,8,8
TRPVAD250808e42487a4,2025-08-08,GJ02,new,17,154,8,7
TRPIND250808f6fe7291,2025-08-08,MP01,repeated,10,103,6,8
TRPLUC250808c6012647,2025-08-08,UP01,repeated,13,143,5,8
TRPJAI250808de93f21a,2025-08-08,RJ01,new,22,301,9,10
TRPVIS250808962b89bc,2025-08-08,AP01,new,18,189,8,10
TRPCHA250808316ac63f,2025-08-08,CH01,repeated,32,314,6,8
TRPLUC2508086d170a7f,2025-08-08,UP01,repeated,10,116,7,5
TRPLUC2508088e20edcb,2025-08-08,UP01,repeated,19,197,6,5
TRPJAI2508086cab9dca,2025-08-08,RJ01,repeated,42,541,9,8
TRPKOC25080802c8afe6,2025-08-08,KL01,new,27,328,8,8
TRPSUR25080814a6dd05,2025-08-08,GJ01,repeated,15,139,6,6
TRPCOI250808399702ac,2025-08-08,TN01,new,19,175,8,7
TRPLUC25080888b4d4e5,2025-08-08,UP01,repeated,9,107,5,8
TRPLUC250808f7d77b0a,2025-08-08,UP01,repeated,15,161,7,7
TRPLUC250808cf599dc0,2025-08-08,UP01,repeated,9,107,5,5
TRPJAI250808648235e5,2025-08-08,RJ01,new,31,409,9,10
TRPCHA250808cb64d345,2025-08-08,CH01,new,27,269,9,8
TRPLUC250808c9e4831d,2025-08-08,UP01,new,15,161,9,8
TRPVAD25080801694b12,2025-08-08,GJ02,new,15,138,7,8
TRPSUR2508082f64bf2a,2025-08-08,GJ01,repeated,6,67,6,5
TRPSUR25080850bea1ce,2025-08-08,GJ01,repeated,15,139,7,5
TRPCOI250808bab9169e,2025-08-08,TN01,repeated,21,191,9,9
TRPSUR2508083e3f57a4,2025-08-08,GJ01,repeated,13,123,5,5
TRPMYS250808af0d5cc8,2025-08-08,KA01,new,18,215,10,9
TRPIND25080867ccd193,2025-08-08,MP01,repeated,20,183,6,8
TRPVIS25080833cb949c,2025-08-08,AP01,repeated,18,189,8,10
TRPSUR2508087fd558c3,2025-08-08,GJ01,repeated,11,107,6,8
TRPKOC250808005379f1,2025-08-08,KL01,new,16,207,9,10
TRPLUC250808b9a8a0ca,2025-08-08,UP01,repeated,18,188,7,5
TRPLUC250808de3b2a3f,2025-08-08,UP01,repeated,17,179,6,7
TRPMYS25080861f41f12,2025-08-08,KA01,new,25,285,10,8
TRPIND250808b9779fcf,2025-08-08,MP01,new,10,103,8,9
TRPLUC250808cf4a5957,2025-08-08,UP01,repeated,12,134,5,7
TRPLUC2508086b587a76,2025-08-08,UP01,repeated,18,188,6,7
TRPMYS250808917acaf5,2025-08-08,KA01,new,8,115,10,8
TRPCHA2508080b0491be,2025-08-08,CH01,repeated,35,341,7,6
TRPSUR250808813157fc,2025-08-08,GJ01,repeated,6,67,7,6
TRPSUR2508087371d4ba,2025-08-08,GJ01,new,12,115,7,8
TRPLUC250808fcad354f,2025-08-08,UP01,repeated,10,116,5,6
TRPKOC2508084d7a05c4,2025-08-08,KL01,new,16,207,9,10
TRPLUC250808052c20eb,2025-08-08,UP01,repeated,6,80,5,5
TRPCHA250808dab7c44f,2025-08-08,CH01,new,33,323,9,8
TRPJAI250808b6d90f9c,2025-08-08,RJ01,new,15,217,8,8
TRPSUR2508082c6d58d9,2025-08-08,GJ01,new,11,107,9,7
TRPKOC2508086c07e132,2025-08-08,KL01,new,25,306,9,9
TRPSUR250808c94500e7,2025-08-08,GJ01,repeated,7,75,5,7
TRPJAI250808c2df8a2c,2025-08-08,RJ01,new,22,301,10,9
TRPKOC2508081885e0dd,2025-08-08,KL01,new,21,262,10,10
TRPLUC250808f16ede55,2025-08-08,UP01,repeated,19,197,7,5
TRPLUC2508084d5bd7ea,2025-08-08,UP01,repeated,13,143,6,7
TRPJAI2508084c1eda3e,2025-08-08,RJ01,repeated,24,325,7,8
TRPJAI250808cb8b0494,2025-08-08,RJ01,new,20,277,10,8
TRPJAI2508080bbdeec8,2025-08-08,RJ01,repeated,25,337,7,8
TRPIND25080890d31ced,2025-08-08,MP01,repeated,18,167,6,8
TRPJAI25080804a036cc,2025-08-08,RJ01,repeated,40,517,7,10
TRPVAD250808db8fd676,2025-08-08,GJ02,repeated,8,82,6,8
TRPLUC250808d918b9fb,2025-08-08,UP01,new,20,206,9,6
TRPMYS2508082c825ffc,2025-08-08,KA01,new,18,215,8,10
TRPLUC25080837f10d57,2025-08-08,UP01,repeated,8,98,5,5
TRPJAI2508085d93fac7,2025-08-08,RJ01,repeated,45,577,7,10
TRPSUR2508085ea96e5c,2025-08-08,GJ01,repeated,12,115,7,8
TRPCHA250808acbddb53,2025-08-08,CH01,new,14,152,8,8
TRPKOC25080822526732,2025-08-08,KL01,new,26,317,8,9
TRPIND25080860f2680b,2025-08-08,MP01,new,13,127,9,9
TRPJAI25080827e0385c,2025-08-08,RJ01,repeated,27,361,8,9
TRPSUR2508085ac70a99,2025-08-08,GJ01,repeated,14,131,5,7
TRPLUC2508087e9efb60,2025-08-08,UP01,repeated,17,179,6,6
TRPSUR250808b71d0fa2,2025-08-08,GJ01,repeated,13,123,5,8
TRPSUR2508087ea3bddd,2025-08-08,GJ01,repeated,14,131,7,7
TRPCOI2508087387742c,2025-08-08,TN01,repeated,9,95,6,7
TRPCHA2508085884449b,2025-08-08,CH01,repeated,13,143,7,8
TRPKOC250808148ce754,2025-08-08,KL01,new,32,383,10,10
TRPJAI2508081f839193,2025-08-08,RJ01,new,21,289,10,8
TRPVIS250808084ef721,2025-08-08,AP01,repeated,18,189,9,8
TRPLUC2508084242a78b,2025-08-08,UP01,repeated,13,143,5,8
TRPIND250808305dc06c,2025-08-08,MP01,repeated,21,191,6,8
TRPLUC250808ced6b0b9,2025-08-08,UP01,repeated,14,152,6,5
TRPJAI250808a3af2500,2025-08-08,RJ01,new,20,277,9,8
TRPLUC25080800089a0b,2025-08-08,UP01,repeated,8,98,6,7
TRPSUR25080823cb657c,2025-08-08,GJ01,repeated,17,155,5,7
TRPLUC250808d6a7547a,2025-08-08,UP01,repeated,7,89,6,5
TRPCHA25080876a5ab82,2025-08-08,CH01,repeated,14,152,8,6
TRPCHA250808d676026a,2025-08-08,CH01,repeated,27,269,6,8
TRPSUR25080881324833,2025-08-08,GJ01,repeated,16,147,7,8
TRPLUC25080814ba0e94,2025-08-08,UP01,repeated,13,143,5,6
TRPVIS250808faddb8b9,2025-08-08,AP01,new,24,243,10,8
TRPCHA25080852167b22,2025-08-08,CH01,repeated,16,170,7,8
TRPJAI250808ef19d069,2025-08-08,RJ01,repeated,29,385,9,8
TRPCHA250808c942c97a,2025-08-08,CH01,new,25,251,8,9
TRPSUR2508084fbd7ea8,2025-08-08,GJ01,repeated,6,67,6,8
TRPLUC2508080bf67e48,2025-08-08,UP01,repeated,15,161,7,5
TRPVAD2508087c670e01,2025-08-08,GJ02,repeated,7,74,6,7
TRPVAD250808c5b16e96,2025-08-08,GJ02,repeated,17,154,5,7
TRPSUR250808d72dfabf,2025-08-08,GJ01,new,10,99,9,8
TRPCOI2508087809bd83,2025-08-08,TN01,repeated,21,191,6,9
TRPIND2508085c16cd9d,2025-08-08,MP01,repeated,14,135,9,9
TRPLUC250808da297e83,2025-08-08,UP01,repeated,7,89,6,5
TRPIND2508088ce2541a,2025-08-08,MP01,new,22,199,10,9
TRPCHA250808b06b54d3,2025-08-08,CH01,repeated,24,242,6,9
TRPIND250808c3f4e2b4,2025-08-08,MP01,new,10,103,9,7
TRPIND2508088868b3e0,2025-08-08,MP01,repeated,20,183,7,9
TRPJAI2508085492fae9,2025-08-08,RJ01,new,26,349,10,8
TRPVAD250808e63d07aa,2025-08-08,GJ02,repeated,8,82,5,8
TRPCHA25080840be676f,2025-08-08,CH01,repeated,27,269,7,7
TRPLUC250808cd667af0,2025-08-08,UP01,repeated,18,188,5,7
TRPLUC25080886091803,2025-08-08,UP01,repeated,7,89,6,7
TRPJAI250808bc6c3faa,2025-08-08,RJ01,new,34,445,8,9
TRPIND2508086f448fe8,2025-08-08,MP01,new,20,183,9,8
TRPLUC25080854908965,2025-08-08,UP01,repeated,20,206,6,8
TRPIND250808a90895e4,2025-08-08,MP01,repeated,23,207,7,7
TRPLUC2508087544fde0,2025-08-08,UP01,repeated,7,89,7,7
TRPVAD250808b60dcc66,2025-08-08,GJ02,new,17,154,8,7
TRPCHA2508086b153b82,2025-08-08,CH01,new,29,287,8,9
TRPSUR2508083df2680d,2025-08-08,GJ01,new,14,131,9,7
TRPSUR25080836b7c552,2025-08-08,GJ01,new,11,107,9,6
TRPIND250808890a6c8d,2025-08-08,MP01,repeated,13,127,6,7
TRPVIS250808b80f5ab0,2025-08-08,AP01,repeated,23,234,8,8
TRPSUR250808c7761d05,2025-08-08,GJ01,repeated,16,147,6,5
TRPVAD250808e296abf3,2025-08-08,GJ02,repeated,14,130,5,6
TRPKOC250808fff9d900,2025-08-08,KL01,new,12,163,9,9
TRPJAI2508085b442421,2025-08-08,RJ01,repeated,31,409,8,9
TRPCOI25080864fcaeee,2025-08-08,TN01,new,15,143,7,7
TRPCOI2508080d3c05e4,2025-08-08,TN01,repeated,20,183,7,7
TRPCHA250808b432d564,2025-08-08,CH01,new,35,341,7,7
TRPIND2508089c8df9d3,2025-08-08,MP01,repeated,21,191,9,7
TRPVAD2508086ce944d8,2025-08-08,GJ02,repeated,5,58,5,7
TRPJAI250808f6365b11,2025-08-08,RJ01,new,23,313,8,9
TRPJAI25080843bd2799,2025-08-08,RJ01,repeated,26,349,9,8
TRPIND250808eba31aea,2025-08-08,MP01,new,24,215,10,8
TRPSUR250808f2f52277,2025-08-08,GJ01,repeated,7,75,7,5
TRPVIS250808d63e10d6,2025-08-08,AP01,repeated,28,279,8,9
TRPCOI2508086f7fd3b7,2025-08-08,TN01,new,16,151,9,8
TRPKOC2508080ac5c22d,2025-08-08,KL01,new,20,251,10,8
TRPJAI2508085e1c4fcc,2025-08-08,RJ01,repeated,15,217,8,8
TRPSUR2508084e71bdd0,2025-08-08,GJ01,new,16,147,8,7
TRPLUC250808f14f1d2e,2025-08-08,UP01,new,16,170,8,6
TRPJAI250808d7f1979f,2025-08-08,RJ01,new,15,217,9,9
TRPKOC2508088948172b,2025-08-08,KL01,new,27,328,8,9
TRPIND2508082e6837f1,2025-08-08,MP01,repeated,8,87,9,9
TRPVIS250808c08c1689,2025-08-08,AP01,new,16,171,8,10
TRPMYS250808d87a0ea1,2025-08-08,KA01,new,21,245,10,9
TRPSUR25080823f2cc5b,2025-08-08,GJ01,new,10,99,9,7
TRPSUR2508085db47ddf,2025-08-08,GJ01,new,12,115,9,7
TRPIND25080846193d72,2025-08-08,MP01,repeated,12,119,9,9
TRPSUR2508082d6f6d05,2025-08-08,GJ01,repeated,10,99,7,7
TRPLUC250808f652b7f5,2025-08-08,UP01,repeated,12,134,6,6
TRPLUC250808a50e8811,2025-08-08,UP01,new,19,197,8,7
TRPJAI2508083e5831a4,2025-08-08,RJ01,new,22,301,9,10
TRPJAI250808850ef5ac,2025-08-08,RJ01,new,27,361,9,9
TRPJAI250808de9d551e,2025-08-08,RJ01,new,30,397,10,8
TRPKOC25080831afee3f,2025-08-08,KL01,new,35,416,9,10
TRPLUC25080895f682f1,2025-08-08,UP01,repeated,20,206,7,8
TRPSUR2508081151656f,2025-08-08,GJ01,repeated,6,67,6,6
TRPSUR2508081698851b,2025-08-08,GJ01,new,7,75,9,7
TRPIND2508082ef2362a,2025-08-08,MP01,new,19,175,10,8
TRPLUC250808d4f32c60,2025-08-08,UP01,repeated,8,98,7,7
TRPVIS25080894edb18d,2025-08-08,AP01,new,14,153,9,9
TRPLUC250808e6bc1385,2025-08-08,UP01,new,14,152,9,7
TRPJAI2508088dd97737,2025-08-08,RJ01,repeated,20,277,9,10
TRPJAI2508084e94e330,2025-08-08,RJ01,new,21,289,8,9
TRPCHA25080898314311,2025-08-08,CH01,new,25,251,9,8
TRPVIS25080879065527,2025-08-08,AP01,repeated,35,342,8,10
TRPLUC250808c2ed3f91,2025-08-08,UP01,repeated,10,116,6,6
TRPVIS2508086c89b264,2025-08-08,AP01,repeated,19,198,9,8
TRPCOI2508088a46e238,2025-08-08,TN01,new,20,183,8,7
TRPIND2508089d85920a,2025-08-08,MP01,repeated,18,167,9,9
TRPLUC250808c4d16312,2025-08-08,UP01,new,7,89,8,7
TRPVAD250808489ac57c,2025-08-08,GJ02,new,13,122,9,8
TRPCHA2508088fec7dae,2025-08-08,CH01,new,30,296,8,7
TRPKOC250808ae651d82,2025-08-08,KL01,new,21,262,8,9
TRPLUC250808509e2d3b,2025-08-08,UP01,new,14,152,9,6
TRPCHA250808da949892,2025-08-08,CH01,new,32,314,9,8
TRPLUC250808176f81fc,2025-08-08,UP01,new,7,89,9,8
TRPJAI25080835b06264,2025-08-08,RJ01,new,28,373,10,8
TRPIND250808cde60f6b,2025-08-08,MP01,new,21,191,10,9
TRPKOC2508083defaa36,2025-08-08,KL01,repeated,17,218,8,10
TRPIND250808bb0776e6,2025-08-08,MP01,new,22,199,10,7
TRPIND2508089edf8269,2025-08-08,MP01,repeated,9,95,8,8
TRPJAI250808990ee828,2025-08-08,RJ01,new,21,289,8,10
TRPVIS250808fb9e3fa3,2025-08-08,AP01,repeated,18,189,7,9
TRPSUR250808667327e7,2025-08-08,GJ01,new,16,147,9,7
TRPSUR25080875febf0d,2025-08-08,GJ01,repeated,14,131,6,6
TRPVAD250808218d47cc,2025-08-08,GJ02,repeated,14,130,7,7
TRPLUC2508083ff02fab,2025-08-08,UP01,repeated,16,170,5,6
TRPIND2508087b7547d2,2025-08-08,MP01,repeated,17,159,9,9
TRPLUC250808ba626f4c,2025-08-08,UP01,repeated,11,125,6,8
TRPLUC2508084a99e958,2025-08-08,UP01,repeated,6,80,6,5
TRPVIS25080851276d69,2025-08-08,AP01,new,11,126,8,10
TRPLUC250808b73d6218,2025-08-08,UP01,repeated,10,116,6,8
TRPSUR25080802243325,2025-08-08,GJ01,new,13,123,7,8
TRPVAD250808ee33e246,2025-08-08,GJ02,repeated,17,154,7,7
TRPSUR250808dcd2335f,2025-08-08,GJ01,repeated,16,147,5,6
TRPCHA25080860fb3ffb,2025-08-08,CH01,new,14,152,10,9
TRPJAI2508086dabddb7,2025-08-08,RJ01,new,19,265,10,8
TRPLUC250808e13e4a81,2025-08-08,UP01,new,7,89,9,8
TRPJAI250808f262bd11,2025-08-08,RJ01,new,25,337,8,10
TRPIND250808f8c921b9,2025-08-08,MP01,repeated,8,87,8,7
TRPLUC250808bfb01bc3,2025-08-08,UP01,repeated,11,125,6,8
TRPSUR250808902e5287,2025-08-08,GJ01,repeated,5,59,7,8
TRPSUR25080831bf0cbf,2025-08-08,GJ01,repeated,5,59,6,8
TRPJAI250808fdac289e,2025-08-08,RJ01,repeated,32,421,7,10
TRPJAI2508080fdd15c0,2025-08-08,RJ01,repeated,19,265,8,9
TRPKOC25080868aad8c0,2025-08-08,KL01,new,26,317,10,8
TRPSUR25080846e55290,2025-08-08,GJ01,repeated,17,155,6,6
TRPJAI250808ec181507,2025-08-08,RJ01,repeated,28,373,7,10
TRPSUR2508084202ed9f,2025-08-08,GJ01,repeated,5,59,7,7
TRPJAI2508083b2399fd,2025-08-08,RJ01,new,26,349,8,8
TRPCOI25080862770932,2025-08-08,TN01,new,22,199,8,7
TRPVAD2508086c667ed3,2025-08-08,GJ02,new,14,130,7,6
TRPJAI250808a2be0120,2025-08-08,RJ01,repeated,18,253,7,8
TRPVIS250808ad5986a9,2025-08-08,AP01,repeated,33,324,9,8
TRPSUR25080867017613,2025-08-08,GJ01,repeated,17,155,6,7
TRPKOC2508082422f9a1,2025-08-08,KL01,new,11,152,8,9
TRPKOC25080865222974,2025-08-08,KL01,new,29,350,9,8
TRPVAD250808f9493d04,2025-08-08,GJ02,new,17,154,8,6
TRPJAI250808994fa9b9,2025-08-08,RJ01,repeated,22,301,9,10
TRPCOI250808e7402e83,2025-08-08,TN01,new,13,127,8,8
TRPCHA25080854c7e38f,2025-08-08,CH01,new,25,251,8,8
TRPLUC2508083dbff06a,2025-08-08,UP01,repeated,18,188,7,7
TRPLUC25080856ee52d8,2025-08-08,UP01,repeated,17,179,5,7
TRPVIS2508089f465622,2025-08-08,AP01,new,23,234,8,9
TRPIND25080841badb8c,2025-08-08,MP01,new,20,183,9,7
TRPVAD25080827f001a2,2025-08-08,GJ02,repeated,10,98,7,6
TRPCHA250808f8d1729a,2025-08-08,CH01,repeated,14,152,9,7
TRPLUC2508081a29c9e5,2025-08-08,UP01,repeated,20,206,7,5
TRPSUR250808c45d957a,2025-08-08,GJ01,repeated,13,123,6,6
TRPLUC25080822e1c805,2025-08-08,UP01,repeated,16,170,7,5
TRPKOC2508080649e4c4,2025-08-08,KL01,repeated,35,416,9,9
TRPLUC250808ba8ec6c7,2025-08-08,UP01,repeated,18,188,5,6
TRPSUR250808503b4851,2025-08-08,GJ01,repeated,17,155,6,6
TRPJAI2508080abcee7e,2025-08-08,RJ01,new,23,313,8,10
TRPKOC250808ecc4418c,2025-08-08,KL01,repeated,22,273,9,10
TRPCOI2508080bba4027,2025-08-08,TN01,repeated,8,87,8,9
TRPSUR25080876d68989,2025-08-08,GJ01,repeated,8,83,7,8
TRPJAI2508085f6f8cf3,2025-08-08,RJ01,repeated,37,481,7,10
TRPCOI25080842a0dcbe,2025-08-08,TN01,repeated,14,135,9,8
TRPIND25080832f95117,2025-08-08,MP01,repeated,14,135,9,8
TRPLUC250808faa7d12c,2025-08-08,UP01,new,13,143,8,6
TRPJAI2508084bbe0391,2025-08-08,RJ01,new,27,361,9,9
TRPSUR2508087cb54e1e,2025-08-08,GJ01,repeated,12,115,7,5
TRPCHA250808498fc8c9,2025-08-08,CH01,new,26,260,9,8
TRPSUR2508085f71549c,2025-08-08,GJ01,repeated,15,139,6,6
TRPVAD250808747a7ffb,2025-08-08,GJ02,repeated,16,146,6,6
TRPMYS250808c49ea36b,2025-08-08,KA01,repeated,23,265,8,9
TRPLUC250808ec11dd6d,2025-08-08,UP01,repeated,6,80,5,8
TRPLUC2508080eddeef4,2025-08-08,UP01,repeated,6,80,7,6
TRPLUC2508086be23808,2025-08-08,UP01,new,16,170,9,6
TRPLUC2508085caa6270,2025-08-08,UP01,new,8,98,8,8
TRPVIS2508089be652c3,2025-08-08,AP01,repeated,30,297,9,10
TRPCOI2508080aa1c41a,2025-08-08,TN01,new,10,103,10,8
TRPLUC2508086b56de6b,2025-08-08,UP01,repeated,20,206,6,6
TRPLUC2508084a85eff0,2025-08-08,UP01,repeated,14,152,5,7
TRPIND2508081497739c,2025-08-08,MP01,repeated,22,199,7,7
TRPSUR2508085d67bea5,2025-08-08,GJ01,repeated,5,59,6,5
TRPLUC25080803fc34d0,2025-08-08,UP01,repeated,13,143,7,8
TRPVIS2508081ffc8b80,2025-08-08,AP01,repeated,33,324,7,10
TRPCHA250808778b51bd,2025-08-08,CH01,new,21,215,7,9
TRPJAI250808fb4f0d42,2025-08-08,RJ01,new,27,361,8,8
TRPSUR250808dd86c67b,2025-08-08,GJ01,repeated,8,83,6,6
TRPLUC2508080e0a6b97,2025-08-08,UP01,repeated,19,197,7,5
TRPVAD25080869df0b0d,2025-08-08,GJ02,repeated,18,162,5,8
TRPMYS2508082f9d689e,2025-08-08,KA01,new,25,285,8,8
TRPCHA25080851f5b84d,2025-08-08,CH01,new,25,251,7,7
TRPJAI250808f633aa02,2025-08-08,RJ01,new,43,553,9,8
TRPJAI25080873ecc2d7,2025-08-08,RJ01,new,26,349,9,9
TRPJAI250808535374d6,2025-08-08,RJ01,repeated,35,457,7,9
TRPJAI250808f070e3a5,2025-08-08,RJ01,repeated,32,421,8,10
TRPVIS250808b20865ca,2025-08-08,AP01,new,22,225,10,8
TRPLUC2508082bad53d3,2025-08-08,UP01,new,7,89,7,7
TRPLUC250808cafeb159,2025-08-08,UP01,repeated,15,161,7,6
TRPJAI2508085b2fd659,2025-08-08,RJ01,repeated,20,277,9,8
TRPMYS250808f2bb8e2e,2025-08-08,KA01,new,24,275,8,9
TRPLUC25080847bc78f9,2025-08-08,UP01,repeated,14,152,5,6
TRPIND250808b7db63ae,2025-08-08,MP01,repeated,24,215,9,8
TRPLUC250808ff6ae68c,2025-08-08,UP01,repeated,7,89,7,8
TRPSUR2508080f4e1fa5,2025-08-08,GJ01,repeated,16,147,6,7
TRPLUC25080870cd6bf3,2025-08-08,UP01,new,20,206,8,7
TRPJAI2508087656dedf,2025-08-08,RJ01,new,32,421,9,9
TRPLUC250808002c1288,2025-08-08,UP01,repeated,8,98,7,6
TRPVIS250808bf3b4b5d,2025-08-08,AP01,new,22,225,9,9
TRPLUC2508088dc4f33b,2025-08-08,UP01,repeated,13,143,6,8
TRPKOC25080849195ab3,2025-08-08,KL01,new,34,405,9,10
TRPVIS2508086d7acdcc,2025-08-08,AP01,repeated,27,270,8,8
TRPVAD250808231ca3f3,2025-08-08,GJ02,repeated,15,138,6,6
TRPSUR250808bfbf3bed,2025-08-08,GJ01,new,12,115,7,6
TRPCHA250808043e841b,2025-08-08,CH01,new,26,260,10,7
TRPLUC250808bc24b6ed,2025-08-08,UP01,repeated,11,125,6,6
TRPVAD250808a8133f1e,2025-08-08,GJ02,new,11,106,9,8
TRPLUC25080811023e84,2025-08-08,UP01,repeated,17,179,6,5
TRPCOI250808fb1675db,2025-08-08,TN01,repeated,8,87,7,9
TRPVIS250808d66c7753,2025-08-08,AP01,repeated,26,261,8,10
TRPIND2508086a84ece3,2025-08-08,MP01,repeated,25,223,7,8
TRPJAI25080861e2bd18,2025-08-08,RJ01,repeated,16,229,9,8
TRPIND25080834f81a7e,2025-08-08,MP01,new,10,103,9,8
TRPLUC250808f3c4267d,2025-08-08,UP01,repeated,10,116,7,8
TRPKOC250808b6ba51f9,2025-08-08,KL01,new,24,295,8,8
TRPIND25080854f5886e,2025-08-08,MP01,repeated,12,119,7,8
TRPSUR2508082f4a8748,2025-08-08,GJ01,repeated,7,75,6,5
TRPKOC25080897c45afa,2025-08-08,KL01,repeated,19,240,7,9
TRPLUC250808ab2b4a24,2025-08-08,UP01,new,17,179,7,7
TRPCOI250808ddcb7a95,2025-08-08,TN01,new,13,127,7,8
TRPLUC25080868953365,2025-08-08,UP01,repeated,20,206,6,8
TRPJAI250808864d8c6c,2025-08-08,RJ01,new,36,469,10,8
TRPJAI250808bbb55ed3,2025-08-08,RJ01,repeated,39,505,9,8
TRPSUR250808c1b7c84f,2025-08-08,GJ01,repeated,13,123,5,6
TRPLUC250808f532b577,2025-08-08,UP01,repeated,13,143,6,7
TRPSUR250808a3e745ed,2025-08-08,GJ01,repeated,5,59,7,7
TRPSUR2508080b339c27,2025-08-08,GJ01,new,8,83,7,8
TRPJAI2508083553cb69,2025-08-08,RJ01,repeated,41,529,7,10
TRPIND250808cca91e06,2025-08-08,MP01,new,24,215,10,7
TRPIND250808fbcb7dfa,2025-08-08,MP01,repeated,13,127,7,7
TRPVAD25080831b7eaf2,2025-08-08,GJ02,repeated,6,66,5,6
TRPJAI25080866dd0a36,2025-08-08,RJ01,new,32,421,10,9
TRPSUR250808b221f8b4,2025-08-08,GJ01,repeated,15,139,5,6
TRPVIS2508087a535110,2025-08-08,AP01,new,32,315,8,9
TRPJAI2508085234c451,2025-08-08,RJ01,new,21,289,9,9
TRPLUC25080888151abd,2025-08-08,UP01,new,20,206,8,6
TRPVIS250808e859e666,2025-08-08,AP01,repeated,30,297,9,10
TRPJAI2508088563bf96,2025-08-08,RJ01,new,30,397,9,9
TRPLUC250808516eb5be,2025-08-08,UP01,repeated,13,143,5,5
TRPKOC250808f016b98a,2025-08-08,KL01,new,36,427,10,8
TRPSUR250808c6580e45,2025-08-08,GJ01,repeated,16,147,6,8
TRPKOC25080830222d33,2025-08-08,KL01,new,21,262,9,9
TRPIND2508087a6e738d,2025-08-08,MP01,new,19,175,8,8
TRPLUC250808a8d1c763,2025-08-08,UP01,repeated,12,134,6,7
TRPJAI250808b691a381,2025-08-08,RJ01,repeated,38,493,9,10
TRPSUR2508082fdb86c1,2025-08-08,GJ01,repeated,17,155,7,5
TRPCOI250808d3eb7a57,2025-08-08,TN01,repeated,14,135,8,8
TRPCOI2508084580a293,2025-08-08,TN01,repeated,8,87,8,6
TRPMYS25080873039392,2025-08-08,KA01,repeated,18,215,8,10
TRPIND250808b5883580,2025-08-08,MP01,repeated,13,127,7,6
TRPLUC250808bde7dc2c,2025-08-08,UP01,new,12,134,7,7
TRPJAI25080804e220ab,2025-08-08,RJ01,repeated,39,505,7,8
TRPLUC250808dd54adc0,2025-08-08,UP01,repeated,13,143,5,5
TRPKOC25080823591e6d,2025-08-08,KL01,repeated,13,174,9,9
TRPSUR25080850504dcc,2025-08-08,GJ01,repeated,17,155,5,7
TRPLUC250808770bd5a9,2025-08-08,UP01,repeated,6,80,6,6
TRPVIS25080894469a31,2025-08-08,AP01,new,16,171,9,8
TRPVAD250808f13238b8,2025-08-08,GJ02,new,10,98,8,7
TRPMYS250808a7e4c6ea,2025-08-08,KA01,repeated,16,195,8,8
TRPJAI2508083772cd95,2025-08-08,RJ01,new,26,349,8,8
TRPSUR25080839c4c4b1,2025-08-08,GJ01,repeated,17,155,5,6
TRPSUR250808b81dc6a4,2025-08-08,GJ01,new,10,99,8,6
TRPVAD2508089ce973cb,2025-08-08,GJ02,new,16,146,7,8
TRPCHA2508085dd3012c,2025-08-08,CH01,repeated,21,215,6,8
TRPVAD2508085e1cd534,2025-08-08,GJ02,new,10,98,7,7
TRPLUC250808286cc125,2025-08-08,UP01,new,13,143,9,6
TRPVIS25080828c3d2f7,2025-08-08,AP01,new,24,243,10,8
TRPSUR250808499b3c82,2025-08-08,GJ01,new,5,59,7,8
TRPLUC2508080a278609,2025-08-08,UP01,repeated,16,170,7,5
TRPJAI250808d96b00e1,2025-08-08,RJ01,new,43,553,10,10
TRPCHA250808b4f54626,2025-08-08,CH01,repeated,33,323,9,7
TRPLUC250808de2e6533,2025-08-08,UP01,repeated,11,125,5,5
TRPSUR2508085aa90744,2025-08-08,GJ01,repeated,13,123,5,7
TRPVIS250808966b0b9a,2025-08-08,AP01,new,18,189,10,9
TRPJAI250808c9efbfe7,2025-08-08,RJ01,new,34,445,8,9
TRPSUR250808cda076ed,2025-08-08,GJ01,repeated,6,67,7,6
TRPVIS2508087e79a39f,2025-08-08,AP01,repeated,21,216,7,10
TRPKOC250808332069e2,2025-08-08,KL01,new,20,251,9,9
TRPSUR250808fa2299a7,2025-08-08,GJ01,repeated,15,139,6,5
TRPSUR250808d9923141,2025-08-08,GJ01,repeated,8,83,5,7
TRPIND2508084444a3f4,2025-08-08,MP01,repeated,18,167,7,8
TRPKOC25080805e1c822,2025-08-08,KL01,new,26,317,9,9
TRPSUR25080843e9eb09,2025-08-08,GJ01,repeated,10,99,6,7
TRPLUC25080884447897,2025-08-08,UP01,repeated,18,188,6,6
TRPVAD250808138074fe,2025-08-08,GJ02,repeated,14,130,5,5
TRPJAI2508081f305079,2025-08-08,RJ01,repeated,40,517,7,8
TRPCHA2508084d40f486,2025-08-08,CH01,repeated,35,341,8,8
TRPJAI250808eeaa4114,2025-08-08,RJ01,new,23,313,9,10
TRPLUC250808089ac0b7,2025-08-08,UP01,new,14,152,9,7
TRPKOC250808eb549c08,2025-08-08,KL01,new,20,251,10,10
TRPLUC250808d719965f,2025-08-08,UP01,new,13,143,9,8
TRPLUC250808d26b8be9,2025-08-08,UP01,repeated,7,89,6,5
TRPLUC2508081ab80b08,2025-08-08,UP01,repeated,11,125,5,7
TRPLUC250808e5fed601,2025-08-08,UP01,repeated,18,188,7,8
TRPCHA250808ff89a86e,2025-08-08,CH01,new,15,161,7,8
TRPLUC250808e458a60f,2025-08-08,UP01,repeated,12,134,7,7
TRPLUC250808a33fbf3e,2025-08-08,UP01,new,12,134,9,8
TRPKOC25080894ddd622,2025-08-08,KL01,new,30,361,10,9
TRPMYS25080897ae1a91,2025-08-08,KA01,new,14,175,8,10
TRPJAI25080818551c8d,2025-08-08,RJ01,repeated,16,229,8,8
TRPLUC250808f7b1339b,2025-08-08,UP01,repeated,5,71,7,5
TRPCHA25080831599089,2025-08-08,CH01,repeated,27,269,7,8
TRPIND25080825b0a82c,2025-08-08,MP01,repeated,21,191,7,8
TRPLUC2508087e361e11,2025-08-08,UP01,repeated,18,188,5,7
TRPSUR2508082be659c0,2025-08-08,GJ01,new,16,147,8,8
TRPKOC25080833cacf0d,2025-08-08,KL01,new,17,218,10,8
TRPCHA2508082c526119,2025-08-08,CH01,new,14,152,8,8
TRPLUC25080869204054,2025-08-08,UP01,repeated,8,98,5,5
TRPJAI2508081aef6cbd,2025-08-08,RJ01,repeated,28,373,9,10
TRPCHA2508080206e1a1,2025-08-08,CH01,repeated,34,332,6,7
TRPKOC250808428c3190,2025-08-08,KL01,new,34,405,10,8
TRPLUC250808dedf1520,2025-08-08,UP01,new,18,188,9,7
TRPKOC2508081e515f40,2025-08-08,KL01,repeated,28,339,7,9
TRPCOI250808eb3e1ea1,2025-08-08,TN01,repeated,22,199,7,6
TRPLUC25080822263187,2025-08-08,UP01,repeated,19,197,6,5
TRPLUC250808c4ca97a9,2025-08-08,UP01,repeated,18,188,6,7
TRPCOI250808c7e705b1,2025-08-08,TN01,new,21,191,9,8
TRPKOC250808afe8b4f6,2025-08-08,KL01,repeated,15,196,7,10
TRPCHA25080819289d85,2025-08-08,CH01,repeated,15,161,9,8
TRPCHA250808b32904b9,2025-08-08,CH01,new,23,233,8,8
TRPKOC250808e3ff8ef0,2025-08-08,KL01,new,24,295,8,8
TRPLUC2508086c184968,2025-08-08,UP01,new,20,206,9,7
TRPCHA2508081a57adf9,2025-08-08,CH01,repeated,30,296,6,7
TRPIND2508089a9b4a0a,2025-08-08,MP01,repeated,12,119,6,7
TRPJAI250808a298dec9,2025-08-08,RJ01,repeated,27,361,8,8
TRPLUC250808923b67af,2025-08-08,UP01,repeated,19,197,7,5
TRPJAI250808925bf051,2025-08-08,RJ01,new,33,433,10,10
TRPSUR25080887972dd6,2025-08-08,GJ01,repeated,8,83,7,8
TRPJAI2508081a50fcd8,2025-08-08,RJ01,new,24,325,8,8
TRPIND250808da28cb2b,2025-08-08,MP01,repeated,24,215,6,9
TRPIND250808d69f8e98,2025-08-08,MP01,new,10,103,7,9
TRPIND250808e3f0e3e8,2025-08-08,MP01,repeated,20,183,6,7
TRPVAD250808ee4d0219,2025-08-08,GJ02,repeated,18,162,7,6
TRPCHA250808651a144b,2025-08-08,CH01,new,30,296,10,8
TRPSUR250808325fe8b3,2025-08-08,GJ01,repeated,11,107,5,5
TRPSUR25080891bb3058,2025-08-08,GJ01,repeated,5,59,7,6
TRPCHA250808828d0715,2025-08-08,CH01,repeated,27,269,7,6
TRPJAI250808fc83a553,2025-08-08,RJ01,new,26,349,9,10
TRPVIS2508083a89c040,2025-08-08,AP01,repeated,26,261,9,8
TRPCOI25080851d7c370,2025-08-08,TN01,repeated,22,199,9,7
TRPSUR2508087026d552,2025-08-08,GJ01,repeated,17,155,5,7
TRPJAI25080815fe67b0,2025-08-08,RJ01,new,22,301,9,9
TRPVAD250808ec6c874e,2025-08-08,GJ02,new,12,114,7,6
TRPJAI2508089162a31a,2025-08-08,RJ01,new,24,325,10,10
TRPJAI250808369c0571,2025-08-08,RJ01,new,27,361,8,10
TRPLUC250808a77114bd,2025-08-08,UP01,repeated,15,161,6,5
TRPCHA25080862a4ec01,2025-08-08,CH01,repeated,14,152,8,8
TRPMYS2508088c54c79f,2025-08-08,KA01,new,19,225,8,10
TRPJAI250808353caf92,2025-08-08,RJ01,new,15,217,10,8
TRPCHA2508081480a698,2025-08-08,CH01,new,22,224,10,8
TRPKOC2508087d37374e,2025-08-08,KL01,repeated,19,240,9,10
TRPCOI250808497c2b5b,2025-08-08,TN01,repeated,16,151,9,7
TRPSUR250808356a83ec,2025-08-08,GJ01,repeated,8,83,6,5
TRPIND25080829d98a8d,2025-08-08,MP01,repeated,17,159,7,6
TRPCHA2508086ee067e0,2025-08-08,CH01,repeated,21,215,9,6
TRPSUR250808d6eb24a2,2025-08-08,GJ01,repeated,7,75,7,7
TRPCOI250808772d7cc2,2025-08-08,TN01,new,18,167,7,8
TRPKOC25080802dfa711,2025-08-08,KL01,new,37,438,8,9
TRPSUR2508087678dc35,2025-08-08,GJ01,repeated,8,83,5,6
TRPLUC25080845c0827f,2025-08-08,UP01,new,9,107,7,8
TRPSUR2508087ada60cf,2025-08-08,GJ01,repeated,10,99,5,7
TRPIND250808c73e60f0,2025-08-08,MP01,repeated,15,143,9,6
TRPLUC25080879d16765,2025-08-08,UP01,repeated,11,125,3,4
TRPKOC2508089b30cb4b,2025-08-08,KL01,new,29,350,10,10
TRPMYS250808bc212a33,2025-08-08,KA01,new,18,215,8,8
TRPSUR2508081781c485,2025-08-08,GJ01,repeated,16,147,6,7
TRPSUR250808b72df157,2025-08-08,GJ01,repeated,17,155,5,8
TRPSUR2508083a4645c3,2025-08-08,GJ01,new,6,67,7,7
TRPLUC250808d0e062ad,2025-08-08,UP01,new,18,188,8,6
TRPSUR250808703456d8,2025-08-08,GJ01,repeated,14,131,7,5
TRPVIS250808c5a8a8e1,2025-08-08,AP01,repeated,26,261,7,8
TRPVAD2508083288ad01,2025-08-08,GJ02,new,7,74,7,6
TRPCHA250808a5112aab,2025-08-08,CH01,repeated,24,242,8,8
TRPLUC250808947b8bb8,2025-08-08,UP01,new,16,170,9,8
TRPLUC25080896b3176f,2025-08-08,UP01,repeated,7,89,5,6
TRPVIS2508080d742211,2025-08-08,AP01,new,25,252,9,10
TRPCOI250808922cdc2f,2025-08-08,TN01,repeated,9,95,9,8
TRPMYS2508081d0d7916,2025-08-08,KA01,new,20,235,9,10
TRPVAD25080841cd7ca3,2025-08-08,GJ02,new,15,138,9,8
TRPLUC25080825c61f1f,2025-08-08,UP01,new,10,116,9,7
TRPKOC25080892f06bcd,2025-08-08,KL01,new,11,152,8,8
TRPJAI2508084a09f0ed,2025-08-08,RJ01,repeated,15,217,7,10
TRPLUC2508086be828ea,2025-08-08,UP01,new,7,89,7,6
TRPLUC25080813764a67,2025-08-08,UP01,new,11,125,7,8
TRPSUR25080842fa87f0,2025-08-08,GJ01,repeated,6,67,7,7
TRPJAI250808525ecd5e,2025-08-08,RJ01,repeated,36,469,9,9
TRPLUC2508087d1f304b,2025-08-08,UP01,repeated,12,134,6,5
TRPIND2508081fa8a056,2025-08-08,MP01,repeated,18,167,7,9
TRPSUR250808a900a7d5,2025-08-08,GJ01,repeated,12,115,5,5
TRPSUR2508082eb96932,2025-08-08,GJ01,repeated,15,139,7,7
TRPKOC25080827b30f0e,2025-08-08,KL01,repeated,11,152,7,9
TRPLUC2508087d3c8f20,2025-08-08,UP01,repeated,16,170,7,7
TRPIND250808607a33ab,2025-08-08,MP01,repeated,20,183,8,9
TRPCOI25080809bd4ab2,2025-08-08,TN01,repeated,18,167,9,6
TRPVIS25080889efae47,2025-08-08,AP01,new,12,135,8,8
TRPIND25080861d07c15,2025-08-08,MP01,new,25,223,9,9
TRPJAI250808cf28fb2b,2025-08-08,RJ01,new,26,349,9,10
TRPJAI250808860361dd,2025-08-08,RJ01,repeated,16,229,9,8
TRPSUR250808e7db728e,2025-08-08,GJ01,repeated,14,131,7,5
TRPLUC250808f83dd026,2025-08-08,UP01,new,12,134,9,8
TRPLUC25080881a242eb,2025-08-08,UP01,new,7,89,9,7
TRPCHA250808e7856ebc,2025-08-08,CH01,repeated,30,296,7,7
TRPSUR250808a886e235,2025-08-08,GJ01,repeated,7,75,7,5
TRPJAI25080838f252a5,2025-08-08,RJ01,repeated,29,385,9,10
TRPJAI250808f93f74e7,2025-08-08,RJ01,repeated,40,517,9,8
TRPLUC25080806dfce14,2025-08-08,UP01,repeated,7,89,5,8
TRPSUR250808f2283e93,2025-08-08,GJ01,repeated,8,83,7,8
TRPKOC250808d58c7689,2025-08-08,KL01,new,34,405,8,8
TRPVAD25080891f6f25a,2025-08-08,GJ02,repeated,11,106,7,5
TRPJAI25080821531f38,2025-08-08,RJ01,repeated,40,517,7,8
TRPIND250808a64aae8f,2025-08-08,MP01,new,20,183,10,9
TRPSUR250808e074fa2f,2025-08-08,GJ01,repeated,8,83,7,5
TRPSUR250808d8c0c9e4,2025-08-08,GJ01,new,5,59,8,8
TRPLUC250808419cf4f1,2025-08-08,UP01,repeated,13,143,5,7
TRPLUC250808667abd68,2025-08-08,UP01,repeated,7,89,6,8
TRPKOC250808b1f2a5fb,2025-08-08,KL01,repeated,26,317,9,10
TRPJAI250808b9fe9496,2025-08-08,RJ01,repeated,41,529,9,9
TRPVAD2508083537ca52,2025-08-08,GJ02,repeated,13,122,7,5
TRPSUR2508083fa25134,2025-08-08,GJ01,repeated,8,83,6,5
TRPIND2508088883238c,2025-08-08,MP01,repeated,10,103,8,6
TRPVIS250808f3a9033f,2025-08-08,AP01,repeated,11,126,7,10
TRPVIS250808a358edd0,2025-08-08,AP01,repeated,12,135,8,10
TRPLUC250808db7e5d9a,2025-08-08,UP01,repeated,13,143,6,6
TRPJAI25080841ef04e2,2025-08-08,RJ01,new,26,349,9,10
TRPJAI2508086b9fa77a,2025-08-08,RJ01,new,17,241,8,10
TRPIND250808c410d28a,2025-08-08,MP01,repeated,16,151,9,7
TRPLUC2508089c514528,2025-08-08,UP01,new,16,170,8,8
TRPIND250808ec27a214,2025-08-08,MP01,repeated,10,103,8,9
TRPCHA25080861f0bbee,2025-08-08,CH01,repeated,13,143,6,6
TRPSUR250808b3ff3cfd,2025-08-08,GJ01,repeated,17,155,5,7
TRPVAD250808db03324d,2025-08-08,GJ02,repeated,12,114,5,7
TRPLUC250808dec9196e,2025-08-08,UP01,new,20,206,9,7
TRPKOC250808291bf872,2025-08-08,KL01,new,18,229,8,8
TRPLUC2508086212efa8,2025-08-08,UP01,new,5,71,7,8
TRPSUR2508082ba681fe,2025-08-08,GJ01,repeated,16,147,7,8
TRPCHA250808a3129a8a,2025-08-08,CH01,repeated,17,179,6,9
TRPVAD250808f4acae08,2025-08-08,GJ02,repeated,17,154,7,7
TRPKOC250808f3239ebf,2025-08-08,KL01,repeated,19,240,9,8
TRPCHA250808f978e3e6,2025-08-08,CH01,repeated,13,143,9,7
TRPSUR25080861fad894,2025-08-08,GJ01,repeated,7,75,6,5
TRPSUR250808adc204a1,2025-08-08,GJ01,repeated,5,59,7,8
TRPKOC250808f4fb9a2b,2025-08-08,KL01,repeated,10,141,7,10
TRPSUR2508080021e9a8,2025-08-08,GJ01,repeated,7,75,7,5
TRPIND2508088295d7be,2025-08-08,MP01,repeated,15,143,6,7
TRPLUC25080844b72835,2025-08-08,UP01,repeated,16,170,7,6
TRPIND250808f24e1e98,2025-08-08,MP01,repeated,21,191,8,8
TRPKOC250808b30c24f3,2025-08-08,KL01,repeated,30,361,8,8
TRPCHA2508088c416fa4,2025-08-08,CH01,new,30,296,8,8
TRPSUR25080873889698,2025-08-08,GJ01,repeated,8,83,5,6
TRPLUC25080892231d76,2025-08-08,UP01,new,15,161,7,7
TRPLUC2508087f8e5cdf,2025-08-08,UP01,repeated,7,89,6,5
TRPIND2508083cf79848,2025-08-08,MP01,repeated,20,183,8,7
TRPJAI25080883678fb9,2025-08-08,RJ01,new,33,433,8,8
TRPIND250808b662b654,2025-08-08,MP01,repeated,9,95,9,8
TRPCOI2508088f351426,2025-08-08,TN01,new,17,159,9,8
TRPLUC250808a118d45a,2025-08-08,UP01,repeated,5,71,5,6
TRPIND2508080b7cee8e,2025-08-08,MP01,repeated,13,127,9,6
TRPSUR250808377a8e1a,2025-08-08,GJ01,repeated,9,91,5,7
TRPJAI250808993c239b,2025-08-08,RJ01,repeated,39,505,8,9
TRPVAD250808f3991eca,2025-08-08,GJ02,new,12,114,8,6
TRPIND2508083534fe86,2025-08-08,MP01,repeated,8,87,8,7
TRPJAI25080859094e7e,2025-08-08,RJ01,repeated,19,265,7,10
TRPCHA250808da2724b1,2025-08-08,CH01,repeated,35,341,7,8
TRPJAI250808008e4115,2025-08-08,RJ01,repeated,40,517,7,10
TRPSUR2508087a8c4525,2025-08-08,GJ01,repeated,8,83,6,6
TRPLUC250808df372ff9,2025-08-08,UP01,new,9,107,8,7
TRPSUR250808a3bb026b,2025-08-08,GJ01,repeated,11,107,7,6
TRPVAD250808052f8349,2025-08-08,GJ02,repeated,11,106,5,5
TRPSUR250808e44c1995,2025-08-08,GJ01,repeated,13,123,7,8
TRPCHA250808f5cbff98,2025-08-08,CH01,repeated,27,269,6,8
TRPJAI250808dd6807e9,2025-08-08,RJ01,new,20,277,8,8
TRPKOC250808c830f9d1,2025-08-08,KL01,repeated,26,317,7,10
TRPKOC250808a1d2047b,2025-08-08,KL01,repeated,16,207,7,9
TRPVAD25080861252ecc,2025-08-08,GJ02,repeated,15,138,7,7
TRPLUC25080836f2a25a,2025-08-08,UP01,new,11,125,8,8
TRPJAI250808838092ed,2025-08-08,RJ01,new,38,493,10,10
TRPLUC250808bd2b6e60,2025-08-08,UP01,repeated,5,71,5,8
TRPSUR250808c4b8feda,2025-08-08,GJ01,repeated,11,107,6,5
TRPCOI250808f0015bd1,2025-08-08,TN01,new,8,87,8,8
TRPJAI25080824fb7608,2025-08-08,RJ01,repeated,35,457,8,8
TRPMYS250808738fbe1a,2025-08-08,KA01,repeated,15,185,7,8
TRPLUC25080814053a5a,2025-08-08,UP01,new,18,188,7,8
TRPJAI250808778a9e66,2025-08-08,RJ01,new,21,289,10,8
TRPVAD2508084bc645ff,2025-08-08,GJ02,repeated,9,90,5,8
TRPJAI2508084a555339,2025-08-08,RJ01,repeated,20,277,8,9
TRPLUC250808394eb293,2025-08-08,UP01,repeated,5,71,5,5
TRPSUR250808e47d7439,2025-08-08,GJ01,repeated,5,59,5,8
TRPMYS2508088439b431,2025-08-08,KA01,repeated,11,145,7,8
TRPSUR2508081946a35a,2025-08-08,GJ01,repeated,17,155,6,6
TRPIND2508087f55a465,2025-08-08,MP01,repeated,13,127,8,7
TRPJAI2508086f3c9644,2025-08-08,RJ01,repeated,26,349,8,9
TRPSUR2508085f2c18b1,2025-08-08,GJ01,new,8,83,8,7
TRPLUC250808fe946108,2025-08-08,UP01,repeated,9,107,6,6
TRPJAI250808ca13622a,2025-08-08,RJ01,new,27,361,9,10
TRPLUC250808ac017fff,2025-08-08,UP01,new,20,206,9,6
TRPLUC250808461029cc,2025-08-08,UP01,repeated,6,80,6,7
TRPSUR2508087700907a,2025-08-08,GJ01,repeated,10,99,6,8
TRPVAD250808a5f430ad,2025-08-08,GJ02,new,12,114,7,8
TRPVAD250808c2a4a379,2025-08-08,GJ02,new,17,154,7,6
TRPSUR250808c79d605f,2025-08-08,GJ01,repeated,7,75,6,8
TRPSUR2508089bc97e28,2025-08-08,GJ01,repeated,17,155,7,5
TRPJAI25080827c50f54,2025-08-08,RJ01,new,32,421,10,10
TRPJAI2508085d92d8f5,2025-08-08,RJ01,repeated,18,253,8,10
TRPKOC250808d122755a,2025-08-08,KL01,new,23,284,9,9
TRPSUR25080891cb47eb,2025-08-08,GJ01,repeated,6,67,6,7
TRPCHA250808f62cdf34,2025-08-08,CH01,new,30,296,7,8
TRPCOI250808a5cd0733,2025-08-08,TN01,repeated,11,111,6,9
TRPJAI250808422880ca,2025-08-08,RJ01,new,21,289,9,9
TRPCHA250808218cc1ef,2025-08-08,CH01,new,12,134,7,8
TRPCHA250808f15d864e,2025-08-08,CH01,repeated,24,242,6,7
TRPCHA25080897fd3677,2025-08-08,CH01,new,18,188,8,9
TRPLUC2508084e8ab39f,2025-08-08,UP01,repeated,15,161,5,8
TRPIND2508084116003f,2025-08-08,MP01,new,24,215,7,9
TRPLUC2508085863d17c,2025-08-08,UP01,repeated,12,134,5,8
TRPVIS25080826099445,2025-08-08,AP01,repeated,33,324,8,10
TRPMYS25080871c4de1d,2025-08-08,KA01,new,22,255,8,9
TRPJAI250808c0b0233a,2025-08-08,RJ01,new,28,373,10,8
TRPJAI250808700d1308,2025-08-08,RJ01,repeated,18,253,9,8
TRPKOC250808f7902085,2025-08-08,KL01,repeated,21,262,8,10
TRPIND250808c207a2db,2025-08-08,MP01,repeated,14,135,6,7
TRPIND250808f4a69e0c,2025-08-08,MP01,new,22,199,7,7
TRPJAI250808e0c212ae,2025-08-08,RJ01,new,22,301,9,8
TRPKOC250808b744fdae,2025-08-08,KL01,new,31,372,10,8
TRPKOC250808467ad950,2025-08-08,KL01,repeated,25,306,8,9
TRPCOI250808298b051e,2025-08-08,TN01,repeated,12,119,9,6
TRPIND250808dd3e69dd,2025-08-08,MP01,new,9,95,8,8
TRPIND25080850a33b4f,2025-08-08,MP01,new,20,183,10,7
TRPCOI250808fdc89edd,2025-08-08,TN01,new,21,191,9,8
TRPVAD25080847ee1d6e,2025-08-08,GJ02,repeated,8,82,5,8
TRPLUC250808c452df65,2025-08-08,UP01,new,9,107,9,7
TRPJAI250808dfaa8e10,2025-08-08,RJ01,new,16,229,9,10
TRPJAI250808547ba939,2025-08-08,RJ01,repeated,41,529,8,8
TRPCOI250808eb458e10,2025-08-08,TN01,repeated,20,183,9,9
TRPCOI25080896a5ee52,2025-08-08,TN01,repeated,16,151,7,8
TRPIND2508087651697e,2025-08-08,MP01,repeated,16,151,9,6
TRPLUC2508089418fc59,2025-08-08,UP01,new,15,161,7,6
TRPCOI250808bde12f77,2025-08-08,TN01,repeated,20,183,8,6
TRPCHA250808998f5918,2025-08-08,CH01,new,12,134,10,8
TRPCOI250808a109b826,2025-08-08,TN01,new,15,143,10,7
TRPCHA2508085211e0a3,2025-08-08,CH01,new,23,233,9,7
TRPIND250808c10a5ade,2025-08-08,MP01,repeated,12,119,6,7
TRPJAI2508085b9d75c3,2025-08-08,RJ01,repeated,17,241,7,10
TRPVIS250808b42c1d11,2025-08-08,AP01,repeated,20,207,8,9
TRPCHA2508085a528e0d,2025-08-08,CH01,new,34,332,7,9
TRPJAI250808412c66f7,2025-08-08,RJ01,new,16,229,9,8
TRPLUC250808a5fa9376,2025-08-08,UP01,repeated,19,197,7,7
TRPKOC2508083f6c7ba5,2025-08-08,KL01,new,10,141,10,8
TRPIND25080828623a2f,2025-08-08,MP01,repeated,24,215,6,6
TRPKOC250808c7a8b2ca,2025-08-08,KL01,repeated,24,295,9,9
TRPLUC250808e7ca3a61,2025-08-08,UP01,repeated,19,197,7,5
TRPLUC250808e973aa4b,2025-08-08,UP01,repeated,14,152,7,5
TRPLUC250808dab25f5f,2025-08-08,UP01,repeated,14,152,7,6
TRPLUC25080877a514c8,2025-08-08,UP01,repeated,16,170,7,5
TRPSUR250808e65d3c45,2025-08-08,GJ01,new,16,147,9,8
TRPVIS2508087e97ef58,2025-08-08,AP01,repeated,16,171,9,10
TRPLUC250808d6b6c2e3,2025-08-08,UP01,repeated,9,107,5,7
TRPVAD2508082d89dccb,2025-08-08,GJ02,new,9,90,7,6
TRPVIS250808b4ee9d5d,2025-08-08,AP01,repeated,25,252,7,10
TRPKOC250808d67f76e1,2025-08-08,KL01,new,21,262,10,8
TRPCOI250808e0e81891,2025-08-08,TN01,repeated,11,111,7,6
TRPIND25080811cd89ba,2025-08-08,MP01,repeated,20,183,9,7
TRPJAI25080890b653f0,2025-08-08,RJ01,repeated,40,517,8,9
TRPLUC250808c55591f0,2025-08-08,UP01,new,13,143,9,8
TRPCOI250808722ab3a5,2025-08-08,TN01,new,21,191,7,8
TRPVAD25080804caff43,2025-08-08,GJ02,repeated,18,162,7,8
TRPMYS2508084fbf6451,2025-08-08,KA01,new,17,205,10,10
TRPJAI250808b7854170,2025-08-08,RJ01,new,20,277,8,8
TRPCOI2508080cb2965a,2025-08-08,TN01,repeated,12,119,6,8
TRPSUR250808178c70eb,2025-08-08,GJ01,repeated,16,147,7,7
TRPCHA2508088e07c7a9,2025-08-08,CH01,new,12,134,8,7
TRPLUC2508085af4c1b9,2025-08-08,UP01,repeated,14,152,5,8
TRPLUC25080836e95a03,2025-08-08,UP01,repeated,10,116,7,8
TRPLUC250808031a4062,2025-08-08,UP01,repeated,18,188,6,6
TRPJAI2508081d7c8853,2025-08-08,RJ01,repeated,21,289,9,8
TRPIND250808cccf417c,2025-08-08,MP01,repeated,16,151,6,9
TRPSUR2508084721698a,2025-08-08,GJ01,repeated,13,123,5,5
TRPLUC25080825af9d8e,2025-08-08,UP01,repeated,17,179,5,7
TRPLUC250808bf14dbc2,2025-08-08,UP01,repeated,17,179,5,6
TRPSUR25080876abaaab,2025-08-08,GJ01,new,16,147,9,6
TRPKOC25080857d9a973,2025-08-08,KL01,new,18,229,9,8
TRPCHA2508089ca5cd80,2025-08-08,CH01,new,30,296,9,8
TRPVAD250808c842d86b,2025-08-08,GJ02,new,18,162,8,8
TRPJAI250808c79951e3,2025-08-08,RJ01,new,33,433,10,8
TRPJAI250808ded52135,2025-08-08,RJ01,repeated,15,217,8,9
TRPKOC25080874a1edd0,2025-08-08,KL01,repeated,17,218,8,9
TRPIND2508082c8129f1,2025-08-08,MP01,repeated,25,223,6,9
TRPJAI2508087a653897,2025-08-08,RJ01,new,43,553,10,10
TRPVIS25080834bcfd59,2025-08-08,AP01,new,22,225,8,8
TRPSUR250808281a2721,2025-08-08,GJ01,repeated,17,155,6,7
TRPLUC2508085643233d,2025-08-08,UP01,repeated,19,197,6,6
TRPKOC2508086e21d603,2025-08-08,KL01,new,32,383,9,8
TRPVAD25080899b952e9,2025-08-08,GJ02,new,8,82,8,8
TRPSUR2508081e82cdaa,2025-08-08,GJ01,repeated,14,131,5,8
TRPLUC2508085fca8b0d,2025-08-08,UP01,repeated,12,134,6,8
TRPVIS25080827258d4d,2025-08-08,AP01,new,26,261,8,10
TRPIND250808400afd2c,2025-08-08,MP01,new,18,167,8,9
TRPSUR2508089a837b10,2025-08-08,GJ01,repeated,13,123,6,7
TRPLUC250808f4ab9d02,2025-08-08,UP01,repeated,8,98,5,7
TRPCHA250808dce6a9ef,2025-08-08,CH01,new,28,278,8,7
TRPKOC2508080168b631,2025-08-08,KL01,new,38,449,10,10
TRPLUC2508088229ffec,2025-08-08,UP01,repeated,12,134,5,7
TRPJAI250808b5944615,2025-08-08,RJ01,repeated,38,493,9,9
TRPKOC250808c17758dc,2025-08-08,KL01,new,36,427,9,10
TRPLUC2508084f0e156b,2025-08-08,UP01,repeated,6,80,7,8
TRPVAD250808d68ffe67,2025-08-08,GJ02,repeated,13,122,6,8
TRPMYS25080863d80b2f,2025-08-08,KA01,new,17,205,10,10
TRPSUR250808acab6fdf,2025-08-08,GJ01,repeated,5,59,5,7
TRPJAI2508084ea5d67d,2025-08-08,RJ01,repeated,23,313,9,8
TRPLUC250808d85bdf20,2025-08-08,UP01,repeated,10,116,5,6
TRPJAI25080862e17210,2025-08-08,RJ01,repeated,35,457,8,8
TRPLUC250808bc74167b,2025-08-08,UP01,new,8,98,9,7
TRPJAI2508080f963523,2025-08-08,RJ01,repeated,21,289,9,9
TRPKOC250808718aae41,2025-08-08,KL01,new,23,284,10,9
TRPSUR250808f82374d2,2025-08-08,GJ01,repeated,5,59,6,7
TRPCHA250808bf26f386,2025-08-08,CH01,new,19,197,7,7
TRPMYS25080859a64bd9,2025-08-08,KA01,repeated,23,265,8,9
TRPSUR2508086eb2e840,2025-08-08,GJ01,repeated,15,139,6,8
TRPKOC250808b7d152a0,2025-08-08,KL01,repeated,32,383,9,10
TRPCOI250808388c4afc,2025-08-08,TN01,repeated,19,175,6,6
TRPLUC25080826965eb7,2025-08-08,UP01,new,13,143,7,6
TRPCOI250808ca2a7565,2025-08-08,TN01,new,20,183,8,9
TRPCHA25080842907446,2025-08-08,CH01,repeated,16,170,7,6
TRPMYS2508088baccb8b,2025-08-08,KA01,new,19,225,10,9
TRPJAI2508083543f29a,2025-08-08,RJ01,new,37,481,10,10
TRPCHA250808d778fd2e,2025-08-08,CH01,repeated,25,251,7,7
TRPLUC25080819f5774f,2025-08-08,UP01,new,8,98,8,8
TRPSUR25080824277c8c,2025-08-08,GJ01,repeated,8,83,5,8
TRPSUR250808d33b79b5,2025-08-08,GJ01,repeated,17,155,5,5
TRPSUR2508086e2d8b1f,2025-08-08,GJ01,repeated,15,139,5,5
TRPCHA2508089fa0eb79,2025-08-08,CH01,repeated,13,143,8,8
TRPIND250808124a1c06,2025-08-08,MP01,new,11,111,9,8
TRPJAI250808ae92697d,2025-08-08,RJ01,repeated,26,349,8,10
TRPJAI2508086568778f,2025-08-08,RJ01,new,40,517,10,9
TRPJAI2508084790d18a,2025-08-08,RJ01,new,30,397,8,8
TRPSUR2508080741889e,2025-08-08,GJ01,repeated,7,75,7,8
TRPCHA250808c93d3c5a,2025-08-08,CH01,repeated,25,251,6,8
TRPVIS250808a2c79462,2025-08-08,AP01,repeated,29,288,8,9
TRPIND25080825853473,2025-08-08,MP01,repeated,19,175,8,7
TRPLUC250808beda95b3,2025-08-08,UP01,repeated,9,107,7,7
TRPVAD25080843883589,2025-08-08,GJ02,new,8,82,7,6
TRPJAI250808eff8e34d,2025-08-08,RJ01,new,34,445,9,8
TRPLUC250808c9e853ee,2025-08-08,UP01,repeated,17,179,7,7
TRPLUC250808e5cfbc3a,2025-08-08,UP01,repeated,10,116,5,6
TRPCOI250808628d0a6a,2025-08-08,TN01,repeated,17,159,6,8
TRPCHA250808ba3db554,2025-08-08,CH01,new,14,152,7,7
TRPSUR2508085ba31507,2025-08-08,GJ01,repeated,9,91,5,7
TRPLUC2508088329b126,2025-08-08,UP01,repeated,13,143,6,5
TRPSUR2508082a3f57f9,2025-08-08,GJ01,repeated,10,99,6,8
TRPVIS2508080374fdbb,2025-08-08,AP01,new,32,315,8,9
TRPLUC2508087b92a4fe,2025-08-08,UP01,repeated,5,71,7,8
TRPVIS250808756fceaa,2025-08-08,AP01,repeated,33,324,7,9
TRPIND25080835b65d22,2025-08-08,MP01,repeated,15,143,6,9
TRPCHA2508088871db35,2025-08-08,CH01,repeated,33,323,9,7
TRPCOI2508089fa048bb,2025-08-08,TN01,new,17,159,8,9
TRPJAI250808d5625231,2025-08-08,RJ01,new,22,301,10,9
TRPLUC2508083c3eb287,2025-08-08,UP01,repeated,8,98,6,5
TRPIND25080884e085d9,2025-08-08,MP01,new,15,143,9,9
TRPKOC250808df64eb33,2025-08-08,KL01,repeated,11,152,8,10
TRPLUC25080809ec20a7,2025-08-08,UP01,repeated,6,80,6,7
TRPJAI250808d392a8a6,2025-08-08,RJ01,new,33,433,8,8
TRPLUC250808ae8f8045,2025-08-08,UP01,repeated,12,134,6,8
TRPKOC2508087a82a2b1,2025-08-08,KL01,new,35,416,10,10
TRPLUC250808dc375f3e,2025-08-08,UP01,repeated,8,98,7,6
TRPSUR250808a0963725,2025-08-08,GJ01,repeated,6,67,6,8
TRPSUR250808abee3f32,2025-08-08,GJ01,repeated,6,67,7,5
TRPVIS250808088ce64d,2025-08-08,AP01,repeated,35,342,7,8
TRPJAI2508089b27529d,2025-08-08,RJ01,new,24,325,10,9
TRPSUR250808d24b5f6a,2025-08-08,GJ01,new,6,67,8,7
TRPLUC25080840369d1c,2025-08-08,UP01,repeated,9,107,7,8
TRPIND250808e0923875,2025-08-08,MP01,repeated,8,87,7,9
TRPKOC250808bff4505f,2025-08-08,KL01,new,22,273,9,9
TRPKOC250808df323f9a,2025-08-08,KL01,repeated,22,273,8,10
TRPLUC25080832223f3d,2025-08-08,UP01,repeated,18,188,5,5
TRPVAD2508082cedc10c,2025-08-08,GJ02,repeated,5,58,5,5
TRPIND250808a885e0d6,2025-08-08,MP01,repeated,15,143,9,8
TRPVAD25080859abe57d,2025-08-08,GJ02,repeated,8,82,7,5
TRPLUC250808e18c089f,2025-08-08,UP01,repeated,15,161,6,7
TRPVIS2508084281c3fc,2025-08-08,AP01,repeated,21,216,8,9
TRPKOC2508084f686b2e,2025-08-08,KL01,new,15,196,8,10
TRPVIS250808f28a1e5e,2025-08-08,AP01,new,26,261,10,9
TRPLUC25080816084f8f,2025-08-08,UP01,repeated,17,179,6,7
TRPSUR250808b16b2d05,2025-08-08,GJ01,new,13,123,7,6
TRPSUR250808fcbbb4ef,2025-08-08,GJ01,repeated,9,91,6,5
TRPVAD250808524628cd,2025-08-08,GJ02,repeated,14,130,5,5
TRPJAI2508089a8b8071,2025-08-08,RJ01,repeated,15,217,7,8
TRPVIS25080874c35193,2025-08-08,AP01,repeated,11,126,9,10
TRPLUC250808430e9e87,2025-08-08,UP01,repeated,18,188,6,7
TRPLUC2508084a4a2f76,2025-08-08,UP01,repeated,18,188,7,7
TRPLUC250808273a3b96,2025-08-08,UP01,repeated,13,143,6,5
TRPCOI250808268027c9,2025-08-08,TN01,repeated,22,199,9,6
TRPLUC250808a66acee4,2025-08-08,UP01,repeated,18,188,7,6
TRPLUC250808422e564b,2025-08-08,UP01,repeated,5,71,6,6
TRPKOC2508087680bea4,2025-08-08,KL01,new,31,372,8,8
TRPLUC2508089aecacb9,2025-08-08,UP01,repeated,12,134,5,6
TRPLUC250808fe93c421,2025-08-08,UP01,repeated,19,197,6,7
TRPKOC25080856d83652,2025-08-08,KL01,new,13,174,10,10
TRPCOI2508085a2ec09b,2025-08-08,TN01,new,14,135,10,8
TRPIND250808272df255,2025-08-08,MP01,repeated,19,175,8,8
TRPLUC250808b13330d3,2025-08-08,UP01,repeated,5,71,5,8
TRPVAD25080879e6db0b,2025-08-08,GJ02,repeated,5,58,6,6
TRPJAI250808a064a101,2025-08-08,RJ01,new,24,325,8,9
TRPLUC25080841bdb3f8,2025-08-08,UP01,repeated,10,116,5,5
TRPCHA250808e283c462,2025-08-08,CH01,new,19,197,9,7
TRPSUR250808ea6d08a6,2025-08-08,GJ01,repeated,12,115,6,5
TRPVIS250808ccab76cc,2025-08-08,AP01,new,22,225,8,8
TRPKOC2508083d499ca9,2025-08-08,KL01,new,26,317,9,8
TRPJAI250808252017a3,2025-08-08,RJ01,new,33,433,10,8
TRPLUC250808e5af576e,2025-08-08,UP01,repeated,10,116,6,8
TRPSUR250808c6c9d953,2025-08-08,GJ01,repeated,6,67,7,8
TRPLUC250808fedb63ad,2025-08-08,UP01,repeated,5,71,6,5
TRPVAD250808f1e9d9a9,2025-08-08,GJ02,repeated,8,82,5,8
TRPJAI25080884d5943a,2025-08-08,RJ01,repeated,37,481,7,8
TRPSUR250808535fe8a1,2025-08-08,GJ01,repeated,14,131,5,8
TRPJAI250808f156e117,2025-08-08,RJ01,repeated,23,313,9,10
TRPCHA250808e663b22c,2025-08-08,CH01,new,15,161,9,8
TRPIND250808d2229c0c,2025-08-08,MP01,new,25,223,9,7
TRPSUR250808ed2d130f,2025-08-08,GJ01,repeated,9,91,5,7
TRPLUC2508089ebaafb1,2025-08-08,UP01,repeated,5,71,6,8
TRPSUR250808c46d50be,2025-08-08,GJ01,repeated,16,147,5,5
TRPMYS250808fb29e225,2025-08-08,KA01,repeated,23,265,9,8
TRPKOC2508087d2976ec,2025-08-08,KL01,repeated,18,229,7,10
TRPCOI2508089ce872a8,2025-08-08,TN01,new,10,103,10,9
TRPVAD25080834d2aec9,2025-08-08,GJ02,repeated,14,130,6,7
TRPVAD2508084b6060f3,2025-08-08,GJ02,repeated,15,138,6,5
TRPKOC250808552842f1,2025-08-08,KL01,repeated,37,438,8,8
TRPKOC250808f061ec5b,2025-08-08,KL01,repeated,10,141,9,8
TRPVAD2508089c1624d8,2025-08-08,GJ02,repeated,18,162,6,6
TRPJAI250808e27cc705,2025-08-08,RJ01,repeated,40,517,9,9
TRPJAI25080888722fbe,2025-08-08,RJ01,repeated,39,505,7,10
TRPJAI2508081720b912,2025-08-08,RJ01,new,28,373,9,8
TRPMYS25080897719256,2025-08-08,KA01,new,21,245,8,10
TRPKOC25080802492ace,2025-08-08,KL01,new,16,207,8,8
TRPLUC250808e223917f,2025-08-08,UP01,repeated,13,143,5,5
TRPCHA250808952158c7,2025-08-08,CH01,repeated,20,206,7,6
TRPVAD250808df60c59f,2025-08-08,GJ02,new,6,66,7,8
TRPCHA25080811bf4474,2025-08-08,CH01,new,25,251,7,9
TRPCOI250808a7ce7e79,2025-08-08,TN01,new,11,111,8,8
TRPMYS250808ca7e3c80,2025-08-08,KA01,new,9,125,8,10
TRPMYS250808a4b04a1f,2025-08-08,KA01,new,22,255,10,10
TRPSUR250808b9970192,2025-08-08,GJ01,repeated,7,75,5,7
TRPLUC2508086f63f151,2025-08-08,UP01,repeated,14,152,7,5
TRPLUC250808838a7b10,2025-08-08,UP01,new,10,116,9,6
TRPJAI2508082243d526,2025-08-08,RJ01,new,42,541,10,9
TRPMYS2508088fb4810c,2025-08-08,KA01,new,13,165,10,10
TRPJAI250808968d51a6,2025-08-08,RJ01,repeated,24,325,7,10
TRPSUR250808c41e0145,2025-08-08,GJ01,repeated,10,99,7,5
TRPIND250808551a7be3,2025-08-08,MP01,repeated,20,183,9,7
TRPLUC250808bb733fc9,2025-08-08,UP01,repeated,6,80,6,7
TRPJAI250808b6332d4a,2025-08-08,RJ01,repeated,29,385,9,8
TRPKOC2508088652e409,2025-08-08,KL01,new,30,361,10,9
TRPSUR250808f5549fcf,2025-08-08,GJ01,repeated,6,67,5,7
TRPIND25080852184fe3,2025-08-08,MP01,repeated,14,135,8,9
TRPIND250808394da1e3,2025-08-08,MP01,repeated,19,175,7,6
TRPLUC2508081d8c64e0,2025-08-08,UP01,repeated,19,197,5,7
TRPLUC2508081f499ce0,2025-08-08,UP01,repeated,18,188,6,8
TRPIND25080804b972b3,2025-08-08,MP01,repeated,13,127,9,6
TRPLUC250808aad63638,2025-08-08,UP01,repeated,9,107,7,7
TRPKOC25080895bbba8a,2025-08-08,KL01,repeated,13,174,9,10
TRPJAI25080864804c25,2025-08-08,RJ01,new,15,217,9,8
TRPSUR250808c10ed5da,2025-08-08,GJ01,repeated,6,67,6,7
TRPVAD250808e1b928f9,2025-08-08,GJ02,repeated,15,138,6,7
TRPJAI25080863d9b82c,2025-08-08,RJ01,new,40,517,9,8
TRPVIS25080805deab85,2025-08-08,AP01,repeated,32,315,8,10
TRPLUC250808ac2e3e64,2025-08-08,UP01,new,11,125,9,7
TRPJAI2508089b8fa24b,2025-08-08,RJ01,repeated,30,397,7,9
TRPSUR25080832595e48,2025-08-08,GJ01,new,16,147,9,7
TRPIND25080899de1d99,2025-08-08,MP01,repeated,23,207,9,6
TRPCHA2508083806a1de,2025-08-08,CH01,repeated,15,161,6,9
TRPJAI250808cd7973e7,2025-08-08,RJ01,new,30,397,10,8
TRPJAI2508080e8d611d,2025-08-08,RJ01,new,24,325,9,9
TRPIND250808b3364151,2025-08-08,MP01,repeated,22,199,7,8
TRPLUC250808c4e10a9e,2025-08-08,UP01,repeated,11,125,6,5
TRPVAD25080884a45111,2025-08-08,GJ02,new,13,122,7,8
TRPVAD25080890aabe80,2025-08-08,GJ02,repeated,10,98,7,5
TRPLUC250808644635f1,2025-08-08,UP01,repeated,8,98,6,6
TRPSUR250808af9a3b39,2025-08-08,GJ01,repeated,10,99,6,7
TRPJAI250808807581d8,2025-08-08,RJ01,repeated,21,289,8,10
TRPSUR250808a4776891,2025-08-08,GJ01,new,7,75,7,6
TRPSUR25080861f17dbb,2025-08-08,GJ01,repeated,7,75,7,5
TRPVIS2508084285281f,2025-08-08,AP01,new,17,180,10,10
TRPCHA2508082c70592f,2025-08-08,CH01,repeated,17,179,7,9
TRPSUR2508083d433b78,2025-08-08,GJ01,repeated,16,147,5,7
TRPCHA2508080b4f230f,2025-08-08,CH01,repeated,12,134,8,7
TRPJAI250808269a58e4,2025-08-08,RJ01,new,33,433,9,8
TRPSUR250808b07666b4,2025-08-08,GJ01,repeated,6,67,5,7
TRPIND250808f3ccc619,2025-08-08,MP01,new,9,95,7,7
TRPKOC250808406f7bd5,2025-08-08,KL01,repeated,16,207,7,10
TRPVIS250808a5f6bb30,2025-08-08,AP01,new,26,261,10,8
TRPJAI250808cea25f00,2025-08-08,RJ01,repeated,21,289,8,8
TRPVIS250808020b7865,2025-08-08,AP01,repeated,17,180,7,8
TRPJAI2508082d0d670c,2025-08-08,RJ01,new,29,385,9,9
TRPCHA2508089b30ea38,2025-08-08,CH01,repeated,18,188,7,8
TRPLUC2508082339fb8c,2025-08-08,UP01,new,16,170,7,8
TRPLUC250808c83cc0b2,2025-08-08,UP01,repeated,8,98,5,6
TRPLUC25080880a99d4f,2025-08-08,UP01,repeated,18,188,5,7
TRPCHA2508085f60cadd,2025-08-08,CH01,repeated,26,260,9,7
TRPVAD2508088510b5ed,2025-08-08,GJ02,repeated,14,130,5,7
TRPLUC250808809fd43d,2025-08-08,UP01,repeated,6,80,5,7
TRPSUR250808a3d752a9,2025-08-08,GJ01,repeated,15,139,6,8
TRPSUR250808285288d0,2025-08-08,GJ01,new,7,75,8,8
TRPVAD250808c7c17d65,2025-08-08,GJ02,repeated,15,138,7,8
TRPLUC250808261da7a9,2025-08-08,UP01,repeated,5,71,6,6
TRPIND25080829a6f8ca,2025-08-08,MP01,new,12,119,10,7
TRPLUC250808ecd0857d,2025-08-08,UP01,new,19,197,9,7
TRPCHA2508086e7f3f21,2025-08-08,CH01,repeated,35,341,9,8
TRPLUC25080897f85a2c,2025-08-08,UP01,repeated,5,71,5,7
TRPVAD250808fc764de8,2025-08-08,GJ02,repeated,18,162,7,6
TRPIND2508080754187e,2025-08-08,MP01,repeated,8,87,6,8
TRPLUC2508085505abc7,2025-08-08,UP01,repeated,10,116,6,5
TRPLUC250808365e25e9,2025-08-08,UP01,repeated,9,107,6,6
TRPCHA250808edfdd95f,2025-08-08,CH01,repeated,34,332,7,9
TRPJAI250808441ad9a5,2025-08-08,RJ01,new,37,481,9,8
TRPLUC250808da91f99a,2025-08-08,UP01,new,13,143,9,7
TRPJAI2508081f7158f6,2025-08-08,RJ01,new,28,373,8,8
TRPJAI25080870b1bb43,2025-08-08,RJ01,new,31,409,8,10
TRPVAD25080801192f50,2025-08-08,GJ02,new,15,138,7,8
TRPSUR25080830ab2438,2025-08-08,GJ01,repeated,13,123,6,8
TRPLUC25080814dfa81a,2025-08-08,UP01,repeated,15,161,5,8
TRPCOI2508086f2da2e1,2025-08-08,TN01,repeated,12,119,7,9
TRPSUR2508088f70f292,2025-08-08,GJ01,repeated,7,75,7,7
TRPCHA250808b991f675,2025-08-08,CH01,new,19,197,8,8
TRPSUR250808801581b8,2025-08-08,GJ01,repeated,14,131,5,6
TRPSUR25080884e4192d,2025-08-08,GJ01,repeated,7,75,7,6
TRPLUC250808484feed5,2025-08-08,UP01,repeated,8,98,7,5
TRPSUR2508082aba070b,2025-08-08,GJ01,repeated,9,91,5,6
TRPSUR2508087ff5b089,2025-08-08,GJ01,repeated,9,91,6,6
TRPJAI2508085706dd57,2025-08-08,RJ01,repeated,38,493,7,10
TRPCHA25080800172e34,2025-08-08,CH01,repeated,28,278,9,7
TRPJAI250808fb1947d9,2025-08-08,RJ01,repeated,26,349,9,10
TRPIND250808e7fb70d5,2025-08-08,MP01,new,10,103,8,7
TRPLUC25080820cbc210,2025-08-08,UP01,repeated,13,143,6,5
TRPLUC250808d2c4ba8f,2025-08-08,UP01,repeated,8,98,6,7
TRPMYS25080841745013,2025-08-08,KA01,repeated,8,115,7,8
TRPKOC250808a04d2cf5,2025-08-08,KL01,repeated,23,284,9,10
TRPCOI250808e8e75f2a,2025-08-08,TN01,new,8,87,9,8
TRPSUR250808e00d1da8,2025-08-08,GJ01,repeated,17,155,5,8
TRPIND25080870458c2c,2025-08-08,MP01,new,18,167,8,7
TRPVAD250808899aaecc,2025-08-08,GJ02,repeated,8,82,6,6
TRPVIS25080809f9a2f1,2025-08-08,AP01,new,14,153,9,10
TRPLUC250808bde0d047,2025-08-08,UP01,repeated,14,152,5,6
TRPJAI25080812d933e9,2025-08-08,RJ01,repeated,36,469,9,9
TRPCHA2508088c2c8e42,2025-08-08,CH01,repeated,19,197,8,9
TRPVIS250808b97a6613,2025-08-08,AP01,repeated,22,225,9,8
TRPIND2508081da3833c,2025-08-08,MP01,repeated,24,215,9,9
TRPCHA250808fdf11c5f,2025-08-08,CH01,repeated,25,251,8,6
TRPKOC25080857514213,2025-08-08,KL01,new,32,383,8,10
TRPLUC250808a4e49d35,2025-08-08,UP01,repeated,15,161,7,7
TRPCHA250808aee67c3c,2025-08-08,CH01,repeated,12,134,8,6
TRPKOC2508087accac07,2025-08-08,KL01,new,12,163,9,9
TRPCOI2508089ae0b7a0,2025-08-08,TN01,repeated,10,103,8,6
TRPSUR2508085f411ce6,2025-08-08,GJ01,repeated,6,67,6,5
TRPJAI250808b92b639f,2025-08-08,RJ01,repeated,29,385,8,8
TRPSUR2508087de12b10,2025-08-08,GJ01,repeated,9,91,5,8
TRPMYS25080855cd6b19,2025-08-08,KA01,new,19,225,10,8
TRPIND250808d5d127ae,2025-08-08,MP01,new,9,95,7,7
TRPCHA250808f9270c18,2025-08-08,CH01,new,16,170,10,7
TRPLUC250808ad896bdf,2025-08-08,UP01,repeated,7,89,7,6
TRPJAI250808c3e4bf47,2025-08-08,RJ01,new,25,337,9,10
TRPCOI250808dc50c2bb,2025-08-08,TN01,new,20,183,9,7
TRPLUC250808f6c119c2,2025-08-08,UP01,repeated,9,107,6,6
TRPLUC2508088f02a041,2025-08-08,UP01,repeated,12,134,7,5
TRPLUC250808ef621fe2,2025-08-08,UP01,new,7,89,7,8
TRPCOI250808cafea019,2025-08-08,TN01,new,15,143,10,8
TRPJAI25080813cc5bdb,2025-08-08,RJ01,new,20,277,10,10
TRPCHA250808ada36b2d,2025-08-08,CH01,repeated,26,260,6,9
TRPCOI2508085ebf7f81,2025-08-08,TN01,repeated,21,191,6,7
TRPVIS250808febfeb7d,2025-08-08,AP01,new,10,117,10,10
TRPJAI250808bba561cf,2025-08-08,RJ01,new,29,385,9,10
TRPCOI2508088a6f31c8,2025-08-08,TN01,repeated,21,191,6,8
TRPCHA250808442336b3,2025-08-08,CH01,repeated,18,188,8,6
TRPLUC25080835c39a28,2025-08-08,UP01,repeated,18,188,7,5
TRPIND250808684c46b8,2025-08-08,MP01,repeated,15,143,9,7
TRPSUR25080896d8ffa4,2025-08-08,GJ01,new,8,83,8,7
TRPJAI2508085d43b985,2025-08-08,RJ01,repeated,17,241,9,8
TRPLUC250808a267266b,2025-08-08,UP01,repeated,10,116,7,8
TRPSUR250808979dce3e,2025-08-08,GJ01,repeated,16,147,7,8
TRPSUR2508084e502fe2,2025-08-08,GJ01,repeated,5,59,7,5
TRPVAD2508087484b06f,2025-08-08,GJ02,repeated,18,162,6,7
TRPLUC2508082389a349,2025-08-08,UP01,repeated,14,152,7,7
TRPCHA2508080234cbd5,2025-08-08,CH01,repeated,28,278,6,8
TRPLUC25080811e70bbe,2025-08-08,UP01,repeated,13,143,7,5
TRPCOI2508089c13411b,2025-08-08,TN01,new,9,95,8,8
TRPSUR250808c09c49fd,2025-08-08,GJ01,repeated,17,155,7,5
TRPLUC2508082e9b008f,2025-08-08,UP01,new,11,125,9,8
TRPJAI2508082108d0eb,2025-08-08,RJ01,repeated,38,493,8,9
TRPKOC250808cea0e8ab,2025-08-08,KL01,new,12,163,10,8
TRPLUC25080817c42830,2025-08-08,UP01,repeated,12,134,7,7
TRPSUR25080869cb57a3,2025-08-08,GJ01,repeated,16,147,6,5
TRPSUR25080866413aa0,2025-08-08,GJ01,new,5,59,8,7
TRPCOI250808e3a02585,2025-08-08,TN01,repeated,13,127,6,6
TRPCOI250808ce212615,2025-08-08,TN01,new,16,151,8,7
TRPSUR250808b47e093d,2025-08-08,GJ01,repeated,15,139,5,7
TRPSUR250808d967e3ee,2025-08-08,GJ01,new,12,115,8,7
TRPLUC250808c2370baf,2025-08-08,UP01,repeated,18,188,7,6
TRPJAI25080834be8ec6,2025-08-08,RJ01,repeated,17,241,9,9
TRPIND250808ab545b4c,2025-08-08,MP01,repeated,25,223,9,6
TRPLUC250808a050d60c,2025-08-08,UP01,new,16,170,8,7
TRPVAD250808a8067f64,2025-08-08,GJ02,repeated,11,106,7,6
TRPKOC2508088e3c4ede,2025-08-08,KL01,new,13,174,9,10
TRPSUR25080825514a5b,2025-08-08,GJ01,repeated,13,123,6,6
TRPSUR25080847e1d26a,2025-08-08,GJ01,repeated,7,75,5,6
TRPCOI250808857a9b28,2025-08-08,TN01,new,22,199,8,8
TRPMYS250808fc6dcbcc,2025-08-08,KA01,repeated,16,195,9,8
TRPIND250808bcbc57e1,2025-08-08,MP01,repeated,9,95,8,9
TRPLUC25080810f1f10a,2025-08-08,UP01,new,7,89,7,8
TRPJAI2508088894bd95,2025-08-08,RJ01,repeated,29,385,7,10
TRPCHA2508087d8498e2,2025-08-08,CH01,repeated,27,269,7,8
TRPVAD25080832429ef2,2025-08-08,GJ02,repeated,10,98,5,5
TRPCHA25080890ed297b,2025-08-08,CH01,new,33,323,9,7
TRPLUC2508086b2683e3,2025-08-08,UP01,repeated,17,179,5,8
TRPLUC250808ffe4f436,2025-08-08,UP01,repeated,20,206,7,5
TRPCOI25080827af789e,2025-08-08,TN01,repeated,8,87,7,6
TRPJAI2508086c6f3953,2025-08-08,RJ01,repeated,45,577,9,8
TRPVAD250808d8073347,2025-08-08,GJ02,repeated,8,82,7,6
TRPLUC2508082fc9f4f9,2025-08-08,UP01,repeated,18,188,7,6
TRPVAD25080895398605,2025-08-08,GJ02,repeated,8,82,6,8
TRPJAI250808b91589b9,2025-08-08,RJ01,repeated,42,541,9,8
TRPKOC2508082a1b9bb8,2025-08-08,KL01,repeated,21,262,8,10
TRPVIS250808fa31a6c6,2025-08-08,AP01,repeated,20,207,9,8
TRPCHA250808c7ba6b81,2025-08-08,CH01,new,13,143,9,7
TRPJAI250808bed69fcf,2025-08-08,RJ01,new,37,481,9,10
TRPSUR2508086590b09f,2025-08-08,GJ01,new,9,91,7,6
TRPJAI250808d34b8f6e,2025-08-08,RJ01,repeated,35,457,8,10
TRPJAI25080867318651,2025-08-08,RJ01,repeated,22,301,8,10
TRPLUC250808c16a1fb1,2025-08-08,UP01,repeated,17,179,7,7
TRPJAI250808cafac4f9,2025-08-08,RJ01,repeated,21,289,9,9
TRPCOI2508081f4de70c,2025-08-08,TN01,repeated,11,111,8,7
TRPVIS2508080fffd74f,2025-08-08,AP01,new,30,297,9,8
TRPCOI250808c37e5230,2025-08-08,TN01,new,21,191,8,9
TRPCHA25080825f2383e,2025-08-08,CH01,repeated,17,179,6,6
TRPIND25080871dc4173,2025-08-08,MP01,repeated,14,135,9,7
TRPLUC250808bdd80dbd,2025-08-08,UP01,new,10,116,9,6
TRPJAI250808ff7f9736,2025-08-08,RJ01,new,34,445,9,8
TRPVIS250808c08e2fe1,2025-08-08,AP01,new,10,117,8,10
TRPKOC2508088a5eeb8d,2025-08-08,KL01,new,15,196,8,8
TRPJAI25080818d44f8f,2025-08-08,RJ01,new,40,517,10,9
TRPJAI250808f7f9930c,2025-08-08,RJ01,new,22,301,9,10
TRPJAI250808b2905411,2025-08-08,RJ01,repeated,45,577,9,8
TRPCHA2508087f6c6a70,2025-08-08,CH01,new,28,278,9,9
TRPKOC250808f482880e,2025-08-08,KL01,repeated,33,394,9,9
TRPJAI250808102f359a,2025-08-08,RJ01,new,27,361,8,9
TRPKOC250808bcf91fc9,2025-08-08,KL01,new,36,427,10,9
TRPLUC250808ac3781ac,2025-08-08,UP01,repeated,11,125,7,7
TRPJAI250808f5d2e4c0,2025-08-08,RJ01,repeated,29,385,9,8
TRPLUC250808c872024d,2025-08-08,UP01,repeated,7,89,6,6
TRPSUR2508087fa31189,2025-08-08,GJ01,repeated,5,59,7,6
TRPLUC2508089f1b1ce8,2025-08-08,UP01,repeated,11,125,7,5
TRPIND2508084b90ae2f,2025-08-08,MP01,new,8,87,7,8
TRPJAI250808f91b21db,2025-08-08,RJ01,repeated,28,373,9,8
TRPLUC25080806d7b8e7,2025-08-08,UP01,new,17,179,8,7
TRPLUC2508088d4f4577,2025-08-08,UP01,repeated,5,71,5,8
TRPVIS25080825012e8a,2025-08-08,AP01,new,23,234,9,8
TRPCOI250808f101864b,2025-08-08,TN01,repeated,20,183,9,6
TRPCOI25080839e6c4d5,2025-08-08,TN01,repeated,18,167,9,7
TRPLUC2508081439ce17,2025-08-08,UP01,repeated,13,143,7,7
TRPSUR250808124fd882,2025-08-08,GJ01,repeated,9,91,5,7
TRPJAI250808ac49de22,2025-08-08,RJ01,new,18,253,8,10
TRPVAD250808d53874d2,2025-08-08,GJ02,repeated,15,138,6,7
TRPSUR25080804a61584,2025-08-08,GJ01,repeated,13,123,5,7
TRPLUC250808ff8e7d63,2025-08-08,UP01,new,10,116,9,7
TRPJAI2508084fff6e75,2025-08-08,RJ01,new,40,517,9,9
TRPVAD25080892e38382,2025-08-08,GJ02,new,11,106,7,6
TRPCOI2508084e0a3a45,2025-08-08,TN01,repeated,11,111,6,6
TRPIND2508086aa8559c,2025-08-08,MP01,repeated,18,167,6,9
TRPCHA2508082bbdbdf8,2025-08-08,CH01,repeated,13,143,8,6
TRPJAI250808caf033ed,2025-08-08,RJ01,new,35,457,10,9
TRPVAD2508082d91a848,2025-08-08,GJ02,repeated,13,122,5,6
TRPLUC250808f040a44f,2025-08-08,UP01,repeated,16,170,5,7
TRPVIS250808de33d334,2025-08-08,AP01,repeated,24,243,7,10
TRPVAD2508088997947d,2025-08-08,GJ02,repeated,18,162,7,8
TRPJAI250808a3bd2b6a,2025-08-08,RJ01,repeated,33,433,9,10
TRPVAD250808522beca6,2025-08-08,GJ02,repeated,13,122,5,6
TRPKOC250808b7cade03,2025-08-08,KL01,new,25,306,9,9
TRPCHA250808036f5199,2025-08-08,CH01,repeated,35,341,8,8
TRPJAI2508080c300b31,2025-08-08,RJ01,new,24,325,9,9
TRPCHA2508085cf66536,2025-08-08,CH01,repeated,22,224,8,8
TRPSUR250808978196b6,2025-08-08,GJ01,new,7,75,8,6
TRPVAD2508087bbbcc11,2025-08-08,GJ02,repeated,12,114,6,8
TRPCHA250808d75af4df,2025-08-08,CH01,repeated,25,251,6,8
TRPLUC2508088a16f28a,2025-08-08,UP01,repeated,19,197,5,8
TRPVAD25080820a7ba13,2025-08-08,GJ02,new,11,106,8,6
TRPCOI250808690603ff,2025-08-08,TN01,new,20,183,8,9
TRPLUC25080882aa8aca,2025-08-08,UP01,new,20,206,8,6
TRPLUC2508088b1f20eb,2025-08-08,UP01,repeated,14,152,6,6
TRPJAI2508088d57c184,2025-08-08,RJ01,repeated,41,529,9,9
TRPSUR250808442d4deb,2025-08-08,GJ01,repeated,9,91,6,7
TRPJAI250808ac45fd5f,2025-08-08,RJ01,repeated,36,469,8,10
TRPLUC25080810f7a652,2025-08-08,UP01,repeated,9,107,5,7
TRPJAI250808eb4f73d0,2025-08-08,RJ01,new,31,409,9,9
TRPCOI250808f3d3283a,2025-08-08,TN01,new,12,119,10,7
TRPLUC250808760fece9,2025-08-08,UP01,repeated,18,188,6,5
TRPSUR250808cf5d2240,2025-08-08,GJ01,repeated,13,123,6,8
TRPKOC250808195e6ead,2025-08-08,KL01,new,32,383,8,8
TRPLUC25080857f18618,2025-08-08,UP01,repeated,19,197,5,6
TRPJAI25080867c09826,2025-08-08,RJ01,new,15,217,8,8
TRPJAI250808b41f6d13,2025-08-08,RJ01,repeated,42,541,8,8
TRPKOC25080850c1b6df,2025-08-08,KL01,new,23,284,9,9
TRPLUC2508080aba9c8d,2025-08-08,UP01,repeated,6,80,5,7
TRPSUR2508088cbb262d,2025-08-08,GJ01,repeated,16,147,5,7
TRPLUC250808f3606cf6,2025-08-08,UP01,repeated,20,206,7,5
TRPCHA2508082397a9e0,2025-08-08,CH01,new,24,242,9,7
TRPJAI250808f72fcc08,2025-08-08,RJ01,new,27,361,8,10
TRPJAI250808829b4c5c,2025-08-08,RJ01,new,21,289,9,8
TRPJAI25080898aa50e1,2025-08-08,RJ01,repeated,24,325,8,10
TRPSUR2508089b4af8e4,2025-08-08,GJ01,repeated,9,91,5,6
TRPJAI250808defa038d,2025-08-08,RJ01,new,24,325,8,8
TRPIND250808c2dc3091,2025-08-08,MP01,repeated,15,143,6,8
TRPKOC250808bbd77458,2025-08-08,KL01,new,21,262,9,9
TRPCHA250808e66cbaec,2025-08-08,CH01,repeated,13,143,8,9
TRPCHA25080816098da4,2025-08-08,CH01,new,12,134,9,8
TRPCHA2508088b7a9d4b,2025-08-08,CH01,repeated,31,305,7,8
TRPVIS250808bcb43a66,2025-08-08,AP01,repeated,19,198,8,8
TRPSUR250808ec7efe69,2025-08-08,GJ01,new,16,147,9,8
TRPKOC250808553eb52c,2025-08-08,KL01,new,18,229,8,10
TRPCOI250808360f1fb4,2025-08-08,TN01,new,21,191,7,7
TRPCHA25080800a3be14,2025-08-08,CH01,new,13,143,7,8
TRPLUC25080804210d7a,2025-08-08,UP01,repeated,5,71,5,5
TRPSUR25080847ae9e93,2025-08-08,GJ01,repeated,13,123,6,8
TRPVIS250808f6169521,2025-08-08,AP01,repeated,19,198,9,9
TRPLUC250808134c97b9,2025-08-08,UP01,repeated,7,89,7,5
TRPVAD250808d53750ab,2025-08-08,GJ02,repeated,18,162,5,7
TRPSUR2508083d8faf23,2025-08-08,GJ01,repeated,14,131,5,5
TRPCOI250808d1e6947f,2025-08-08,TN01,repeated,17,159,9,8
TRPLUC250808372e6120,2025-08-08,UP01,repeated,6,80,6,5
TRPLUC250808ba6cf53f,2025-08-08,UP01,repeated,18,188,5,8
TRPIND250808f02a230a,2025-08-08,MP01,repeated,23,207,6,7
TRPLUC2508084215d858,2025-08-08,UP01,repeated,7,89,6,8
TRPIND2508083b25a396,2025-08-08,MP01,repeated,12,119,8,8
TRPKOC25080897c7982f,2025-08-08,KL01,repeated,28,339,7,8
TRPCHA250808425f84d5,2025-08-08,CH01,repeated,23,233,9,7
TRPSUR2508089a1d1cae,2025-08-08,GJ01,repeated,9,91,7,6
TRPVIS25080899b5f672,2025-08-08,AP01,repeated,11,126,7,9
TRPJAI25080860835a60,2025-08-08,RJ01,repeated,40,517,9,8
TRPLUC25080865e015ed,2025-08-08,UP01,repeated,8,98,7,8
TRPCOI250808daee0265,2025-08-08,TN01,repeated,10,103,9,9
TRPIND25080803b1a6e2,2025-08-08,MP01,repeated,14,135,9,7
TRPLUC250808a879e015,2025-08-08,UP01,repeated,5,71,7,5
TRPLUC250808a13927ab,2025-08-08,UP01,new,19,197,7,6
TRPJAI2508089745378c,2025-08-08,RJ01,new,22,301,9,8
TRPJAI2508088c64f832,2025-08-08,RJ01,repeated,41,529,7,10
TRPLUC25080894062d04,2025-08-08,UP01,repeated,18,188,5,6
TRPSUR250808e06dcba7,2025-08-08,GJ01,repeated,13,123,7,5
TRPJAI25080868e7e6f4,2025-08-08,RJ01,repeated,21,289,7,9
TRPVAD25080849f5c66a,2025-08-08,GJ02,repeated,8,82,6,7
TRPCHA25080851e3d9ee,2025-08-08,CH01,new,24,242,10,9
TRPSUR25080887af6bb5,2025-08-08,GJ01,repeated,10,99,5,6
TRPVIS2508081fe06b5b,2025-08-08,AP01,new,31,306,10,9
TRPVAD250808bc16cdae,2025-08-08,GJ02,repeated,13,122,7,6
TRPJAI250808eac20cfd,2025-08-08,RJ01,new,27,361,10,8
TRPSUR25080869fd1245,2025-08-08,GJ01,new,8,83,8,8
TRPCHA2508083ddc84e7,2025-08-08,CH01,repeated,13,143,8,6
TRPMYS250808d54157b6,2025-08-08,KA01,repeated,16,195,9,9
TRPMYS250808ebf107cc,2025-08-08,KA01,new,13,165,8,8
TRPKOC250808702124ab,2025-08-08,KL01,new,37,438,8,8
TRPMYS250808707d4e06,2025-08-08,KA01,repeated,19,225,9,10
TRPIND25080860738bc7,2025-08-08,MP01,repeated,18,167,8,8
TRPKOC2508083ec2330f,2025-08-08,KL01,new,22,273,8,9
TRPSUR250808ccc548a3,2025-08-08,GJ01,new,6,67,7,6
TRPLUC250808c17f6931,2025-08-08,UP01,repeated,14,152,6,5
TRPLUC250808ffe42d6d,2025-08-08,UP01,repeated,16,170,6,8
TRPLUC250808d74acde1,2025-08-08,UP01,repeated,6,80,7,6
TRPJAI2508082fe59048,2025-08-08,RJ01,repeated,29,385,8,8
TRPCHA25080829bc2304,2025-08-08,CH01,repeated,21,215,6,7
TRPKOC25080880fba9a4,2025-08-08,KL01,new,36,427,8,8
TRPJAI2508087a78fad5,2025-08-08,RJ01,new,31,409,9,8
TRPVAD2508087c4a1f55,2025-08-08,GJ02,repeated,13,122,5,6
TRPCHA250808a55cd7ff,2025-08-08,CH01,repeated,35,341,8,9
TRPLUC250808b4975330,2025-08-08,UP01,repeated,19,197,7,8
TRPSUR250808e76a0d40,2025-08-08,GJ01,repeated,7,75,6,6
TRPLUC250808e55f4d8f,2025-08-08,UP01,new,20,206,7,8
TRPCHA25080894e7e413,2025-08-08,CH01,new,25,251,8,7
TRPSUR250808f05a0298,2025-08-08,GJ01,repeated,13,123,6,7
TRPKOC250808000f450b,2025-08-08,KL01,repeated,34,405,9,8
TRPSUR2508089c4125ad,2025-08-08,GJ01,repeated,8,83,7,7
TRPVIS2508088645b40a,2025-08-08,AP01,repeated,20,207,9,9
TRPJAI250808b7923a70,2025-08-08,RJ01,repeated,42,541,8,8
TRPIND250808a389ab24,2025-08-08,MP01,repeated,18,167,9,6
TRPIND250808908e247b,2025-08-08,MP01,repeated,15,143,6,7
TRPVAD2508080e2f893c,2025-08-08,GJ02,repeated,18,162,7,8
TRPLUC250808b18339f0,2025-08-08,UP01,repeated,16,170,7,8
TRPIND250808f24cda53,2025-08-08,MP01,repeated,13,127,9,8
TRPVIS250808f9f8883b,2025-08-08,AP01,new,13,144,10,8
TRPVAD25080859e3ebac,2025-08-08,GJ02,repeated,9,90,7,5
TRPLUC2508083d647f2e,2025-08-08,UP01,repeated,12,134,7,7
TRPLUC250808354d60e9,2025-08-08,UP01,new,14,152,9,8
TRPVAD2508083b29bc39,2025-08-08,GJ02,repeated,9,90,5,8
TRPSUR250808a8bb10f7,2025-08-08,GJ01,repeated,8,83,5,8
TRPSUR250808bc740366,2025-08-08,GJ01,repeated,5,59,7,7
TRPCOI250808d9654d39,2025-08-08,TN01,repeated,22,199,8,9
TRPVAD250808ab07579d,2025-08-08,GJ02,repeated,9,90,6,5
TRPLUC250808578be816,2025-08-08,UP01,repeated,16,170,6,7
TRPLUC2508088642f956,2025-08-08,UP01,repeated,10,116,6,5
TRPSUR250808fed2d8e4,2025-08-08,GJ01,repeated,11,107,7,7
TRPCOI25080856073b61,2025-08-08,TN01,repeated,12,119,7,9
TRPLUC250808f8348339,2025-08-08,UP01,repeated,18,188,7,6
TRPCHA250808d360a9bd,2025-08-08,CH01,new,28,278,10,7
