trip_id,date,city_id,passenger_type,distance_travelled(km),fare_amount,passenger_rating,driver_rating
TRPSUR2508054605169c,2025-08-05,GJ01,new,10,99,9,8
TRPCOI250805f44d8401,2025-08-05,TN01,repeated,13,127,7,8
TRPLUC250805d5d855dc,2025-08-05,UP01,repeated,9,107,5,6
TRPCHA2508059f934d12,2025-08-05,CH01,repeated,34,332,8,9
TRPJAI25080538fcd7d7,2025-08-05,RJ01,new,19,265,10,9
TRPKOC250805560b5491,2025-08-05,KL01,new,22,273,9,10
TRPSUR2508055f350c4d,2025-08-05,GJ01,repeated,16,147,5,7
TRPIND2508055cb5d33c,2025-08-05,MP01,repeated,13,127,8,6
TRPSUR25080570c5af5d,2025-08-05,GJ01,repeated,17,155,5,6
TRPJAI2508055bd9802a,2025-08-05,RJ01,repeated,15,217,9,9
TRPLUC250805ccd2d9cf,2025-08-05,UP01,repeated,16,170,5,6
TRPSUR25080593ed1667,2025-08-05,GJ01,repeated,15,139,7,7
TRPCHA250805cb70f05d,2025-08-05,CH01,repeated,30,296,9,7
TRPSUR250805569881ef,2025-08-05,GJ01,repeated,17,155,5,7
TRPLUC25080571e73fd8,2025-08-05,UP01,new,20,206,7,8
TRPKOC250805a536f62b,2025-08-05,KL01,new,17,218,9,8
TRPVIS250805ca4164bf,2025-08-05,AP01,new,35,342,8,9
TRPCHA2508055c048f9b,2025-08-05,CH01,repeated,32,314,9,6
TRPVAD250805d8e1d80b,2025-08-05,GJ02,new,18,162,9,7
TRPCOI25080577821c7a,2025-08-05,TN01,new,22,199,10,8
TRPIND250805442cefa1,2025-08-05,MP01,repeated,24,215,6,8
TRPCOI250805f3993a60,2025-08-05,TN01,new,22,199,10,7
TRPLUC250805537893ca,2025-08-05,UP01,repeated,11,125,5,6
TRPCOI250805e1562b45,2025-08-05,TN01,new,18,167,8,7
TRPKOC2508054a5ff41c,2025-08-05,KL01,repeated,25,306,8,9
TRPIND25080567e9b433,2025-08-05,MP01,repeated,23,207,8,7
TRPVAD2508056f5e8b9d,2025-08-05,GJ02,new,16,146,9,8
TRPJAI25080509ea0af1,2025-08-05,RJ01,new,28,373,9,10
TRPSUR250805311db74d,2025-08-05,GJ01,repeated,8,83,7,7
TRPCOI250805e5ab64d2,2025-08-05,TN01,repeated,13,127,8,9
TRPLUC250805838fb100,2025-08-05,UP01,repeated,8,98,6,5
TRPSUR250805d7b081d7,2025-08-05,GJ01,repeated,12,115,5,7
TRPIND250805ee2c67ba,2025-08-05,MP01,new,20,183,9,9
TRPCHA2508055954d786,2025-08-05,CH01,new,24,242,10,9
TRPIND2508057970d204,2025-08-05,MP01,new,23,207,10,9
TRPLUC2508055b2e8763,2025-08-05,UP01,repeated,7,89,6,8
TRPJAI2508051c4c51e1,2025-08-05,RJ01,new,31,409,8,8
TRPLUC2508052ee362c1,2025-08-05,UP01,repeated,10,116,6,7
TRPLUC2508050819a678,2025-08-05,UP01,repeated,17,179,6,5
TRPVAD2508050e0728d8,2025-08-05,GJ02,new,10,98,8,6
TRPCOI250805fab7aab8,2025-08-05,TN01,repeated,10,103,6,9
TRPVAD25080577ce2d19,2025-08-05,GJ02,repeated,15,138,5,8
TRPJAI25080578cc095b,2025-08-05,RJ01,new,43,553,9,8
TRPLUC2508053fe5e2a8,2025-08-05,UP01,repeated,11,125,6,6
TRPLUC250805af4204b4,2025-08-05,UP01,repeated,5,71,7,5
TRPCHA250805846343b9,2025-08-05,CH01,new,28,278,9,8
TRPJAI250805448f8b5a,2025-08-05,RJ01,new,37,481,8,10
TRPCOI2508056b941374,2025-08-05,TN01,repeated,13,127,6,9
TRPLUC25080595b440b6,2025-08-05,UP01,repeated,15,161,5,5
TRPLUC250805ebacdc54,2025-08-05,UP01,repeated,18,188,7,6
TRPVAD2508052902de9a,2025-08-05,GJ02,repeated,10,98,7,7
TRPSUR250805a4f71528,2025-08-05,GJ01,repeated,8,83,6,5
TRPJAI250805f4554e03,2025-08-05,RJ01,repeated,34,445,9,9
TRPKOC250805f64fcf97,2025-08-05,KL01,new,21,262,8,8
TRPVAD25080560a632ea,2025-08-05,GJ02,repeated,5,58,7,7
TRPSUR25080543650296,2025-08-05,GJ01,repeated,11,107,6,6
TRPSUR2508051c1eea0f,2025-08-05,GJ01,repeated,16,147,6,7
TRPIND250805098a6ea3,2025-08-05,MP01,repeated,18,167,6,7
TRPLUC250805303cac25,2025-08-05,UP01,repeated,18,188,5,8
TRPLUC25080528396a03,2025-08-05,UP01,repeated,12,134,7,6
TRPCOI250805e368dd54,2025-08-05,TN01,repeated,15,143,6,7
TRPCHA250805126c434b,2025-08-05,CH01,repeated,27,269,9,7
TRPLUC250805b66e9b65,2025-08-05,UP01,repeated,13,143,6,7
TRPSUR25080561b6c097,2025-08-05,GJ01,repeated,5,59,5,7
TRPCHA2508054cfdf4df,2025-08-05,CH01,repeated,17,179,8,8
TRPCOI2508056d72c35a,2025-08-05,TN01,repeated,22,199,6,9
TRPIND250805d67118bb,2025-08-05,MP01,repeated,18,167,7,6
TRPLUC250805e541f54a,2025-08-05,UP01,new,10,116,9,6
TRPSUR25080521ffb03c,2025-08-05,GJ01,repeated,13,123,7,6
TRPCHA250805bcbc2275,2025-08-05,CH01,repeated,27,269,6,9
TRPIND250805837c937b,2025-08-05,MP01,new,17,159,9,7
TRPSUR25080563798fb1,2025-08-05,GJ01,repeated,16,147,7,6
TRPLUC2508056a26cc46,2025-08-05,UP01,repeated,20,206,6,8
TRPVIS250805da1e4f9c,2025-08-05,AP01,repeated,26,261,7,9
TRPVIS250805f293ccff,2025-08-05,AP01,repeated,28,279,7,10
TRPMYS25080534e7a681,2025-08-05,KA01,repeated,10,135,8,8
TRPLUC250805fb7f996c,2025-08-05,UP01,repeated,14,152,6,6
TRPJAI250805ea46abd7,2025-08-05,RJ01,new,16,229,10,8
TRPVIS2508056895f200,2025-08-05,AP01,repeated,23,234,9,9
TRPJAI2508057ed59551,2025-08-05,RJ01,repeated,40,517,8,9
TRPLUC250805915e5b72,2025-08-05,UP01,new,19,197,8,6
TRPJAI25080571688712,2025-08-05,RJ01,new,33,433,8,10
TRPKOC250805839f4bae,2025-08-05,KL01,repeated,38,449,7,8
TRPJAI250805e796c70c,2025-08-05,RJ01,repeated,29,385,8,8
TRPLUC250805a4b2c4d9,2025-08-05,UP01,repeated,16,170,6,7
TRPJAI250805aa2dc34e,2025-08-05,RJ01,new,21,289,10,9
TRPVIS2508051dd9376e,2025-08-05,AP01,repeated,35,342,9,10
TRPLUC2508054d77cbf8,2025-08-05,UP01,repeated,13,143,6,7
TRPKOC250805a84ea6db,2025-08-05,KL01,repeated,18,229,8,10
TRPLUC2508055eb936cb,2025-08-05,UP01,repeated,19,197,6,5
TRPVIS250805f9f7b9a6,2025-08-05,AP01,repeated,28,279,7,10
TRPJAI250805e3f465f0,2025-08-05,RJ01,new,34,445,10,9
TRPKOC2508058f37e170,2025-08-05,KL01,new,38,449,9,8
TRPJAI250805062adfcb,2025-08-05,RJ01,repeated,41,529,7,8
TRPLUC250805258d1aa2,2025-08-05,UP01,repeated,19,197,7,8
TRPMYS2508051b9fe1d2,2025-08-05,KA01,new,8,115,8,10
TRPLUC250805bbf53034,2025-08-05,UP01,repeated,17,179,7,8
TRPCHA2508050369e6a2,2025-08-05,CH01,repeated,30,296,9,6
TRPSUR250805edfb41c5,2025-08-05,GJ01,new,10,99,8,6
TRPCHA250805fd65010f,2025-08-05,CH01,new,19,197,8,9
TRPIND2508053adda403,2025-08-05,MP01,repeated,13,127,8,7
TRPKOC2508050a46d8c6,2025-08-05,KL01,repeated,24,295,8,8
TRPIND250805abd6c34e,2025-08-05,MP01,repeated,21,191,7,9
TRPLUC250805788af313,2025-08-05,UP01,repeated,7,89,5,5
TRPLUC250805acade72e,2025-08-05,UP01,new,11,125,7,8
TRPCHA2508050b05b490,2025-08-05,CH01,new,33,323,7,7
TRPSUR25080517639052,2025-08-05,GJ01,repeated,6,67,5,7
TRPVAD250805240bc589,2025-08-05,GJ02,new,11,106,8,8
TRPLUC250805e4fa8de9,2025-08-05,UP01,repeated,17,179,5,6
TRPIND250805c455f8d6,2025-08-05,MP01,repeated,16,151,9,8
TRPSUR25080542e5df81,2025-08-05,GJ01,new,6,67,8,8
TRPLUC250805bbe490bc,2025-08-05,UP01,repeated,13,143,7,6
TRPCHA2508052e8f0227,2025-08-05,CH01,repeated,27,269,8,8
TRPVAD25080532070190,2025-08-05,GJ02,new,13,122,7,6
TRPIND2508059b6f0912,2025-08-05,MP01,new,10,103,8,7
TRPLUC25080584217a55,2025-08-05,UP01,repeated,18,188,6,6
TRPVAD25080572fc12b1,2025-08-05,GJ02,repeated,6,66,7,7
TRPLUC2508055bbb50b0,2025-08-05,UP01,repeated,9,107,6,8
TRPCOI250805243a7630,2025-08-05,TN01,new,8,87,9,9
TRPKOC250805d855394c,2025-08-05,KL01,new,28,339,9,8
TRPSUR25080544c65fae,2025-08-05,GJ01,repeated,16,147,5,7
TRPKOC250805f9fbc7ab,2025-08-05,KL01,repeated,22,273,8,10
TRPIND2508053e2e8b29,2025-08-05,MP01,repeated,22,199,7,8
TRPSUR250805f4ecc19c,2025-08-05,GJ01,repeated,17,155,7,5
TRPJAI250805de6831a1,2025-08-05,RJ01,new,25,337,8,9
TRPJAI250805df62dca6,2025-08-05,RJ01,repeated,40,517,7,8
TRPVAD2508055e05bd55,2025-08-05,GJ02,repeated,18,162,6,7
TRPIND250805b287f2bd,2025-08-05,MP01,new,19,175,10,8
TRPJAI250805e721091f,2025-08-05,RJ01,repeated,32,421,8,10
TRPCHA25080504446767,2025-08-05,CH01,new,27,269,10,7
TRPKOC2508053b8cc62f,2025-08-05,KL01,new,21,262,8,8
TRPVIS2508053e671af1,2025-08-05,AP01,repeated,13,144,7,8
TRPIND2508055928b207,2025-08-05,MP01,repeated,12,119,9,6
TRPVAD250805c37707ca,2025-08-05,GJ02,repeated,6,66,6,6
TRPJAI2508052b8da693,2025-08-05,RJ01,repeated,30,397,9,10
TRPJAI25080555749821,2025-08-05,RJ01,repeated,36,469,8,9
TRPLUC250805e25ea82d,2025-08-05,UP01,repeated,12,134,6,5
TRPLUC2508054ac8537b,2025-08-05,UP01,new,9,107,7,6
TRPSUR25080577b7132f,2025-08-05,GJ01,repeated,14,131,7,8
TRPCHA25080548b3d704,2025-08-05,CH01,new,17,179,9,7
TRPSUR250805bccf3bf6,2025-08-05,GJ01,repeated,16,147,6,5
TRPLUC250805d7a9ea5e,2025-08-05,UP01,repeated,12,134,7,6
TRPSUR25080577a1d38b,2025-08-05,GJ01,repeated,10,99,7,8
TRPCHA250805f481549c,2025-08-05,CH01,new,24,242,8,7
TRPKOC2508058e52a404,2025-08-05,KL01,repeated,16,207,8,8
TRPVAD25080584f8868e,2025-08-05,GJ02,new,12,114,1,3
TRPKOC250805be16afce,2025-08-05,KL01,new,30,361,9,10
TRPCHA250805e7342c69,2025-08-05,CH01,repeated,22,224,6,8
TRPJAI250805c9e45cbd,2025-08-05,RJ01,repeated,23,313,8,8
TRPVIS2508054d1aa156,2025-08-05,AP01,repeated,17,180,7,9
TRPLUC250805c10a7d94,2025-08-05,UP01,repeated,14,152,5,7
TRPSUR250805bd05bb19,2025-08-05,GJ01,repeated,8,83,6,6
TRPLUC2508050b4a4067,2025-08-05,UP01,repeated,13,143,5,5
TRPCHA2508051db39c34,2025-08-05,CH01,repeated,27,269,6,6
TRPVIS25080592ffec1d,2025-08-05,AP01,new,30,297,8,8
TRPMYS2508057444e1dc,2025-08-05,KA01,new,18,215,10,8
TRPLUC2508051461123c,2025-08-05,UP01,repeated,15,161,7,6
TRPLUC250805fcc51c24,2025-08-05,UP01,new,7,89,9,7
TRPSUR25080593f02c79,2025-08-05,GJ01,repeated,17,155,5,8
TRPKOC25080520afe037,2025-08-05,KL01,new,29,350,8,10
TRPCHA2508053a5781fd,2025-08-05,CH01,repeated,14,152,8,8
TRPVIS250805aff1a465,2025-08-05,AP01,new,32,315,9,10
TRPSUR250805f729213c,2025-08-05,GJ01,repeated,6,67,7,8
TRPKOC250805bfeee35d,2025-08-05,KL01,new,26,317,9,10
TRPCHA250805874fcc13,2025-08-05,CH01,repeated,18,188,9,7
TRPKOC2508051a87e27f,2025-08-05,KL01,new,28,339,9,9
TRPKOC25080511d095f9,2025-08-05,KL01,new,15,196,10,8
TRPVAD2508053372fb2c,2025-08-05,GJ02,repeated,9,90,7,5
TRPIND2508057b7f0e98,2025-08-05,MP01,new,17,159,10,7
TRPLUC2508058b051f8d,2025-08-05,UP01,new,9,107,8,8
TRPKOC2508058f30efec,2025-08-05,KL01,new,35,416,10,10
TRPVAD250805033a663b,2025-08-05,GJ02,repeated,16,146,6,7
TRPJAI25080529a1f0b0,2025-08-05,RJ01,repeated,30,397,8,9
TRPLUC2508050886f8f9,2025-08-05,UP01,repeated,10,116,5,5
TRPJAI25080512678c4e,2025-08-05,RJ01,new,20,277,10,9
TRPVIS250805c3a0823e,2025-08-05,AP01,repeated,13,144,8,9
TRPLUC25080551dab88e,2025-08-05,UP01,repeated,20,206,1,3
TRPCOI250805920fef0c,2025-08-05,TN01,repeated,13,127,8,6
TRPJAI250805d134bb53,2025-08-05,RJ01,new,33,433,10,8
TRPCHA2508050cf69e83,2025-08-05,CH01,new,16,170,7,7
TRPLUC250805b7530fa5,2025-08-05,UP01,repeated,13,143,7,7
TRPVIS25080501dc0e32,2025-08-05,AP01,repeated,25,252,8,8
TRPJAI250805f9bbb4b5,2025-08-05,RJ01,repeated,16,229,7,10
TRPJAI2508052aa4e500,2025-08-05,RJ01,repeated,25,337,9,10
TRPCHA25080594bd165b,2025-08-05,CH01,repeated,24,242,6,8
TRPSUR250805f8ae06f1,2025-08-05,GJ01,repeated,9,91,7,5
TRPIND250805d6f3e33d,2025-08-05,MP01,new,10,103,10,7
TRPCHA2508052b98b99e,2025-08-05,CH01,new,20,206,7,7
TRPCHA2508055603c27f,2025-08-05,CH01,repeated,20,206,9,7
TRPLUC250805962a93da,2025-08-05,UP01,repeated,5,71,6,6
TRPCOI250805c0fdf253,2025-08-05,TN01,repeated,8,87,7,7
TRPVIS250805ebc3cf6c,2025-08-05,AP01,repeated,13,144,9,9
TRPJAI250805d4a29712,2025-08-05,RJ01,new,28,373,10,8
TRPLUC250805089d19b0,2025-08-05,UP01,repeated,12,134,7,6
TRPLUC250805aea64600,2025-08-05,UP01,repeated,5,71,5,7
TRPVIS25080544e307a3,2025-08-05,AP01,new,24,243,9,10
TRPVAD2508057d36b03d,2025-08-05,GJ02,new,10,98,8,6
TRPLUC25080556a08333,2025-08-05,UP01,repeated,17,179,5,5
TRPSUR2508051db4f774,2025-08-05,GJ01,repeated,14,131,5,6
TRPVAD250805a7222521,2025-08-05,GJ02,repeated,16,146,5,6
TRPCHA25080531bcee9f,2025-08-05,CH01,new,28,278,10,9
TRPSUR250805d95426d8,2025-08-05,GJ01,repeated,9,91,5,7
TRPKOC250805c47712a2,2025-08-05,KL01,repeated,38,449,8,10
TRPIND25080514706c8d,2025-08-05,MP01,repeated,17,159,8,8
TRPLUC2508051a9a7bd0,2025-08-05,UP01,repeated,13,143,6,8
TRPLUC250805a4657be7,2025-08-05,UP01,repeated,12,134,6,6
TRPLUC2508052e686645,2025-08-05,UP01,new,5,71,8,8
TRPVIS2508051529ccf5,2025-08-05,AP01,repeated,32,315,7,9
TRPLUC250805117e6212,2025-08-05,UP01,repeated,17,179,5,5
TRPSUR250805b756c6ae,2025-08-05,GJ01,repeated,5,59,7,5
TRPVIS25080507be1c73,2025-08-05,AP01,repeated,25,252,9,9
TRPLUC250805e3abe9ac,2025-08-05,UP01,repeated,18,188,7,7
TRPJAI250805cb4c8bce,2025-08-05,RJ01,repeated,39,505,8,8
TRPJAI2508051582c603,2025-08-05,RJ01,new,19,265,9,10
TRPLUC250805755be1ff,2025-08-05,UP01,repeated,15,161,6,8
TRPSUR25080574ee41e2,2025-08-05,GJ01,repeated,5,59,7,5
TRPSUR2508057405ff68,2025-08-05,GJ01,repeated,6,67,6,5
TRPSUR2508053b7b5ba6,2025-08-05,GJ01,repeated,15,139,7,7
TRPJAI2508053be7d06f,2025-08-05,RJ01,repeated,44,565,8,10
TRPJAI2508055afce131,2025-08-05,RJ01,repeated,34,445,7,9
TRPLUC25080532bf62cf,2025-08-05,UP01,repeated,8,98,6,8
TRPLUC2508050d21ae1f,2025-08-05,UP01,new,16,170,7,7
TRPCOI250805b0498956,2025-08-05,TN01,new,19,175,10,8
TRPLUC25080552699d92,2025-08-05,UP01,repeated,12,134,7,8
TRPLUC250805cafbc04e,2025-08-05,UP01,new,5,71,8,7
TRPLUC2508057e177264,2025-08-05,UP01,repeated,10,116,7,5
TRPJAI2508051ea939dc,2025-08-05,RJ01,new,33,433,8,9
TRPMYS2508055b5fd4d9,2025-08-05,KA01,new,13,165,8,8
TRPLUC250805c757f21f,2025-08-05,UP01,repeated,11,125,5,8
TRPCHA250805263c6add,2025-08-05,CH01,new,18,188,9,8
TRPKOC250805b3e91c82,2025-08-05,KL01,new,37,438,8,9
TRPKOC250805ec4310b8,2025-08-05,KL01,repeated,19,240,7,10
TRPLUC2508054f76ccf4,2025-08-05,UP01,new,18,188,9,8
TRPVAD25080578d6705b,2025-08-05,GJ02,repeated,5,58,7,5
TRPJAI25080513daf682,2025-08-05,RJ01,repeated,41,529,9,10
TRPJAI2508053ed0f435,2025-08-05,RJ01,new,27,361,10,8
TRPCHA25080502b63f77,2025-08-05,CH01,repeated,34,332,9,8
TRPIND25080518ae3cb8,2025-08-05,MP01,new,15,143,7,7
TRPJAI25080568ca167b,2025-08-05,RJ01,repeated,38,493,7,10
TRPJAI250805350b793a,2025-08-05,RJ01,new,30,397,8,9
TRPIND25080577dc5990,2025-08-05,MP01,new,24,215,9,9
TRPIND25080563c90a0e,2025-08-05,MP01,repeated,23,207,7,9
TRPIND250805c45e4fe0,2025-08-05,MP01,repeated,23,207,7,6
TRPSUR250805ec1af6d4,2025-08-05,GJ01,repeated,7,75,6,6
TRPJAI25080553459738,2025-08-05,RJ01,new,16,229,9,8
TRPJAI250805181c6be0,2025-08-05,RJ01,new,44,565,9,8
TRPVIS25080594c2bfc6,2025-08-05,AP01,new,21,216,10,8
TRPIND250805b0b79cc2,2025-08-05,MP01,new,13,127,9,9
TRPJAI250805de715789,2025-08-05,RJ01,repeated,16,229,8,9
TRPSUR2508054b41f03f,2025-08-05,GJ01,repeated,7,75,7,8
TRPLUC250805ad09a426,2025-08-05,UP01,new,7,89,7,7
TRPLUC25080582c6d64c,2025-08-05,UP01,new,18,188,9,8
TRPJAI250805a52bd892,2025-08-05,RJ01,repeated,21,289,8,9
TRPSUR2508050fb63ae8,2025-08-05,GJ01,new,13,123,7,6
TRPSUR2508056793e524,2025-08-05,GJ01,repeated,7,75,5,6
TRPVIS2508053db3757e,2025-08-05,AP01,new,17,180,9,10
TRPJAI25080593a9504c,2025-08-05,RJ01,new,18,253,8,8
TRPJAI250805690931fe,2025-08-05,RJ01,repeated,44,565,8,8
TRPSUR250805f58ee101,2025-08-05,GJ01,repeated,7,75,6,8
TRPJAI250805fccee37e,2025-08-05,RJ01,new,28,373,8,10
TRPCHA2508059957f6de,2025-08-05,CH01,new,35,341,1,2
TRPJAI250805b257c135,2025-08-05,RJ01,repeated,37,481,9,8
TRPCHA250805e561f567,2025-08-05,CH01,repeated,33,323,8,6
TRPLUC250805c01c305c,2025-08-05,UP01,repeated,6,80,5,7
TRPCHA250805fd10ec80,2025-08-05,CH01,new,16,170,9,7
TRPSUR2508053933cde1,2025-08-05,GJ01,repeated,7,75,5,7
TRPIND2508053ec5466c,2025-08-05,MP01,new,8,87,9,8
TRPKOC25080526a73dff,2025-08-05,KL01,new,25,306,9,9
TRPSUR250805b9e4479d,2025-08-05,GJ01,repeated,14,131,7,7
TRPJAI25080572016d36,2025-08-05,RJ01,new,24,325,10,8
TRPVAD250805d93a794d,2025-08-05,GJ02,new,7,74,9,7
TRPCHA250805be94809a,2025-08-05,CH01,new,21,215,9,9
TRPJAI2508058bcbaf79,2025-08-05,RJ01,new,41,529,10,8
TRPVAD250805ee2608ea,2025-08-05,GJ02,new,7,74,8,7
TRPCOI25080581aacd56,2025-08-05,TN01,new,20,183,8,9
TRPJAI25080513bbc441,2025-08-05,RJ01,new,43,553,10,8
TRPVAD25080529cf93f8,2025-08-05,GJ02,repeated,7,74,7,5
TRPVAD250805ce7985cd,2025-08-05,GJ02,repeated,10,98,5,7
TRPSUR25080582d121e9,2025-08-05,GJ01,repeated,5,59,5,8
TRPCHA250805ea31e6b7,2025-08-05,CH01,repeated,27,269,6,9
TRPCOI25080537444a60,2025-08-05,TN01,repeated,13,127,6,7
TRPLUC2508057fff8922,2025-08-05,UP01,repeated,11,125,7,5
TRPKOC250805fd6f1924,2025-08-05,KL01,new,11,152,9,9
TRPIND250805a712c124,2025-08-05,MP01,repeated,8,87,7,6
TRPSUR250805da6893e0,2025-08-05,GJ01,repeated,10,99,6,7
TRPCHA2508054b666d78,2025-08-05,CH01,repeated,30,296,8,7
TRPLUC250805f70a6e7f,2025-08-05,UP01,new,5,71,8,7
TRPSUR250805ec285751,2025-08-05,GJ01,repeated,7,75,7,5
TRPCHA250805b9b39881,2025-08-05,CH01,repeated,32,314,8,6
TRPVAD25080591e8a35c,2025-08-05,GJ02,repeated,14,130,7,5
TRPCHA250805ac4df427,2025-08-05,CH01,repeated,32,314,8,6
TRPCOI250805352da644,2025-08-05,TN01,repeated,10,103,6,9
TRPLUC25080536bd331a,2025-08-05,UP01,repeated,18,188,7,6
TRPLUC250805ca3937d9,2025-08-05,UP01,repeated,5,71,5,8
TRPCHA25080597625f50,2025-08-05,CH01,repeated,14,152,6,9
TRPLUC250805834d9f2b,2025-08-05,UP01,repeated,19,197,6,5
TRPVIS25080584040804,2025-08-05,AP01,repeated,13,144,9,9
TRPVIS2508059d057186,2025-08-05,AP01,new,26,261,8,8
TRPCHA25080581dc54b0,2025-08-05,CH01,new,24,242,7,7
TRPJAI2508055ca9e2ad,2025-08-05,RJ01,new,33,433,10,10
TRPVAD2508052cb8fa04,2025-08-05,GJ02,repeated,12,114,5,6
TRPMYS250805cd0604aa,2025-08-05,KA01,new,9,125,8,10
TRPVAD25080543fbeedf,2025-08-05,GJ02,repeated,15,138,5,5
TRPSUR250805ab46e72c,2025-08-05,GJ01,repeated,11,107,6,8
TRPLUC25080503521c72,2025-08-05,UP01,repeated,6,80,6,8
TRPLUC2508056801a0e4,2025-08-05,UP01,repeated,19,197,7,8
TRPLUC250805d18bbf5f,2025-08-05,UP01,repeated,17,179,5,6
TRPSUR250805060ff53b,2025-08-05,GJ01,repeated,11,107,5,7
TRPLUC2508052f4965de,2025-08-05,UP01,repeated,17,179,5,5
TRPSUR2508057ce2c550,2025-08-05,GJ01,new,5,59,9,7
TRPVIS250805ebb7df34,2025-08-05,AP01,new,30,297,10,10
TRPIND2508053c5e22a2,2025-08-05,MP01,new,9,95,8,8
TRPIND250805553c7ba2,2025-08-05,MP01,repeated,23,207,9,9
TRPSUR25080574f116a6,2025-08-05,GJ01,new,7,75,7,6
TRPSUR25080563d7592b,2025-08-05,GJ01,repeated,13,123,5,8
TRPVAD2508056d165948,2025-08-05,GJ02,repeated,6,66,5,6
TRPLUC25080534ff563b,2025-08-05,UP01,repeated,7,89,7,6
TRPSUR25080525563476,2025-08-05,GJ01,repeated,12,115,5,8
TRPJAI250805a95bf54b,2025-08-05,RJ01,new,35,457,9,9
TRPJAI250805bb318427,2025-08-05,RJ01,new,16,229,9,9
TRPLUC250805e70a50e3,2025-08-05,UP01,repeated,10,116,5,6
TRPJAI2508059f366e9c,2025-08-05,RJ01,new,45,577,10,10
TRPCHA2508055b5e81e5,2025-08-05,CH01,repeated,24,242,9,7
TRPKOC25080526c1ea77,2025-08-05,KL01,new,13,174,8,9
TRPJAI25080523fdffbd,2025-08-05,RJ01,new,29,385,8,10
TRPJAI2508057ab8aed5,2025-08-05,RJ01,repeated,41,529,9,9
TRPIND250805499cbe1f,2025-08-05,MP01,new,17,159,7,7
TRPSUR250805437ed6e5,2025-08-05,GJ01,repeated,9,91,7,5
TRPJAI250805139d410a,2025-08-05,RJ01,repeated,21,289,9,9
TRPLUC2508059facafd5,2025-08-05,UP01,repeated,7,89,6,6
TRPLUC2508052b98b88d,2025-08-05,UP01,repeated,18,188,7,7
TRPJAI250805ba578427,2025-08-05,RJ01,new,37,481,8,8
TRPKOC25080567de33af,2025-08-05,KL01,new,21,262,8,8
TRPVIS2508056b814828,2025-08-05,AP01,repeated,17,180,8,9
TRPJAI25080513451d94,2025-08-05,RJ01,new,21,289,10,10
TRPJAI250805792229f8,2025-08-05,RJ01,new,31,409,10,9
TRPSUR25080540bee192,2025-08-05,GJ01,repeated,11,107,7,5
TRPLUC2508059d013c8e,2025-08-05,UP01,new,10,116,7,8
TRPKOC2508053edc79d8,2025-08-05,KL01,new,35,416,9,10
TRPMYS250805bc0a1630,2025-08-05,KA01,new,24,275,10,9
TRPJAI25080530161fb5,2025-08-05,RJ01,repeated,43,553,7,9
TRPIND2508054447f634,2025-08-05,MP01,repeated,24,215,9,6
TRPSUR25080518c2bec8,2025-08-05,GJ01,new,16,147,8,8
TRPIND250805ec549d70,2025-08-05,MP01,repeated,8,87,9,6
TRPJAI25080534c5060b,2025-08-05,RJ01,repeated,29,385,7,9
TRPVIS250805e5284963,2025-08-05,AP01,repeated,35,342,8,10
TRPJAI2508055b18510c,2025-08-05,RJ01,new,38,493,10,8
TRPMYS250805895930e0,2025-08-05,KA01,new,17,205,8,10
TRPMYS2508054f806801,2025-08-05,KA01,new,14,175,9,10
TRPVAD2508055e807c26,2025-08-05,GJ02,repeated,6,66,7,7
TRPLUC25080511abad4a,2025-08-05,UP01,repeated,9,107,6,7
TRPLUC250805d5fbf957,2025-08-05,UP01,repeated,17,179,5,8
TRPSUR250805e503a364,2025-08-05,GJ01,repeated,10,99,6,7
TRPLUC250805e63e0887,2025-08-05,UP01,new,18,188,9,6
TRPLUC250805dca69c87,2025-08-05,UP01,repeated,15,161,6,5
TRPSUR250805a8854b4d,2025-08-05,GJ01,repeated,5,59,7,5
TRPIND250805ac9df4c5,2025-08-05,MP01,new,11,111,8,7
TRPJAI250805e6557388,2025-08-05,RJ01,repeated,17,241,8,10
TRPJAI250805f7d93d40,2025-08-05,RJ01,new,18,253,8,10
TRPSUR250805cea56455,2025-08-05,GJ01,repeated,12,115,6,6
TRPVAD250805682cc82a,2025-08-05,GJ02,repeated,13,122,6,8
TRPKOC250805664ee090,2025-08-05,KL01,new,21,262,9,10
TRPIND2508054a8820bd,2025-08-05,MP01,repeated,24,215,9,8
TRPVIS250805e56a9832,2025-08-05,AP01,new,16,171,10,8
TRPIND250805c8ca7dfc,2025-08-05,MP01,repeated,25,223,9,9
TRPKOC2508055bfa14ed,2025-08-05,KL01,repeated,32,383,9,8
TRPMYS25080527e48e31,2025-08-05,KA01,new,19,225,10,8
TRPJAI2508058f6fcd0d,2025-08-05,RJ01,repeated,39,505,7,9
TRPCOI2508059ee9816f,2025-08-05,TN01,new,14,135,9,7
TRPKOC250805676e8cd3,2025-08-05,KL01,new,22,273,8,10
TRPLUC25080508a88874,2025-08-05,UP01,repeated,16,170,6,8
TRPIND250805a693ae6d,2025-08-05,MP01,repeated,17,159,8,7
TRPJAI250805a33e61c0,2025-08-05,RJ01,new,16,229,8,8
TRPIND2508059322930b,2025-08-05,MP01,repeated,25,223,9,7
TRPJAI250805ef9a1947,2025-08-05,RJ01,new,19,265,8,8
TRPKOC2508052f7808f7,2025-08-05,KL01,repeated,20,251,8,8
TRPJAI2508055a8031b1,2025-08-05,RJ01,repeated,22,301,7,9
TRPVIS25080565dfdc79,2025-08-05,AP01,repeated,17,180,8,8
TRPCHA25080544097120,2025-08-05,CH01,repeated,18,188,9,7
TRPSUR250805294a3c77,2025-08-05,GJ01,repeated,15,139,7,5
TRPJAI25080545d5a0e3,2025-08-05,RJ01,repeated,32,421,9,9
TRPSUR250805d7c602f9,2025-08-05,GJ01,repeated,15,139,7,8
TRPVAD250805242ce8ae,2025-08-05,GJ02,repeated,14,130,7,5
TRPSUR250805178cc14b,2025-08-05,GJ01,repeated,8,83,6,7
TRPCOI25080586a2be29,2025-08-05,TN01,new,19,175,7,8
TRPCOI25080575fc54e6,2025-08-05,TN01,repeated,15,143,7,8
TRPVIS250805ffb76ea5,2025-08-05,AP01,new,23,234,9,9
TRPSUR250805e4758810,2025-08-05,GJ01,new,11,107,9,7
TRPLUC250805a7220cb3,2025-08-05,UP01,repeated,7,89,5,6
TRPIND250805c400c5bb,2025-08-05,MP01,new,11,111,7,9
TRPLUC250805d3a6d769,2025-08-05,UP01,new,16,170,9,7
TRPIND25080579aa84b1,2025-08-05,MP01,repeated,20,183,6,6
TRPKOC2508053072f35d,2025-08-05,KL01,repeated,33,394,9,8
TRPIND250805c7a1c1dc,2025-08-05,MP01,repeated,24,215,7,9
TRPIND250805499ae2bc,2025-08-05,MP01,repeated,23,207,9,9
TRPSUR25080566c0415c,2025-08-05,GJ01,repeated,15,139,6,6
TRPVAD25080599f2bd9e,2025-08-05,GJ02,new,15,138,7,6
TRPVIS250805d04f0c40,2025-08-05,AP01,repeated,26,261,7,8
TRPKOC25080521bb162c,2025-08-05,KL01,repeated,33,394,7,10
TRPCHA250805e408259b,2025-08-05,CH01,repeated,30,296,9,8
TRPJAI25080579af6db0,2025-08-05,RJ01,new,35,457,10,8
TRPSUR250805224640e2,2025-08-05,GJ01,repeated,5,59,7,6
TRPVIS250805f5cf760b,2025-08-05,AP01,repeated,35,342,7,9
TRPSUR2508054490dc34,2025-08-05,GJ01,repeated,12,115,6,6
TRPJAI250805c6b2ad4b,2025-08-05,RJ01,repeated,15,217,9,8
TRPLUC250805220cf676,2025-08-05,UP01,new,15,161,7,8
TRPSUR250805bbb9a3fb,2025-08-05,GJ01,repeated,15,139,7,7
TRPCHA250805dad13018,2025-08-05,CH01,new,22,224,9,7
TRPLUC250805ccb28adb,2025-08-05,UP01,repeated,12,134,6,8
TRPVAD2508054cad2ef5,2025-08-05,GJ02,repeated,6,66,7,8
TRPJAI250805a62d77e0,2025-08-05,RJ01,repeated,42,541,9,10
TRPLUC250805952b6c52,2025-08-05,UP01,repeated,10,116,6,7
TRPCOI250805924ad83f,2025-08-05,TN01,new,13,127,9,9
TRPLUC2508054021f6e2,2025-08-05,UP01,new,19,197,7,7
TRPLUC250805a666d61b,2025-08-05,UP01,repeated,7,89,7,7
TRPVIS250805188fdf32,2025-08-05,AP01,repeated,13,144,9,9
TRPCOI250805b42a0b4b,2025-08-05,TN01,new,16,151,7,7
TRPIND250805ae14a944,2025-08-05,MP01,new,21,191,7,9
TRPMYS2508056e60d66d,2025-08-05,KA01,new,18,215,8,8
TRPVIS250805b7dca05a,2025-08-05,AP01,new,22,225,8,10
TRPLUC25080559f83bfe,2025-08-05,UP01,new,19,197,7,7
TRPIND2508051ec73f63,2025-08-05,MP01,new,9,95,8,9
TRPMYS25080535a8dbcd,2025-08-05,KA01,new,20,235,8,10
TRPLUC250805f89ca7a9,2025-08-05,UP01,repeated,9,107,5,7
TRPJAI2508050e81a83f,2025-08-05,RJ01,new,26,349,8,8
TRPLUC250805f182bf8b,2025-08-05,UP01,repeated,17,179,6,8
TRPJAI2508059032bb42,2025-08-05,RJ01,new,34,445,9,10
TRPIND2508057c505dae,2025-08-05,MP01,new,15,143,8,8
TRPLUC250805261681df,2025-08-05,UP01,repeated,10,116,5,6
TRPLUC2508058a2dc415,2025-08-05,UP01,repeated,10,116,5,6
TRPMYS250805783d1148,2025-08-05,KA01,new,21,245,8,10
TRPCHA250805eb7d4438,2025-08-05,CH01,repeated,18,188,7,6
TRPKOC250805f6dff6cd,2025-08-05,KL01,new,21,262,10,10
TRPVIS2508054b6780ff,2025-08-05,AP01,repeated,21,216,7,8
TRPCHA25080543a1b65c,2025-08-05,CH01,new,26,260,8,8
TRPCOI2508056fb57f9c,2025-08-05,TN01,repeated,13,127,8,6
TRPSUR2508053fcee451,2025-08-05,GJ01,repeated,5,59,6,5
TRPLUC2508051688890e,2025-08-05,UP01,repeated,17,179,5,6
TRPJAI250805b041b55f,2025-08-05,RJ01,repeated,20,277,7,10
TRPLUC250805a9ef5047,2025-08-05,UP01,repeated,8,98,7,6
TRPCOI25080512448c0b,2025-08-05,TN01,new,14,135,9,7
TRPVIS250805fde2ba46,2025-08-05,AP01,repeated,12,135,7,8
TRPCOI250805b137202a,2025-08-05,TN01,repeated,10,103,8,9
TRPCHA2508055df8170a,2025-08-05,CH01,repeated,25,251,8,7
TRPJAI2508050e601870,2025-08-05,RJ01,new,45,577,8,10
TRPCHA25080503257cd6,2025-08-05,CH01,repeated,22,224,6,7
TRPCHA250805fdde248e,2025-08-05,CH01,new,13,143,9,9
TRPKOC25080598307a37,2025-08-05,KL01,new,30,361,8,8
TRPJAI250805b7c4e8b1,2025-08-05,RJ01,repeated,21,289,9,9
TRPVAD25080577bf7254,2025-08-05,GJ02,repeated,15,138,5,7
TRPVAD2508050ad40cff,2025-08-05,GJ02,new,18,162,9,8
TRPVAD2508053dad5980,2025-08-05,GJ02,repeated,18,162,6,5
TRPKOC2508052cffeff7,2025-08-05,KL01,repeated,37,438,7,8
TRPCHA25080553d5147c,2025-08-05,CH01,repeated,29,287,9,6
TRPVAD250805dbbdd049,2025-08-05,GJ02,new,18,162,9,7
TRPVAD250805a17063ba,2025-08-05,GJ02,new,9,90,7,8
TRPVIS250805a46cf469,2025-08-05,AP01,new,30,297,9,8
TRPJAI25080531c79b77,2025-08-05,RJ01,repeated,37,481,7,8
TRPLUC25080531e67e11,2025-08-05,UP01,repeated,9,107,7,7
TRPJAI25080595820a69,2025-08-05,RJ01,new,25,337,8,8
TRPCHA250805a9f0f7ff,2025-08-05,CH01,repeated,26,260,7,9
TRPIND250805adc07b2d,2025-08-05,MP01,repeated,21,191,6,7
TRPLUC250805cdbef3ef,2025-08-05,UP01,repeated,11,125,6,5
TRPJAI250805593792e6,2025-08-05,RJ01,new,40,517,9,8
TRPKOC2508050287f112,2025-08-05,KL01,repeated,18,229,7,8
TRPJAI250805caf1cff8,2025-08-05,RJ01,new,45,577,9,9
TRPSUR2508058c0e1d6f,2025-08-05,GJ01,repeated,13,123,5,5
TRPIND250805279928b6,2025-08-05,MP01,repeated,8,87,9,8
TRPVAD2508053da12eed,2025-08-05,GJ02,repeated,14,130,7,6
TRPVAD25080588ee2a97,2025-08-05,GJ02,repeated,18,162,5,8
TRPJAI250805b4c6ccd3,2025-08-05,RJ01,new,15,217,9,10
TRPCOI250805877afef2,2025-08-05,TN01,new,15,143,9,8
TRPSUR250805e1da80a0,2025-08-05,GJ01,new,9,91,8,7
TRPVIS250805f935827e,2025-08-05,AP01,new,19,198,10,8
TRPCHA25080535f26d46,2025-08-05,CH01,new,26,260,8,9
TRPLUC250805a94438cb,2025-08-05,UP01,repeated,14,152,5,5
TRPMYS250805cdd4800d,2025-08-05,KA01,new,21,245,8,9
TRPVAD250805ba4fa6bf,2025-08-05,GJ02,repeated,14,130,5,8
TRPSUR250805a5075064,2025-08-05,GJ01,repeated,6,67,6,7
TRPSUR250805bedb155f,2025-08-05,GJ01,repeated,8,83,7,7
TRPJAI25080522248360,2025-08-05,RJ01,repeated,24,325,9,8
TRPVIS250805a4030e4b,2025-08-05,AP01,new,35,342,8,10
TRPLUC250805f3e60bbc,2025-08-05,UP01,repeated,12,134,5,6
TRPSUR25080500c57de6,2025-08-05,GJ01,repeated,8,83,6,5
TRPLUC250805b19c0a5e,2025-08-05,UP01,repeated,9,107,5,5
TRPVIS250805d33cc174,2025-08-05,AP01,repeated,32,315,7,9
TRPIND250805774b3e5a,2025-08-05,MP01,repeated,16,151,7,8
TRPVIS2508058513ac74,2025-08-05,AP01,repeated,34,333,8,9
TRPSUR250805c0dc60fb,2025-08-05,GJ01,repeated,12,115,7,5
TRPSUR2508059a00aa18,2025-08-05,GJ01,repeated,6,67,5,7
TRPJAI2508053876d563,2025-08-05,RJ01,repeated,18,253,8,10
TRPMYS250805a9d77430,2025-08-05,KA01,repeated,16,195,8,9
TRPSUR2508054e210afa,2025-08-05,GJ01,repeated,10,99,7,6
TRPCHA250805deff9c31,2025-08-05,CH01,new,22,224,7,8
TRPJAI25080508143c25,2025-08-05,RJ01,repeated,36,469,9,10
TRPJAI250805e9f738af,2025-08-05,RJ01,new,21,289,10,8
TRPVAD250805f5ebac33,2025-08-05,GJ02,repeated,6,66,7,8
TRPLUC250805e83dddde,2025-08-05,UP01,repeated,11,125,7,8
TRPSUR250805f5ef7c92,2025-08-05,GJ01,new,9,91,7,7
TRPKOC25080501589077,2025-08-05,KL01,new,10,141,9,8
TRPJAI250805fc5b3b2a,2025-08-05,RJ01,repeated,29,385,9,8
TRPLUC25080557fd6fa8,2025-08-05,UP01,repeated,20,206,6,5
TRPLUC2508056250f7be,2025-08-05,UP01,repeated,13,143,5,5
TRPJAI250805ae9bb10d,2025-08-05,RJ01,new,32,421,10,8
TRPCHA2508059c05abd8,2025-08-05,CH01,repeated,16,170,9,6
TRPCHA2508056a2e89fa,2025-08-05,CH01,new,23,233,7,9
TRPIND250805ace20858,2025-08-05,MP01,repeated,9,95,7,8
TRPCHA2508052562b469,2025-08-05,CH01,new,20,206,7,8
TRPVIS2508052c70afbd,2025-08-05,AP01,new,23,234,10,10
TRPVAD2508058cb541ca,2025-08-05,GJ02,repeated,14,130,7,6
TRPCHA250805e40897e2,2025-08-05,CH01,repeated,34,332,6,6
TRPSUR250805b2058635,2025-08-05,GJ01,repeated,10,99,7,6
TRPIND250805faf1f2af,2025-08-05,MP01,new,8,87,10,7
TRPVIS2508052f94f431,2025-08-05,AP01,new,31,306,8,10
TRPLUC25080515c3b4fa,2025-08-05,UP01,repeated,6,80,6,6
TRPIND25080560f4caa7,2025-08-05,MP01,repeated,20,183,7,8
TRPVIS250805cee628d2,2025-08-05,AP01,repeated,33,324,9,10
TRPLUC2508055a7d7e4e,2025-08-05,UP01,repeated,19,197,5,5
TRPIND250805984da325,2025-08-05,MP01,repeated,20,183,7,8
TRPKOC25080576c58b7b,2025-08-05,KL01,new,31,372,9,8
TRPJAI2508054c2a9a0e,2025-08-05,RJ01,repeated,41,529,7,9
TRPJAI250805187235b9,2025-08-05,RJ01,new,23,313,10,9
TRPJAI25080562b491e4,2025-08-05,RJ01,new,35,457,10,8
TRPKOC250805a638a900,2025-08-05,KL01,new,32,383,9,9
TRPCHA25080560327d2f,2025-08-05,CH01,new,12,134,10,7
TRPJAI2508058428f2b7,2025-08-05,RJ01,new,26,349,8,9
TRPIND25080539ad511e,2025-08-05,MP01,repeated,10,103,7,7
TRPJAI250805e0cc3d80,2025-08-05,RJ01,new,26,349,10,8
TRPMYS250805039efa0f,2025-08-05,KA01,repeated,9,125,7,8
TRPJAI25080502b8ff3e,2025-08-05,RJ01,repeated,18,253,8,8
TRPKOC250805f41d312c,2025-08-05,KL01,new,11,152,10,10
TRPLUC25080502435cc0,2025-08-05,UP01,repeated,6,80,5,8
TRPJAI25080556405277,2025-08-05,RJ01,new,41,529,8,9
TRPJAI250805a8ebab52,2025-08-05,RJ01,new,22,301,8,10
TRPKOC250805be20eadd,2025-08-05,KL01,repeated,30,361,8,8
TRPVIS2508055544602a,2025-08-05,AP01,new,31,306,10,10
TRPLUC25080553ebc345,2025-08-05,UP01,repeated,7,89,6,5
TRPKOC250805e1302a35,2025-08-05,KL01,new,29,350,10,9
TRPMYS25080554d78b28,2025-08-05,KA01,new,23,265,10,9
TRPIND250805fb0d2e82,2025-08-05,MP01,repeated,12,119,6,9
TRPCOI2508059ca2ac60,2025-08-05,TN01,new,17,159,9,8
TRPCHA25080561087126,2025-08-05,CH01,new,28,278,10,7
TRPKOC2508050f56a759,2025-08-05,KL01,repeated,10,141,7,10
TRPJAI250805e2077373,2025-08-05,RJ01,repeated,17,241,9,9
TRPCHA250805313bfcad,2025-08-05,CH01,new,30,296,8,7
TRPCHA2508051e31f699,2025-08-05,CH01,repeated,16,170,9,9
TRPIND250805967e7e85,2025-08-05,MP01,repeated,25,223,8,9
TRPJAI250805a55e71fa,2025-08-05,RJ01,repeated,40,517,7,9
TRPLUC25080539cd5de1,2025-08-05,UP01,repeated,11,125,5,6
TRPCOI250805e849f048,2025-08-05,TN01,new,21,191,10,9
TRPVAD250805aa8a2031,2025-08-05,GJ02,repeated,7,74,5,7
TRPJAI2508054b10a37f,2025-08-05,RJ01,new,37,481,9,8
TRPJAI250805c32089f7,2025-08-05,RJ01,new,22,301,9,10
TRPSUR2508055234a9e6,2025-08-05,GJ01,repeated,5,59,5,5
TRPLUC25080519e01bf5,2025-08-05,UP01,new,14,152,7,7
TRPVAD250805e03ff956,2025-08-05,GJ02,new,11,106,7,8
TRPCHA2508050ca17994,2025-08-05,CH01,repeated,13,143,6,8
TRPVAD25080561761abc,2025-08-05,GJ02,repeated,5,58,5,8
TRPJAI250805e18b78d4,2025-08-05,RJ01,new,37,481,10,10
TRPCOI2508057dd95d55,2025-08-05,TN01,repeated,20,183,8,8
TRPLUC25080590e20bf2,2025-08-05,UP01,repeated,10,116,6,6
TRPLUC250805c3764425,2025-08-05,UP01,repeated,9,107,7,6
TRPLUC2508053431b7ad,2025-08-05,UP01,new,20,206,9,6
TRPKOC250805347276a1,2025-08-05,KL01,new,13,174,9,10
TRPMYS250805159db856,2025-08-05,KA01,new,17,205,10,8
TRPSUR25080577f3df53,2025-08-05,GJ01,repeated,5,59,7,8
TRPCOI25080570d13c5d,2025-08-05,TN01,new,14,135,10,7
TRPLUC25080517fc9e12,2025-08-05,UP01,new,6,80,8,6
TRPJAI2508053aec4689,2025-08-05,RJ01,new,30,397,8,9
TRPSUR2508058165b95d,2025-08-05,GJ01,new,5,59,9,8
TRPCHA25080529a1715c,2025-08-05,CH01,new,32,314,9,7
TRPLUC250805995fecf7,2025-08-05,UP01,repeated,20,206,5,6
TRPVAD250805192409a8,2025-08-05,GJ02,repeated,12,114,7,7
TRPKOC2508054661fd58,2025-08-05,KL01,new,29,350,10,9
TRPLUC25080564a4143b,2025-08-05,UP01,repeated,19,197,6,6
TRPJAI2508053f416d19,2025-08-05,RJ01,repeated,24,325,7,10
TRPKOC2508059aec6f3c,2025-08-05,KL01,new,19,240,10,9
TRPIND2508053c9c056e,2025-08-05,MP01,repeated,18,167,6,6
TRPCHA2508058a6a42fe,2025-08-05,CH01,repeated,26,260,6,9
TRPVAD250805c099fcb4,2025-08-05,GJ02,new,10,98,7,8
TRPLUC2508052b1d0ac4,2025-08-05,UP01,new,5,71,9,8
TRPSUR250805cf9ca2c0,2025-08-05,GJ01,repeated,10,99,7,7
TRPKOC25080518f514c0,2025-08-05,KL01,repeated,38,449,7,9
TRPJAI2508057fa0cd75,2025-08-05,RJ01,repeated,27,361,7,9
TRPLUC2508058ca078cf,2025-08-05,UP01,repeated,8,98,6,5
TRPIND2508056adc84d9,2025-08-05,MP01,repeated,24,215,6,9
TRPSUR250805332776cf,2025-08-05,GJ01,repeated,17,155,6,7
TRPLUC25080516ce6824,2025-08-05,UP01,repeated,9,107,5,5
TRPSUR250805b5915cfb,2025-08-05,GJ01,repeated,8,83,6,5
TRPIND250805226e3761,2025-08-05,MP01,repeated,13,127,8,9
TRPIND2508053b8c8a90,2025-08-05,MP01,new,11,111,10,7
TRPJAI25080573374a23,2025-08-05,RJ01,repeated,17,241,8,9
TRPLUC250805fd6a0be5,2025-08-05,UP01,new,12,134,7,7
TRPCHA2508053c79a266,2025-08-05,CH01,new,26,260,10,9
TRPJAI25080531a8573d,2025-08-05,RJ01,new,43,553,10,8
TRPKOC2508055377be7f,2025-08-05,KL01,new,31,372,8,10
TRPCHA250805d39d4325,2025-08-05,CH01,repeated,23,233,6,9
TRPLUC250805f4a6e255,2025-08-05,UP01,repeated,18,188,7,6
TRPCHA2508056f83585b,2025-08-05,CH01,repeated,18,188,6,9
TRPCOI250805fe0516db,2025-08-05,TN01,repeated,13,127,7,9
TRPVAD2508052ebae756,2025-08-05,GJ02,repeated,10,98,5,5
TRPCOI2508059b525699,2025-08-05,TN01,repeated,19,175,6,8
TRPVIS250805bedb75b8,2025-08-05,AP01,new,12,135,9,8
TRPLUC2508055a7bb530,2025-08-05,UP01,repeated,6,80,6,5
TRPKOC2508052b97566c,2025-08-05,KL01,new,38,449,10,9
TRPCOI25080512add08a,2025-08-05,TN01,repeated,15,143,8,9
TRPLUC250805759ce5c1,2025-08-05,UP01,repeated,9,107,7,8
TRPKOC25080543881b09,2025-08-05,KL01,new,30,361,10,10
TRPLUC2508056cd41ceb,2025-08-05,UP01,new,8,98,7,6
TRPVAD250805897832c1,2025-08-05,GJ02,repeated,8,82,7,7
TRPJAI2508053468cc2f,2025-08-05,RJ01,repeated,31,409,7,8
TRPKOC2508050e227a3f,2025-08-05,KL01,new,12,163,9,9
TRPCHA2508055789e66a,2025-08-05,CH01,new,19,197,8,9
TRPIND2508059f6bfa98,2025-08-05,MP01,new,8,87,10,9
TRPLUC250805994909c7,2025-08-05,UP01,new,7,89,8,7
TRPSUR2508050abbdc0b,2025-08-05,GJ01,repeated,14,131,6,7
TRPJAI2508053987668a,2025-08-05,RJ01,new,20,277,8,8
TRPCHA25080555208d5f,2025-08-05,CH01,repeated,31,305,8,6
TRPJAI250805e81f2b00,2025-08-05,RJ01,new,28,373,9,10
TRPSUR2508058d50a73c,2025-08-05,GJ01,repeated,14,131,7,6
TRPKOC250805f3262704,2025-08-05,KL01,new,27,328,9,10
TRPCHA25080570bc9124,2025-08-05,CH01,repeated,17,179,8,6
TRPSUR2508058266bdaf,2025-08-05,GJ01,new,13,123,8,7
TRPJAI25080530ed8852,2025-08-05,RJ01,repeated,40,517,9,10
TRPCOI250805081e2a91,2025-08-05,TN01,repeated,13,127,8,6
TRPJAI25080547ab4a39,2025-08-05,RJ01,new,30,397,9,8
TRPCOI250805dd29febc,2025-08-05,TN01,repeated,10,103,9,9
TRPVAD25080508fa382a,2025-08-05,GJ02,repeated,10,98,6,6
TRPJAI250805cfa82de5,2025-08-05,RJ01,repeated,20,277,7,10
TRPSUR2508054416bd41,2025-08-05,GJ01,repeated,14,131,6,7
TRPJAI250805019c5ab3,2025-08-05,RJ01,new,26,349,10,9
TRPSUR250805e90834e5,2025-08-05,GJ01,repeated,8,83,6,7
TRPSUR250805a67cd3bc,2025-08-05,GJ01,repeated,12,115,7,6
TRPLUC250805ce48f7ee,2025-08-05,UP01,repeated,15,161,5,7
TRPIND250805f50aa8b9,2025-08-05,MP01,repeated,13,127,7,9
TRPMYS2508050f5275c0,2025-08-05,KA01,repeated,10,135,9,9
TRPCHA25080575661910,2025-08-05,CH01,new,33,323,8,8
TRPVAD250805a91b70b7,2025-08-05,GJ02,repeated,5,58,6,7
TRPVAD2508054c6423c2,2025-08-05,GJ02,repeated,6,66,6,8
TRPLUC2508056830d2fd,2025-08-05,UP01,new,20,206,7,7
TRPCHA2508055b0e5dde,2025-08-05,CH01,new,14,152,9,9
TRPLUC25080581809ac6,2025-08-05,UP01,repeated,9,107,5,6
TRPCOI2508052db8a551,2025-08-05,TN01,repeated,18,167,9,9
TRPLUC250805b27602e6,2025-08-05,UP01,repeated,13,143,5,7
TRPSUR250805754c8d75,2025-08-05,GJ01,repeated,13,123,7,5
TRPSUR250805352fbef7,2025-08-05,GJ01,repeated,14,131,7,8
TRPLUC250805014dc25a,2025-08-05,UP01,repeated,18,188,5,8
TRPIND250805f0191683,2025-08-05,MP01,repeated,11,111,9,6
TRPSUR2508057bf58270,2025-08-05,GJ01,repeated,10,99,6,8
TRPMYS2508055ac9a21d,2025-08-05,KA01,new,23,265,10,8
TRPVIS250805ccdfba80,2025-08-05,AP01,new,14,153,10,9
TRPSUR2508050a5a5581,2025-08-05,GJ01,new,10,99,7,8
TRPJAI2508054a39e88b,2025-08-05,RJ01,repeated,16,229,9,8
TRPLUC250805ba187260,2025-08-05,UP01,repeated,9,107,6,6
TRPVAD250805cf469ec9,2025-08-05,GJ02,repeated,7,74,7,7
TRPSUR250805426afbbe,2025-08-05,GJ01,repeated,13,123,5,8
TRPLUC25080536545adc,2025-08-05,UP01,repeated,15,161,6,6
TRPLUC25080590b4240a,2025-08-05,UP01,repeated,15,161,6,7
TRPIND250805694f853f,2025-08-05,MP01,repeated,25,223,7,8
TRPSUR25080578edbeb0,2025-08-05,GJ01,repeated,13,123,7,6
TRPLUC250805076e2567,2025-08-05,UP01,repeated,9,107,7,7
TRPKOC25080571941e0a,2025-08-05,KL01,new,34,405,9,10
TRPVAD250805442ac159,2025-08-05,GJ02,new,14,130,8,7
TRPCHA25080539fe3cdd,2025-08-05,CH01,new,18,188,9,7
TRPVAD250805860f78db,2025-08-05,GJ02,new,16,146,8,6
TRPLUC250805c62d7731,2025-08-05,UP01,new,16,170,8,6
TRPSUR250805cc4d9dc0,2025-08-05,GJ01,repeated,5,59,6,7
TRPLUC250805aad8e292,2025-08-05,UP01,repeated,18,188,5,7
TRPJAI25080584c7583b,2025-08-05,RJ01,new,34,445,10,9
TRPMYS250805af9a0dec,2025-08-05,KA01,repeated,11,145,8,8
TRPIND25080557057adb,2025-08-05,MP01,new,13,127,7,9
TRPCOI250805432e6d44,2025-08-05,TN01,new,11,111,10,8
TRPJAI2508058d6d4886,2025-08-05,RJ01,new,29,385,10,10
TRPLUC250805b38a10cb,2025-08-05,UP01,repeated,17,179,6,7
TRPCOI250805d6f80c26,2025-08-05,TN01,new,12,119,10,8
TRPLUC2508054db52704,2025-08-05,UP01,new,11,125,9,6
TRPJAI250805bd8ce46d,2025-08-05,RJ01,new,24,325,8,9
TRPVAD2508058a264491,2025-08-05,GJ02,new,11,106,9,7
TRPCHA250805fe3d947d,2025-08-05,CH01,repeated,25,251,6,8
TRPCOI250805adcdc2d4,2025-08-05,TN01,new,10,103,8,8
TRPVAD25080597987721,2025-08-05,GJ02,repeated,7,74,5,5
TRPVIS250805c9c129ae,2025-08-05,AP01,repeated,13,144,8,10
TRPLUC250805e9473957,2025-08-05,UP01,new,8,98,7,8
TRPSUR250805eba03366,2025-08-05,GJ01,repeated,12,115,7,7
TRPLUC25080584243a03,2025-08-05,UP01,repeated,11,125,5,6
TRPSUR25080557409c24,2025-08-05,GJ01,repeated,5,59,7,8
TRPCHA250805418fc321,2025-08-05,CH01,new,13,143,7,7
TRPLUC2508051aa51d63,2025-08-05,UP01,repeated,18,188,6,8
TRPVIS25080521a78257,2025-08-05,AP01,new,28,279,10,8
TRPVAD250805d027c4eb,2025-08-05,GJ02,repeated,12,114,7,5
TRPSUR250805ef2dd47f,2025-08-05,GJ01,repeated,15,139,5,5
TRPIND2508050f98a95a,2025-08-05,MP01,repeated,18,167,7,7
TRPCOI2508050c4da826,2025-08-05,TN01,repeated,22,199,9,7
TRPIND25080559a967b2,2025-08-05,MP01,new,24,215,7,9
TRPVIS250805c850d7a3,2025-08-05,AP01,repeated,15,162,8,10
TRPJAI25080546f0aaac,2025-08-05,RJ01,new,18,253,9,8
TRPIND250805a1291745,2025-08-05,MP01,repeated,21,191,7,7
TRPLUC250805e616d8fe,2025-08-05,UP01,repeated,11,125,7,5
TRPVIS25080504bdf0ac,2025-08-05,AP01,repeated,15,162,8,8
TRPKOC250805848ca74c,2025-08-05,KL01,repeated,30,361,9,8
TRPJAI2508057765c3d4,2025-08-05,RJ01,new,28,373,10,10
TRPLUC250805031a78b0,2025-08-05,UP01,repeated,10,116,6,8
TRPCOI250805a4f33034,2025-08-05,TN01,new,22,199,7,8
TRPVIS25080587c9026e,2025-08-05,AP01,new,13,144,9,8
TRPLUC2508053a169c3f,2025-08-05,UP01,repeated,17,179,7,7
TRPVIS2508054afb5382,2025-08-05,AP01,new,17,180,10,8
TRPJAI250805a4b4d25b,2025-08-05,RJ01,repeated,20,277,7,8
TRPSUR2508058a5786a2,2025-08-05,GJ01,repeated,8,83,6,6
TRPJAI25080595b798b0,2025-08-05,RJ01,new,40,517,9,8
TRPLUC2508054656ba4f,2025-08-05,UP01,new,8,98,7,6
TRPCHA2508051ee8e52c,2025-08-05,CH01,new,25,251,8,7
TRPLUC25080597e30c0b,2025-08-05,UP01,repeated,15,161,5,6
TRPSUR2508052d04179f,2025-08-05,GJ01,repeated,6,67,7,5
TRPLUC250805a4a8c664,2025-08-05,UP01,repeated,10,116,6,5
TRPKOC250805f46bfe2d,2025-08-05,KL01,new,32,383,10,9
TRPKOC250805913f27e3,2025-08-05,KL01,new,23,284,10,10
TRPJAI250805740a02d6,2025-08-05,RJ01,new,24,325,8,10
TRPVAD250805ca0492d2,2025-08-05,GJ02,new,12,114,9,6
TRPSUR2508054986cc5e,2025-08-05,GJ01,new,15,139,7,8
TRPJAI25080573416159,2025-08-05,RJ01,repeated,42,541,7,10
TRPJAI250805bb5b1c18,2025-08-05,RJ01,new,17,241,9,9
TRPKOC250805bc978899,2025-08-05,KL01,new,17,218,10,9
TRPVIS2508055727f71d,2025-08-05,AP01,repeated,30,297,8,10
TRPSUR250805068bc3b9,2025-08-05,GJ01,repeated,6,67,7,7
TRPCHA2508059901d7a9,2025-08-05,CH01,new,22,224,10,8
TRPCHA2508051f30bb2e,2025-08-05,CH01,new,31,305,10,7
TRPSUR250805bd8686a7,2025-08-05,GJ01,repeated,13,123,7,8
TRPJAI2508051709a65e,2025-08-05,RJ01,new,21,289,8,9
TRPLUC25080553629c1c,2025-08-05,UP01,repeated,11,125,5,7
TRPKOC2508057b142c14,2025-08-05,KL01,repeated,28,339,8,9
TRPLUC25080579bfb1cf,2025-08-05,UP01,repeated,19,197,5,8
TRPIND2508057a0f5827,2025-08-05,MP01,repeated,25,223,7,8
TRPSUR2508054a17c09e,2025-08-05,GJ01,repeated,11,107,7,7
TRPLUC250805a66723b1,2025-08-05,UP01,new,5,71,9,6
TRPLUC250805e0b40c46,2025-08-05,UP01,repeated,11,125,5,6
TRPVIS250805b9a49ffb,2025-08-05,AP01,repeated,20,207,9,9
TRPJAI2508051bda1ed8,2025-08-05,RJ01,repeated,20,277,9,9
TRPIND2508051e591cb8,2025-08-05,MP01,repeated,17,159,9,9
TRPSUR25080573c3657e,2025-08-05,GJ01,repeated,15,139,5,5
TRPVIS2508051feeffd1,2025-08-05,AP01,new,25,252,8,9
TRPLUC2508053dcab368,2025-08-05,UP01,repeated,6,80,7,6
TRPVIS2508057cdf3f08,2025-08-05,AP01,new,13,144,10,8
TRPMYS250805edfd2fe9,2025-08-05,KA01,new,24,275,9,10
TRPLUC25080544b6abf2,2025-08-05,UP01,new,12,134,7,8
TRPJAI25080532f038ee,2025-08-05,RJ01,repeated,37,481,7,9
TRPLUC250805d962ecb5,2025-08-05,UP01,new,20,206,9,6
TRPVIS250805d0690574,2025-08-05,AP01,repeated,35,342,9,10
TRPSUR25080517ede8f4,2025-08-05,GJ01,repeated,6,67,7,6
TRPJAI2508053f33d36f,2025-08-05,RJ01,new,40,517,8,8
TRPJAI25080590c173d3,2025-08-05,RJ01,new,29,385,9,9
TRPJAI250805928c6d88,2025-08-05,RJ01,repeated,33,433,8,10
TRPLUC250805a7ff2b45,2025-08-05,UP01,repeated,16,170,7,7
TRPMYS25080533d30606,2025-08-05,KA01,new,15,185,8,8
TRPJAI25080511988dc9,2025-08-05,RJ01,new,23,313,10,9
TRPVIS250805878be3a5,2025-08-05,AP01,repeated,32,315,7,10
TRPJAI2508059d9b1ad4,2025-08-05,RJ01,repeated,38,493,8,9
TRPSUR250805a2b3b115,2025-08-05,GJ01,repeated,14,131,7,5
TRPKOC2508050f3041f5,2025-08-05,KL01,new,30,361,10,10
TRPSUR250805e0c97f37,2025-08-05,GJ01,repeated,16,147,5,6
TRPLUC250805ef33c66b,2025-08-05,UP01,new,16,170,8,7
TRPJAI250805d53a8c30,2025-08-05,RJ01,repeated,18,253,8,9
TRPSUR250805275e053f,2025-08-05,GJ01,repeated,14,131,6,8
TRPCOI250805ec5a5e7d,2025-08-05,TN01,repeated,22,199,7,9
TRPKOC2508058697af25,2025-08-05,KL01,new,31,372,9,8
TRPIND250805927bca7d,2025-08-05,MP01,new,15,143,7,8
TRPLUC2508056e45d7d1,2025-08-05,UP01,repeated,8,98,6,5
TRPKOC250805e9829b85,2025-08-05,KL01,new,10,141,10,8
TRPVIS250805f035e572,2025-08-05,AP01,repeated,21,216,7,10
TRPKOC2508059eebed3c,2025-08-05,KL01,new,17,218,8,10
TRPLUC250805b79a4d67,2025-08-05,UP01,repeated,14,152,6,8
TRPIND25080535725129,2025-08-05,MP01,repeated,17,159,8,8
TRPSUR2508050245129e,2025-08-05,GJ01,repeated,6,67,6,6
TRPSUR250805f457d0d9,2025-08-05,GJ01,repeated,5,59,5,8
TRPVAD2508053003ee25,2025-08-05,GJ02,repeated,18,162,5,5
TRPKOC250805136ae8c4,2025-08-05,KL01,new,21,262,8,10
TRPLUC25080515e40275,2025-08-05,UP01,repeated,5,71,6,8
TRPVAD2508054a3e700b,2025-08-05,GJ02,repeated,12,114,5,5
TRPVIS2508052d202231,2025-08-05,AP01,repeated,21,216,9,10
TRPLUC2508056bebf5b3,2025-08-05,UP01,repeated,6,80,5,5
TRPCHA250805bc644be1,2025-08-05,CH01,new,27,269,9,7
TRPVAD250805ff5e41a1,2025-08-05,GJ02,new,13,122,9,6
TRPIND2508051d9902a5,2025-08-05,MP01,repeated,23,207,8,7
TRPJAI2508053c2bdc7e,2025-08-05,RJ01,repeated,15,217,7,9
TRPLUC25080578cbac48,2025-08-05,UP01,repeated,12,134,6,7
TRPJAI2508058d7de317,2025-08-05,RJ01,new,37,481,9,10
TRPIND250805fb6f2402,2025-08-05,MP01,repeated,9,95,7,8
TRPVIS250805b15b5ba4,2025-08-05,AP01,repeated,14,153,9,8
TRPJAI250805765ffd06,2025-08-05,RJ01,new,30,397,9,8
TRPLUC25080506126c42,2025-08-05,UP01,repeated,12,134,6,7
TRPKOC250805c9e192eb,2025-08-05,KL01,repeated,32,383,7,9
TRPCOI2508056df12e31,2025-08-05,TN01,new,12,119,8,7
TRPLUC2508055f217899,2025-08-05,UP01,repeated,17,179,5,5
TRPSUR250805f75ecf2f,2025-08-05,GJ01,new,5,59,8,7
TRPKOC25080559475d14,2025-08-05,KL01,new,21,262,10,8
TRPLUC25080506fbef8f,2025-08-05,UP01,repeated,8,98,5,5
TRPLUC2508051805d24f,2025-08-05,UP01,repeated,11,125,7,7
TRPVAD25080517d3fcb2,2025-08-05,GJ02,repeated,17,154,7,7
TRPVIS25080597b06542,2025-08-05,AP01,repeated,13,144,7,8
TRPJAI2508058a7e3071,2025-08-05,RJ01,repeated,38,493,7,9
TRPVIS25080538d70e84,2025-08-05,AP01,repeated,28,279,8,9
TRPVAD2508054e9373dd,2025-08-05,GJ02,new,13,122,8,6
TRPLUC250805ea9469b0,2025-08-05,UP01,repeated,8,98,5,6
TRPSUR25080518628a0d,2025-08-05,GJ01,repeated,11,107,6,5
TRPCOI25080537c82df6,2025-08-05,TN01,new,10,103,9,9
TRPCHA2508055572d644,2025-08-05,CH01,new,24,242,7,9
TRPLUC250805f31e85e3,2025-08-05,UP01,repeated,14,152,7,6
TRPVIS2508057633ebed,2025-08-05,AP01,new,12,135,9,10
TRPIND2508050b71671c,2025-08-05,MP01,new,20,183,10,8
TRPLUC2508055d6d941d,2025-08-05,UP01,repeated,19,197,5,6
TRPLUC2508057d0d2f49,2025-08-05,UP01,repeated,15,161,6,6
TRPSUR2508054e16dd48,2025-08-05,GJ01,repeated,13,123,7,7
TRPMYS250805b3b1ea12,2025-08-05,KA01,new,24,275,9,8
TRPJAI250805bc27dd72,2025-08-05,RJ01,new,24,325,10,8
TRPVIS2508051d378eaf,2025-08-05,AP01,repeated,27,270,7,10
TRPLUC25080570dd95f2,2025-08-05,UP01,repeated,9,107,7,7
TRPLUC25080587a82167,2025-08-05,UP01,repeated,17,179,7,7
TRPSUR250805cc532110,2025-08-05,GJ01,repeated,9,91,7,7
TRPJAI250805cb3ce6ef,2025-08-05,RJ01,repeated,16,229,8,8
TRPSUR25080572f6fa81,2025-08-05,GJ01,repeated,15,139,6,6
TRPSUR250805980b147a,2025-08-05,GJ01,repeated,13,123,7,7
TRPKOC250805397afab1,2025-08-05,KL01,repeated,11,152,9,8
TRPCHA2508056a3380f8,2025-08-05,CH01,repeated,32,314,8,7
TRPLUC250805583744aa,2025-08-05,UP01,new,16,170,9,8
TRPVIS250805f9b98d6d,2025-08-05,AP01,repeated,34,333,9,8
TRPLUC250805d66a4425,2025-08-05,UP01,repeated,17,179,6,7
TRPSUR25080505a622b6,2025-08-05,GJ01,repeated,13,123,5,6
TRPSUR250805598f97e5,2025-08-05,GJ01,repeated,15,139,7,5
TRPJAI250805d4b37f0d,2025-08-05,RJ01,new,21,289,10,8
TRPLUC25080526de873b,2025-08-05,UP01,repeated,5,71,6,7
TRPLUC25080592ecaf8a,2025-08-05,UP01,repeated,7,89,6,7
TRPJAI2508058b5da9a1,2025-08-05,RJ01,new,43,553,8,8
TRPVAD2508059fdf22df,2025-08-05,GJ02,new,16,146,8,7
TRPMYS250805e01b6124,2025-08-05,KA01,new,14,175,10,9
TRPIND2508050b0e560a,2025-08-05,MP01,repeated,11,111,9,9
TRPMYS25080513ec2e65,2025-08-05,KA01,new,10,135,10,8
TRPLUC2508056c5ce618,2025-08-05,UP01,repeated,7,89,5,7
TRPVIS2508052cd8c6e0,2025-08-05,AP01,new,32,315,9,9
TRPLUC250805faf4f1b8,2025-08-05,UP01,repeated,13,143,5,5
TRPLUC250805e6664c68,2025-08-05,UP01,new,18,188,7,8
TRPLUC2508055a601fae,2025-08-05,UP01,repeated,14,152,7,7
TRPSUR250805094c0b78,2025-08-05,GJ01,new,10,99,9,8
TRPCHA250805941cc9ba,2025-08-05,CH01,new,12,134,9,7
TRPJAI2508051312aa6a,2025-08-05,RJ01,repeated,22,301,7,10
TRPJAI250805dd0443f0,2025-08-05,RJ01,new,18,253,10,10
TRPLUC250805123c1783,2025-08-05,UP01,repeated,10,116,7,7
TRPIND250805b87afda7,2025-08-05,MP01,repeated,10,103,9,9
TRPSUR25080505c234f7,2025-08-05,GJ01,repeated,6,67,7,8
TRPLUC250805471c870e,2025-08-05,UP01,new,11,125,8,7
TRPLUC250805413e7393,2025-08-05,UP01,repeated,20,206,7,5
TRPMYS250805d24c0faa,2025-08-05,KA01,new,15,185,9,10
TRPLUC250805136e3a36,2025-08-05,UP01,repeated,15,161,7,8
TRPJAI250805787ad862,2025-08-05,RJ01,new,44,565,9,9
TRPVAD250805b0381365,2025-08-05,GJ02,repeated,13,122,6,7
TRPMYS250805bb446de7,2025-08-05,KA01,new,22,255,9,9
TRPLUC250805f7a252de,2025-08-05,UP01,repeated,7,89,6,5
TRPVAD2508058c8071c2,2025-08-05,GJ02,repeated,8,82,6,7
TRPVAD250805385f392b,2025-08-05,GJ02,repeated,8,82,5,8
TRPJAI250805565e8fa5,2025-08-05,RJ01,new,44,565,9,9
TRPJAI250805bb848cef,2025-08-05,RJ01,new,26,349,10,8
TRPCHA250805ae4eeb46,2025-08-05,CH01,new,18,188,7,9
TRPSUR2508051ed09626,2025-08-05,GJ01,repeated,6,67,6,7
TRPJAI2508051e06005c,2025-08-05,RJ01,repeated,23,313,9,9
TRPJAI25080525d0227a,2025-08-05,RJ01,new,25,337,9,8
TRPJAI25080526b72fc7,2025-08-05,RJ01,new,28,373,10,10
TRPJAI250805cd9c682e,2025-08-05,RJ01,repeated,19,265,9,8
TRPVIS25080507f7c648,2025-08-05,AP01,repeated,31,306,9,10
TRPLUC250805c98689cb,2025-08-05,UP01,repeated,14,152,7,8
TRPJAI2508056caa38ce,2025-08-05,RJ01,repeated,33,433,7,9
TRPKOC25080570ed73e5,2025-08-05,KL01,repeated,14,185,8,8
TRPKOC2508056dd532d4,2025-08-05,KL01,new,37,438,8,8
TRPLUC250805e2368539,2025-08-05,UP01,repeated,8,98,5,7
TRPLUC250805721f6fdb,2025-08-05,UP01,repeated,11,125,7,7
TRPVIS250805389dcdf3,2025-08-05,AP01,repeated,30,297,8,8
TRPCHA250805c972f7f4,2025-08-05,CH01,repeated,31,305,6,6
TRPSUR2508057ab44899,2025-08-05,GJ01,repeated,8,83,6,8
TRPLUC2508058fc0e9fe,2025-08-05,UP01,repeated,5,71,5,6
TRPVIS25080562b6a813,2025-08-05,AP01,repeated,11,126,9,10
TRPJAI250805e8307b25,2025-08-05,RJ01,new,27,361,10,9
TRPKOC25080528fdc36f,2025-08-05,KL01,new,35,416,8,9
TRPJAI2508055b74a8bc,2025-08-05,RJ01,new,28,373,10,10
TRPSUR2508059f79251a,2025-08-05,GJ01,repeated,13,123,5,6
TRPJAI250805f0576173,2025-08-05,RJ01,new,43,553,8,10
TRPKOC25080579f101e1,2025-08-05,KL01,new,15,196,8,9
TRPVIS250805ca3af563,2025-08-05,AP01,new,26,261,8,10
TRPIND25080531ebb605,2025-08-05,MP01,repeated,16,151,7,7
TRPJAI250805315b12f9,2025-08-05,RJ01,repeated,31,409,7,9
TRPKOC25080514840ab1,2025-08-05,KL01,repeated,18,229,9,10
TRPVIS25080520397393,2025-08-05,AP01,repeated,29,288,7,9
TRPKOC2508054aa5ab79,2025-08-05,KL01,repeated,16,207,9,9
TRPSUR250805e873ad56,2025-08-05,GJ01,new,16,147,8,8
TRPVAD250805dc7e25da,2025-08-05,GJ02,new,8,82,9,6
TRPLUC250805ed79ae71,2025-08-05,UP01,new,9,107,8,8
TRPSUR2508050b9bb46e,2025-08-05,GJ01,repeated,13,123,7,7
TRPCOI250805559622ec,2025-08-05,TN01,repeated,16,151,6,7
TRPVAD250805ea1669e7,2025-08-05,GJ02,repeated,16,146,5,8
TRPVAD250805fdfee84b,2025-08-05,GJ02,new,18,162,8,8
TRPIND2508056fb2475a,2025-08-05,MP01,repeated,13,127,7,8
TRPCHA25080555370d33,2025-08-05,CH01,repeated,17,179,9,7
TRPVIS250805a93bacc3,2025-08-05,AP01,new,26,261,9,9
TRPSUR2508057316de67,2025-08-05,GJ01,repeated,5,59,5,5
TRPLUC250805d00f1673,2025-08-05,UP01,repeated,7,89,7,6
TRPIND2508050a467e44,2025-08-05,MP01,repeated,24,215,8,6
TRPLUC2508050a4caf95,2025-08-05,UP01,repeated,15,161,7,5
TRPLUC2508058f36ad67,2025-08-05,UP01,new,12,134,8,7
TRPLUC25080572756dc1,2025-08-05,UP01,repeated,10,116,6,5
TRPJAI2508056c921d68,2025-08-05,RJ01,repeated,27,361,9,10
TRPLUC250805bae3f155,2025-08-05,UP01,new,8,98,9,7
TRPLUC25080560dd8d6e,2025-08-05,UP01,repeated,6,80,7,8
TRPCOI250805c61927bd,2025-08-05,TN01,repeated,14,135,8,7
TRPVIS250805f6000c93,2025-08-05,AP01,repeated,33,324,9,9
TRPJAI250805a22962e8,2025-08-05,RJ01,new,32,421,8,9
TRPVAD250805f75f99e3,2025-08-05,GJ02,repeated,10,98,7,8
TRPVAD250805014276f3,2025-08-05,GJ02,repeated,15,138,5,8
TRPKOC25080575b9dd31,2025-08-05,KL01,repeated,18,229,9,8
TRPKOC2508051e691c26,2025-08-05,KL01,repeated,25,306,8,10
TRPVAD250805f23e369b,2025-08-05,GJ02,new,17,154,9,8
TRPLUC2508059c7ad6d6,2025-08-05,UP01,repeated,15,161,6,8
TRPVAD2508057bb24e72,2025-08-05,GJ02,repeated,16,146,5,6
TRPSUR250805852733a3,2025-08-05,GJ01,repeated,15,139,5,7
TRPJAI250805f6b2966e,2025-08-05,RJ01,new,39,505,10,10
TRPCHA250805ded86756,2025-08-05,CH01,repeated,22,224,6,7
TRPVIS2508057a6aa30b,2025-08-05,AP01,new,16,171,9,8
TRPSUR250805ed0e4617,2025-08-05,GJ01,repeated,16,147,5,6
TRPIND250805b8869e80,2025-08-05,MP01,repeated,13,127,6,9
TRPJAI25080508cbda48,2025-08-05,RJ01,repeated,36,469,8,9
TRPJAI25080580a25413,2025-08-05,RJ01,new,18,253,9,9
TRPLUC250805c9b6f42e,2025-08-05,UP01,repeated,17,179,6,6
TRPIND250805cab8a2c0,2025-08-05,MP01,repeated,13,127,9,6
TRPIND2508051435766c,2025-08-05,MP01,repeated,24,215,9,8
TRPLUC250805301f613e,2025-08-05,UP01,new,14,152,8,8
TRPLUC2508050d5d7651,2025-08-05,UP01,repeated,10,116,7,8
TRPLUC25080556ffef3b,2025-08-05,UP01,repeated,16,170,5,5
TRPLUC2508055be23e39,2025-08-05,UP01,repeated,20,206,7,8
TRPMYS250805b7d3144d,2025-08-05,KA01,repeated,18,215,9,9
TRPLUC250805f9df7141,2025-08-05,UP01,repeated,15,161,5,7
TRPCHA250805676328a5,2025-08-05,CH01,repeated,31,305,6,9
TRPKOC250805d9cc85eb,2025-08-05,KL01,new,34,405,10,10
TRPVAD250805613bdd96,2025-08-05,GJ02,new,13,122,9,7
TRPCHA2508059bd167f3,2025-08-05,CH01,new,16,170,10,9
TRPLUC2508058cd2c4f6,2025-08-05,UP01,repeated,8,98,7,6
TRPLUC250805d95adf00,2025-08-05,UP01,repeated,12,134,7,7
TRPKOC250805761bd780,2025-08-05,KL01,repeated,22,273,8,8
TRPJAI25080571796081,2025-08-05,RJ01,new,28,373,8,8
TRPIND25080559f49eea,2025-08-05,MP01,repeated,18,167,9,6
TRPJAI250805ed55fd49,2025-08-05,RJ01,repeated,43,553,7,10
TRPKOC250805768bb406,2025-08-05,KL01,repeated,29,350,9,8
TRPJAI2508051ed41c3f,2025-08-05,RJ01,repeated,31,409,9,8
TRPJAI250805bfac9129,2025-08-05,RJ01,repeated,35,457,8,8
TRPLUC250805df7488a2,2025-08-05,UP01,new,5,71,7,6
TRPLUC250805ae49160f,2025-08-05,UP01,repeated,7,89,5,6
TRPJAI25080545993f76,2025-08-05,RJ01,new,34,445,10,8
TRPKOC25080550aad85e,2025-08-05,KL01,repeated,38,449,7,8
TRPSUR250805e81e4fd3,2025-08-05,GJ01,repeated,17,155,7,8
TRPVIS25080500d52a36,2025-08-05,AP01,new,30,297,9,10
TRPJAI2508057d5f6d7d,2025-08-05,RJ01,repeated,31,409,9,9
TRPVIS25080553022b0d,2025-08-05,AP01,repeated,14,153,7,8
TRPCHA2508052ace3253,2025-08-05,CH01,repeated,28,278,9,6
TRPCOI250805accf5a3c,2025-08-05,TN01,repeated,16,151,6,9
TRPIND2508058fb649cc,2025-08-05,MP01,repeated,22,199,9,7
TRPJAI25080571d8813d,2025-08-05,RJ01,new,28,373,9,9
TRPVAD250805e1c4f83d,2025-08-05,GJ02,repeated,16,146,5,5
TRPVAD25080514bcd45a,2025-08-05,GJ02,new,6,66,7,7
TRPIND2508051aef1a39,2025-08-05,MP01,new,21,191,7,9
TRPVAD250805a745f70e,2025-08-05,GJ02,new,13,122,8,7
TRPCOI25080547d55a5b,2025-08-05,TN01,new,15,143,9,8
TRPSUR2508053b6875b6,2025-08-05,GJ01,repeated,13,123,7,5
TRPSUR2508055c2ff081,2025-08-05,GJ01,repeated,16,147,5,7
TRPSUR2508053bfca1ea,2025-08-05,GJ01,repeated,14,131,7,6
TRPVIS250805c8281836,2025-08-05,AP01,new,18,189,9,8
TRPLUC250805e3cfb377,2025-08-05,UP01,repeated,14,152,5,5
TRPKOC25080575a841db,2025-08-05,KL01,repeated,16,207,8,9
TRPCOI250805965af1a4,2025-08-05,TN01,repeated,12,119,6,7
TRPVIS2508059a42d1ac,2025-08-05,AP01,repeated,25,252,8,9
TRPJAI250805313abaa2,2025-08-05,RJ01,repeated,36,469,8,10
TRPVAD2508056897a1d1,2025-08-05,GJ02,new,11,106,7,8
TRPIND250805995023de,2025-08-05,MP01,repeated,22,199,6,8
TRPJAI250805e9328282,2025-08-05,RJ01,repeated,31,409,7,9
TRPLUC2508054ba1e543,2025-08-05,UP01,repeated,20,206,6,7
TRPJAI250805b65fb4c1,2025-08-05,RJ01,repeated,36,469,8,10
TRPCHA250805972f20e2,2025-08-05,CH01,new,28,278,7,7
TRPKOC25080548cdc593,2025-08-05,KL01,new,32,383,10,10
TRPCOI250805535537bb,2025-08-05,TN01,repeated,14,135,6,6
TRPVIS250805fcd36f77,2025-08-05,AP01,new,20,207,9,9
TRPLUC25080539d61ad2,2025-08-05,UP01,repeated,12,134,6,6
TRPJAI25080501650ac7,2025-08-05,RJ01,new,33,433,9,9
TRPKOC250805bf975a8d,2025-08-05,KL01,repeated,29,350,7,10
TRPCHA2508053201098c,2025-08-05,CH01,repeated,21,215,6,6
TRPKOC250805ebf596ed,2025-08-05,KL01,new,17,218,10,10
TRPLUC25080529348aed,2025-08-05,UP01,repeated,7,89,6,6
TRPSUR2508051c20b940,2025-08-05,GJ01,new,9,91,7,7
TRPCOI2508059c6b057e,2025-08-05,TN01,repeated,12,119,6,7
TRPCOI250805d6aa877b,2025-08-05,TN01,repeated,11,111,9,9
TRPLUC2508058f310665,2025-08-05,UP01,repeated,8,98,6,7
TRPJAI250805e87524b0,2025-08-05,RJ01,new,27,361,8,10
TRPLUC25080594203aa6,2025-08-05,UP01,new,20,206,7,6
TRPLUC2508057eb8208d,2025-08-05,UP01,repeated,10,116,7,7
TRPLUC25080548fe760f,2025-08-05,UP01,repeated,17,179,7,6
TRPIND250805225dddc8,2025-08-05,MP01,repeated,10,103,8,6
TRPLUC25080573d1fae4,2025-08-05,UP01,repeated,6,80,5,7
TRPKOC25080573a5522a,2025-08-05,KL01,new,30,361,8,10
TRPVAD2508058810e0c2,2025-08-05,GJ02,new,5,58,8,6
TRPCHA25080506f1549f,2025-08-05,CH01,repeated,17,179,9,6
TRPJAI250805db19489b,2025-08-05,RJ01,new,17,241,10,10
TRPVAD2508059aa8746f,2025-08-05,GJ02,repeated,10,98,5,6
TRPIND250805031bcf55,2025-08-05,MP01,repeated,24,215,7,8
TRPCOI2508051a8ecfba,2025-08-05,TN01,repeated,15,143,7,8
TRPLUC25080528ad47d2,2025-08-05,UP01,repeated,12,134,7,6
TRPVAD25080542fa9cd3,2025-08-05,GJ02,repeated,7,74,6,7
TRPLUC250805248ca288,2025-08-05,UP01,repeated,11,125,7,6
TRPJAI2508050539bb91,2025-08-05,RJ01,repeated,43,553,8,9
TRPIND250805d694dfe5,2025-08-05,MP01,repeated,21,191,6,7
TRPVAD2508058fb37024,2025-08-05,GJ02,repeated,18,162,7,6
TRPLUC250805cc5e2619,2025-08-05,UP01,new,17,179,9,8
TRPSUR250805d2ab1a90,2025-08-05,GJ01,repeated,11,107,7,5
TRPJAI2508053f01ba20,2025-08-05,RJ01,repeated,41,529,7,10
TRPJAI25080561c626a2,2025-08-05,RJ01,repeated,37,481,8,8
TRPMYS2508056a5ad5bd,2025-08-05,KA01,new,11,145,10,8
TRPSUR250805cc86a37e,2025-08-05,GJ01,repeated,7,75,7,7
TRPKOC250805786e5c72,2025-08-05,KL01,repeated,25,306,7,9
TRPSUR250805a82a991b,2025-08-05,GJ01,repeated,6,67,7,7
TRPLUC250805b8e0b893,2025-08-05,UP01,repeated,16,170,5,8
TRPCHA250805b095f10b,2025-08-05,CH01,repeated,13,143,6,9
TRPLUC250805de6d8656,2025-08-05,UP01,repeated,19,197,5,5
TRPJAI2508056da19ca0,2025-08-05,RJ01,repeated,25,337,7,10
TRPCHA250805d3d52922,2025-08-05,CH01,new,25,251,8,9
TRPLUC250805f247bc0b,2025-08-05,UP01,repeated,15,161,5,6
TRPLUC2508050d4ead08,2025-08-05,UP01,new,10,116,8,7
TRPJAI250805468a61e5,2025-08-05,RJ01,new,43,553,9,9
TRPJAI250805f9ee5a23,2025-08-05,RJ01,repeated,31,409,9,9
TRPCOI25080500fad24c,2025-08-05,TN01,repeated,18,167,8,9
TRPJAI250805475d9d5e,2025-08-05,RJ01,new,22,301,8,9
TRPCOI250805778ff4cf,2025-08-05,TN01,repeated,15,143,7,9
TRPKOC25080501fb9493,2025-08-05,KL01,new,23,284,10,10
TRPIND2508054c8ac59e,2025-08-05,MP01,repeated,23,207,8,9
TRPSUR250805f04592ef,2025-08-05,GJ01,repeated,16,147,5,6
TRPSUR25080531e8ccb8,2025-08-05,GJ01,repeated,10,99,5,5
TRPLUC250805c285c52f,2025-08-05,UP01,new,10,116,9,8
TRPCOI250805bed17620,2025-08-05,TN01,repeated,8,87,6,7
TRPLUC2508055f48b79a,2025-08-05,UP01,repeated,15,161,7,8
TRPKOC2508051039ea07,2025-08-05,KL01,new,37,438,10,10
TRPIND250805ee04c7f5,2025-08-05,MP01,repeated,22,199,7,8
TRPKOC25080553306e84,2025-08-05,KL01,new,10,141,10,9
TRPKOC250805db88d2ee,2025-08-05,KL01,new,27,328,9,8
TRPCHA250805eb22c36a,2025-08-05,CH01,repeated,33,323,7,9
TRPVAD250805f926c341,2025-08-05,GJ02,repeated,11,106,6,5
TRPJAI250805324104de,2025-08-05,RJ01,repeated,20,277,8,10
TRPJAI2508052fdd1b6a,2025-08-05,RJ01,repeated,34,445,8,8
TRPVIS2508054196b11e,2025-08-05,AP01,repeated,14,153,7,8
TRPLUC250805693b3d82,2025-08-05,UP01,new,10,116,8,6
TRPVIS25080565abe33d,2025-08-05,AP01,repeated,25,252,9,9
TRPLUC2508059e589fab,2025-08-05,UP01,new,19,197,9,8
TRPCOI250805c4005048,2025-08-05,TN01,repeated,8,87,6,6
TRPKOC2508054284fa9e,2025-08-05,KL01,new,23,284,8,9
TRPKOC250805eda88a89,2025-08-05,KL01,repeated,16,207,9,9
TRPCOI2508050a5ba432,2025-08-05,TN01,repeated,17,159,9,7
TRPCHA2508059f7b4722,2025-08-05,CH01,repeated,28,278,6,6
TRPCOI250805612a4397,2025-08-05,TN01,new,9,95,9,9
TRPIND250805e4e918c0,2025-08-05,MP01,repeated,23,207,7,9
TRPKOC2508050892dce9,2025-08-05,KL01,new,18,229,9,9
TRPLUC250805541fc4c9,2025-08-05,UP01,repeated,20,206,6,6
TRPCOI25080561bbc764,2025-08-05,TN01,repeated,8,87,8,7
TRPCHA2508052afe6ce5,2025-08-05,CH01,new,35,341,8,8
TRPCHA2508059623643b,2025-08-05,CH01,repeated,20,206,6,6
TRPKOC25080586ea992b,2025-08-05,KL01,new,11,152,8,9
TRPLUC250805cfa594f4,2025-08-05,UP01,repeated,17,179,5,7
TRPCHA250805d62445d9,2025-08-05,CH01,repeated,15,161,8,6
TRPLUC2508053ac46940,2025-08-05,UP01,repeated,17,179,7,8
TRPKOC250805f573e3dc,2025-08-05,KL01,new,17,218,9,10
TRPVIS2508050639bdc6,2025-08-05,AP01,repeated,15,162,8,8
TRPVIS2508050be45a7b,2025-08-05,AP01,repeated,27,270,8,8
TRPKOC2508055dee1d0d,2025-08-05,KL01,new,27,328,9,10
TRPLUC250805172e73c4,2025-08-05,UP01,repeated,8,98,7,5
TRPSUR2508058081b4ba,2025-08-05,GJ01,repeated,16,147,7,6
TRPJAI250805e331a903,2025-08-05,RJ01,repeated,34,445,7,10
TRPSUR250805d9014be9,2025-08-05,GJ01,repeated,15,139,6,8
TRPVAD250805093b24a2,2025-08-05,GJ02,repeated,16,146,5,7
TRPCHA2508055cf6eb83,2025-08-05,CH01,repeated,28,278,7,9
TRPJAI250805be361c5f,2025-08-05,RJ01,repeated,38,493,7,10
TRPMYS25080517044bf8,2025-08-05,KA01,repeated,11,145,7,10
TRPSUR250805b597e699,2025-08-05,GJ01,repeated,14,131,6,5
TRPLUC250805bdefd774,2025-08-05,UP01,new,16,170,9,6
TRPVAD2508059b05c67e,2025-08-05,GJ02,repeated,5,58,7,5
TRPJAI2508050c86a888,2025-08-05,RJ01,new,21,289,10,9
TRPLUC250805b451c76c,2025-08-05,UP01,new,18,188,7,6
TRPLUC250805b7866dce,2025-08-05,UP01,new,12,134,7,6
TRPVIS25080504c894a2,2025-08-05,AP01,new,29,288,9,10
TRPVIS250805a6f2bf3a,2025-08-05,AP01,repeated,12,135,7,8
TRPCOI250805e5e9adc1,2025-08-05,TN01,repeated,20,183,8,7
TRPVIS2508056caa87f5,2025-08-05,AP01,new,30,297,8,10
TRPCHA2508057648fa4a,2025-08-05,CH01,new,20,206,8,8
TRPJAI250805ee9a163a,2025-08-05,RJ01,repeated,45,577,8,8
TRPJAI250805fdeea1ca,2025-08-05,RJ01,repeated,22,301,9,8
TRPMYS2508052e88eb21,2025-08-05,KA01,new,9,125,8,8
TRPJAI250805abe7160a,2025-08-05,RJ01,repeated,23,313,9,8
TRPLUC25080507bee00f,2025-08-05,UP01,new,6,80,7,6
TRPJAI25080505ba36c3,2025-08-05,RJ01,new,16,229,8,9
TRPJAI25080515a383f7,2025-08-05,RJ01,new,45,577,8,10
TRPKOC250805baeae754,2025-08-05,KL01,new,11,152,10,9
TRPMYS2508051be90cca,2025-08-05,KA01,new,16,195,8,10
TRPJAI250805b7b55c97,2025-08-05,RJ01,repeated,28,373,8,9
TRPSUR2508058a1fcae4,2025-08-05,GJ01,repeated,13,123,6,7
TRPJAI2508054239748d,2025-08-05,RJ01,new,18,253,9,8
TRPSUR250805b07b3e18,2025-08-05,GJ01,repeated,9,91,7,5
TRPIND250805139ce3bb,2025-08-05,MP01,repeated,9,95,6,9
TRPCHA2508052be26400,2025-08-05,CH01,new,21,215,7,8
TRPIND250805e8cb57d0,2025-08-05,MP01,repeated,23,207,9,7
TRPSUR250805658a39d4,2025-08-05,GJ01,repeated,9,91,7,7
TRPLUC250805a79129da,2025-08-05,UP01,repeated,8,98,6,7
TRPVAD250805df8ab0ff,2025-08-05,GJ02,repeated,5,58,5,5
TRPJAI25080553e302f8,2025-08-05,RJ01,new,27,361,9,10
TRPJAI2508052fe8e471,2025-08-05,RJ01,new,34,445,9,8
TRPSUR250805a9f8cea2,2025-08-05,GJ01,repeated,9,91,7,8
TRPJAI2508059bd2d66d,2025-08-05,RJ01,new,45,577,9,9
TRPIND250805adcb2cd1,2025-08-05,MP01,new,15,143,8,9
TRPLUC250805376fabab,2025-08-05,UP01,repeated,16,170,5,7
TRPLUC250805f139e1bd,2025-08-05,UP01,repeated,9,107,6,7
TRPLUC250805470782f4,2025-08-05,UP01,repeated,9,107,7,7
TRPVIS250805a137e5d5,2025-08-05,AP01,repeated,14,153,7,8
TRPLUC2508054368c39a,2025-08-05,UP01,new,9,107,8,8
TRPCHA2508053ecbb135,2025-08-05,CH01,new,18,188,9,9
TRPIND250805e94d390b,2025-08-05,MP01,repeated,13,127,6,9
TRPCHA25080529fd5e42,2025-08-05,CH01,repeated,30,296,6,8
TRPLUC25080571ae2419,2025-08-05,UP01,new,13,143,8,8
TRPJAI250805ec2b06ba,2025-08-05,RJ01,new,16,229,9,9
TRPJAI250805e2b3d748,2025-08-05,RJ01,new,43,553,9,8
TRPCHA25080566b7f32d,2025-08-05,CH01,repeated,27,269,6,7
TRPCHA2508055554dd65,2025-08-05,CH01,repeated,24,242,7,7
TRPKOC250805260ab354,2025-08-05,KL01,new,26,317,10,10
TRPLUC25080531b8f16b,2025-08-05,UP01,new,16,170,7,6
TRPJAI250805720b5183,2025-08-05,RJ01,new,28,373,8,9
TRPSUR2508057631d0f4,2025-08-05,GJ01,repeated,15,139,6,5
TRPJAI250805f4660d34,2025-08-05,RJ01,repeated,42,541,8,10
TRPVIS250805a65317d8,2025-08-05,AP01,repeated,15,162,7,8
TRPIND250805251621fe,2025-08-05,MP01,repeated,24,215,7,6
TRPSUR250805e61430b5,2025-08-05,GJ01,repeated,15,139,6,6
TRPVAD250805a17bc90a,2025-08-05,GJ02,repeated,18,162,6,7
TRPSUR2508058d99cb95,2025-08-05,GJ01,repeated,9,91,5,5
TRPJAI250805f0dbcac0,2025-08-05,RJ01,new,38,493,8,9
TRPCHA25080574c278f1,2025-08-05,CH01,new,29,287,9,8
TRPKOC2508052e937ac5,2025-08-05,KL01,repeated,33,394,8,9
TRPJAI2508056d4da2ad,2025-08-05,RJ01,new,33,433,9,10
TRPCOI250805045f6511,2025-08-05,TN01,repeated,8,87,9,6
TRPLUC2508059d41f30f,2025-08-05,UP01,new,12,134,7,7
TRPCOI250805d0f928e5,2025-08-05,TN01,repeated,12,119,8,6
TRPJAI2508052e3cd9c8,2025-08-05,RJ01,new,26,349,8,10
TRPCHA25080536737348,2025-08-05,CH01,new,30,296,9,9
TRPSUR2508055d9ce024,2025-08-05,GJ01,new,9,91,7,8
TRPCOI250805b881b567,2025-08-05,TN01,repeated,17,159,7,6
TRPMYS250805641f5725,2025-08-05,KA01,new,24,275,8,9
TRPSUR250805d7c95312,2025-08-05,GJ01,repeated,5,59,6,7
TRPKOC250805022c0f51,2025-08-05,KL01,new,21,262,9,9
TRPVIS2508059348da48,2025-08-05,AP01,repeated,29,288,7,8
TRPJAI250805574082fe,2025-08-05,RJ01,new,34,445,8,9
TRPJAI250805bf0674c9,2025-08-05,RJ01,new,28,373,10,10
TRPJAI250805ec43582a,2025-08-05,RJ01,new,26,349,10,8
TRPSUR250805b335c614,2025-08-05,GJ01,repeated,17,155,6,7
TRPSUR2508056c06b4a8,2025-08-05,GJ01,repeated,7,75,7,8
TRPSUR250805bf2ced58,2025-08-05,GJ01,repeated,9,91,6,5
TRPJAI25080573a28810,2025-08-05,RJ01,repeated,39,505,8,10
TRPLUC25080569113b8f,2025-08-05,UP01,repeated,18,188,7,5
TRPIND250805f91e5620,2025-08-05,MP01,repeated,23,207,7,9
TRPSUR2508059341eee6,2025-08-05,GJ01,repeated,15,139,7,6
TRPVAD2508055255d1d2,2025-08-05,GJ02,repeated,11,106,7,8
TRPSUR25080515169685,2025-08-05,GJ01,repeated,8,83,6,8
TRPLUC250805865c6454,2025-08-05,UP01,repeated,11,125,6,7
TRPMYS2508058331be56,2025-08-05,KA01,new,21,245,9,9
TRPCOI250805ec18cb3d,2025-08-05,TN01,repeated,11,111,7,8
TRPLUC25080539eeac6f,2025-08-05,UP01,new,7,89,8,6
TRPCHA2508056478795e,2025-08-05,CH01,new,34,332,10,7
TRPIND25080520af6ad8,2025-08-05,MP01,repeated,21,191,7,8
TRPCOI2508055084db7d,2025-08-05,TN01,repeated,9,95,6,7
TRPCHA250805d80af98a,2025-08-05,CH01,new,21,215,9,8
TRPJAI2508055382eaa3,2025-08-05,RJ01,repeated,43,553,8,10
TRPVAD250805ab5f066a,2025-08-05,GJ02,new,18,162,8,7
TRPKOC250805eac8771a,2025-08-05,KL01,new,33,394,10,8
TRPKOC25080578919326,2025-08-05,KL01,repeated,33,394,9,9
TRPMYS25080558dd5312,2025-08-05,KA01,repeated,12,155,7,10
TRPKOC25080519797b57,2025-08-05,KL01,new,29,350,10,8
TRPVIS2508053dedf99f,2025-08-05,AP01,repeated,12,135,7,10
TRPSUR25080514e88f3d,2025-08-05,GJ01,repeated,15,139,6,6
TRPKOC250805c5564e47,2025-08-05,KL01,new,11,152,9,10
TRPJAI25080530025955,2025-08-05,RJ01,new,19,265,10,9
TRPJAI250805d766832d,2025-08-05,RJ01,repeated,28,373,9,9
TRPKOC250805fdd262ad,2025-08-05,KL01,new,24,295,8,9
TRPSUR2508053706a1cc,2025-08-05,GJ01,new,12,115,9,6
TRPCHA2508053f26f1c1,2025-08-05,CH01,new,29,287,8,7
TRPLUC250805879b4254,2025-08-05,UP01,repeated,8,98,6,6
TRPSUR2508050790755b,2025-08-05,GJ01,repeated,5,59,7,8
TRPVIS250805334adc29,2025-08-05,AP01,new,35,342,8,8
TRPKOC25080527f3e0ab,2025-08-05,KL01,repeated,21,262,8,10
TRPIND250805049f497a,2025-08-05,MP01,repeated,24,215,7,7
TRPCHA250805a03ec7ee,2025-08-05,CH01,repeated,27,269,7,6
TRPVAD2508052b915cdb,2025-08-05,GJ02,repeated,9,90,7,8
TRPVAD250805d3420027,2025-08-05,GJ02,repeated,12,114,5,6
TRPJAI25080546d54b65,2025-08-05,RJ01,new,36,469,8,8
TRPLUC250805dde6b90d,2025-08-05,UP01,repeated,15,161,6,6
TRPVAD25080548a4e8fc,2025-08-05,GJ02,repeated,13,122,5,6
TRPCHA2508055977fc97,2025-08-05,CH01,new,27,269,7,8
TRPLUC250805749b75f3,2025-08-05,UP01,repeated,10,116,6,8
TRPCHA2508053a75a47d,2025-08-05,CH01,new,12,134,8,9
TRPLUC2508057d73c146,2025-08-05,UP01,repeated,8,98,7,5
TRPLUC250805034cc923,2025-08-05,UP01,repeated,13,143,7,7
TRPVIS250805cd4b83ab,2025-08-05,AP01,new,10,117,10,9
TRPVIS250805def1e641,2025-08-05,AP01,repeated,23,234,7,9
TRPLUC250805f8efd735,2025-08-05,UP01,new,15,161,7,8
TRPJAI25080514f04771,2025-08-05,RJ01,repeated,22,301,9,8
TRPJAI250805d775721f,2025-08-05,RJ01,repeated,18,253,7,9
TRPLUC250805fdf2553b,2025-08-05,UP01,new,17,179,9,6
TRPJAI2508057fe2a9b2,2025-08-05,RJ01,repeated,28,373,7,9
TRPJAI250805257145f1,2025-08-05,RJ01,new,40,517,9,8
TRPJAI250805b6afe187,2025-08-05,RJ01,new,31,409,9,8
TRPLUC250805027abd0c,2025-08-05,UP01,repeated,15,161,5,5
TRPLUC250805e64c4f29,2025-08-05,UP01,repeated,14,152,6,6
TRPLUC2508057e4dfc41,2025-08-05,UP01,repeated,19,197,5,7
TRPVIS2508059226ac69,2025-08-05,AP01,new,22,225,10,10
TRPVAD250805778ebbcb,2025-08-05,GJ02,new,12,114,7,7
TRPKOC2508050495fa25,2025-08-05,KL01,new,19,240,10,9
TRPJAI25080547063b30,2025-08-05,RJ01,new,43,553,9,9
TRPJAI25080536dfaddd,2025-08-05,RJ01,repeated,31,409,8,9
TRPSUR250805da433cea,2025-08-05,GJ01,repeated,9,91,7,7
TRPKOC250805002aae8b,2025-08-05,KL01,new,22,273,10,10
TRPSUR250805b56cf305,2025-08-05,GJ01,repeated,17,155,7,7
TRPLUC25080578dc90f2,2025-08-05,UP01,repeated,19,197,7,6
TRPIND25080549d3a4aa,2025-08-05,MP01,repeated,14,135,9,7
TRPLUC2508051bc8e78b,2025-08-05,UP01,repeated,20,206,5,8
TRPKOC2508056e865619,2025-08-05,KL01,repeated,29,350,8,10
TRPIND2508055c4c025b,2025-08-05,MP01,repeated,8,87,7,6
TRPJAI25080573a1d241,2025-08-05,RJ01,new,22,301,8,10
TRPSUR25080516fd87ce,2025-08-05,GJ01,new,17,155,8,7
TRPSUR2508059323bc62,2025-08-05,GJ01,new,14,131,7,8
TRPJAI250805e48757f7,2025-08-05,RJ01,repeated,27,361,7,10
TRPCHA2508058bc57d71,2025-08-05,CH01,new,18,188,9,9
TRPCOI250805ff5b2455,2025-08-05,TN01,repeated,20,183,8,9
TRPSUR2508058fdcc844,2025-08-05,GJ01,new,7,75,7,8
TRPJAI25080566fbae9c,2025-08-05,RJ01,repeated,26,349,7,9
TRPKOC25080506cdfb94,2025-08-05,KL01,repeated,24,295,9,9
TRPKOC25080545570844,2025-08-05,KL01,new,32,383,10,8
TRPCOI250805c237f0da,2025-08-05,TN01,repeated,8,87,6,6
TRPIND2508058abb6588,2025-08-05,MP01,new,9,95,9,8
TRPVAD25080529662228,2025-08-05,GJ02,repeated,18,162,7,6
TRPVIS250805ed1f02ac,2025-08-05,AP01,repeated,20,207,8,9
TRPCHA25080535a2703b,2025-08-05,CH01,repeated,15,161,7,7
TRPSUR2508054b071add,2025-08-05,GJ01,new,14,131,8,7
TRPLUC2508057f4ea18a,2025-08-05,UP01,repeated,8,98,5,8
TRPJAI250805ff67f228,2025-08-05,RJ01,repeated,21,289,9,10
TRPJAI250805fb8168f9,2025-08-05,RJ01,new,28,373,8,9
TRPJAI2508058a13644e,2025-08-05,RJ01,repeated,25,337,9,9
TRPIND250805f82cfb57,2025-08-05,MP01,repeated,8,87,9,7
TRPLUC250805bcb2f304,2025-08-05,UP01,repeated,18,188,6,7
TRPSUR25080566a4e183,2025-08-05,GJ01,repeated,10,99,5,6
TRPKOC250805c7d4ccac,2025-08-05,KL01,repeated,30,361,8,8
TRPVIS250805a2892bea,2025-08-05,AP01,new,23,234,10,10
TRPVAD2508054f06961a,2025-08-05,GJ02,repeated,18,162,5,6
TRPCHA2508051b44158f,2025-08-05,CH01,repeated,21,215,6,9
TRPSUR250805dcdca2c3,2025-08-05,GJ01,repeated,17,155,6,8
TRPSUR25080575b2ed57,2025-08-05,GJ01,new,9,91,9,6
TRPIND250805ce160a0a,2025-08-05,MP01,repeated,10,103,7,9
TRPVIS250805ef263feb,2025-08-05,AP01,repeated,24,243,9,8
TRPIND2508057a3eebe0,2025-08-05,MP01,repeated,18,167,8,7
TRPSUR25080557bf7c64,2025-08-05,GJ01,repeated,13,123,6,8
TRPVIS250805a1dd2deb,2025-08-05,AP01,new,23,234,10,9
TRPIND250805a547cd20,2025-08-05,MP01,repeated,10,103,9,6
TRPSUR250805814ace99,2025-08-05,GJ01,repeated,16,147,7,6
TRPCOI250805c18bfb61,2025-08-05,TN01,repeated,9,95,6,7
TRPSUR250805c4b6ab76,2025-08-05,GJ01,repeated,6,67,7,7
TRPCHA2508053e0c7675,2025-08-05,CH01,repeated,25,251,6,9
TRPMYS250805cf204257,2025-08-05,KA01,repeated,19,225,7,10
TRPVIS2508057f4a4ea0,2025-08-05,AP01,repeated,34,333,9,10
TRPVIS25080519d2b57a,2025-08-05,AP01,repeated,31,306,9,9
TRPLUC250805f7e67ccb,2025-08-05,UP01,repeated,17,179,6,7
TRPVIS25080542ec6d2b,2025-08-05,AP01,new,22,225,8,10
TRPJAI250805b4c8c738,2025-08-05,RJ01,new,20,277,10,8
TRPVIS25080552e7419c,2025-08-05,AP01,repeated,17,180,9,9
TRPLUC25080576277662,2025-08-05,UP01,repeated,13,143,5,6
TRPCHA250805823a4f4e,2025-08-05,CH01,new,34,332,7,8
TRPJAI250805cfd39b17,2025-08-05,RJ01,repeated,40,517,8,9
TRPVIS250805101bcf69,2025-08-05,AP01,new,25,252,9,8
TRPJAI25080501e4aa15,2025-08-05,RJ01,new,41,529,8,10
TRPKOC25080548fb8204,2025-08-05,KL01,new,12,163,10,9
TRPLUC250805c80b60b3,2025-08-05,UP01,repeated,5,71,5,7
TRPLUC25080545b7e309,2025-08-05,UP01,repeated,12,134,5,8
TRPCHA2508052a19e690,2025-08-05,CH01,new,23,233,10,7
TRPLUC25080522110eb6,2025-08-05,UP01,repeated,15,161,5,8
TRPJAI250805087c7107,2025-08-05,RJ01,new,38,493,9,8
TRPJAI25080593840cac,2025-08-05,RJ01,repeated,45,577,7,8
TRPJAI250805aa6be151,2025-08-05,RJ01,new,30,397,10,8
TRPVAD2508056bae2ca3,2025-08-05,GJ02,repeated,6,66,7,8
TRPJAI250805f1c62b7c,2025-08-05,RJ01,new,40,517,9,9
TRPJAI25080526a211c1,2025-08-05,RJ01,repeated,35,457,7,9
TRPJAI2508050860b320,2025-08-05,RJ01,new,32,421,10,8
TRPIND250805ae448933,2025-08-05,MP01,new,20,183,8,7
TRPVAD250805b3c4ce85,2025-08-05,GJ02,repeated,9,90,6,8
TRPCHA2508057285110d,2025-08-05,CH01,repeated,22,224,8,9
TRPKOC250805aa0ba476,2025-08-05,KL01,new,21,262,8,9
TRPKOC250805eab644d2,2025-08-05,KL01,new,36,427,8,10
TRPIND2508057dd05d3f,2025-08-05,MP01,repeated,16,151,6,6
TRPLUC250805ffbadae9,2025-08-05,UP01,repeated,13,143,5,7
TRPLUC250805e3c778ac,2025-08-05,UP01,repeated,7,89,5,5
TRPSUR250805772a9ad2,2025-08-05,GJ01,repeated,11,107,7,5
TRPIND2508052f3a69ef,2025-08-05,MP01,repeated,11,111,7,7
TRPKOC250805fd6f0257,2025-08-05,KL01,new,37,438,10,8
TRPJAI250805436754c7,2025-08-05,RJ01,repeated,16,229,8,9
TRPJAI25080523088142,2025-08-05,RJ01,repeated,28,373,8,10
TRPSUR250805ee1c4962,2025-08-05,GJ01,new,13,123,8,6
TRPIND250805f70205dd,2025-08-05,MP01,repeated,12,119,6,6
TRPIND2508055230e99a,2025-08-05,MP01,repeated,10,103,8,6
TRPVIS25080518205b78,2025-08-05,AP01,new,20,207,10,8
TRPSUR25080564b0b8c8,2025-08-05,GJ01,repeated,14,131,7,8
TRPMYS2508052fcc731d,2025-08-05,KA01,new,11,145,10,9
TRPSUR250805569b74ee,2025-08-05,GJ01,repeated,6,67,6,8
TRPCOI2508052c7fce3b,2025-08-05,TN01,new,10,103,9,8
TRPCHA250805a4ace414,2025-08-05,CH01,new,23,233,10,9
TRPSUR250805b53ec9fc,2025-08-05,GJ01,repeated,8,83,6,6
TRPVAD250805afa75ad9,2025-08-05,GJ02,new,8,82,8,8
TRPSUR250805ddf0d965,2025-08-05,GJ01,repeated,16,147,7,7
TRPIND250805e90343fd,2025-08-05,MP01,new,20,183,10,7
TRPCOI250805cc60c849,2025-08-05,TN01,repeated,16,151,7,7
TRPSUR2508056be50748,2025-08-05,GJ01,repeated,6,67,5,8
TRPVIS2508051d755293,2025-08-05,AP01,new,33,324,8,8
TRPCHA250805b0298ce6,2025-08-05,CH01,repeated,30,296,8,7
TRPCOI250805c4a558d9,2025-08-05,TN01,repeated,22,199,9,6
TRPSUR250805d3827ae4,2025-08-05,GJ01,repeated,8,83,6,5
TRPSUR2508058866e31a,2025-08-05,GJ01,new,7,75,8,6
TRPKOC250805e81f8d8e,2025-08-05,KL01,new,15,196,8,9
TRPJAI250805f977bb6c,2025-08-05,RJ01,new,29,385,8,8
TRPVAD25080592050de9,2025-08-05,GJ02,repeated,9,90,7,5
TRPVAD2508058bf5b69d,2025-08-05,GJ02,repeated,9,90,7,7
TRPSUR250805db7d6da1,2025-08-05,GJ01,repeated,5,59,6,7
TRPLUC25080582b061aa,2025-08-05,UP01,repeated,19,197,6,6
TRPLUC250805a6ef5d31,2025-08-05,UP01,repeated,5,71,5,7
TRPKOC250805a6589270,2025-08-05,KL01,repeated,10,141,8,8
TRPSUR2508053980b765,2025-08-05,GJ01,new,15,139,9,7
TRPSUR25080501b92efe,2025-08-05,GJ01,repeated,7,75,5,5
TRPCOI2508055d1d702e,2025-08-05,TN01,repeated,17,159,6,9
TRPIND250805f3024aca,2025-08-05,MP01,repeated,18,167,8,7
TRPJAI250805858f1445,2025-08-05,RJ01,new,29,385,9,10
TRPCHA2508059f1504e0,2025-08-05,CH01,new,15,161,8,8
TRPSUR250805a0016923,2025-08-05,GJ01,repeated,9,91,5,6
TRPLUC250805a78ae630,2025-08-05,UP01,repeated,16,170,5,6
TRPMYS250805bde34aa1,2025-08-05,KA01,new,11,145,9,8
TRPJAI250805e85e31a9,2025-08-05,RJ01,new,21,289,9,9
TRPLUC250805c0da7da3,2025-08-05,UP01,repeated,10,116,6,5
TRPLUC250805874e2276,2025-08-05,UP01,repeated,10,116,7,6
TRPJAI250805d6beac5f,2025-08-05,RJ01,repeated,39,505,7,9
TRPIND25080543b0ee33,2025-08-05,MP01,repeated,22,199,7,6
TRPSUR250805ecf8abee,2025-08-05,GJ01,repeated,11,107,6,8
TRPJAI2508057b60598b,2025-08-05,RJ01,repeated,16,229,8,9
TRPJAI250805c98d83e9,2025-08-05,RJ01,new,41,529,9,10
TRPVAD2508051db33fa6,2025-08-05,GJ02,repeated,6,66,7,8
TRPLUC25080578c9dac8,2025-08-05,UP01,repeated,10,116,6,5
TRPJAI2508059caaf3ea,2025-08-05,RJ01,repeated,45,577,7,9
TRPJAI2508051d7bff69,2025-08-05,RJ01,new,21,289,8,9
TRPKOC25080528c42062,2025-08-05,KL01,repeated,36,427,8,10
TRPJAI25080585ff69c0,2025-08-05,RJ01,repeated,24,325,9,8
TRPJAI2508054325e587,2025-08-05,RJ01,repeated,16,229,8,9
TRPKOC2508050bdb0798,2025-08-05,KL01,new,38,449,9,9
TRPIND2508050635f19b,2025-08-05,MP01,new,23,207,10,7
TRPIND2508053f8d6e57,2025-08-05,MP01,new,11,111,8,7
TRPJAI2508053227115e,2025-08-05,RJ01,repeated,40,517,9,9
TRPSUR250805a6dede92,2025-08-05,GJ01,repeated,12,115,6,8
TRPLUC2508053bb9e81d,2025-08-05,UP01,new,12,134,9,8
TRPSUR2508050790d16d,2025-08-05,GJ01,repeated,7,75,5,7
TRPVAD250805a59c8693,2025-08-05,GJ02,new,10,98,8,6
TRPLUC250805ccd028e3,2025-08-05,UP01,repeated,6,80,5,6
TRPLUC2508053dcaab31,2025-08-05,UP01,new,6,80,9,7
TRPIND2508053316b597,2025-08-05,MP01,new,23,207,7,9
TRPJAI250805fcaac495,2025-08-05,RJ01,repeated,31,409,8,8
TRPKOC250805f0d838c0,2025-08-05,KL01,new,25,306,8,8
TRPVAD250805b6764e95,2025-08-05,GJ02,new,17,154,9,8
TRPKOC250805c7e8553a,2025-08-05,KL01,new,32,383,9,10
TRPVIS250805699d87cd,2025-08-05,AP01,repeated,27,270,9,10
TRPSUR250805dc48806f,2025-08-05,GJ01,repeated,13,123,5,5
TRPCHA25080556306e15,2025-08-05,CH01,new,34,332,10,8
TRPCHA2508055fe25d2d,2025-08-05,CH01,new,33,323,9,7
TRPLUC250805ba4817e2,2025-08-05,UP01,new,15,161,8,7
TRPKOC250805c8bff01f,2025-08-05,KL01,new,30,361,8,10
TRPLUC2508055369c9f4,2025-08-05,UP01,repeated,17,179,5,5
TRPIND2508051c9a3cec,2025-08-05,MP01,new,23,207,10,9
TRPJAI2508056c4f6405,2025-08-05,RJ01,new,17,241,9,9
TRPSUR250805a2af72c4,2025-08-05,GJ01,repeated,7,75,7,5
TRPLUC25080536b53c8d,2025-08-05,UP01,repeated,13,143,6,8
TRPLUC250805d9176157,2025-08-05,UP01,repeated,11,125,7,8
TRPVAD2508051a983fc2,2025-08-05,GJ02,new,9,90,7,7
TRPVIS25080551231ae6,2025-08-05,AP01,repeated,30,297,9,8
TRPJAI250805e79f31d4,2025-08-05,RJ01,new,27,361,10,10
TRPVIS250805734d21e5,2025-08-05,AP01,repeated,20,207,9,10
TRPKOC250805a9b71ee6,2025-08-05,KL01,new,21,262,10,8
TRPCHA25080502f8d2e0,2025-08-05,CH01,new,29,287,7,8
TRPJAI250805a136f4e1,2025-08-05,RJ01,repeated,41,529,8,10
TRPCOI250805bc9478e6,2025-08-05,TN01,repeated,16,151,9,8
TRPLUC25080562c17a45,2025-08-05,UP01,repeated,9,107,6,6
TRPIND25080535804c4c,2025-08-05,MP01,repeated,11,111,7,7
TRPJAI2508056f4424ee,2025-08-05,RJ01,new,20,277,8,8
TRPKOC250805de169dc0,2025-08-05,KL01,new,18,229,10,9
TRPIND2508057d892492,2025-08-05,MP01,repeated,25,223,8,8
TRPVIS2508052be2e5af,2025-08-05,AP01,new,20,207,9,9
TRPJAI250805721b381d,2025-08-05,RJ01,new,30,397,8,10
TRPLUC250805b7f7da45,2025-08-05,UP01,repeated,17,179,6,8
TRPJAI250805d62a9e7c,2025-08-05,RJ01,new,16,229,9,9
TRPKOC2508059138157d,2025-08-05,KL01,new,21,262,10,9
TRPJAI250805ceff7c7b,2025-08-05,RJ01,new,41,529,8,9
TRPSUR2508054e49c7e0,2025-08-05,GJ01,repeated,8,83,6,6
TRPIND25080566a3f882,2025-08-05,MP01,new,18,167,8,8
TRPSUR2508055b6fe60a,2025-08-05,GJ01,repeated,12,115,6,8
TRPSUR2508050b1b445b,2025-08-05,GJ01,repeated,7,75,6,8
TRPCHA250805c6208491,2025-08-05,CH01,new,34,332,10,7
TRPJAI25080572da57ba,2025-08-05,RJ01,new,15,217,8,8
TRPJAI2508057886ffac,2025-08-05,RJ01,repeated,16,229,7,8
TRPVIS25080508a07ba5,2025-08-05,AP01,repeated,31,306,9,9
TRPSUR250805db78ca80,2025-08-05,GJ01,repeated,5,59,5,6
TRPJAI250805696407bc,2025-08-05,RJ01,repeated,39,505,9,8
TRPVIS250805816d5d6f,2025-08-05,AP01,new,11,126,10,9
TRPKOC25080529c1e53e,2025-08-05,KL01,new,16,207,9,9
TRPCHA250805dae2abea,2025-08-05,CH01,new,20,206,8,7
TRPVIS2508051248a893,2025-08-05,AP01,new,12,135,10,8
TRPCHA250805b83630a2,2025-08-05,CH01,repeated,30,296,9,8
TRPVAD250805880cd537,2025-08-05,GJ02,repeated,8,82,5,6
TRPVIS250805e1220936,2025-08-05,AP01,repeated,17,180,8,10
TRPJAI25080552c58e15,2025-08-05,RJ01,new,22,301,10,10
TRPKOC25080558b760c0,2025-08-05,KL01,new,34,405,9,10
TRPIND250805deb6ccc9,2025-08-05,MP01,repeated,9,95,6,6
TRPKOC250805b17f465a,2025-08-05,KL01,new,33,394,9,8
TRPJAI2508051a92da75,2025-08-05,RJ01,repeated,20,277,8,10
TRPJAI250805f39934a8,2025-08-05,RJ01,new,27,361,10,8
TRPLUC250805f54232ca,2025-08-05,UP01,new,19,197,7,7
TRPKOC250805d77326f0,2025-08-05,KL01,repeated,30,361,9,9
TRPIND25080526e0d8ca,2025-08-05,MP01,new,10,103,7,9
TRPLUC2508055d8bdddc,2025-08-05,UP01,repeated,20,206,6,8
TRPJAI250805467ea4ec,2025-08-05,RJ01,repeated,26,349,7,8
TRPSUR2508057eee4d11,2025-08-05,GJ01,repeated,7,75,7,5
TRPLUC250805addb354d,2025-08-05,UP01,new,17,179,9,7
TRPJAI250805bbfe061b,2025-08-05,RJ01,repeated,38,493,9,9
TRPIND2508052e473b96,2025-08-05,MP01,new,8,87,7,8
TRPCOI250805be1e34f3,2025-08-05,TN01,repeated,22,199,9,9
TRPLUC25080575cf6e4d,2025-08-05,UP01,repeated,12,134,6,6
TRPCOI2508050ae7e4b4,2025-08-05,TN01,repeated,8,87,7,7
TRPVAD2508059e26af4c,2025-08-05,GJ02,new,12,114,7,6
TRPLUC250805b1de7104,2025-08-05,UP01,new,14,152,8,8
TRPJAI250805a30c00f5,2025-08-05,RJ01,repeated,26,349,7,10
TRPJAI2508058afe3702,2025-08-05,RJ01,repeated,43,553,8,8
TRPKOC25080578c77d0c,2025-08-05,KL01,repeated,14,185,9,8
TRPSUR2508059ca2698d,2025-08-05,GJ01,repeated,15,139,7,7
TRPCHA250805a89a2e4d,2025-08-05,CH01,new,31,305,10,9
TRPIND250805a837e190,2025-08-05,MP01,new,19,175,8,8
TRPCHA2508051990effd,2025-08-05,CH01,repeated,24,242,7,9
TRPJAI2508059ac92dd1,2025-08-05,RJ01,repeated,36,469,8,9
TRPSUR25080594eaaf29,2025-08-05,GJ01,repeated,14,131,7,6
TRPLUC250805d20955e4,2025-08-05,UP01,repeated,10,116,5,8
TRPLUC250805597ad681,2025-08-05,UP01,repeated,13,143,6,8
TRPCHA2508058963cb76,2025-08-05,CH01,new,14,152,9,8
TRPLUC250805b11229c0,2025-08-05,UP01,repeated,10,116,6,7
TRPSUR2508057ea01d79,2025-08-05,GJ01,repeated,5,59,7,5
TRPSUR2508059b45f43b,2025-08-05,GJ01,repeated,17,155,6,5
TRPJAI250805afc4193d,2025-08-05,RJ01,new,20,277,9,10
TRPLUC250805b29a2006,2025-08-05,UP01,new,19,197,9,8
TRPCHA2508059a68bed2,2025-08-05,CH01,new,25,251,8,7
TRPSUR250805e70d813a,2025-08-05,GJ01,new,6,67,8,8
TRPMYS2508050514dbdd,2025-08-05,KA01,repeated,24,275,9,10
TRPCOI250805873dbcd5,2025-08-05,TN01,repeated,16,151,9,6
TRPKOC250805ee6779df,2025-08-05,KL01,repeated,11,152,8,8
TRPIND2508057bc1b56d,2025-08-05,MP01,new,9,95,7,7
TRPJAI2508056bc81e7d,2025-08-05,RJ01,new,40,517,10,8
TRPJAI250805adbf02b3,2025-08-05,RJ01,repeated,39,505,8,10
TRPCHA250805609889f9,2025-08-05,CH01,new,15,161,10,8
TRPJAI250805a62cc362,2025-08-05,RJ01,new,41,529,9,9
TRPKOC250805337179f8,2025-08-05,KL01,new,23,284,9,8
TRPIND25080595428763,2025-08-05,MP01,new,17,159,10,9
TRPJAI250805fe08a028,2025-08-05,RJ01,new,34,445,9,8
TRPJAI25080574d5900b,2025-08-05,RJ01,repeated,24,325,9,8
TRPJAI2508050e5858c6,2025-08-05,RJ01,repeated,20,277,7,9
TRPVAD25080563b67b17,2025-08-05,GJ02,new,6,66,9,8
TRPSUR2508052a398d13,2025-08-05,GJ01,new,14,131,7,8
TRPJAI250805230e1c78,2025-08-05,RJ01,new,33,433,10,9
TRPLUC2508059868f1b9,2025-08-05,UP01,new,17,179,8,8
TRPLUC2508055bef6079,2025-08-05,UP01,repeated,14,152,5,7
TRPJAI2508057a09ee04,2025-08-05,RJ01,new,29,385,8,9
TRPIND2508052a934185,2025-08-05,MP01,repeated,25,223,8,7
TRPKOC250805ce104f7b,2025-08-05,KL01,repeated,28,339,8,8
TRPSUR25080555bdfc2a,2025-08-05,GJ01,repeated,10,99,5,7
TRPKOC250805e9e76317,2025-08-05,KL01,new,20,251,8,10
TRPJAI250805079bfefc,2025-08-05,RJ01,new,33,433,8,9
TRPCHA250805e5a06519,2025-08-05,CH01,repeated,19,197,6,6
TRPSUR2508054eaf3748,2025-08-05,GJ01,new,9,91,8,8
TRPKOC2508058347795e,2025-08-05,KL01,new,21,262,8,10
TRPKOC2508057b3f9ad8,2025-08-05,KL01,new,27,328,9,8
TRPJAI250805e69edcf8,2025-08-05,RJ01,new,32,421,8,8
TRPSUR2508050cb5f649,2025-08-05,GJ01,repeated,8,83,6,7
TRPLUC250805249ed275,2025-08-05,UP01,repeated,13,143,7,5
TRPVAD250805346ce079,2025-08-05,GJ02,new,16,146,7,8
TRPJAI250805c5c09f3f,2025-08-05,RJ01,repeated,26,349,8,10
TRPLUC250805b455de72,2025-08-05,UP01,repeated,19,197,6,7
TRPJAI250805f2598f36,2025-08-05,RJ01,new,42,541,8,10
TRPLUC25080530d24197,2025-08-05,UP01,repeated,17,179,6,5
TRPJAI2508051aef0f37,2025-08-05,RJ01,new,34,445,9,10
TRPJAI250805e5b9598a,2025-08-05,RJ01,new,23,313,9,9
TRPMYS250805c8fa90b2,2025-08-05,KA01,repeated,14,175,9,9
TRPLUC25080577858cb5,2025-08-05,UP01,repeated,14,152,6,6
TRPSUR250805f1eb544a,2025-08-05,GJ01,repeated,7,75,6,8
TRPJAI25080524fca90f,2025-08-05,RJ01,new,35,457,9,10
TRPMYS250805057911e9,2025-08-05,KA01,new,21,245,8,8
TRPVAD2508053a166d52,2025-08-05,GJ02,repeated,11,106,5,5
TRPVIS2508055e9d01fa,2025-08-05,AP01,new,33,324,10,9
TRPLUC250805697eb1a0,2025-08-05,UP01,repeated,16,170,7,7
TRPJAI250805a7ee9ea4,2025-08-05,RJ01,repeated,21,289,7,9
TRPMYS250805aa049193,2025-08-05,KA01,new,18,215,9,9
TRPVIS250805dd04a358,2025-08-05,AP01,new,24,243,8,10
TRPSUR25080505cb809a,2025-08-05,GJ01,repeated,7,75,5,7
TRPKOC250805e7467c3b,2025-08-05,KL01,repeated,20,251,9,8
TRPKOC250805ac111426,2025-08-05,KL01,new,23,284,10,9
TRPIND25080588ae6c5e,2025-08-05,MP01,new,16,151,7,7
TRPCHA2508058b6284ff,2025-08-05,CH01,repeated,23,233,9,7
TRPSUR250805444804d0,2025-08-05,GJ01,repeated,15,139,5,5
TRPSUR25080586fb77d2,2025-08-05,GJ01,repeated,8,83,5,8
TRPJAI25080524246c1f,2025-08-05,RJ01,repeated,26,349,8,9
TRPLUC250805bd5b6338,2025-08-05,UP01,repeated,15,161,6,7
TRPLUC25080595875436,2025-08-05,UP01,new,14,152,7,6
TRPLUC250805e7c7f075,2025-08-05,UP01,new,10,116,8,6
TRPVAD2508058bc97062,2025-08-05,GJ02,repeated,11,106,7,6
TRPKOC25080540557ccb,2025-08-05,KL01,repeated,27,328,9,10
TRPIND25080525500682,2025-08-05,MP01,new,25,223,8,8
TRPSUR2508053c965c8b,2025-08-05,GJ01,repeated,12,115,7,7
TRPLUC25080521b799c5,2025-08-05,UP01,new,10,116,7,8
TRPVIS250805af2d932d,2025-08-05,AP01,repeated,30,297,8,10
TRPSUR250805fc480b34,2025-08-05,GJ01,repeated,10,99,5,8
TRPCHA2508056209fb0d,2025-08-05,CH01,new,17,179,8,8
TRPVAD25080557df7cd5,2025-08-05,GJ02,repeated,16,146,7,5
TRPKOC25080562f98b77,2025-08-05,KL01,repeated,27,328,7,9
TRPJAI250805e000015f,2025-08-05,RJ01,repeated,45,577,9,10
TRPJAI250805daf25258,2025-08-05,RJ01,repeated,24,325,9,9
TRPCHA250805bcbc78a8,2025-08-05,CH01,new,32,314,10,8
TRPJAI250805156d2392,2025-08-05,RJ01,repeated,19,265,8,8
TRPSUR250805abd4e24f,2025-08-05,GJ01,new,13,123,7,7
TRPLUC250805e5db3970,2025-08-05,UP01,repeated,10,116,7,8
TRPIND250805ed1922ce,2025-08-05,MP01,repeated,19,175,7,6
TRPSUR25080586af7d62,2025-08-05,GJ01,new,9,91,7,8
TRPLUC2508053ce9aba1,2025-08-05,UP01,repeated,14,152,5,6
TRPJAI25080545a7ba35,2025-08-05,RJ01,repeated,15,217,8,10
TRPJAI25080558581556,2025-08-05,RJ01,new,30,397,9,9
TRPVAD250805e22f08ef,2025-08-05,GJ02,new,15,138,8,8
TRPLUC250805bf38c341,2025-08-05,UP01,repeated,19,197,6,8
TRPSUR250805a976fe6c,2025-08-05,GJ01,new,8,83,7,6
TRPLUC2508054df1db04,2025-08-05,UP01,repeated,18,188,5,5
TRPCHA250805abf19f82,2025-08-05,CH01,repeated,22,224,8,9
TRPLUC2508057d22e965,2025-08-05,UP01,repeated,17,179,6,5
TRPIND250805ae8deaae,2025-08-05,MP01,repeated,21,191,7,6
TRPLUC25080573c894ac,2025-08-05,UP01,repeated,14,152,5,7
TRPIND2508055584a541,2025-08-05,MP01,repeated,13,127,9,9
TRPIND250805f67ba9ac,2025-08-05,MP01,repeated,9,95,7,6
TRPLUC250805d1edcd8e,2025-08-05,UP01,repeated,11,125,5,5
TRPLUC2508051560feb0,2025-08-05,UP01,new,8,98,8,8
TRPVIS2508053662dfb2,2025-08-05,AP01,new,28,279,8,9
TRPCHA250805ebca161c,2025-08-05,CH01,new,21,215,7,8
TRPSUR2508055e2b2f90,2025-08-05,GJ01,repeated,6,67,6,6
TRPJAI250805f5e63632,2025-08-05,RJ01,new,42,541,9,10
TRPJAI2508058907f240,2025-08-05,RJ01,new,18,253,9,9
TRPJAI250805a08a5a65,2025-08-05,RJ01,new,33,433,8,9
TRPVAD2508058aae0698,2025-08-05,GJ02,repeated,10,98,5,5
TRPIND2508050dee00e8,2025-08-05,MP01,repeated,19,175,9,7
TRPSUR25080563aea2f8,2025-08-05,GJ01,new,11,107,7,7
TRPIND250805283b4821,2025-08-05,MP01,new,9,95,9,7
TRPJAI25080579a8cd8d,2025-08-05,RJ01,new,38,493,8,10
TRPSUR25080519fe8bbc,2025-08-05,GJ01,repeated,10,99,6,7
TRPVAD250805cf510dd0,2025-08-05,GJ02,new,10,98,9,8
TRPVAD2508057659cac7,2025-08-05,GJ02,repeated,9,90,5,5
TRPCOI2508057d3a92f0,2025-08-05,TN01,repeated,8,87,7,6
TRPCHA250805ae17737e,2025-08-05,CH01,repeated,31,305,6,7
TRPJAI2508057185c6db,2025-08-05,RJ01,new,36,469,8,8
TRPSUR2508051f77a32f,2025-08-05,GJ01,repeated,13,123,6,8
TRPSUR2508050dc1ef55,2025-08-05,GJ01,repeated,15,139,5,6
TRPJAI2508053384f02d,2025-08-05,RJ01,new,22,301,10,8
TRPLUC250805e69be888,2025-08-05,UP01,new,9,107,9,7
TRPJAI250805c48100fd,2025-08-05,RJ01,new,22,301,10,9
TRPSUR250805b4e8f64a,2025-08-05,GJ01,repeated,11,107,7,7
TRPLUC25080547a052e5,2025-08-05,UP01,repeated,17,179,6,5
TRPVIS250805abe83f34,2025-08-05,AP01,repeated,14,153,8,9
TRPVIS2508057adea711,2025-08-05,AP01,repeated,21,216,7,9
TRPCOI250805e98fe13d,2025-08-05,TN01,new,16,151,8,9
TRPIND250805125155d1,2025-08-05,MP01,repeated,20,183,6,6
TRPIND25080506ea5e28,2025-08-05,MP01,new,14,135,8,8
TRPJAI2508053b33450a,2025-08-05,RJ01,new,43,553,8,10
TRPSUR2508056204bf5a,2025-08-05,GJ01,repeated,10,99,6,6
TRPSUR250805bfecd6f1,2025-08-05,GJ01,new,5,59,7,6
TRPLUC2508059d15abfd,2025-08-05,UP01,repeated,17,179,6,8
TRPCHA250805d9b7f1d3,2025-08-05,CH01,new,12,134,10,7
TRPLUC2508055c8b051b,2025-08-05,UP01,repeated,5,71,5,8
TRPKOC250805da16eb45,2025-08-05,KL01,new,18,229,8,9
TRPIND250805fe288a61,2025-08-05,MP01,repeated,22,199,8,6
TRPVIS250805bda1aa28,2025-08-05,AP01,repeated,17,180,7,9
TRPVIS250805925e8c99,2025-08-05,AP01,new,29,288,10,9
TRPKOC250805f071a04e,2025-08-05,KL01,new,24,295,10,9
TRPSUR2508058dffde2d,2025-08-05,GJ01,repeated,7,75,5,7
TRPIND250805033f0efd,2025-08-05,MP01,repeated,13,127,8,8
TRPKOC2508050a413d40,2025-08-05,KL01,repeated,38,449,8,8
TRPCHA2508051433f395,2025-08-05,CH01,repeated,28,278,6,6
TRPIND250805ae95866e,2025-08-05,MP01,repeated,18,167,7,7
TRPSUR2508051729a5b0,2025-08-05,GJ01,repeated,12,115,6,5
TRPJAI250805bb027328,2025-08-05,RJ01,new,39,505,10,10
TRPMYS25080526f294d6,2025-08-05,KA01,new,9,125,9,9
TRPLUC250805cf390d64,2025-08-05,UP01,repeated,6,80,7,7
TRPJAI250805e790c0ff,2025-08-05,RJ01,new,29,385,9,9
TRPIND250805ad054700,2025-08-05,MP01,new,16,151,9,9
TRPSUR250805670aa2e2,2025-08-05,GJ01,repeated,7,75,5,7
TRPKOC2508056b3cd613,2025-08-05,KL01,new,10,141,9,9
TRPIND25080526cdbae3,2025-08-05,MP01,repeated,11,111,7,6
TRPSUR250805a275db3e,2025-08-05,GJ01,repeated,14,131,6,5
TRPIND25080575a3765d,2025-08-05,MP01,repeated,13,127,9,6
TRPJAI250805a0ed4168,2025-08-05,RJ01,new,34,445,9,9
TRPLUC250805718a314d,2025-08-05,UP01,new,16,170,7,7
TRPCOI250805987f24b4,2025-08-05,TN01,repeated,22,199,8,6
TRPVAD250805a5215856,2025-08-05,GJ02,repeated,7,74,6,5
TRPLUC2508059d58765a,2025-08-05,UP01,repeated,16,170,5,8
TRPLUC2508050b420f41,2025-08-05,UP01,repeated,13,143,5,7
TRPLUC2508052ddd4e88,2025-08-05,UP01,repeated,19,197,6,7
TRPVIS250805382c3bd4,2025-08-05,AP01,new,17,180,8,10
TRPJAI250805c9b13f89,2025-08-05,RJ01,new,18,253,10,10
TRPLUC2508059bc9a355,2025-08-05,UP01,new,5,71,7,6
TRPVAD25080596bd5441,2025-08-05,GJ02,new,5,58,8,7
TRPCHA250805889bba08,2025-08-05,CH01,new,23,233,9,9
TRPJAI250805268abb65,2025-08-05,RJ01,new,19,265,8,10
TRPLUC2508050e504168,2025-08-05,UP01,repeated,6,80,7,6
TRPLUC2508050184a000,2025-08-05,UP01,new,11,125,8,6
TRPVIS250805f7d668cb,2025-08-05,AP01,repeated,24,243,7,10
TRPSUR2508054710eb09,2025-08-05,GJ01,new,13,123,9,7
TRPIND250805675181ab,2025-08-05,MP01,repeated,20,183,8,9
TRPSUR250805bf613c56,2025-08-05,GJ01,new,17,155,8,6
TRPLUC250805c224f4c7,2025-08-05,UP01,new,10,116,9,7
TRPSUR2508055d03999b,2025-08-05,GJ01,repeated,9,91,7,5
TRPSUR250805f6213383,2025-08-05,GJ01,repeated,14,131,7,8
TRPVAD25080534f0f327,2025-08-05,GJ02,repeated,17,154,7,8
TRPCOI25080556778a92,2025-08-05,TN01,repeated,22,199,6,6
TRPVIS250805c51b20a5,2025-08-05,AP01,repeated,14,153,9,10
TRPLUC250805b94a0302,2025-08-05,UP01,repeated,18,188,6,6
TRPMYS25080587097558,2025-08-05,KA01,new,23,265,9,8
TRPLUC2508056837eccd,2025-08-05,UP01,repeated,15,161,7,6
TRPJAI2508051ee49b8f,2025-08-05,RJ01,new,42,541,8,10
TRPJAI25080550c441e4,2025-08-05,RJ01,new,23,313,9,10
TRPSUR25080543c7237d,2025-08-05,GJ01,repeated,10,99,7,5
TRPCOI250805fc050b24,2025-08-05,TN01,repeated,20,183,9,7
TRPKOC2508052b78cbf4,2025-08-05,KL01,new,26,317,9,10
TRPVIS250805ad6bf1c5,2025-08-05,AP01,new,33,324,9,8
TRPSUR250805befa4c2f,2025-08-05,GJ01,repeated,12,115,6,5
TRPJAI250805907fe86c,2025-08-05,RJ01,new,23,313,9,9
TRPLUC25080520842fbc,2025-08-05,UP01,repeated,9,107,5,8
TRPSUR2508053721bd14,2025-08-05,GJ01,repeated,8,83,6,7
TRPVIS2508054871b44d,2025-08-05,AP01,new,28,279,9,10
TRPLUC250805986bb12b,2025-08-05,UP01,new,6,80,9,8
TRPVIS25080588f2a254,2025-08-05,AP01,new,29,288,10,9
TRPSUR25080593f0fc14,2025-08-05,GJ01,repeated,7,75,7,8
TRPCHA2508051a23def5,2025-08-05,CH01,repeated,16,170,8,6
TRPIND250805109a4dda,2025-08-05,MP01,repeated,13,127,9,7
TRPSUR25080582854859,2025-08-05,GJ01,repeated,9,91,5,7
TRPCHA25080567e2a77a,2025-08-05,CH01,new,28,278,8,9
TRPLUC2508050578b8e5,2025-08-05,UP01,repeated,6,80,6,7
TRPJAI2508051fbd08d4,2025-08-05,RJ01,new,23,313,8,9
TRPJAI250805c29f34aa,2025-08-05,RJ01,new,16,229,8,8
TRPCOI25080567afac16,2025-08-05,TN01,new,17,159,10,9
TRPLUC250805b80a9e01,2025-08-05,UP01,repeated,8,98,7,8
TRPLUC250805d89f0b5a,2025-08-05,UP01,repeated,17,179,7,8
TRPVAD25080577b598cc,2025-08-05,GJ02,new,5,58,8,8
TRPVAD250805c597c866,2025-08-05,GJ02,new,6,66,8,7
TRPVIS250805b63f8287,2025-08-05,AP01,new,24,243,8,10
TRPCHA25080539607d33,2025-08-05,CH01,new,18,188,9,8
TRPVAD250805f390f9e8,2025-08-05,GJ02,repeated,14,130,6,6
TRPJAI2508053ab70861,2025-08-05,RJ01,repeated,36,469,7,8
TRPSUR25080594deffc6,2025-08-05,GJ01,repeated,16,147,5,8
TRPLUC2508056a44c902,2025-08-05,UP01,repeated,12,134,6,8
TRPVIS25080598d5d048,2025-08-05,AP01,repeated,30,297,8,9
TRPVIS2508058b6a4c06,2025-08-05,AP01,new,25,252,9,9
TRPLUC2508054f48b40e,2025-08-05,UP01,new,16,170,9,8
TRPSUR250805e5a25548,2025-08-05,GJ01,new,5,59,9,8
TRPCOI25080549b4842a,2025-08-05,TN01,repeated,14,135,6,6
TRPLUC250805fca7e8b3,2025-08-05,UP01,new,17,179,9,7
TRPJAI2508057e519ef7,2025-08-05,RJ01,repeated,27,361,9,8
TRPVAD250805f98975e2,2025-08-05,GJ02,new,8,82,9,6
TRPVAD250805303b42f7,2025-08-05,GJ02,repeated,17,154,6,5
TRPMYS2508055c7586c8,2025-08-05,KA01,repeated,17,205,7,8
TRPJAI250805212dd080,2025-08-05,RJ01,new,18,253,9,8
TRPVIS250805d40a75db,2025-08-05,AP01,repeated,12,135,8,8
TRPJAI2508057fa82e0d,2025-08-05,RJ01,new,34,445,9,8
TRPSUR250805afd81d3f,2025-08-05,GJ01,repeated,17,155,5,8
TRPVIS250805e9742232,2025-08-05,AP01,repeated,13,144,8,9
TRPIND2508054ed98d06,2025-08-05,MP01,new,22,199,8,7
TRPJAI2508053504a70f,2025-08-05,RJ01,new,40,517,9,10
TRPLUC2508050409d51b,2025-08-05,UP01,new,9,107,8,8
TRPSUR250805828c74b0,2025-08-05,GJ01,repeated,9,91,5,5
TRPVIS250805d0559372,2025-08-05,AP01,repeated,23,234,9,8
TRPJAI250805ad8e1716,2025-08-05,RJ01,new,18,253,10,10
TRPSUR25080543bea4a5,2025-08-05,GJ01,repeated,17,155,6,8
TRPLUC250805dd008c34,2025-08-05,UP01,new,18,188,8,8
TRPLUC250805cdd22cf5,2025-08-05,UP01,repeated,11,125,7,8
TRPKOC250805a3da1bcf,2025-08-05,KL01,new,26,317,10,8
TRPVAD2508051a2f189d,2025-08-05,GJ02,new,8,82,7,8
TRPIND2508051a81e56b,2025-08-05,MP01,repeated,22,199,7,7
TRPJAI250805449276c5,2025-08-05,RJ01,repeated,23,313,9,8
TRPVIS250805337029b0,2025-08-05,AP01,repeated,15,162,7,8
TRPIND250805454fe20e,2025-08-05,MP01,repeated,10,103,7,9
TRPVAD250805ade26f1d,2025-08-05,GJ02,repeated,6,66,5,7
TRPLUC25080593317312,2025-08-05,UP01,repeated,13,143,5,5
TRPJAI250805a0d5d3ef,2025-08-05,RJ01,new,18,253,8,9
