trip_id,date,city_id,passenger_type,distance_travelled(km),fare_amount,passenger_rating,driver_rating
TRPVAD2508026b62e8a3,2025-08-02,GJ02,repeated,6,66,5,7
TRPLUC2508022ea0de29,2025-08-02,UP01,repeated,6,80,6,7
TRPLUC2508020a38fff7,2025-08-02,UP01,new,13,143,9,8
TRPKOC25080272b39ba3,2025-08-02,KL01,new,14,185,9,10
TRPJAI250802f64f4c0e,2025-08-02,RJ01,new,42,541,10,9
TRPLUC2508027f0b7b4a,2025-08-02,UP01,repeated,13,143,6,7
TRPVAD250802f208fe78,2025-08-02,GJ02,repeated,10,98,5,5
TRPJAI2508026d6a4540,2025-08-02,RJ01,new,43,553,10,9
TRPSUR2508025d9e0a07,2025-08-02,GJ01,new,12,115,7,7
TRPLUC250802b582335c,2025-08-02,UP01,new,8,98,9,8
TRPJAI250802165527ac,2025-08-02,RJ01,new,35,457,10,9
TRPCOI2508020539ce7c,2025-08-02,TN01,repeated,10,103,6,7
TRPIND250802b9397814,2025-08-02,MP01,new,22,199,7,8
TRPLUC25080237da413c,2025-08-02,UP01,repeated,14,152,5,8
TRPJAI25080283850b57,2025-08-02,RJ01,repeated,30,397,7,9
TRPKOC25080272b3fea9,2025-08-02,KL01,repeated,12,163,8,8
TRPJAI250802d88df1cc,2025-08-02,RJ01,new,20,277,9,8
TRPJAI2508029ff926e0,2025-08-02,RJ01,new,25,337,9,10
TRPJAI2508025e916e2c,2025-08-02,RJ01,repeated,35,457,7,9
TRPVAD2508021539e345,2025-08-02,GJ02,new,18,162,7,6
TRPMYS25080267f51dab,2025-08-02,KA01,new,20,235,8,9
TRPSUR250802273550bc,2025-08-02,GJ01,repeated,8,83,7,5
TRPIND2508023c376bef,2025-08-02,MP01,repeated,8,87,7,7
TRPSUR2508021ade9ed6,2025-08-02,GJ01,repeated,11,107,6,8
TRPLUC250802503dbebd,2025-08-02,UP01,repeated,8,98,6,5
TRPSUR250802c6d1dbd0,2025-08-02,GJ01,new,10,99,7,8
TRPCOI25080245feb31b,2025-08-02,TN01,new,8,87,9,9
TRPSUR250802f24b1b0c,2025-08-02,GJ01,repeated,14,131,6,7
TRPCHA250802c9c46a16,2025-08-02,CH01,repeated,26,260,6,9
TRPVIS2508022740eabe,2025-08-02,AP01,new,26,261,8,8
TRPCHA2508026631efd0,2025-08-02,CH01,new,15,161,8,9
TRPLUC250802e2e01c69,2025-08-02,UP01,repeated,13,143,7,8
TRPJAI25080264e4d125,2025-08-02,RJ01,new,32,421,8,9
TRPVIS2508029ec011db,2025-08-02,AP01,repeated,15,162,9,8
TRPKOC2508029fecfcc7,2025-08-02,KL01,repeated,26,317,7,10
TRPVIS25080217d6b803,2025-08-02,AP01,repeated,25,252,8,8
TRPVAD250802ef4724fe,2025-08-02,GJ02,new,5,58,7,8
TRPKOC250802cf4bcdb9,2025-08-02,KL01,new,11,152,9,10
TRPJAI250802a3c5bf49,2025-08-02,RJ01,new,29,385,10,10
TRPCHA2508021ec9d9ab,2025-08-02,CH01,repeated,12,134,8,9
TRPMYS25080210c9448b,2025-08-02,KA01,new,9,125,9,9
TRPLUC250802edaa4aa4,2025-08-02,UP01,repeated,20,206,7,7
TRPSUR25080247baab01,2025-08-02,GJ01,repeated,9,91,5,7
TRPLUC250802212b5bf2,2025-08-02,UP01,new,18,188,8,7
TRPVIS2508028aba3ac8,2025-08-02,AP01,repeated,34,333,7,10
TRPCHA2508026a2d5311,2025-08-02,CH01,new,21,215,8,9
TRPJAI2508023d4c9fa9,2025-08-02,RJ01,new,43,553,8,8
TRPIND250802965f3f07,2025-08-02,MP01,repeated,17,159,9,7
TRPCHA250802f328798d,2025-08-02,CH01,repeated,20,206,9,7
TRPKOC250802d62e0112,2025-08-02,KL01,new,18,229,10,9
TRPCHA250802dd0618bc,2025-08-02,CH01,repeated,17,179,8,6
TRPVIS250802a890e8a1,2025-08-02,AP01,repeated,17,180,7,8
TRPKOC2508027a8b61df,2025-08-02,KL01,new,14,185,8,9
TRPLUC2508024a37a734,2025-08-02,UP01,repeated,18,188,5,6
TRPVIS250802f312928b,2025-08-02,AP01,new,33,324,8,9
TRPJAI25080234796607,2025-08-02,RJ01,new,27,361,10,10
TRPSUR250802945856a4,2025-08-02,GJ01,repeated,10,99,5,7
TRPCHA250802182ff328,2025-08-02,CH01,repeated,22,224,6,6
TRPIND25080227c67bc7,2025-08-02,MP01,repeated,10,103,9,7
TRPCOI25080259f1b75d,2025-08-02,TN01,repeated,10,103,7,9
TRPSUR25080209db1e79,2025-08-02,GJ01,new,10,99,7,8
TRPSUR25080227801a64,2025-08-02,GJ01,repeated,11,107,6,7
TRPSUR250802633c2985,2025-08-02,GJ01,repeated,15,139,7,6
TRPVIS2508023e6d3108,2025-08-02,AP01,repeated,32,315,8,10
TRPJAI250802d0d0ac36,2025-08-02,RJ01,new,18,253,10,10
TRPCOI25080284dfae8d,2025-08-02,TN01,repeated,16,151,8,8
TRPIND250802eb819ae4,2025-08-02,MP01,repeated,20,183,6,7
TRPLUC250802bbfcb940,2025-08-02,UP01,repeated,19,197,5,8
TRPSUR25080263abb667,2025-08-02,GJ01,repeated,7,75,5,8
TRPSUR250802b5ba894c,2025-08-02,GJ01,repeated,17,155,7,5
TRPVAD250802e7ec9996,2025-08-02,GJ02,new,12,114,9,8
TRPVAD250802cc922610,2025-08-02,GJ02,repeated,10,98,6,7
TRPIND250802e5005fc7,2025-08-02,MP01,repeated,19,175,7,8
TRPVAD250802c09322b6,2025-08-02,GJ02,repeated,14,130,7,5
TRPCHA2508021c435488,2025-08-02,CH01,new,22,224,7,8
TRPIND2508029d239d41,2025-08-02,MP01,repeated,20,183,8,6
TRPCOI250802e2f0c70d,2025-08-02,TN01,repeated,20,183,7,6
TRPCHA250802a6f73c14,2025-08-02,CH01,new,34,332,9,8
TRPLUC2508027069e3f0,2025-08-02,UP01,new,15,161,8,6
TRPJAI250802d37569a6,2025-08-02,RJ01,repeated,36,469,9,8
TRPKOC2508028cfcdd42,2025-08-02,KL01,repeated,33,394,9,8
TRPJAI250802a5d20559,2025-08-02,RJ01,repeated,25,337,9,8
TRPSUR25080275a76a87,2025-08-02,GJ01,repeated,6,67,5,6
TRPJAI2508020db97b07,2025-08-02,RJ01,repeated,44,565,7,10
TRPKOC250802faeba9dc,2025-08-02,KL01,new,36,427,9,10
TRPSUR2508022d8bb363,2025-08-02,GJ01,new,6,67,9,8
TRPLUC25080222dfa9dc,2025-08-02,UP01,repeated,8,98,5,8
TRPJAI2508029f52d4e5,2025-08-02,RJ01,new,20,277,9,8
TRPVIS250802686e31fd,2025-08-02,AP01,repeated,34,333,7,9
TRPVIS25080293ead123,2025-08-02,AP01,repeated,13,144,8,10
TRPJAI25080209955d34,2025-08-02,RJ01,new,21,289,10,8
TRPVAD25080244303ed4,2025-08-02,GJ02,repeated,12,114,5,7
TRPVAD250802e1209619,2025-08-02,GJ02,new,18,162,8,7
TRPVIS250802316c44f4,2025-08-02,AP01,new,26,261,9,8
TRPSUR25080227bc0ade,2025-08-02,GJ01,repeated,15,139,7,8
TRPJAI2508026ee3a2f1,2025-08-02,RJ01,repeated,35,457,7,8
TRPLUC250802839c6c92,2025-08-02,UP01,repeated,13,143,5,7
TRPVAD250802a9cbedfb,2025-08-02,GJ02,repeated,10,98,6,8
TRPJAI2508023dd6f743,2025-08-02,RJ01,new,34,445,8,8
TRPLUC2508025148aec9,2025-08-02,UP01,repeated,12,134,6,7
TRPLUC25080250c90ad7,2025-08-02,UP01,repeated,17,179,5,6
TRPKOC2508028327136f,2025-08-02,KL01,new,27,328,8,10
TRPKOC250802762bea3f,2025-08-02,KL01,repeated,17,218,8,9
TRPCHA25080236198069,2025-08-02,CH01,repeated,25,251,6,9
TRPSUR25080240ae8d7c,2025-08-02,GJ01,repeated,10,99,6,5
TRPCOI2508020945a8f2,2025-08-02,TN01,repeated,21,191,9,8
TRPIND2508024f590357,2025-08-02,MP01,repeated,24,215,9,9
TRPCHA250802f38278dc,2025-08-02,CH01,repeated,13,143,6,8
TRPJAI25080280e32b6f,2025-08-02,RJ01,new,16,229,10,9
TRPLUC250802852789c0,2025-08-02,UP01,repeated,20,206,5,7
TRPVAD25080208a87fb9,2025-08-02,GJ02,new,11,106,9,7
TRPKOC2508029abac49f,2025-08-02,KL01,new,10,141,8,8
TRPJAI250802bf9f11ac,2025-08-02,RJ01,repeated,29,385,9,8
TRPCHA250802ecb7e0b3,2025-08-02,CH01,new,22,224,7,8
TRPVIS25080261508c8a,2025-08-02,AP01,new,20,207,10,8
TRPLUC25080298d32b46,2025-08-02,UP01,repeated,20,206,5,5
TRPVAD250802a4ce146f,2025-08-02,GJ02,new,17,154,9,7
TRPSUR2508023fa08fd2,2025-08-02,GJ01,repeated,13,123,5,8
TRPJAI250802e765aca7,2025-08-02,RJ01,new,23,313,8,10
TRPLUC2508022bc2f0a1,2025-08-02,UP01,repeated,11,125,6,5
TRPKOC25080216ce3d0a,2025-08-02,KL01,new,20,251,9,9
TRPCHA250802e913f6b4,2025-08-02,CH01,new,33,323,9,7
TRPJAI2508021dc643e7,2025-08-02,RJ01,repeated,39,505,7,10
TRPLUC250802205516d8,2025-08-02,UP01,repeated,17,179,5,5
TRPLUC2508023eab0fc7,2025-08-02,UP01,new,10,116,8,7
TRPIND25080254ea9355,2025-08-02,MP01,repeated,22,199,8,8
TRPVAD250802dfe9c938,2025-08-02,GJ02,new,11,106,7,7
TRPLUC250802a513c8c6,2025-08-02,UP01,new,13,143,9,7
TRPIND250802e46fdf3d,2025-08-02,MP01,new,14,135,7,9
TRPIND2508029f118177,2025-08-02,MP01,repeated,21,191,6,7
TRPVAD2508024fa48772,2025-08-02,GJ02,new,13,122,7,6
TRPJAI2508024a6f669d,2025-08-02,RJ01,repeated,15,217,9,9
TRPIND250802a2ba21c8,2025-08-02,MP01,repeated,11,111,9,6
TRPVIS250802ea13289f,2025-08-02,AP01,repeated,35,342,7,9
TRPVAD250802b0be2509,2025-08-02,GJ02,repeated,11,106,6,5
TRPCHA250802d33987fb,2025-08-02,CH01,repeated,18,188,6,7
TRPSUR250802025d7b37,2025-08-02,GJ01,repeated,14,131,5,6
TRPCHA25080242621bbb,2025-08-02,CH01,new,29,287,7,8
TRPVAD25080253fa55d4,2025-08-02,GJ02,new,11,106,9,8
TRPVAD25080243f7748a,2025-08-02,GJ02,new,7,74,8,6
TRPCHA2508024f8fafe0,2025-08-02,CH01,new,35,341,9,7
TRPLUC2508021a552b1d,2025-08-02,UP01,new,11,125,8,7
TRPSUR250802821b483e,2025-08-02,GJ01,repeated,7,75,5,7
TRPJAI2508024706cc1b,2025-08-02,RJ01,repeated,19,265,8,10
TRPIND250802ed78e09b,2025-08-02,MP01,repeated,12,119,9,6
TRPCHA250802c83e06a7,2025-08-02,CH01,repeated,22,224,9,7
TRPLUC25080288ab1ef1,2025-08-02,UP01,repeated,19,197,5,6
TRPIND25080269ece0ab,2025-08-02,MP01,new,24,215,8,8
TRPIND250802229c63b6,2025-08-02,MP01,repeated,16,151,6,7
TRPKOC250802474124ce,2025-08-02,KL01,new,30,361,9,9
TRPLUC25080209139866,2025-08-02,UP01,new,5,71,9,8
TRPCHA250802f26cc834,2025-08-02,CH01,repeated,30,296,7,6
TRPCHA2508024c3268ab,2025-08-02,CH01,new,24,242,7,9
TRPSUR250802dbeb2599,2025-08-02,GJ01,new,10,99,7,7
TRPJAI2508027a5ff444,2025-08-02,RJ01,new,30,397,10,10
TRPIND250802a2152d8f,2025-08-02,MP01,repeated,11,111,9,8
TRPIND25080211e5671b,2025-08-02,MP01,repeated,22,199,9,8
TRPVAD2508022805c767,2025-08-02,GJ02,repeated,10,98,6,5
TRPSUR2508025ad9c8bb,2025-08-02,GJ01,new,10,99,9,6
TRPLUC25080283168604,2025-08-02,UP01,repeated,17,179,5,6
TRPCOI250802b5d6d5a9,2025-08-02,TN01,new,16,151,9,9
TRPLUC25080247c78dce,2025-08-02,UP01,repeated,14,152,6,7
TRPSUR250802bd52e961,2025-08-02,GJ01,repeated,16,147,7,8
TRPLUC250802aa5e09d0,2025-08-02,UP01,new,20,206,8,7
TRPLUC250802de96c592,2025-08-02,UP01,repeated,17,179,7,8
TRPIND250802beca5da0,2025-08-02,MP01,new,21,191,10,7
TRPJAI2508020b5fdf76,2025-08-02,RJ01,new,21,289,9,10
TRPSUR250802d87824c6,2025-08-02,GJ01,repeated,7,75,5,5
TRPJAI250802a4f51145,2025-08-02,RJ01,new,37,481,8,10
TRPCOI25080279fc8338,2025-08-02,TN01,new,8,87,8,8
TRPVAD2508027bd18c58,2025-08-02,GJ02,repeated,17,154,6,8
TRPVAD2508024b84fd9b,2025-08-02,GJ02,repeated,17,154,6,5
TRPKOC25080242f7d686,2025-08-02,KL01,new,32,383,8,9
TRPJAI25080238207ca2,2025-08-02,RJ01,new,38,493,8,9
TRPVAD250802f1474e97,2025-08-02,GJ02,repeated,8,82,5,5
TRPLUC25080246b3611e,2025-08-02,UP01,repeated,18,188,5,8
TRPCOI250802364f9063,2025-08-02,TN01,new,14,135,7,7
TRPIND2508029eaea6a9,2025-08-02,MP01,new,15,143,7,7
TRPKOC2508026f7d69d3,2025-08-02,KL01,repeated,20,251,9,8
TRPVIS250802228145c0,2025-08-02,AP01,repeated,34,333,9,10
TRPVAD250802fadbc63a,2025-08-02,GJ02,repeated,8,82,7,6
TRPIND250802ac2d213e,2025-08-02,MP01,repeated,12,119,8,7
TRPCOI250802bb1d745d,2025-08-02,TN01,repeated,10,103,6,6
TRPSUR250802b06ac497,2025-08-02,GJ01,repeated,12,115,7,7
TRPJAI250802de442ca8,2025-08-02,RJ01,repeated,31,409,7,8
TRPJAI25080290b3e125,2025-08-02,RJ01,new,20,277,10,8
TRPMYS250802f1e684af,2025-08-02,KA01,repeated,16,195,9,8
TRPMYS250802792688f4,2025-08-02,KA01,new,17,205,9,10
TRPCOI250802ae000804,2025-08-02,TN01,repeated,11,111,7,7
TRPJAI25080227bf20d1,2025-08-02,RJ01,new,21,289,9,9
TRPSUR25080200aba66f,2025-08-02,GJ01,repeated,8,83,5,6
TRPJAI25080283d799d0,2025-08-02,RJ01,repeated,34,445,8,8
TRPLUC250802baaddd60,2025-08-02,UP01,repeated,18,188,7,7
TRPMYS2508026325c1db,2025-08-02,KA01,new,24,275,8,9
TRPJAI2508022abf7599,2025-08-02,RJ01,repeated,27,361,9,8
TRPIND2508021518b30f,2025-08-02,MP01,repeated,12,119,8,7
TRPSUR250802845d9a5a,2025-08-02,GJ01,new,10,99,8,7
TRPJAI250802b2d63e57,2025-08-02,RJ01,repeated,35,457,8,10
TRPVAD250802ff92fddb,2025-08-02,GJ02,new,11,106,9,8
TRPCHA250802706d68f1,2025-08-02,CH01,repeated,24,242,7,7
TRPLUC250802aa2e0bb9,2025-08-02,UP01,repeated,11,125,6,8
TRPLUC250802ba1d0093,2025-08-02,UP01,repeated,7,89,5,6
TRPVAD250802e67c7a28,2025-08-02,GJ02,repeated,6,66,7,5
TRPKOC2508026a8b90c0,2025-08-02,KL01,new,20,251,8,10
TRPKOC2508023d07de18,2025-08-02,KL01,new,16,207,10,10
TRPCHA25080228ff8184,2025-08-02,CH01,repeated,13,143,6,7
TRPCOI250802aa7d70c3,2025-08-02,TN01,new,14,135,8,8
TRPCOI250802ceaa6eef,2025-08-02,TN01,repeated,11,111,8,8
TRPCHA2508028db30b03,2025-08-02,CH01,repeated,14,152,8,6
TRPKOC250802aea5946e,2025-08-02,KL01,new,11,152,8,8
TRPIND250802b392a003,2025-08-02,MP01,repeated,12,119,9,9
TRPSUR250802673f5533,2025-08-02,GJ01,repeated,5,59,5,5
TRPLUC250802648d3d52,2025-08-02,UP01,repeated,9,107,7,6
TRPJAI2508022b64079d,2025-08-02,RJ01,repeated,41,529,8,8
TRPLUC250802720d00e5,2025-08-02,UP01,repeated,7,89,6,8
TRPKOC250802748b4dd2,2025-08-02,KL01,repeated,27,328,7,10
TRPJAI2508027acaac94,2025-08-02,RJ01,new,38,493,8,9
TRPLUC2508022de5c5c9,2025-08-02,UP01,new,16,170,9,7
TRPJAI2508024218a936,2025-08-02,RJ01,new,22,301,10,8
TRPLUC25080284de969d,2025-08-02,UP01,repeated,15,161,6,6
TRPIND25080267a79112,2025-08-02,MP01,repeated,11,111,9,7
TRPJAI2508027febef10,2025-08-02,RJ01,new,38,493,10,10
TRPKOC25080251a21393,2025-08-02,KL01,new,29,350,9,8
TRPLUC250802c5a0ce76,2025-08-02,UP01,new,11,125,9,8
TRPLUC2508020b0f71df,2025-08-02,UP01,repeated,9,107,5,7
TRPSUR2508021444b329,2025-08-02,GJ01,repeated,11,107,7,5
TRPJAI25080205f25bf7,2025-08-02,RJ01,new,19,265,8,8
TRPIND250802256feacb,2025-08-02,MP01,repeated,24,215,7,8
TRPSUR2508029b8b3906,2025-08-02,GJ01,repeated,10,99,5,6
TRPSUR2508021449bd17,2025-08-02,GJ01,new,10,99,8,7
TRPLUC2508025392a73f,2025-08-02,UP01,repeated,11,125,6,5
TRPSUR25080223ec0722,2025-08-02,GJ01,repeated,17,155,5,7
TRPLUC250802e88d55e9,2025-08-02,UP01,repeated,19,197,6,6
TRPVAD250802a373b393,2025-08-02,GJ02,repeated,8,82,7,8
TRPJAI250802aaa93eb5,2025-08-02,RJ01,repeated,31,409,9,9
TRPSUR250802807bc86a,2025-08-02,GJ01,repeated,11,107,6,5
TRPLUC250802e12bbf71,2025-08-02,UP01,repeated,13,143,6,5
TRPSUR250802d14b570b,2025-08-02,GJ01,repeated,15,139,6,7
TRPSUR2508023fd553ce,2025-08-02,GJ01,repeated,12,115,6,7
TRPJAI250802ca10d28e,2025-08-02,RJ01,new,17,241,10,10
TRPCOI25080241b9d6f1,2025-08-02,TN01,repeated,20,183,8,6
TRPCHA25080207335e77,2025-08-02,CH01,new,28,278,8,7
TRPLUC250802acbcbb60,2025-08-02,UP01,repeated,19,197,6,8
TRPLUC2508020b2d2025,2025-08-02,UP01,repeated,11,125,5,6
TRPVAD2508023f050322,2025-08-02,GJ02,repeated,13,122,6,5
TRPVAD2508027d070d47,2025-08-02,GJ02,repeated,9,90,7,6
TRPVAD25080272c501da,2025-08-02,GJ02,new,6,66,7,7
TRPSUR250802fe860a6e,2025-08-02,GJ01,repeated,11,107,5,7
TRPIND250802cdc92c7f,2025-08-02,MP01,repeated,16,151,9,6
TRPIND250802f1a7f368,2025-08-02,MP01,repeated,21,191,8,6
TRPVAD250802df034c66,2025-08-02,GJ02,repeated,14,130,5,8
TRPCOI2508026858921e,2025-08-02,TN01,repeated,21,191,9,8
TRPVAD250802a59f06e3,2025-08-02,GJ02,repeated,10,98,7,6
TRPVAD25080239414d81,2025-08-02,GJ02,new,15,138,9,7
TRPSUR2508028e83447e,2025-08-02,GJ01,repeated,7,75,6,5
TRPLUC250802a87ed232,2025-08-02,UP01,repeated,12,134,7,7
TRPKOC250802f80ebb21,2025-08-02,KL01,new,31,372,9,8
TRPJAI250802764cbe9b,2025-08-02,RJ01,new,16,229,9,8
TRPLUC250802675f47bc,2025-08-02,UP01,repeated,10,116,7,6
TRPVIS250802b893756b,2025-08-02,AP01,new,25,252,10,8
TRPIND2508024b017e5d,2025-08-02,MP01,new,20,183,9,8
TRPJAI2508028035204f,2025-08-02,RJ01,new,20,277,8,8
TRPCHA250802dccfbce5,2025-08-02,CH01,repeated,22,224,7,8
TRPCOI25080236ce4de3,2025-08-02,TN01,new,16,151,8,8
TRPCHA2508028e427ce5,2025-08-02,CH01,new,24,242,7,8
TRPSUR250802d4784315,2025-08-02,GJ01,repeated,17,155,6,6
TRPLUC250802befe0b89,2025-08-02,UP01,repeated,13,143,5,7
TRPVAD250802f707b279,2025-08-02,GJ02,repeated,8,82,7,5
TRPLUC2508029d670ca1,2025-08-02,UP01,repeated,8,98,7,5
TRPJAI250802e64dd066,2025-08-02,RJ01,new,22,301,9,8
TRPCOI250802f2dfd16d,2025-08-02,TN01,new,14,135,8,8
TRPLUC250802da18b6e8,2025-08-02,UP01,new,16,170,9,7
TRPSUR25080260dfe99d,2025-08-02,GJ01,repeated,12,115,5,5
TRPIND25080273362b64,2025-08-02,MP01,new,15,143,8,7
TRPSUR25080237b2fa55,2025-08-02,GJ01,repeated,13,123,6,7
TRPLUC2508020158a096,2025-08-02,UP01,repeated,10,116,6,5
TRPSUR25080249ba597a,2025-08-02,GJ01,repeated,14,131,6,5
TRPKOC250802e52668b0,2025-08-02,KL01,repeated,32,383,8,9
TRPJAI2508027391f5eb,2025-08-02,RJ01,new,41,529,10,8
TRPJAI2508027221e60d,2025-08-02,RJ01,new,45,577,9,9
TRPLUC25080280b64676,2025-08-02,UP01,repeated,20,206,6,8
TRPVAD250802f84fcbaf,2025-08-02,GJ02,repeated,12,114,7,5
TRPIND2508022e76a6ce,2025-08-02,MP01,repeated,18,167,9,6
TRPCHA250802c84f1cb3,2025-08-02,CH01,new,26,260,7,9
TRPIND250802978208ba,2025-08-02,MP01,repeated,24,215,6,7
TRPVIS250802f93ac248,2025-08-02,AP01,repeated,16,171,9,10
TRPCHA250802c928e573,2025-08-02,CH01,repeated,18,188,7,6
TRPVAD25080255a3de44,2025-08-02,GJ02,repeated,10,98,5,6
TRPLUC2508027041ca01,2025-08-02,UP01,repeated,6,80,5,7
TRPJAI250802ce61784a,2025-08-02,RJ01,repeated,27,361,9,8
TRPLUC25080289c5f556,2025-08-02,UP01,repeated,18,188,5,7
TRPVAD25080219712e7d,2025-08-02,GJ02,repeated,7,74,7,5
TRPLUC250802eecb5a43,2025-08-02,UP01,new,14,152,8,7
TRPJAI250802878415fd,2025-08-02,RJ01,new,15,217,8,9
TRPCHA250802b0a5d32b,2025-08-02,CH01,repeated,19,197,8,7
TRPJAI25080247f0abf1,2025-08-02,RJ01,new,38,493,8,8
TRPJAI250802c45166d1,2025-08-02,RJ01,new,19,265,9,10
TRPSUR2508021a3d9bd4,2025-08-02,GJ01,repeated,13,123,6,5
TRPCOI250802e95033f1,2025-08-02,TN01,repeated,8,87,7,8
TRPSUR250802987db901,2025-08-02,GJ01,repeated,6,67,6,6
TRPVAD2508028a13ea7a,2025-08-02,GJ02,new,10,98,7,7
TRPKOC2508021a2b1d2a,2025-08-02,KL01,new,16,207,9,9
TRPSUR250802210c8481,2025-08-02,GJ01,repeated,7,75,7,7
TRPVIS2508020234389d,2025-08-02,AP01,repeated,16,171,9,8
TRPIND250802e673827c,2025-08-02,MP01,new,19,175,8,9
TRPKOC2508022a522b76,2025-08-02,KL01,new,23,284,9,10
TRPKOC250802d652bceb,2025-08-02,KL01,new,23,284,8,8
TRPIND2508021e2f5db3,2025-08-02,MP01,repeated,17,159,8,9
TRPSUR25080274bc1b88,2025-08-02,GJ01,repeated,10,99,6,6
TRPLUC250802a6204d88,2025-08-02,UP01,repeated,9,107,7,5
TRPLUC2508029c240969,2025-08-02,UP01,repeated,13,143,6,7
TRPLUC250802ee4170d5,2025-08-02,UP01,repeated,15,161,6,7
TRPIND250802a75698f0,2025-08-02,MP01,repeated,8,87,9,6
TRPLUC25080285beb65f,2025-08-02,UP01,repeated,14,152,6,6
TRPVAD25080216baedc1,2025-08-02,GJ02,new,6,66,9,8
TRPLUC250802730e3999,2025-08-02,UP01,repeated,13,143,5,5
TRPLUC2508025db34d36,2025-08-02,UP01,repeated,9,107,6,5
TRPJAI25080228bb5979,2025-08-02,RJ01,new,38,493,10,10
TRPLUC250802f5e91f2d,2025-08-02,UP01,new,10,116,9,6
TRPSUR2508029f721268,2025-08-02,GJ01,repeated,9,91,5,5
TRPSUR250802d9460686,2025-08-02,GJ01,repeated,5,59,6,7
TRPLUC2508022f7c2b7a,2025-08-02,UP01,repeated,8,98,6,8
TRPVAD2508027c45310c,2025-08-02,GJ02,repeated,17,154,5,7
TRPLUC2508027ff94245,2025-08-02,UP01,repeated,13,143,6,7
TRPLUC250802291c18dc,2025-08-02,UP01,new,12,134,8,6
TRPIND250802a9bff2db,2025-08-02,MP01,new,24,215,9,7
TRPCHA2508026dab00d6,2025-08-02,CH01,new,12,134,9,7
TRPCHA250802b5826b8b,2025-08-02,CH01,repeated,33,323,7,7
TRPVIS250802128f771e,2025-08-02,AP01,new,22,225,8,9
TRPMYS25080248a5145b,2025-08-02,KA01,new,24,275,9,8
TRPVAD25080254bcebc4,2025-08-02,GJ02,repeated,14,130,7,7
TRPSUR250802db026837,2025-08-02,GJ01,repeated,16,147,5,6
TRPJAI250802cfd2b061,2025-08-02,RJ01,repeated,33,433,9,8
TRPKOC2508023a4e945e,2025-08-02,KL01,repeated,12,163,7,9
TRPIND250802273b0a5f,2025-08-02,MP01,new,16,151,10,8
TRPLUC250802979931ed,2025-08-02,UP01,repeated,15,161,5,6
TRPKOC25080259c7f313,2025-08-02,KL01,new,28,339,8,10
TRPVIS250802a454bed5,2025-08-02,AP01,repeated,32,315,7,9
TRPCHA250802e7e5ca99,2025-08-02,CH01,repeated,26,260,8,6
TRPCHA250802836505da,2025-08-02,CH01,new,31,305,9,8
TRPCHA250802bc9c49a8,2025-08-02,CH01,repeated,35,341,8,9
TRPVAD25080234a0a4d6,2025-08-02,GJ02,repeated,9,90,6,7
TRPCOI2508029cab8838,2025-08-02,TN01,repeated,11,111,7,8
TRPVAD250802d4464e7d,2025-08-02,GJ02,repeated,13,122,6,6
TRPLUC25080274ca2216,2025-08-02,UP01,new,12,134,7,6
TRPJAI250802a086dccb,2025-08-02,RJ01,new,43,553,9,10
TRPJAI250802e769ccfb,2025-08-02,RJ01,repeated,26,349,9,10
TRPKOC250802e9030afd,2025-08-02,KL01,new,38,449,8,10
TRPLUC2508020372e481,2025-08-02,UP01,repeated,20,206,6,7
TRPLUC250802fad0746d,2025-08-02,UP01,repeated,20,206,6,5
TRPKOC250802100255fc,2025-08-02,KL01,new,22,273,9,10
TRPVAD2508027cb06369,2025-08-02,GJ02,repeated,14,130,6,7
TRPVIS2508029731552c,2025-08-02,AP01,new,24,243,8,9
TRPLUC25080286b0c30b,2025-08-02,UP01,repeated,15,161,6,6
TRPLUC25080272f8f4a6,2025-08-02,UP01,repeated,15,161,6,7
TRPVAD250802f94b48d7,2025-08-02,GJ02,repeated,10,98,5,5
TRPJAI250802defac622,2025-08-02,RJ01,new,17,241,9,9
TRPJAI250802ead2d38f,2025-08-02,RJ01,new,40,517,9,8
TRPSUR250802e2c67da0,2025-08-02,GJ01,repeated,9,91,5,6
TRPJAI250802ca6aeb42,2025-08-02,RJ01,new,16,229,8,9
TRPVIS2508028aa9f5fc,2025-08-02,AP01,repeated,14,153,7,10
TRPJAI2508024e581e6f,2025-08-02,RJ01,new,19,265,9,10
TRPCHA2508020995538d,2025-08-02,CH01,repeated,31,305,6,9
TRPJAI250802a4e76b27,2025-08-02,RJ01,new,43,553,9,10
TRPJAI2508026b34b1a3,2025-08-02,RJ01,repeated,40,517,8,9
TRPVAD250802c54895d5,2025-08-02,GJ02,repeated,8,82,5,8
TRPKOC2508026a83f070,2025-08-02,KL01,repeated,20,251,9,10
TRPLUC2508022f7678d3,2025-08-02,UP01,repeated,14,152,5,8
TRPVIS25080243db854f,2025-08-02,AP01,repeated,24,243,7,10
TRPCOI2508027d54a82d,2025-08-02,TN01,new,12,119,8,8
TRPKOC250802ba59a2cd,2025-08-02,KL01,new,23,284,9,10
TRPIND250802653ad124,2025-08-02,MP01,repeated,9,95,7,7
TRPVIS250802db9c3b79,2025-08-02,AP01,repeated,34,333,9,10
TRPJAI250802356cc1a3,2025-08-02,RJ01,new,36,469,10,10
TRPCHA2508027673ec5c,2025-08-02,CH01,repeated,13,143,9,9
TRPLUC25080261abcb61,2025-08-02,UP01,new,8,98,8,7
TRPVIS2508023121b204,2025-08-02,AP01,new,17,180,9,10
TRPLUC250802f099609f,2025-08-02,UP01,repeated,20,206,6,6
TRPJAI250802ef96c55d,2025-08-02,RJ01,new,27,361,9,9
TRPSUR2508020cd2b254,2025-08-02,GJ01,new,15,139,8,8
TRPLUC250802c2f107b8,2025-08-02,UP01,repeated,14,152,5,8
TRPSUR25080208682954,2025-08-02,GJ01,repeated,9,91,7,7
TRPJAI25080223d17fe2,2025-08-02,RJ01,new,24,325,8,8
TRPCHA2508025fb2d605,2025-08-02,CH01,repeated,29,287,6,7
TRPKOC2508023f356957,2025-08-02,KL01,new,29,350,8,10
TRPSUR25080274189ff0,2025-08-02,GJ01,repeated,16,147,5,8
TRPCOI25080262322700,2025-08-02,TN01,new,9,95,10,7
TRPCOI250802878d34ca,2025-08-02,TN01,new,20,183,8,9
TRPJAI25080208c01a48,2025-08-02,RJ01,new,17,241,10,9
TRPLUC250802b862e9cc,2025-08-02,UP01,repeated,17,179,7,8
TRPVIS2508021bfe6646,2025-08-02,AP01,repeated,27,270,9,10
TRPJAI2508020dc2bb94,2025-08-02,RJ01,repeated,19,265,7,9
TRPCOI2508028e99e609,2025-08-02,TN01,repeated,18,167,6,9
TRPLUC250802d537b584,2025-08-02,UP01,repeated,6,80,6,7
TRPIND250802182cc276,2025-08-02,MP01,repeated,25,223,8,8
TRPVAD250802f0084d0e,2025-08-02,GJ02,repeated,12,114,5,8
TRPIND250802ab3dd74c,2025-08-02,MP01,repeated,12,119,9,6
TRPLUC25080232274e87,2025-08-02,UP01,repeated,15,161,5,8
TRPIND250802a5fb738c,2025-08-02,MP01,repeated,13,127,9,8
TRPLUC25080238dd8413,2025-08-02,UP01,new,13,143,9,8
TRPLUC250802bc19abce,2025-08-02,UP01,repeated,10,116,5,7
TRPVAD250802591152c8,2025-08-02,GJ02,repeated,13,122,5,6
TRPSUR25080201a785d1,2025-08-02,GJ01,repeated,17,155,5,7
TRPJAI2508020944e411,2025-08-02,RJ01,new,24,325,8,10
TRPSUR250802bf6e7357,2025-08-02,GJ01,repeated,10,99,7,6
TRPVAD2508027db03e8d,2025-08-02,GJ02,repeated,18,162,6,5
TRPMYS25080242c9b58a,2025-08-02,KA01,new,15,185,10,10
TRPSUR25080224e17be0,2025-08-02,GJ01,new,9,91,7,8
TRPLUC250802cf6de7af,2025-08-02,UP01,repeated,15,161,6,7
TRPVAD250802894bd11d,2025-08-02,GJ02,repeated,11,106,5,8
TRPKOC25080291cdaf26,2025-08-02,KL01,repeated,17,218,8,9
TRPKOC2508028901346b,2025-08-02,KL01,repeated,25,306,8,9
TRPIND25080217c91740,2025-08-02,MP01,new,25,223,8,9
TRPMYS2508027a6d936c,2025-08-02,KA01,new,19,225,9,9
TRPIND25080271b7753f,2025-08-02,MP01,repeated,19,175,8,9
TRPSUR250802c35c97ec,2025-08-02,GJ01,repeated,14,131,6,5
TRPSUR250802ef3ed537,2025-08-02,GJ01,repeated,14,131,5,5
TRPLUC2508022f252a80,2025-08-02,UP01,new,10,116,9,7
TRPLUC250802c17b687a,2025-08-02,UP01,repeated,5,71,6,5
TRPVAD2508025819fa1b,2025-08-02,GJ02,repeated,8,82,5,8
TRPCHA250802460421d5,2025-08-02,CH01,new,35,341,10,8
TRPVAD25080272370db1,2025-08-02,GJ02,repeated,13,122,7,6
TRPJAI25080252294b86,2025-08-02,RJ01,new,45,577,8,9
TRPLUC25080218d2840e,2025-08-02,UP01,repeated,19,197,6,8
TRPIND250802c13df4c7,2025-08-02,MP01,new,19,175,8,7
TRPIND25080218096b59,2025-08-02,MP01,repeated,23,207,6,6
TRPCOI25080232dd4806,2025-08-02,TN01,repeated,12,119,6,6
TRPLUC2508028c30ee34,2025-08-02,UP01,repeated,12,134,7,5
TRPMYS25080282459ce9,2025-08-02,KA01,new,12,155,9,9
TRPJAI250802f04b618c,2025-08-02,RJ01,repeated,20,277,7,10
TRPJAI2508020fb58a4c,2025-08-02,RJ01,new,34,445,9,10
TRPIND250802d3c7e617,2025-08-02,MP01,repeated,17,159,7,7
TRPCHA2508028c8bdc93,2025-08-02,CH01,new,14,152,9,9
TRPIND250802689f9c2d,2025-08-02,MP01,repeated,19,175,8,6
TRPJAI250802abbffe62,2025-08-02,RJ01,new,45,577,10,10
TRPSUR250802062601e1,2025-08-02,GJ01,repeated,6,67,7,7
TRPCHA250802bf9f8c1b,2025-08-02,CH01,repeated,31,305,6,6
TRPJAI2508026298d733,2025-08-02,RJ01,new,31,409,8,8
TRPLUC2508027c244c48,2025-08-02,UP01,new,6,80,9,7
TRPSUR250802ea039bea,2025-08-02,GJ01,repeated,9,91,6,5
TRPCHA2508022b0ffaf3,2025-08-02,CH01,repeated,28,278,9,8
TRPKOC250802faf6031c,2025-08-02,KL01,repeated,17,218,9,8
TRPIND2508021663295c,2025-08-02,MP01,repeated,9,95,9,9
TRPCHA250802578c1222,2025-08-02,CH01,new,33,323,7,9
TRPJAI250802b409667e,2025-08-02,RJ01,new,45,577,8,8
TRPSUR250802b24a5af1,2025-08-02,GJ01,repeated,13,123,6,7
TRPSUR250802ef0ed54d,2025-08-02,GJ01,repeated,15,139,5,6
TRPIND25080206a10a89,2025-08-02,MP01,new,16,151,10,7
TRPVIS250802c9a68c26,2025-08-02,AP01,new,13,144,9,9
TRPKOC250802540f9684,2025-08-02,KL01,repeated,27,328,7,9
TRPVAD2508022a88e8c2,2025-08-02,GJ02,repeated,9,90,5,5
TRPLUC2508029989d7e1,2025-08-02,UP01,new,8,98,9,7
TRPJAI25080243d1b5dd,2025-08-02,RJ01,repeated,38,493,8,8
TRPIND250802a6349a01,2025-08-02,MP01,new,21,191,10,8
TRPKOC2508024b713376,2025-08-02,KL01,new,14,185,10,10
TRPSUR2508029a98a561,2025-08-02,GJ01,repeated,7,75,7,5
TRPSUR2508025029daec,2025-08-02,GJ01,new,12,115,7,7
TRPLUC250802e4d4b38d,2025-08-02,UP01,new,6,80,7,6
TRPSUR25080205abc64b,2025-08-02,GJ01,new,6,67,8,8
TRPJAI250802423fa26b,2025-08-02,RJ01,new,33,433,10,10
TRPJAI2508025cc2afef,2025-08-02,RJ01,new,37,481,10,8
TRPCHA25080214370fd5,2025-08-02,CH01,repeated,23,233,7,6
TRPJAI2508023f560825,2025-08-02,RJ01,new,34,445,8,9
TRPLUC250802c176ed15,2025-08-02,UP01,repeated,15,161,6,5
TRPIND2508021095c228,2025-08-02,MP01,repeated,13,127,6,9
TRPSUR250802fcbb6594,2025-08-02,GJ01,new,11,107,7,6
TRPSUR250802a0b393b3,2025-08-02,GJ01,repeated,17,155,5,7
TRPKOC250802234a9a5e,2025-08-02,KL01,new,20,251,9,9
TRPLUC25080200688cba,2025-08-02,UP01,repeated,19,197,6,5
TRPLUC250802b36771b7,2025-08-02,UP01,new,17,179,7,7
TRPCHA25080274f0204b,2025-08-02,CH01,repeated,22,224,6,7
TRPJAI2508029079d36d,2025-08-02,RJ01,new,45,577,10,9
TRPJAI250802bc8431a3,2025-08-02,RJ01,new,37,481,9,10
TRPLUC250802a4ccae44,2025-08-02,UP01,repeated,6,80,5,8
TRPJAI25080252a5b7c8,2025-08-02,RJ01,repeated,32,421,7,8
TRPJAI250802c294de60,2025-08-02,RJ01,repeated,24,325,8,8
TRPLUC25080268801752,2025-08-02,UP01,repeated,16,170,6,5
TRPVAD250802dcaf8f69,2025-08-02,GJ02,repeated,8,82,6,5
TRPCOI2508027f22cf41,2025-08-02,TN01,repeated,15,143,7,7
TRPKOC2508021171c5cb,2025-08-02,KL01,repeated,11,152,8,8
TRPVAD250802795a5cb0,2025-08-02,GJ02,new,14,130,8,6
TRPVAD250802b1de1f6c,2025-08-02,GJ02,repeated,16,146,6,5
TRPCHA2508020f206acc,2025-08-02,CH01,new,19,197,8,7
TRPIND25080234795750,2025-08-02,MP01,new,12,119,9,9
TRPCOI250802730cd6c6,2025-08-02,TN01,repeated,17,159,8,9
TRPSUR25080296799eae,2025-08-02,GJ01,repeated,12,115,5,6
TRPJAI25080206dd2fdb,2025-08-02,RJ01,repeated,34,445,8,9
TRPVAD2508029ed4743f,2025-08-02,GJ02,repeated,7,74,5,7
TRPSUR25080237e8b615,2025-08-02,GJ01,repeated,5,59,5,5
TRPJAI25080238f246f7,2025-08-02,RJ01,new,44,565,9,9
TRPIND25080293f0cd0d,2025-08-02,MP01,new,14,135,7,8
TRPIND25080243e751db,2025-08-02,MP01,repeated,20,183,8,7
TRPCHA2508029980e39b,2025-08-02,CH01,new,21,215,7,7
TRPIND25080246695e6e,2025-08-02,MP01,repeated,12,119,8,7
TRPLUC2508027b594666,2025-08-02,UP01,repeated,17,179,7,8
TRPKOC250802060bda62,2025-08-02,KL01,repeated,33,394,8,9
TRPSUR2508021f570399,2025-08-02,GJ01,new,16,147,7,8
TRPLUC2508020b865bc4,2025-08-02,UP01,repeated,5,71,6,6
TRPJAI2508027a93d41b,2025-08-02,RJ01,repeated,38,493,8,8
TRPJAI2508021e39c194,2025-08-02,RJ01,repeated,34,445,9,10
TRPVAD25080216cd9501,2025-08-02,GJ02,repeated,8,82,5,6
TRPVAD2508024acd4b35,2025-08-02,GJ02,new,6,66,8,6
TRPJAI25080296dcefdb,2025-08-02,RJ01,repeated,37,481,8,8
TRPCHA2508022a2fd65b,2025-08-02,CH01,new,19,197,9,7
TRPLUC250802f32bd8be,2025-08-02,UP01,repeated,11,125,7,6
TRPJAI2508023cf07b63,2025-08-02,RJ01,new,32,421,9,9
TRPJAI250802cd19a5a3,2025-08-02,RJ01,new,18,253,9,9
TRPLUC25080200f7d0c5,2025-08-02,UP01,repeated,12,134,7,6
TRPLUC250802f90da2af,2025-08-02,UP01,repeated,10,116,5,5
TRPJAI2508026d136c6a,2025-08-02,RJ01,repeated,18,253,7,8
TRPVAD25080221ecbc60,2025-08-02,GJ02,new,10,98,8,8
TRPVIS2508024c51336a,2025-08-02,AP01,new,16,171,10,9
TRPKOC2508022814ab3f,2025-08-02,KL01,new,27,328,10,10
TRPSUR2508020bfb9301,2025-08-02,GJ01,new,7,75,9,6
TRPCOI250802e70087fc,2025-08-02,TN01,repeated,19,175,9,6
TRPCHA250802a52953b4,2025-08-02,CH01,repeated,25,251,7,8
TRPLUC25080212a5e705,2025-08-02,UP01,repeated,17,179,6,5
TRPCHA25080273840d0c,2025-08-02,CH01,repeated,12,134,9,6
TRPKOC2508028d349cb9,2025-08-02,KL01,new,38,449,10,8
TRPSUR2508020ee5e37a,2025-08-02,GJ01,repeated,8,83,7,6
TRPMYS2508023264d743,2025-08-02,KA01,new,15,185,10,8
TRPSUR250802b238717f,2025-08-02,GJ01,repeated,5,59,6,8
TRPCOI250802c5b65f95,2025-08-02,TN01,new,11,111,8,9
TRPLUC250802db08fb63,2025-08-02,UP01,new,11,125,7,8
TRPLUC2508024c212a21,2025-08-02,UP01,new,18,188,7,8
TRPVIS250802926d5ed4,2025-08-02,AP01,repeated,10,117,7,8
TRPKOC25080234fd7d20,2025-08-02,KL01,repeated,30,361,7,8
TRPJAI250802b23119f0,2025-08-02,RJ01,repeated,42,541,7,10
TRPMYS250802484524af,2025-08-02,KA01,new,22,255,10,8
TRPMYS2508028f2fadad,2025-08-02,KA01,repeated,25,285,9,10
TRPCHA250802d754cbe6,2025-08-02,CH01,new,21,215,9,9
TRPCHA250802a64e4e9f,2025-08-02,CH01,new,17,179,9,9
TRPCHA2508028a3a4147,2025-08-02,CH01,new,22,224,7,7
TRPJAI250802ae1a175b,2025-08-02,RJ01,new,16,229,10,9
TRPCHA250802103d4da4,2025-08-02,CH01,new,23,233,10,9
TRPLUC25080205ba9425,2025-08-02,UP01,repeated,17,179,5,6
TRPJAI25080222eb599f,2025-08-02,RJ01,new,15,217,8,9
TRPVAD250802bbfb8f57,2025-08-02,GJ02,repeated,7,74,6,6
TRPJAI25080248b9e30c,2025-08-02,RJ01,new,31,409,10,9
TRPIND2508029bfa446e,2025-08-02,MP01,repeated,9,95,7,7
TRPLUC25080289fd1f7f,2025-08-02,UP01,repeated,6,80,7,7
TRPCOI2508026dfd90de,2025-08-02,TN01,repeated,17,159,9,9
TRPJAI2508025b454454,2025-08-02,RJ01,repeated,34,445,9,8
TRPSUR250802cdab02ad,2025-08-02,GJ01,repeated,11,107,6,5
TRPSUR2508022dcf2f8f,2025-08-02,GJ01,repeated,15,139,6,7
TRPJAI25080231ec912c,2025-08-02,RJ01,new,27,361,10,8
TRPKOC2508025569491a,2025-08-02,KL01,repeated,12,163,7,8
TRPIND2508029a178fce,2025-08-02,MP01,new,9,95,10,7
TRPMYS2508026c3a8060,2025-08-02,KA01,new,19,225,8,10
TRPIND25080211eaf9cd,2025-08-02,MP01,new,23,207,8,7
TRPJAI2508021ba96223,2025-08-02,RJ01,new,42,541,10,10
TRPSUR2508027ad23328,2025-08-02,GJ01,repeated,15,139,5,7
TRPMYS250802d8de0303,2025-08-02,KA01,new,13,165,9,9
TRPSUR250802c978bb29,2025-08-02,GJ01,repeated,17,155,5,7
TRPJAI250802f64f93eb,2025-08-02,RJ01,new,31,409,8,9
TRPCOI25080276fb75b5,2025-08-02,TN01,repeated,17,159,9,9
TRPIND2508022fd98fdf,2025-08-02,MP01,repeated,9,95,9,8
TRPSUR2508024cccbc76,2025-08-02,GJ01,repeated,17,155,6,7
TRPKOC2508024229236a,2025-08-02,KL01,new,19,240,8,8
TRPSUR250802db036ba0,2025-08-02,GJ01,repeated,15,139,6,7
TRPJAI2508024ff10088,2025-08-02,RJ01,new,43,553,8,9
TRPSUR250802ec20c6f6,2025-08-02,GJ01,repeated,5,59,5,7
TRPLUC25080291ca962a,2025-08-02,UP01,new,19,197,8,8
TRPKOC250802c1e5e91c,2025-08-02,KL01,repeated,24,295,8,10
TRPLUC2508028f96dba9,2025-08-02,UP01,repeated,17,179,7,7
TRPIND2508022db0e978,2025-08-02,MP01,new,24,215,10,8
TRPLUC250802fd056f95,2025-08-02,UP01,repeated,7,89,7,5
TRPKOC25080294cdf377,2025-08-02,KL01,repeated,30,361,8,9
TRPKOC250802ac816f0e,2025-08-02,KL01,new,24,295,9,9
TRPLUC25080279681982,2025-08-02,UP01,repeated,15,161,5,8
TRPCOI25080289702832,2025-08-02,TN01,new,10,103,7,8
TRPVAD2508025f8e0f84,2025-08-02,GJ02,repeated,18,162,5,8
TRPJAI250802a8fb4c4b,2025-08-02,RJ01,new,28,373,10,10
TRPKOC2508024f48df2d,2025-08-02,KL01,new,31,372,10,9
TRPJAI2508026d20e89e,2025-08-02,RJ01,new,31,409,9,9
TRPJAI250802b06503fc,2025-08-02,RJ01,new,35,457,8,8
TRPIND250802bd3e62e8,2025-08-02,MP01,new,11,111,7,9
TRPSUR250802cc5d85a8,2025-08-02,GJ01,repeated,9,91,7,6
TRPJAI2508024e58828f,2025-08-02,RJ01,new,37,481,9,8
TRPSUR2508020079c0b8,2025-08-02,GJ01,repeated,6,67,5,6
TRPJAI25080231593d90,2025-08-02,RJ01,new,16,229,8,10
TRPIND25080203550469,2025-08-02,MP01,new,19,175,10,8
TRPIND25080296b42991,2025-08-02,MP01,repeated,10,103,9,8
TRPVIS250802a7b312d7,2025-08-02,AP01,new,23,234,8,9
TRPSUR250802ef51752f,2025-08-02,GJ01,repeated,15,139,5,6
TRPVAD2508021017320f,2025-08-02,GJ02,repeated,17,154,5,5
TRPSUR25080208f6550b,2025-08-02,GJ01,repeated,7,75,7,7
TRPIND250802a4c48093,2025-08-02,MP01,new,23,207,9,9
TRPJAI25080271fd5be6,2025-08-02,RJ01,new,36,469,8,8
TRPLUC2508025dd80daf,2025-08-02,UP01,repeated,14,152,6,6
TRPLUC25080217441d62,2025-08-02,UP01,repeated,8,98,5,7
TRPLUC2508023259d346,2025-08-02,UP01,new,13,143,9,6
TRPKOC25080278a223b2,2025-08-02,KL01,new,33,394,9,9
TRPCOI250802cd148c58,2025-08-02,TN01,repeated,15,143,7,7
TRPKOC2508028a95bcdc,2025-08-02,KL01,repeated,31,372,9,8
TRPLUC2508025bc23726,2025-08-02,UP01,repeated,11,125,7,6
TRPLUC2508021fb55b62,2025-08-02,UP01,new,7,89,8,8
TRPIND25080220cc8219,2025-08-02,MP01,repeated,20,183,6,6
TRPVAD2508029540c7f9,2025-08-02,GJ02,repeated,11,106,5,6
TRPLUC250802a389bdb0,2025-08-02,UP01,new,9,107,8,8
TRPSUR250802affae401,2025-08-02,GJ01,new,10,99,8,6
TRPLUC2508024c3d6631,2025-08-02,UP01,repeated,11,125,6,6
TRPIND250802bde872b0,2025-08-02,MP01,repeated,20,183,7,6
TRPJAI2508021ed9f997,2025-08-02,RJ01,new,24,325,8,9
TRPCOI250802da3e551e,2025-08-02,TN01,repeated,14,135,9,9
TRPCHA2508029933109b,2025-08-02,CH01,repeated,20,206,8,6
TRPCOI2508022d0ef528,2025-08-02,TN01,repeated,10,103,7,9
TRPJAI250802b571114c,2025-08-02,RJ01,new,35,457,9,8
TRPLUC250802797e9997,2025-08-02,UP01,repeated,10,116,7,6
TRPSUR250802e5b205b4,2025-08-02,GJ01,repeated,13,123,7,8
TRPVAD25080260ee67ec,2025-08-02,GJ02,new,10,98,7,8
TRPVAD250802a416952c,2025-08-02,GJ02,repeated,17,154,7,6
TRPKOC250802facd3307,2025-08-02,KL01,new,30,361,10,10
TRPJAI250802bedac794,2025-08-02,RJ01,repeated,43,553,9,10
TRPJAI250802fc106b91,2025-08-02,RJ01,new,18,253,9,9
TRPCOI25080228aaa1e6,2025-08-02,TN01,new,22,199,7,8
TRPCHA25080222e5a126,2025-08-02,CH01,repeated,24,242,9,7
TRPKOC2508025b59c8c5,2025-08-02,KL01,repeated,18,229,8,9
TRPVAD250802040245c3,2025-08-02,GJ02,repeated,11,106,7,6
TRPSUR250802dfec1163,2025-08-02,GJ01,repeated,10,99,5,7
TRPJAI2508021c960e54,2025-08-02,RJ01,repeated,26,349,8,8
TRPLUC2508028f70ac9f,2025-08-02,UP01,new,14,152,9,7
TRPCOI250802c04cc3dc,2025-08-02,TN01,repeated,9,95,8,8
TRPIND2508023e9c7cb6,2025-08-02,MP01,repeated,11,111,9,8
TRPVIS250802ea24e6c9,2025-08-02,AP01,repeated,30,297,7,8
TRPIND2508029ce3e87f,2025-08-02,MP01,new,9,95,7,7
TRPJAI25080273cf5238,2025-08-02,RJ01,new,45,577,10,10
TRPCHA25080240782237,2025-08-02,CH01,new,19,197,7,7
TRPSUR250802c2feb711,2025-08-02,GJ01,repeated,16,147,5,6
TRPLUC250802f193bbb2,2025-08-02,UP01,repeated,18,188,5,8
TRPLUC250802da3ff50f,2025-08-02,UP01,repeated,8,98,6,8
TRPMYS2508021fd39fb9,2025-08-02,KA01,new,11,145,10,10
TRPSUR25080294e7d893,2025-08-02,GJ01,repeated,5,59,6,6
TRPKOC2508020d8048f8,2025-08-02,KL01,repeated,31,372,7,8
TRPJAI25080283e1da23,2025-08-02,RJ01,new,15,217,9,8
TRPKOC2508027f76880a,2025-08-02,KL01,new,31,372,8,9
TRPKOC2508024b67b064,2025-08-02,KL01,new,27,328,10,10
TRPJAI2508029d081e79,2025-08-02,RJ01,repeated,24,325,7,8
TRPLUC2508026a428c1a,2025-08-02,UP01,repeated,6,80,1,4
TRPLUC250802cb6bc1c7,2025-08-02,UP01,repeated,6,80,5,6
TRPJAI25080262edbed1,2025-08-02,RJ01,repeated,33,433,9,9
TRPJAI250802d09780da,2025-08-02,RJ01,new,35,457,8,10
TRPLUC2508025b5071c5,2025-08-02,UP01,repeated,8,98,7,5
TRPJAI2508028af828e4,2025-08-02,RJ01,repeated,25,337,9,9
TRPKOC250802e3ea4673,2025-08-02,KL01,new,23,284,8,8
TRPIND250802f5de8a1f,2025-08-02,MP01,new,23,207,9,7
TRPVAD250802def77ab9,2025-08-02,GJ02,repeated,10,98,6,7
TRPVAD250802e26f7f7b,2025-08-02,GJ02,repeated,8,82,6,7
TRPLUC250802eb2ad547,2025-08-02,UP01,repeated,14,152,7,5
TRPJAI250802b2c22126,2025-08-02,RJ01,new,17,241,10,9
TRPJAI25080237f23b94,2025-08-02,RJ01,repeated,15,217,8,8
TRPKOC2508027c4ce89c,2025-08-02,KL01,repeated,30,361,7,8
TRPSUR250802be134cdd,2025-08-02,GJ01,repeated,13,123,6,6
TRPIND250802ff5299c7,2025-08-02,MP01,repeated,21,191,6,8
TRPCOI2508023a8e4f26,2025-08-02,TN01,repeated,9,95,9,7
TRPLUC250802dbdf60a5,2025-08-02,UP01,repeated,11,125,6,5
TRPLUC2508028adcde2e,2025-08-02,UP01,new,10,116,7,7
TRPVAD250802707059a3,2025-08-02,GJ02,new,10,98,8,8
TRPLUC2508020833aac2,2025-08-02,UP01,repeated,14,152,6,5
TRPSUR250802a9a0b210,2025-08-02,GJ01,repeated,5,59,6,8
TRPKOC2508026f604fc5,2025-08-02,KL01,new,27,328,8,10
TRPSUR25080232cc360b,2025-08-02,GJ01,repeated,10,99,7,5
TRPKOC25080256f74f79,2025-08-02,KL01,new,32,383,8,8
TRPCOI250802896049f1,2025-08-02,TN01,repeated,22,199,8,6
TRPJAI25080268a55178,2025-08-02,RJ01,repeated,25,337,9,9
TRPCHA250802c499e82e,2025-08-02,CH01,new,20,206,9,8
TRPCOI250802666c2bff,2025-08-02,TN01,repeated,21,191,7,8
TRPKOC250802b1ff6dd0,2025-08-02,KL01,new,21,262,9,9
TRPSUR250802c8fa6db5,2025-08-02,GJ01,repeated,7,75,6,8
TRPVAD250802518dda63,2025-08-02,GJ02,repeated,11,106,5,7
TRPCOI250802bd50cc04,2025-08-02,TN01,repeated,20,183,6,8
TRPIND250802d7286e5f,2025-08-02,MP01,new,19,175,9,8
TRPJAI25080204d977a7,2025-08-02,RJ01,repeated,29,385,8,10
TRPVAD250802371f4ea4,2025-08-02,GJ02,repeated,14,130,7,7
TRPVIS2508026baa2b14,2025-08-02,AP01,repeated,10,117,7,8
TRPSUR250802e8ed443d,2025-08-02,GJ01,repeated,17,155,7,6
TRPLUC250802749c040a,2025-08-02,UP01,repeated,8,98,6,8
TRPCOI2508020709e1aa,2025-08-02,TN01,repeated,15,143,8,8
TRPVIS25080288a929c5,2025-08-02,AP01,repeated,33,324,8,10
TRPLUC250802a5a0814e,2025-08-02,UP01,repeated,13,143,6,8
TRPLUC250802294bcdfa,2025-08-02,UP01,new,8,98,9,7
TRPSUR2508022d6e1dd8,2025-08-02,GJ01,new,6,67,7,8
TRPCHA250802cb18153d,2025-08-02,CH01,repeated,16,170,9,9
TRPVIS25080240d6c5a0,2025-08-02,AP01,repeated,33,324,9,8
TRPCOI25080251b2b154,2025-08-02,TN01,repeated,12,119,8,6
TRPJAI25080274e2519f,2025-08-02,RJ01,new,33,433,8,10
TRPLUC2508021928ec84,2025-08-02,UP01,new,5,71,9,7
TRPIND250802e96ab019,2025-08-02,MP01,repeated,11,111,7,6
TRPSUR25080266db10ae,2025-08-02,GJ01,repeated,17,155,5,6
TRPJAI250802a4001015,2025-08-02,RJ01,repeated,26,349,9,8
TRPSUR250802569db95e,2025-08-02,GJ01,repeated,6,67,5,5
TRPCOI25080248ae6627,2025-08-02,TN01,repeated,19,175,9,8
TRPSUR25080206530058,2025-08-02,GJ01,new,11,107,9,7
TRPJAI250802dd0b85f5,2025-08-02,RJ01,new,27,361,8,10
TRPSUR250802de27966e,2025-08-02,GJ01,repeated,15,139,4,1
TRPIND25080249961b62,2025-08-02,MP01,repeated,19,175,9,8
TRPJAI2508020368334d,2025-08-02,RJ01,new,41,529,9,10
TRPKOC250802935df116,2025-08-02,KL01,repeated,30,361,7,8
TRPCHA250802af470852,2025-08-02,CH01,repeated,28,278,7,6
TRPJAI250802a21ee9ac,2025-08-02,RJ01,new,19,265,9,9
TRPJAI250802bcb559d1,2025-08-02,RJ01,new,40,517,10,8
TRPVIS25080230062b20,2025-08-02,AP01,repeated,17,180,9,10
TRPKOC250802bd744a00,2025-08-02,KL01,new,25,306,10,10
TRPCHA2508025f97d40d,2025-08-02,CH01,new,29,287,9,8
TRPKOC2508026fde61a9,2025-08-02,KL01,new,32,383,9,9
TRPVAD250802c404c375,2025-08-02,GJ02,repeated,6,66,6,6
TRPSUR250802621c8343,2025-08-02,GJ01,repeated,5,59,6,6
TRPCOI2508028967f6ab,2025-08-02,TN01,repeated,8,87,6,7
TRPLUC250802c25ef5b8,2025-08-02,UP01,repeated,16,170,7,8
TRPVAD2508026e07ea98,2025-08-02,GJ02,repeated,14,130,5,8
TRPIND25080287f4dfea,2025-08-02,MP01,repeated,20,183,6,7
TRPKOC250802831eab8a,2025-08-02,KL01,new,21,262,9,8
TRPMYS250802a280e99b,2025-08-02,KA01,repeated,15,185,8,9
TRPLUC25080265c0dd88,2025-08-02,UP01,repeated,12,134,7,6
TRPJAI250802eb5913fd,2025-08-02,RJ01,new,25,337,10,8
TRPJAI250802a1ac866c,2025-08-02,RJ01,repeated,19,265,8,8
TRPLUC25080260c4477a,2025-08-02,UP01,repeated,10,116,7,7
TRPCOI250802d9373e3f,2025-08-02,TN01,repeated,11,111,8,6
TRPCHA25080256bf3695,2025-08-02,CH01,repeated,25,251,7,8
TRPVIS250802eb1eaeb3,2025-08-02,AP01,repeated,31,306,9,8
TRPSUR2508029dc23ae5,2025-08-02,GJ01,repeated,11,107,5,6
TRPCOI2508020ec50131,2025-08-02,TN01,repeated,20,183,8,6
TRPJAI250802fe0cd813,2025-08-02,RJ01,new,31,409,9,9
TRPLUC25080244147afe,2025-08-02,UP01,repeated,11,125,6,5
TRPSUR2508021a10a9a0,2025-08-02,GJ01,repeated,5,59,6,6
TRPVAD25080233887421,2025-08-02,GJ02,repeated,7,74,7,5
TRPKOC2508022a1d0aba,2025-08-02,KL01,new,31,372,8,8
TRPIND2508024627ea11,2025-08-02,MP01,repeated,23,207,9,8
TRPKOC250802ac672f6d,2025-08-02,KL01,repeated,17,218,8,10
TRPCOI25080256728401,2025-08-02,TN01,new,13,127,7,8
TRPSUR250802d3bc879e,2025-08-02,GJ01,repeated,15,139,6,8
TRPLUC2508024ad78b37,2025-08-02,UP01,repeated,19,197,7,8
TRPLUC250802a2b87f3c,2025-08-02,UP01,repeated,8,98,5,8
TRPVAD25080271fb37f7,2025-08-02,GJ02,repeated,12,114,5,5
TRPLUC250802854679d1,2025-08-02,UP01,repeated,20,206,6,5
TRPLUC250802c06d24a5,2025-08-02,UP01,new,19,197,9,6
TRPKOC25080218ccd801,2025-08-02,KL01,repeated,29,350,7,9
TRPVIS25080277391b68,2025-08-02,AP01,new,31,306,8,9
TRPVAD250802b814f392,2025-08-02,GJ02,new,16,146,8,7
TRPJAI250802172a4d44,2025-08-02,RJ01,repeated,19,265,9,10
TRPKOC250802e861fa67,2025-08-02,KL01,new,33,394,10,8
TRPKOC250802035debff,2025-08-02,KL01,new,12,163,10,9
TRPVAD250802d0cfe36b,2025-08-02,GJ02,repeated,18,162,7,5
TRPSUR250802a45ac2db,2025-08-02,GJ01,new,16,147,8,8
TRPLUC25080293688585,2025-08-02,UP01,repeated,7,89,7,5
TRPLUC2508021771c0ee,2025-08-02,UP01,new,12,134,7,6
TRPJAI25080291d69844,2025-08-02,RJ01,repeated,29,385,8,8
TRPCOI250802e2b01a4a,2025-08-02,TN01,new,12,119,7,8
TRPLUC250802dde5e8dd,2025-08-02,UP01,repeated,13,143,7,6
TRPLUC250802f591cf70,2025-08-02,UP01,repeated,17,179,7,7
TRPKOC250802345e71b7,2025-08-02,KL01,new,17,218,9,8
TRPLUC2508029212ea5f,2025-08-02,UP01,repeated,12,134,6,7
TRPSUR25080248e0a443,2025-08-02,GJ01,repeated,16,147,7,8
TRPJAI2508029febacc0,2025-08-02,RJ01,repeated,25,337,7,8
TRPVAD25080291e0211d,2025-08-02,GJ02,new,18,162,7,7
TRPJAI250802944713bf,2025-08-02,RJ01,new,43,553,10,10
TRPSUR250802e6f7e0cd,2025-08-02,GJ01,new,12,115,8,8
TRPCOI250802e7753194,2025-08-02,TN01,repeated,18,167,8,9
TRPVAD2508023f8340a4,2025-08-02,GJ02,repeated,6,66,5,7
TRPJAI250802e8c802f5,2025-08-02,RJ01,new,28,373,10,9
TRPCOI25080284bd14cf,2025-08-02,TN01,repeated,8,87,6,7
TRPSUR250802885d7b9d,2025-08-02,GJ01,repeated,8,83,7,8
TRPLUC2508022f8bd6ca,2025-08-02,UP01,repeated,10,116,7,5
TRPSUR250802e38d9af5,2025-08-02,GJ01,repeated,6,67,5,8
TRPCOI25080227e87e07,2025-08-02,TN01,repeated,12,119,9,8
TRPJAI2508027f7c8c06,2025-08-02,RJ01,repeated,38,493,7,9
TRPSUR25080231645e02,2025-08-02,GJ01,repeated,5,59,7,7
TRPKOC2508022f296018,2025-08-02,KL01,new,21,262,9,10
TRPJAI25080294bed4be,2025-08-02,RJ01,new,28,373,9,8
TRPSUR250802a6cbade2,2025-08-02,GJ01,repeated,11,107,7,6
TRPJAI2508029d22f37c,2025-08-02,RJ01,repeated,39,505,7,8
TRPCOI2508020ed46e0d,2025-08-02,TN01,repeated,22,199,9,6
TRPCOI2508020fd48fa7,2025-08-02,TN01,new,10,103,10,9
TRPCOI250802ea79c1b6,2025-08-02,TN01,repeated,8,87,8,8
TRPCHA250802674b5f40,2025-08-02,CH01,new,25,251,8,7
TRPKOC250802e80dcf7d,2025-08-02,KL01,new,38,449,8,10
TRPKOC25080220e9c476,2025-08-02,KL01,repeated,29,350,7,8
TRPLUC2508025664b480,2025-08-02,UP01,repeated,7,89,6,5
TRPSUR25080290bd79db,2025-08-02,GJ01,repeated,8,83,7,8
TRPLUC250802020cf88a,2025-08-02,UP01,repeated,5,71,6,8
TRPSUR250802917a6e35,2025-08-02,GJ01,new,13,123,7,7
TRPIND250802460f03a3,2025-08-02,MP01,repeated,24,215,6,7
TRPKOC250802a854f172,2025-08-02,KL01,new,10,141,9,9
TRPJAI2508021d61a831,2025-08-02,RJ01,new,35,457,10,9
TRPMYS250802a70a309a,2025-08-02,KA01,repeated,14,175,8,8
TRPJAI250802b7c2d758,2025-08-02,RJ01,new,22,301,9,10
TRPLUC25080278852500,2025-08-02,UP01,new,14,152,7,7
TRPSUR25080217abf689,2025-08-02,GJ01,repeated,15,139,5,7
TRPSUR25080242553302,2025-08-02,GJ01,new,11,107,7,8
TRPSUR250802564930b7,2025-08-02,GJ01,repeated,5,59,6,5
TRPJAI25080282c34169,2025-08-02,RJ01,new,35,457,9,9
TRPKOC25080282dddebf,2025-08-02,KL01,new,36,427,8,8
TRPIND25080250913d11,2025-08-02,MP01,repeated,23,207,6,6
TRPSUR25080206b986c4,2025-08-02,GJ01,repeated,13,123,7,6
TRPIND2508022b088071,2025-08-02,MP01,repeated,10,103,9,8
TRPKOC25080247f46465,2025-08-02,KL01,repeated,37,438,8,8
TRPJAI2508022baf68f2,2025-08-02,RJ01,new,31,409,9,10
TRPKOC25080223a55d54,2025-08-02,KL01,new,32,383,10,8
TRPJAI2508022bf36a85,2025-08-02,RJ01,new,21,289,10,10
TRPKOC2508028a0554fc,2025-08-02,KL01,repeated,21,262,8,10
TRPCHA25080292306980,2025-08-02,CH01,repeated,17,179,6,9
TRPJAI2508020b83c169,2025-08-02,RJ01,new,34,445,9,9
TRPCHA2508025b014786,2025-08-02,CH01,new,17,179,10,8
TRPJAI2508020dc14137,2025-08-02,RJ01,new,20,277,8,10
TRPKOC2508027aab671a,2025-08-02,KL01,new,14,185,9,10
TRPJAI25080223ec0d8e,2025-08-02,RJ01,new,27,361,9,8
TRPLUC250802d4978f77,2025-08-02,UP01,repeated,14,152,5,8
TRPSUR2508026fd6591e,2025-08-02,GJ01,repeated,16,147,6,5
TRPIND2508029c26e763,2025-08-02,MP01,repeated,8,87,7,9
TRPSUR250802b8d5d227,2025-08-02,GJ01,repeated,14,131,6,8
TRPCHA250802b3a90c7c,2025-08-02,CH01,new,14,152,8,9
TRPIND250802007aa6aa,2025-08-02,MP01,repeated,23,207,7,8
TRPIND2508029935687c,2025-08-02,MP01,repeated,24,215,6,6
TRPJAI250802dbb0ae74,2025-08-02,RJ01,new,42,541,9,9
TRPVAD250802ef728e79,2025-08-02,GJ02,repeated,5,58,6,7
TRPCOI250802301a57a4,2025-08-02,TN01,repeated,8,87,8,7
TRPIND250802c2f5e03c,2025-08-02,MP01,repeated,15,143,7,6
TRPLUC250802b58eb335,2025-08-02,UP01,repeated,16,170,7,5
TRPLUC2508022d53e0b1,2025-08-02,UP01,repeated,11,125,7,5
TRPSUR25080245fcc7a7,2025-08-02,GJ01,repeated,8,83,5,8
TRPVAD25080247426d29,2025-08-02,GJ02,repeated,11,106,6,8
TRPVAD250802b1725e50,2025-08-02,GJ02,new,8,82,9,8
TRPSUR25080247b970fb,2025-08-02,GJ01,new,5,59,8,7
TRPLUC2508025af57743,2025-08-02,UP01,repeated,7,89,6,5
TRPKOC250802e9e130e5,2025-08-02,KL01,new,16,207,9,10
TRPVAD250802adb6492d,2025-08-02,GJ02,new,6,66,8,7
TRPCOI2508026b7eb00e,2025-08-02,TN01,repeated,8,87,8,9
TRPCHA250802762608b7,2025-08-02,CH01,repeated,14,152,8,6
TRPVAD25080247348e49,2025-08-02,GJ02,new,11,106,7,7
TRPJAI250802472df57a,2025-08-02,RJ01,repeated,29,385,7,10
TRPVAD2508027fb06f95,2025-08-02,GJ02,repeated,12,114,6,5
TRPCOI25080212a87fa9,2025-08-02,TN01,new,15,143,8,8
TRPJAI2508021d3f1beb,2025-08-02,RJ01,new,15,217,9,9
TRPCOI25080250cf0724,2025-08-02,TN01,repeated,11,111,9,6
TRPIND250802ab6c40c9,2025-08-02,MP01,repeated,20,183,9,7
TRPCHA25080233211342,2025-08-02,CH01,new,21,215,10,9
TRPSUR250802201c47dc,2025-08-02,GJ01,repeated,13,123,5,8
TRPLUC250802da0ccb17,2025-08-02,UP01,repeated,12,134,5,7
TRPVAD25080203601747,2025-08-02,GJ02,new,13,122,8,8
TRPVAD25080276a446e6,2025-08-02,GJ02,repeated,6,66,6,7
TRPLUC250802dfe39004,2025-08-02,UP01,repeated,12,134,6,6
TRPJAI25080206a964dd,2025-08-02,RJ01,new,39,505,10,8
TRPCOI250802ff6727f4,2025-08-02,TN01,new,22,199,7,8
TRPLUC250802d53374ed,2025-08-02,UP01,repeated,6,80,6,7
TRPCOI250802af7e46b9,2025-08-02,TN01,repeated,11,111,8,9
TRPSUR2508025a6d87c7,2025-08-02,GJ01,repeated,15,139,7,7
TRPVAD250802da62c9a3,2025-08-02,GJ02,repeated,18,162,6,6
TRPKOC25080270bffcd0,2025-08-02,KL01,new,29,350,9,10
TRPVAD2508022cd55742,2025-08-02,GJ02,repeated,18,162,7,8
TRPJAI2508029de9a553,2025-08-02,RJ01,repeated,43,553,9,8
TRPSUR250802b8c331dc,2025-08-02,GJ01,new,10,99,7,8
TRPCOI250802f1727150,2025-08-02,TN01,repeated,19,175,6,6
TRPJAI250802718253c1,2025-08-02,RJ01,new,20,277,10,9
TRPLUC250802011eba90,2025-08-02,UP01,repeated,19,197,6,6
TRPSUR2508029b5f1891,2025-08-02,GJ01,new,14,131,9,7
TRPKOC2508021a2c1cd6,2025-08-02,KL01,new,16,207,8,10
TRPSUR250802457c8a59,2025-08-02,GJ01,repeated,12,115,5,7
TRPSUR250802e5ac58e9,2025-08-02,GJ01,repeated,16,147,5,5
TRPLUC2508026d8052d2,2025-08-02,UP01,new,6,80,9,8
TRPLUC250802d18a5a2f,2025-08-02,UP01,repeated,15,161,6,5
TRPIND250802ec73e59a,2025-08-02,MP01,repeated,8,87,6,7
TRPJAI250802f29927ea,2025-08-02,RJ01,repeated,31,409,9,9
TRPCOI25080282c01dfa,2025-08-02,TN01,repeated,15,143,9,7
TRPKOC25080293242dac,2025-08-02,KL01,new,11,152,8,8
TRPSUR25080288ca4e54,2025-08-02,GJ01,repeated,17,155,6,6
TRPJAI250802c99e770a,2025-08-02,RJ01,new,15,217,8,9
TRPCOI25080267613aec,2025-08-02,TN01,repeated,20,183,7,9
TRPCHA2508026b6d1057,2025-08-02,CH01,repeated,23,233,8,7
TRPLUC2508022ebe4343,2025-08-02,UP01,repeated,10,116,7,6
TRPLUC250802eae1325c,2025-08-02,UP01,new,18,188,8,8
TRPJAI250802eca9ba10,2025-08-02,RJ01,repeated,34,445,8,9
TRPKOC25080236ad748a,2025-08-02,KL01,repeated,25,306,9,9
TRPJAI2508024d9cdd0d,2025-08-02,RJ01,repeated,44,565,8,10
TRPCHA25080290e7fb50,2025-08-02,CH01,repeated,27,269,7,6
TRPLUC250802c85d3062,2025-08-02,UP01,repeated,13,143,6,7
TRPCOI250802a8836141,2025-08-02,TN01,new,19,175,8,7
TRPCHA2508028eb05578,2025-08-02,CH01,new,17,179,9,8
TRPSUR250802f182cba1,2025-08-02,GJ01,repeated,14,131,5,5
TRPMYS2508027c0ea137,2025-08-02,KA01,repeated,20,235,8,9
TRPIND2508021f608b07,2025-08-02,MP01,repeated,8,87,6,9
TRPSUR250802a3ce04e2,2025-08-02,GJ01,repeated,12,115,7,8
TRPVAD250802a83b50d2,2025-08-02,GJ02,repeated,11,106,5,5
TRPJAI2508024f866aff,2025-08-02,RJ01,repeated,39,505,7,9
TRPIND25080290ecc02f,2025-08-02,MP01,repeated,25,223,6,6
TRPSUR250802f6621945,2025-08-02,GJ01,repeated,6,67,5,6
TRPVAD250802b57cede9,2025-08-02,GJ02,new,16,146,7,7
TRPVAD25080291a844e6,2025-08-02,GJ02,repeated,6,66,5,5
TRPLUC2508029ae6e200,2025-08-02,UP01,repeated,13,143,5,8
TRPMYS25080298c39257,2025-08-02,KA01,new,15,185,8,10
TRPCOI25080207153ea2,2025-08-02,TN01,new,22,199,10,8
TRPJAI2508027e3d0f5c,2025-08-02,RJ01,new,20,277,10,9
TRPCHA2508025cea9533,2025-08-02,CH01,repeated,20,206,7,6
TRPLUC2508024d604488,2025-08-02,UP01,repeated,8,98,5,7
TRPIND250802d96e1f99,2025-08-02,MP01,repeated,15,143,9,9
TRPSUR250802c9f8fdd7,2025-08-02,GJ01,repeated,10,99,5,7
TRPCHA2508020b93ce17,2025-08-02,CH01,repeated,26,260,9,9
TRPIND250802864b712c,2025-08-02,MP01,repeated,19,175,6,7
TRPKOC25080235c08786,2025-08-02,KL01,new,19,240,10,10
TRPKOC2508025346a59f,2025-08-02,KL01,repeated,15,196,7,8
TRPLUC250802f5383457,2025-08-02,UP01,repeated,16,170,5,8
TRPMYS250802dc3f86b0,2025-08-02,KA01,new,12,155,9,8
TRPVIS2508027b1a8e48,2025-08-02,AP01,new,13,144,8,8
TRPVAD250802d87aafe1,2025-08-02,GJ02,repeated,13,122,7,6
TRPKOC2508021e35121e,2025-08-02,KL01,repeated,21,262,7,9
TRPKOC25080218b73839,2025-08-02,KL01,repeated,29,350,8,10
TRPCHA250802e5fdfe6d,2025-08-02,CH01,repeated,22,224,7,7
TRPLUC2508029b1062b1,2025-08-02,UP01,repeated,20,206,7,7
TRPVIS25080211a3a49f,2025-08-02,AP01,new,18,189,8,10
TRPCHA2508021d1ba69d,2025-08-02,CH01,repeated,17,179,7,6
TRPJAI2508027a7cab45,2025-08-02,RJ01,new,17,241,9,10
TRPJAI250802eebf2f35,2025-08-02,RJ01,repeated,17,241,8,9
TRPLUC250802ed85d458,2025-08-02,UP01,repeated,6,80,5,5
TRPLUC2508020a3881d9,2025-08-02,UP01,repeated,13,143,6,5
TRPVAD250802e7cd19c6,2025-08-02,GJ02,repeated,7,74,5,8
TRPCHA2508023607abae,2025-08-02,CH01,repeated,16,170,9,6
TRPSUR250802f6a1a284,2025-08-02,GJ01,repeated,8,83,7,7
TRPIND25080240f375e3,2025-08-02,MP01,new,23,207,9,8
TRPLUC250802f3721876,2025-08-02,UP01,new,11,125,9,7
TRPCHA250802cb8b70dc,2025-08-02,CH01,repeated,25,251,8,7
TRPKOC250802422a3c19,2025-08-02,KL01,repeated,23,284,9,9
TRPIND2508020d10ed46,2025-08-02,MP01,repeated,23,207,7,6
TRPKOC2508027cb82abe,2025-08-02,KL01,new,14,185,10,10
TRPLUC25080228bea8e0,2025-08-02,UP01,new,13,143,9,8
TRPJAI25080203d326b6,2025-08-02,RJ01,new,17,241,8,8
TRPCOI2508029a00dbbd,2025-08-02,TN01,repeated,22,199,9,9
TRPKOC250802bb2183dd,2025-08-02,KL01,repeated,19,240,8,10
TRPCHA250802cba327bd,2025-08-02,CH01,repeated,25,251,9,6
TRPSUR250802ba116086,2025-08-02,GJ01,repeated,14,131,5,8
TRPCHA250802cc477c9a,2025-08-02,CH01,new,25,251,9,8
TRPCOI2508024516379a,2025-08-02,TN01,repeated,21,191,7,6
TRPLUC2508023dfcc42f,2025-08-02,UP01,repeated,14,152,6,6
TRPCHA2508022728b6ff,2025-08-02,CH01,new,35,341,8,9
TRPSUR250802e9df6a76,2025-08-02,GJ01,repeated,11,107,6,7
TRPLUC250802fad2c2d6,2025-08-02,UP01,repeated,16,170,7,5
TRPMYS250802c7f2e533,2025-08-02,KA01,new,18,215,8,9
TRPCHA250802af6dc9cb,2025-08-02,CH01,new,33,323,8,8
TRPJAI25080280ec3388,2025-08-02,RJ01,repeated,36,469,7,8
TRPMYS2508024c09cdb8,2025-08-02,KA01,new,15,185,10,8
TRPJAI25080224943a20,2025-08-02,RJ01,new,38,493,8,10
TRPJAI250802308f8f80,2025-08-02,RJ01,repeated,15,217,8,8
TRPCHA25080243e8dc26,2025-08-02,CH01,new,19,197,10,9
TRPLUC250802813b99a3,2025-08-02,UP01,new,17,179,9,6
TRPVIS250802f4cdd4ac,2025-08-02,AP01,new,17,180,10,8
TRPLUC25080243bebcf5,2025-08-02,UP01,repeated,19,197,7,5
TRPLUC250802c1d03661,2025-08-02,UP01,repeated,18,188,6,5
TRPKOC250802b7122eb9,2025-08-02,KL01,new,26,317,9,10
TRPIND250802c814bac8,2025-08-02,MP01,new,9,95,10,8
TRPLUC25080242db632e,2025-08-02,UP01,repeated,19,197,5,5
TRPLUC250802986afb7a,2025-08-02,UP01,repeated,12,134,7,8
TRPVIS250802508a179b,2025-08-02,AP01,repeated,30,297,9,9
TRPKOC2508023101c371,2025-08-02,KL01,repeated,21,262,9,8
TRPCOI2508028cb5a172,2025-08-02,TN01,new,9,95,10,7
TRPVIS250802066484a8,2025-08-02,AP01,repeated,31,306,7,9
TRPSUR25080272035ad2,2025-08-02,GJ01,repeated,6,67,5,8
TRPJAI250802417e5cc5,2025-08-02,RJ01,repeated,20,277,9,8
TRPCHA2508028e374a02,2025-08-02,CH01,repeated,28,278,9,6
TRPJAI2508023978e4cd,2025-08-02,RJ01,new,34,445,9,9
TRPCHA250802dae1eda3,2025-08-02,CH01,repeated,35,341,9,8
TRPIND250802a7c24fae,2025-08-02,MP01,repeated,8,87,9,9
TRPVAD250802a8ee8b66,2025-08-02,GJ02,new,6,66,8,7
TRPSUR2508025b6ef96f,2025-08-02,GJ01,repeated,14,131,6,8
TRPVIS250802cca464ef,2025-08-02,AP01,new,30,297,8,8
TRPCOI2508022d2754ad,2025-08-02,TN01,new,15,143,8,7
TRPIND25080270925443,2025-08-02,MP01,new,14,135,10,9
TRPLUC2508020665b59a,2025-08-02,UP01,repeated,14,152,5,6
TRPLUC25080281427b5f,2025-08-02,UP01,new,13,143,9,7
TRPLUC250802e4a7859e,2025-08-02,UP01,repeated,18,188,6,8
TRPMYS2508023f1c310d,2025-08-02,KA01,repeated,12,155,9,10
TRPSUR250802530d5961,2025-08-02,GJ01,repeated,12,115,7,7
TRPLUC2508022bf3288d,2025-08-02,UP01,new,18,188,7,8
TRPIND2508023e71c825,2025-08-02,MP01,new,13,127,9,9
TRPVAD25080209d93f62,2025-08-02,GJ02,new,18,162,7,8
TRPVIS250802e2aed351,2025-08-02,AP01,repeated,31,306,7,10
TRPLUC2508025423c210,2025-08-02,UP01,new,6,80,7,7
TRPCOI2508023209abc6,2025-08-02,TN01,repeated,18,167,7,7
TRPIND25080200c403f8,2025-08-02,MP01,repeated,13,127,7,6
TRPLUC250802f928039b,2025-08-02,UP01,repeated,16,170,6,6
TRPJAI250802726a1ab3,2025-08-02,RJ01,new,39,505,9,9
TRPVIS250802a0aae70b,2025-08-02,AP01,repeated,28,279,7,10
TRPLUC25080253f37614,2025-08-02,UP01,repeated,10,116,6,8
TRPVIS2508022a3c9a50,2025-08-02,AP01,new,20,207,8,9
TRPVAD2508024fec986a,2025-08-02,GJ02,repeated,10,98,7,8
TRPLUC2508023fb3311a,2025-08-02,UP01,repeated,16,170,7,7
TRPCHA2508023be2fee6,2025-08-02,CH01,repeated,23,233,9,9
TRPLUC2508023a4f1c5d,2025-08-02,UP01,repeated,7,89,5,8
TRPLUC250802fbe47c10,2025-08-02,UP01,repeated,16,170,6,7
TRPSUR25080269f7d11d,2025-08-02,GJ01,repeated,10,99,6,5
TRPCHA250802965e06d5,2025-08-02,CH01,repeated,28,278,7,9
TRPLUC2508020f377b9f,2025-08-02,UP01,repeated,10,116,6,6
TRPVAD2508021bd44b0e,2025-08-02,GJ02,repeated,11,106,6,7
TRPVAD25080208c2add9,2025-08-02,GJ02,repeated,17,154,7,6
TRPCOI250802e3adb58b,2025-08-02,TN01,repeated,16,151,9,8
TRPJAI25080259dd2821,2025-08-02,RJ01,new,27,361,10,8
TRPJAI250802345e863f,2025-08-02,RJ01,new,15,217,9,9
TRPVIS25080227cc914f,2025-08-02,AP01,repeated,18,189,7,8
TRPKOC250802459d3d6a,2025-08-02,KL01,repeated,26,317,7,8
TRPSUR2508027c42e8b9,2025-08-02,GJ01,repeated,17,155,5,5
TRPMYS2508027fdf40c1,2025-08-02,KA01,new,16,195,9,10
TRPLUC250802ab545fcf,2025-08-02,UP01,new,12,134,8,8
TRPJAI250802c1997c35,2025-08-02,RJ01,repeated,40,517,8,8
TRPLUC2508023e7a4f57,2025-08-02,UP01,new,12,134,7,6
TRPSUR2508029106e6f7,2025-08-02,GJ01,repeated,17,155,5,7
TRPCOI250802bafe1dd1,2025-08-02,TN01,repeated,18,167,8,8
TRPJAI25080212eb06f5,2025-08-02,RJ01,repeated,34,445,8,10
TRPSUR250802c27e81d0,2025-08-02,GJ01,repeated,11,107,5,8
TRPCOI25080291dbc8d2,2025-08-02,TN01,new,15,143,9,7
TRPKOC250802645f8be3,2025-08-02,KL01,repeated,12,163,8,8
TRPLUC250802998cdaf7,2025-08-02,UP01,repeated,9,107,7,6
TRPKOC2508023b31ac93,2025-08-02,KL01,new,18,229,8,10
TRPVIS25080292af9f03,2025-08-02,AP01,repeated,20,207,9,8
TRPIND2508026d90f881,2025-08-02,MP01,new,25,223,4,4
TRPJAI2508020012accf,2025-08-02,RJ01,repeated,40,517,7,9
TRPLUC2508023d4f8c74,2025-08-02,UP01,repeated,6,80,6,6
TRPCHA250802c742be8f,2025-08-02,CH01,new,35,341,7,8
TRPIND25080218e59e79,2025-08-02,MP01,new,8,87,7,7
TRPJAI2508028fd87cfc,2025-08-02,RJ01,repeated,41,529,8,9
TRPLUC2508027afc0b7d,2025-08-02,UP01,repeated,17,179,5,6
TRPLUC250802d57d9728,2025-08-02,UP01,repeated,9,107,5,6
TRPLUC250802020436e9,2025-08-02,UP01,repeated,19,197,7,7
TRPJAI250802a64dedd1,2025-08-02,RJ01,repeated,28,373,8,8
TRPJAI2508023c48eb96,2025-08-02,RJ01,repeated,16,229,9,8
TRPJAI2508022226a6fa,2025-08-02,RJ01,new,28,373,10,10
TRPVIS2508024869649c,2025-08-02,AP01,new,12,135,8,9
TRPCOI25080227d11315,2025-08-02,TN01,new,21,191,9,9
TRPCOI2508020c8e6e4e,2025-08-02,TN01,repeated,19,175,6,9
TRPLUC2508022bfc6920,2025-08-02,UP01,repeated,18,188,7,7
TRPLUC250802d3533417,2025-08-02,UP01,repeated,5,71,6,6
TRPLUC250802b3fbbfb8,2025-08-02,UP01,repeated,15,161,5,7
TRPJAI2508020d937eff,2025-08-02,RJ01,repeated,15,217,7,10
TRPLUC2508028448bd8a,2025-08-02,UP01,repeated,8,98,6,5
TRPMYS2508021d50803f,2025-08-02,KA01,new,17,205,9,8
TRPSUR250802f523eeb4,2025-08-02,GJ01,repeated,9,91,6,8
TRPSUR25080272557e24,2025-08-02,GJ01,repeated,13,123,5,5
TRPSUR25080218886608,2025-08-02,GJ01,repeated,5,59,6,6
TRPIND250802efaf96c7,2025-08-02,MP01,new,14,135,8,8
TRPLUC250802cba5e25b,2025-08-02,UP01,repeated,12,134,7,7
TRPIND250802446fbf6c,2025-08-02,MP01,repeated,8,87,8,6
TRPKOC250802f3b60e7d,2025-08-02,KL01,repeated,35,416,8,10
TRPCHA250802153beacf,2025-08-02,CH01,repeated,13,143,9,8
TRPLUC250802b820e088,2025-08-02,UP01,new,8,98,7,7
TRPCHA2508026da128e4,2025-08-02,CH01,repeated,13,143,7,7
TRPSUR250802b42a308d,2025-08-02,GJ01,repeated,10,99,5,8
TRPCHA250802e4c9a847,2025-08-02,CH01,repeated,25,251,6,6
TRPVIS250802b2703365,2025-08-02,AP01,new,18,189,8,10
TRPCOI2508023c7481f3,2025-08-02,TN01,new,17,159,10,8
TRPJAI2508026ce01bc0,2025-08-02,RJ01,repeated,15,217,8,9
TRPCHA250802f8f6d1a2,2025-08-02,CH01,new,32,314,8,9
TRPLUC250802614262f4,2025-08-02,UP01,repeated,11,125,6,6
TRPSUR250802b1e21211,2025-08-02,GJ01,new,10,99,9,6
TRPVIS25080209a76716,2025-08-02,AP01,repeated,15,162,7,8
TRPVIS250802eed4bc8c,2025-08-02,AP01,new,22,225,10,8
TRPSUR2508023e446055,2025-08-02,GJ01,repeated,9,91,6,8
TRPSUR2508026a14e678,2025-08-02,GJ01,repeated,14,131,5,8
TRPCHA25080284fdbf1b,2025-08-02,CH01,repeated,23,233,6,7
TRPJAI250802dccfc8dc,2025-08-02,RJ01,new,33,433,9,10
TRPKOC25080205f42611,2025-08-02,KL01,new,37,438,8,10
TRPLUC250802fa9f1e3c,2025-08-02,UP01,repeated,11,125,6,7
TRPLUC250802912c1b5e,2025-08-02,UP01,repeated,18,188,5,7
TRPKOC25080201458719,2025-08-02,KL01,new,12,163,4,4
TRPCOI250802983d2cdf,2025-08-02,TN01,repeated,12,119,6,6
TRPSUR25080294397518,2025-08-02,GJ01,repeated,9,91,7,6
TRPLUC250802d0be82dd,2025-08-02,UP01,repeated,9,107,5,8
TRPIND2508024ab3e786,2025-08-02,MP01,new,18,167,9,7
TRPCHA25080218adebf3,2025-08-02,CH01,repeated,25,251,9,6
TRPVIS250802b3ff7bfe,2025-08-02,AP01,repeated,21,216,7,10
TRPJAI2508026c9c9fad,2025-08-02,RJ01,new,29,385,10,10
TRPKOC250802f0745a61,2025-08-02,KL01,new,32,383,10,10
TRPMYS2508026628e964,2025-08-02,KA01,new,13,165,8,9
TRPLUC25080232fa3a55,2025-08-02,UP01,repeated,5,71,7,7
TRPCHA2508022fd619be,2025-08-02,CH01,repeated,20,206,6,8
TRPCOI2508026b583a8d,2025-08-02,TN01,repeated,14,135,8,7
TRPJAI250802f32d28df,2025-08-02,RJ01,repeated,16,229,7,10
TRPLUC25080215e3cde3,2025-08-02,UP01,repeated,20,206,7,7
TRPKOC25080275cd71d8,2025-08-02,KL01,new,12,163,9,9
TRPVIS2508023f4a6108,2025-08-02,AP01,new,22,225,10,9
TRPLUC25080218c58ff6,2025-08-02,UP01,new,18,188,9,6
TRPLUC250802dee26e92,2025-08-02,UP01,repeated,16,170,2,3
TRPLUC250802c300a698,2025-08-02,UP01,repeated,7,89,7,7
TRPSUR2508022addacdc,2025-08-02,GJ01,repeated,15,139,5,6
TRPSUR250802be700532,2025-08-02,GJ01,repeated,15,139,7,5
TRPIND250802f63e27cd,2025-08-02,MP01,repeated,21,191,8,8
TRPJAI250802e8833e1f,2025-08-02,RJ01,repeated,35,457,7,8
TRPLUC25080252733f96,2025-08-02,UP01,repeated,8,98,7,5
TRPVAD250802ebeb3557,2025-08-02,GJ02,new,10,98,8,6
TRPCOI250802ce637f5a,2025-08-02,TN01,repeated,22,199,9,8
TRPCHA2508025c167eb6,2025-08-02,CH01,new,26,260,8,7
TRPIND25080281247f78,2025-08-02,MP01,repeated,18,167,8,9
TRPJAI250802c287690a,2025-08-02,RJ01,repeated,25,337,7,10
TRPJAI25080237ffb925,2025-08-02,RJ01,repeated,30,397,8,9
TRPLUC2508029961f200,2025-08-02,UP01,repeated,13,143,5,7
TRPLUC2508028fa33976,2025-08-02,UP01,repeated,5,71,7,8
TRPLUC250802cf78c74a,2025-08-02,UP01,repeated,10,116,6,5
TRPSUR2508021a23b846,2025-08-02,GJ01,repeated,8,83,6,6
TRPSUR250802f50b34f0,2025-08-02,GJ01,repeated,8,83,5,7
TRPKOC2508029f7c4c17,2025-08-02,KL01,new,23,284,9,10
TRPJAI250802a56e3104,2025-08-02,RJ01,new,27,361,10,8
TRPCHA25080295ed5fe8,2025-08-02,CH01,repeated,14,152,9,8
TRPVAD25080263439d2b,2025-08-02,GJ02,repeated,6,66,6,7
TRPSUR250802d82f8153,2025-08-02,GJ01,repeated,10,99,7,7
TRPSUR25080246d13aa6,2025-08-02,GJ01,new,9,91,9,7
TRPCHA250802d5db925d,2025-08-02,CH01,repeated,12,134,8,8
TRPLUC2508026db6da5c,2025-08-02,UP01,repeated,12,134,7,7
TRPVIS250802218893c4,2025-08-02,AP01,repeated,31,306,8,9
TRPVIS250802c8b6121e,2025-08-02,AP01,new,13,144,10,8
TRPLUC25080234fc9f15,2025-08-02,UP01,repeated,6,80,6,5
TRPCOI25080204ab99fa,2025-08-02,TN01,repeated,17,159,9,7
TRPIND250802734854dd,2025-08-02,MP01,repeated,11,111,9,6
TRPVAD250802c768a571,2025-08-02,GJ02,new,14,130,9,7
TRPLUC2508026ccede8c,2025-08-02,UP01,new,16,170,8,7
TRPSUR25080224be3a22,2025-08-02,GJ01,repeated,9,91,6,7
TRPSUR250802068fea3b,2025-08-02,GJ01,repeated,5,59,6,8
TRPJAI2508029d355766,2025-08-02,RJ01,new,28,373,8,9
TRPKOC2508021d2f1645,2025-08-02,KL01,repeated,31,372,8,8
TRPKOC250802be8dcdec,2025-08-02,KL01,repeated,16,207,7,9
TRPCOI250802a7b3875f,2025-08-02,TN01,repeated,16,151,6,6
TRPLUC250802119f6e7c,2025-08-02,UP01,repeated,16,170,6,8
TRPCHA2508020df1af80,2025-08-02,CH01,new,22,224,9,8
TRPVAD25080209f2d85a,2025-08-02,GJ02,repeated,13,122,6,6
TRPCOI250802725e53ec,2025-08-02,TN01,new,18,167,10,9
TRPKOC25080284069c2d,2025-08-02,KL01,new,38,449,8,10
TRPJAI25080274432bf0,2025-08-02,RJ01,repeated,38,493,8,9
TRPVAD25080227687e18,2025-08-02,GJ02,repeated,11,106,7,6
TRPSUR25080214625050,2025-08-02,GJ01,new,12,115,9,7
TRPJAI250802249ff142,2025-08-02,RJ01,new,22,301,8,9
TRPKOC250802159cb549,2025-08-02,KL01,new,23,284,8,9
TRPIND2508022039d457,2025-08-02,MP01,repeated,15,143,8,6
TRPSUR250802c036bf2b,2025-08-02,GJ01,repeated,12,115,7,8
TRPSUR25080291a54176,2025-08-02,GJ01,repeated,11,107,7,6
TRPVAD2508024b902170,2025-08-02,GJ02,new,10,98,8,8
TRPSUR2508028dac2d82,2025-08-02,GJ01,new,12,115,8,8
TRPLUC2508024b2562f4,2025-08-02,UP01,repeated,13,143,5,5
TRPSUR2508023bdb0ad9,2025-08-02,GJ01,repeated,10,99,5,8
TRPJAI250802d11f5d45,2025-08-02,RJ01,repeated,31,409,8,10
TRPLUC25080221332958,2025-08-02,UP01,repeated,20,206,6,6
TRPKOC250802b69bbe8a,2025-08-02,KL01,new,13,174,1,1
TRPJAI25080201bad3f3,2025-08-02,RJ01,new,32,421,9,8
TRPSUR25080230ebe601,2025-08-02,GJ01,repeated,15,139,7,6
TRPLUC2508027b907334,2025-08-02,UP01,repeated,15,161,6,6
TRPCHA250802a7374bd0,2025-08-02,CH01,repeated,26,260,6,9
TRPCOI2508027fef63e9,2025-08-02,TN01,new,15,143,8,8
TRPKOC250802b9a78b0e,2025-08-02,KL01,new,22,273,8,9
TRPJAI250802f79bb4ea,2025-08-02,RJ01,new,43,553,8,10
TRPCHA2508021e8f5a60,2025-08-02,CH01,repeated,30,296,6,8
TRPLUC25080202b544d9,2025-08-02,UP01,repeated,10,116,5,5
TRPIND250802418a904a,2025-08-02,MP01,repeated,9,95,6,9
TRPLUC250802090985c5,2025-08-02,UP01,repeated,11,125,6,5
TRPKOC250802e789434b,2025-08-02,KL01,new,15,196,10,9
TRPKOC250802cb9b925e,2025-08-02,KL01,new,35,416,9,8
TRPVAD250802922f7cb3,2025-08-02,GJ02,repeated,15,138,7,5
TRPLUC25080289c8e422,2025-08-02,UP01,repeated,15,161,7,8
TRPSUR250802b8a67f29,2025-08-02,GJ01,new,12,115,9,7
TRPLUC2508023be4cf86,2025-08-02,UP01,repeated,6,80,7,7
TRPCOI2508021611bea1,2025-08-02,TN01,repeated,15,143,9,6
TRPSUR2508027449ac3c,2025-08-02,GJ01,repeated,14,131,7,7
TRPLUC250802177d2aee,2025-08-02,UP01,new,13,143,8,8
TRPMYS2508022e327d81,2025-08-02,KA01,new,19,225,10,9
TRPLUC2508021719d02e,2025-08-02,UP01,repeated,13,143,5,5
TRPVAD2508021f6c2000,2025-08-02,GJ02,repeated,6,66,7,7
TRPVAD2508028550f618,2025-08-02,GJ02,repeated,12,114,6,7
TRPJAI25080262e9cbd8,2025-08-02,RJ01,repeated,25,337,9,10
TRPIND25080283b221fe,2025-08-02,MP01,new,12,119,9,8
TRPCHA2508028efdbd63,2025-08-02,CH01,repeated,32,314,7,6
TRPCHA2508020439b418,2025-08-02,CH01,repeated,19,197,7,8
TRPLUC250802b9c3f86c,2025-08-02,UP01,repeated,16,170,5,6
TRPLUC25080254f856b4,2025-08-02,UP01,repeated,20,206,5,8
TRPSUR2508028f10eddb,2025-08-02,GJ01,repeated,15,139,5,6
TRPJAI250802e6a97583,2025-08-02,RJ01,new,23,313,10,9
TRPIND250802854c2dc3,2025-08-02,MP01,new,10,103,8,8
TRPVAD2508027855a8e1,2025-08-02,GJ02,new,7,74,8,8
TRPLUC2508022f448913,2025-08-02,UP01,repeated,17,179,7,6
TRPVAD250802faa95869,2025-08-02,GJ02,repeated,12,114,7,5
TRPKOC2508029d884b4c,2025-08-02,KL01,new,38,449,9,9
TRPLUC250802c168ca0c,2025-08-02,UP01,repeated,14,152,6,8
TRPJAI250802bbec3361,2025-08-02,RJ01,new,40,517,10,8
TRPJAI2508025fbb0b71,2025-08-02,RJ01,repeated,38,493,9,8
TRPSUR2508022206247b,2025-08-02,GJ01,repeated,13,123,6,5
TRPJAI2508029f6bc030,2025-08-02,RJ01,new,27,361,8,10
TRPVIS2508022daf6845,2025-08-02,AP01,repeated,21,216,8,9
TRPSUR2508027a9719e4,2025-08-02,GJ01,repeated,17,155,7,6
TRPLUC2508022b2254e9,2025-08-02,UP01,new,18,188,8,8
TRPLUC250802406be040,2025-08-02,UP01,repeated,7,89,5,5
TRPJAI25080258ad5264,2025-08-02,RJ01,new,20,277,10,9
TRPLUC2508027975057c,2025-08-02,UP01,new,9,107,8,6
TRPSUR2508027b550a19,2025-08-02,GJ01,repeated,5,59,5,5
TRPCOI2508023db679c7,2025-08-02,TN01,new,8,87,10,9
TRPVIS250802469946d0,2025-08-02,AP01,new,18,189,9,9
TRPSUR250802d1169683,2025-08-02,GJ01,repeated,14,131,6,5
TRPJAI2508027f41fabd,2025-08-02,RJ01,new,19,265,8,10
TRPKOC25080260494481,2025-08-02,KL01,new,10,141,10,10
TRPIND25080251fc80a8,2025-08-02,MP01,repeated,23,207,9,8
TRPJAI2508027d15f20a,2025-08-02,RJ01,repeated,16,229,9,8
TRPJAI2508028a84a482,2025-08-02,RJ01,new,39,505,10,9
TRPVIS2508021f16bf6e,2025-08-02,AP01,repeated,13,144,9,8
TRPSUR250802c736b3c9,2025-08-02,GJ01,repeated,11,107,6,5
TRPLUC2508023e41e7d2,2025-08-02,UP01,repeated,20,206,7,8
TRPVAD250802b5db7072,2025-08-02,GJ02,new,18,162,7,8
TRPKOC250802ca488f88,2025-08-02,KL01,repeated,32,383,9,10
TRPIND250802042a5a34,2025-08-02,MP01,new,24,215,7,8
TRPCHA250802683892a8,2025-08-02,CH01,new,34,332,9,8
TRPCHA250802e57b1e32,2025-08-02,CH01,new,19,197,8,9
TRPJAI25080201b3e586,2025-08-02,RJ01,new,27,361,8,8
TRPSUR250802ebd4e91f,2025-08-02,GJ01,repeated,14,131,7,6
TRPLUC2508024ac56689,2025-08-02,UP01,repeated,15,161,5,7
TRPIND250802f6d3042b,2025-08-02,MP01,repeated,24,215,6,8
TRPLUC2508027feda21e,2025-08-02,UP01,new,14,152,9,8
TRPKOC2508027e80d8ff,2025-08-02,KL01,new,21,262,8,10
TRPJAI2508022425fd9d,2025-08-02,RJ01,new,25,337,8,8
TRPCHA25080215560554,2025-08-02,CH01,repeated,19,197,8,6
TRPVAD250802a1434185,2025-08-02,GJ02,repeated,10,98,6,6
TRPJAI25080272218646,2025-08-02,RJ01,new,25,337,10,9
TRPJAI25080288349265,2025-08-02,RJ01,repeated,33,433,8,8
TRPLUC2508021d04f7ca,2025-08-02,UP01,repeated,9,107,7,7
TRPSUR25080272816706,2025-08-02,GJ01,repeated,9,91,5,8
TRPCOI2508024c9473ba,2025-08-02,TN01,repeated,21,191,9,7
TRPCHA250802a96b0284,2025-08-02,CH01,repeated,18,188,8,7
TRPCOI25080214f4d58a,2025-08-02,TN01,repeated,11,111,6,7
TRPLUC250802224031a0,2025-08-02,UP01,repeated,17,179,6,7
TRPVAD250802a7d79e9e,2025-08-02,GJ02,new,7,74,9,7
TRPCOI2508028cc15851,2025-08-02,TN01,repeated,18,167,7,9
TRPJAI250802a914459d,2025-08-02,RJ01,new,38,493,8,9
TRPVAD2508026f65e94f,2025-08-02,GJ02,repeated,8,82,5,7
TRPCHA250802eb6a4a1b,2025-08-02,CH01,new,24,242,9,7
TRPJAI250802b9017e73,2025-08-02,RJ01,new,32,421,10,10
TRPSUR25080256ddf9d3,2025-08-02,GJ01,repeated,9,91,6,5
TRPSUR2508027121dbb2,2025-08-02,GJ01,repeated,6,67,7,8
TRPCHA250802af37d7b5,2025-08-02,CH01,new,21,215,9,8
TRPJAI250802b0f0d576,2025-08-02,RJ01,repeated,17,241,8,8
TRPJAI2508024daa76a9,2025-08-02,RJ01,new,32,421,10,9
TRPKOC250802e0c90958,2025-08-02,KL01,new,13,174,10,9
TRPSUR25080229ba4d69,2025-08-02,GJ01,repeated,9,91,5,7
TRPCOI2508021a2b0dfd,2025-08-02,TN01,new,14,135,8,8
TRPJAI250802b98c8309,2025-08-02,RJ01,new,30,397,10,8
TRPSUR250802a4d57af8,2025-08-02,GJ01,repeated,16,147,6,6
TRPKOC25080226c8e321,2025-08-02,KL01,repeated,36,427,8,8
TRPVAD2508020e75d6bd,2025-08-02,GJ02,new,18,162,7,8
TRPVIS250802b43424a3,2025-08-02,AP01,repeated,14,153,9,8
TRPLUC250802929c873e,2025-08-02,UP01,repeated,12,134,7,5
TRPVAD2508020c28c89e,2025-08-02,GJ02,repeated,17,154,5,8
TRPSUR250802161ff6b7,2025-08-02,GJ01,repeated,15,139,7,6
TRPLUC250802b35796b5,2025-08-02,UP01,new,12,134,8,7
TRPCOI250802a5078f25,2025-08-02,TN01,repeated,21,191,8,8
TRPLUC250802754e2e62,2025-08-02,UP01,repeated,12,134,6,8
TRPVIS250802a649e8d8,2025-08-02,AP01,repeated,29,288,7,9
TRPLUC2508020c812f26,2025-08-02,UP01,repeated,16,170,5,5
TRPCOI250802be2cbb57,2025-08-02,TN01,new,11,111,10,7
TRPJAI250802191badf9,2025-08-02,RJ01,new,15,217,8,9
TRPIND250802a1a05bad,2025-08-02,MP01,new,8,87,7,9
TRPJAI250802a7c4f917,2025-08-02,RJ01,repeated,31,409,8,8
TRPSUR2508026f968245,2025-08-02,GJ01,new,6,67,8,6
TRPSUR250802ee8ea6df,2025-08-02,GJ01,new,5,59,9,7
TRPMYS2508024aff657e,2025-08-02,KA01,new,13,165,9,10
TRPCHA250802d2c3f44b,2025-08-02,CH01,new,12,134,10,8
TRPSUR2508026d2c0b48,2025-08-02,GJ01,repeated,16,147,5,6
TRPJAI2508023115657b,2025-08-02,RJ01,new,17,241,9,10
TRPJAI25080215501093,2025-08-02,RJ01,new,45,577,10,9
TRPLUC2508021d627389,2025-08-02,UP01,new,10,116,7,8
TRPLUC25080224d88c45,2025-08-02,UP01,repeated,17,179,5,6
TRPLUC250802ed117be8,2025-08-02,UP01,new,20,206,7,8
TRPVAD2508029e13b8be,2025-08-02,GJ02,repeated,10,98,1,3
TRPCHA25080225e9d77a,2025-08-02,CH01,new,27,269,9,9
TRPCHA2508027ac1509f,2025-08-02,CH01,new,29,287,10,8
TRPKOC250802a82d09c6,2025-08-02,KL01,new,16,207,10,10
TRPLUC2508025f7fa995,2025-08-02,UP01,repeated,7,89,6,7
TRPVIS250802347f172b,2025-08-02,AP01,repeated,30,297,8,10
TRPVAD250802d7d28b14,2025-08-02,GJ02,new,7,74,8,8
TRPKOC25080283781ae2,2025-08-02,KL01,new,26,317,10,8
TRPIND2508022654d5b5,2025-08-02,MP01,repeated,18,167,6,9
TRPLUC250802ee8466f0,2025-08-02,UP01,new,16,170,7,8
TRPVAD250802445155d5,2025-08-02,GJ02,repeated,18,162,7,7
TRPKOC2508028234b8f4,2025-08-02,KL01,repeated,17,218,8,8
TRPLUC2508028b1359dd,2025-08-02,UP01,repeated,16,170,6,5
TRPLUC250802332781bd,2025-08-02,UP01,new,20,206,8,6
TRPLUC25080284d745ed,2025-08-02,UP01,new,16,170,7,6
TRPKOC2508028ea233de,2025-08-02,KL01,repeated,19,240,9,8
TRPJAI2508029b1a7a3a,2025-08-02,RJ01,repeated,21,289,8,8
TRPSUR25080238b6858f,2025-08-02,GJ01,repeated,14,131,6,8
TRPJAI25080249dbc2f8,2025-08-02,RJ01,new,45,577,9,8
TRPKOC250802ae09e9d0,2025-08-02,KL01,repeated,30,361,7,9
TRPJAI250802e0496e2b,2025-08-02,RJ01,new,30,397,8,8
TRPLUC25080244bb19bc,2025-08-02,UP01,repeated,11,125,7,8
TRPJAI2508025fab7948,2025-08-02,RJ01,repeated,21,289,8,8
TRPJAI250802aa85321c,2025-08-02,RJ01,new,23,313,8,10
TRPKOC2508028120c0cf,2025-08-02,KL01,repeated,24,295,7,10
TRPCOI250802693ebcd8,2025-08-02,TN01,repeated,11,111,6,6
TRPLUC25080203c00bcd,2025-08-02,UP01,repeated,17,179,5,5
TRPVIS250802911b38aa,2025-08-02,AP01,repeated,19,198,8,10
TRPJAI250802829d1e30,2025-08-02,RJ01,new,20,277,9,8
TRPJAI250802c5a4569c,2025-08-02,RJ01,repeated,36,469,7,8
TRPLUC250802251a8652,2025-08-02,UP01,new,8,98,8,6
TRPJAI2508021320957c,2025-08-02,RJ01,new,45,577,9,8
TRPLUC25080292d5f52a,2025-08-02,UP01,repeated,6,80,6,7
TRPCHA2508029603b916,2025-08-02,CH01,repeated,14,152,9,8
TRPLUC250802615b82b3,2025-08-02,UP01,repeated,19,197,5,6
TRPCOI25080232b5c3a0,2025-08-02,TN01,repeated,15,143,8,7
TRPLUC250802a731a854,2025-08-02,UP01,repeated,8,98,6,6
TRPKOC25080258b7a834,2025-08-02,KL01,new,30,361,10,8
TRPKOC2508029788660b,2025-08-02,KL01,new,19,240,10,8
TRPLUC250802d371f9b4,2025-08-02,UP01,repeated,19,197,5,6
TRPSUR2508027f8fefe1,2025-08-02,GJ01,new,10,99,7,6
TRPSUR250802b42a422c,2025-08-02,GJ01,new,8,83,7,8
TRPCHA250802e729de54,2025-08-02,CH01,repeated,25,251,8,6
TRPLUC25080230df3cbc,2025-08-02,UP01,repeated,8,98,5,7
TRPVIS25080261017bc2,2025-08-02,AP01,repeated,22,225,8,10
TRPLUC2508025fbb4b79,2025-08-02,UP01,repeated,14,152,7,5
TRPVIS2508029a7315d9,2025-08-02,AP01,new,25,252,8,8
TRPSUR250802db872233,2025-08-02,GJ01,new,8,83,9,8
TRPVAD250802eba2c8b9,2025-08-02,GJ02,repeated,18,162,6,6
TRPVIS2508025e9a7fc2,2025-08-02,AP01,repeated,20,207,8,9
TRPVAD250802f6f2dab3,2025-08-02,GJ02,repeated,13,122,7,5
TRPLUC25080237b0320b,2025-08-02,UP01,repeated,12,134,5,5
TRPCHA25080269184edf,2025-08-02,CH01,new,22,224,7,8
TRPVAD2508022716c3bd,2025-08-02,GJ02,repeated,7,74,7,8
TRPLUC250802acd6e357,2025-08-02,UP01,new,15,161,7,6
TRPLUC250802dc710563,2025-08-02,UP01,repeated,9,107,7,7
TRPLUC2508028e62a88e,2025-08-02,UP01,new,20,206,9,8
TRPCOI250802fd4fafd7,2025-08-02,TN01,new,8,87,10,7
TRPCOI250802a909bc56,2025-08-02,TN01,repeated,10,103,7,7
TRPJAI25080273a9ba3c,2025-08-02,RJ01,repeated,42,541,9,10
TRPLUC25080268307766,2025-08-02,UP01,repeated,19,197,7,8
TRPLUC2508021b77f2d9,2025-08-02,UP01,new,17,179,8,7
TRPKOC250802f93f3a4a,2025-08-02,KL01,repeated,19,240,9,10
TRPSUR25080255b3d3d8,2025-08-02,GJ01,new,7,75,7,7
TRPCOI2508022e48be6c,2025-08-02,TN01,new,20,183,9,7
TRPJAI2508026f60b7cb,2025-08-02,RJ01,repeated,26,349,8,9
TRPLUC250802583a592e,2025-08-02,UP01,repeated,6,80,5,7
TRPLUC25080231c14091,2025-08-02,UP01,repeated,9,107,5,8
TRPVIS250802ba719789,2025-08-02,AP01,repeated,20,207,8,10
TRPLUC250802f16b88b3,2025-08-02,UP01,repeated,17,179,7,6
TRPCHA250802ecdb50f9,2025-08-02,CH01,new,16,170,9,9
TRPSUR2508028db00316,2025-08-02,GJ01,repeated,5,59,7,6
TRPVIS25080230e749bd,2025-08-02,AP01,repeated,26,261,7,8
TRPLUC2508029773ff5a,2025-08-02,UP01,repeated,17,179,7,7
TRPLUC250802103f8b87,2025-08-02,UP01,repeated,6,80,7,5
TRPIND250802e9227a5e,2025-08-02,MP01,repeated,9,95,6,8
TRPLUC25080230802ea9,2025-08-02,UP01,repeated,7,89,5,5
TRPVIS25080244634b5f,2025-08-02,AP01,repeated,30,297,9,9
TRPSUR250802a123709d,2025-08-02,GJ01,repeated,8,83,5,6
TRPVIS250802a5cd6943,2025-08-02,AP01,repeated,28,279,8,10
TRPKOC250802aaedefa3,2025-08-02,KL01,new,17,218,10,8
TRPVIS25080268a26c5a,2025-08-02,AP01,new,16,171,9,8
TRPJAI2508021c5ca2ff,2025-08-02,RJ01,new,40,517,8,10
TRPLUC250802428704f1,2025-08-02,UP01,repeated,17,179,5,6
TRPLUC250802b806b5fe,2025-08-02,UP01,new,7,89,7,6
TRPCOI250802f0b8e8a1,2025-08-02,TN01,repeated,10,103,8,6
TRPVIS250802ac7c2451,2025-08-02,AP01,new,13,144,10,10
TRPCHA2508025bca101e,2025-08-02,CH01,new,31,305,10,7
TRPSUR250802d81bc4e6,2025-08-02,GJ01,repeated,5,59,5,7
TRPSUR250802db62c3b1,2025-08-02,GJ01,repeated,11,107,7,6
TRPSUR2508024ba9efde,2025-08-02,GJ01,repeated,11,107,6,5
TRPCHA250802c53f1fa3,2025-08-02,CH01,new,28,278,9,9
TRPCHA25080254439ec1,2025-08-02,CH01,new,27,269,8,9
TRPJAI2508029c46c392,2025-08-02,RJ01,new,38,493,9,10
TRPLUC2508023591837f,2025-08-02,UP01,new,7,89,7,6
TRPLUC250802ff1892d8,2025-08-02,UP01,repeated,14,152,6,7
TRPLUC25080281453b75,2025-08-02,UP01,repeated,20,206,5,7
TRPLUC250802ebc8612a,2025-08-02,UP01,repeated,20,206,7,7
TRPVAD250802c1634873,2025-08-02,GJ02,repeated,17,154,5,5
TRPVIS250802744bb03a,2025-08-02,AP01,repeated,32,315,9,8
TRPCOI25080230efa732,2025-08-02,TN01,new,20,183,9,7
TRPSUR25080200b4efaa,2025-08-02,GJ01,repeated,8,83,7,8
TRPIND2508029b77fe73,2025-08-02,MP01,new,20,183,9,8
TRPKOC250802918f36cd,2025-08-02,KL01,new,29,350,8,8
TRPSUR250802af57d661,2025-08-02,GJ01,new,8,83,8,8
TRPIND250802c2be1489,2025-08-02,MP01,repeated,16,151,7,9
TRPSUR2508021aa572d2,2025-08-02,GJ01,repeated,11,107,7,8
TRPLUC25080289e48975,2025-08-02,UP01,repeated,14,152,7,8
TRPJAI250802443c9dfa,2025-08-02,RJ01,new,38,493,10,8
TRPIND250802781c15fd,2025-08-02,MP01,repeated,11,111,7,7
TRPLUC250802b4edbef6,2025-08-02,UP01,repeated,10,116,7,5
TRPJAI2508029ee1a9ff,2025-08-02,RJ01,new,23,313,10,8
TRPLUC250802617714f9,2025-08-02,UP01,repeated,20,206,7,5
TRPKOC25080289c1a47f,2025-08-02,KL01,repeated,27,328,9,10
TRPMYS2508021d1bf966,2025-08-02,KA01,repeated,18,215,7,8
TRPIND25080284ab7672,2025-08-02,MP01,repeated,15,143,8,8
TRPJAI250802125ad448,2025-08-02,RJ01,repeated,40,517,8,9
TRPLUC250802ef938e28,2025-08-02,UP01,new,19,197,7,8
TRPKOC250802ec960322,2025-08-02,KL01,new,15,196,9,10
TRPCHA2508025b7d9fbd,2025-08-02,CH01,new,23,233,7,7
TRPVAD250802d884e737,2025-08-02,GJ02,repeated,9,90,7,8
TRPCHA25080252ab5610,2025-08-02,CH01,repeated,22,224,9,6
TRPLUC250802def7ef7f,2025-08-02,UP01,repeated,20,206,6,8
TRPVAD250802d278467a,2025-08-02,GJ02,repeated,13,122,5,7
TRPLUC2508024e82aef4,2025-08-02,UP01,repeated,17,179,5,6
TRPJAI25080254b7390f,2025-08-02,RJ01,repeated,41,529,8,9
TRPVAD250802d3158799,2025-08-02,GJ02,new,6,66,8,7
TRPLUC250802743c8a2a,2025-08-02,UP01,repeated,8,98,6,7
TRPIND25080273596038,2025-08-02,MP01,repeated,9,95,9,7
TRPMYS250802e0a4f770,2025-08-02,KA01,new,13,165,9,8
TRPLUC2508028bed4f32,2025-08-02,UP01,repeated,10,116,5,6
TRPVIS25080272ac1073,2025-08-02,AP01,repeated,27,270,7,9
TRPCOI2508022bc3d9b7,2025-08-02,TN01,new,12,119,7,9
TRPCHA250802073637aa,2025-08-02,CH01,repeated,18,188,8,7
TRPKOC250802f4456be0,2025-08-02,KL01,new,18,229,8,9
TRPSUR250802fe325ea3,2025-08-02,GJ01,repeated,9,91,7,5
TRPLUC250802b1c71d13,2025-08-02,UP01,repeated,12,134,5,8
TRPLUC25080235ce0d6a,2025-08-02,UP01,repeated,10,116,6,6
TRPJAI250802bf932dbd,2025-08-02,RJ01,new,30,397,8,8
TRPJAI2508029831b4a0,2025-08-02,RJ01,repeated,23,313,9,8
TRPLUC250802be8ca6a0,2025-08-02,UP01,new,8,98,9,6
TRPMYS250802e05f4ef6,2025-08-02,KA01,new,17,205,10,10
TRPIND2508029d96e745,2025-08-02,MP01,repeated,13,127,8,8
TRPIND250802081f2f48,2025-08-02,MP01,new,10,103,9,9
TRPIND2508027b7e023f,2025-08-02,MP01,repeated,17,159,8,6
TRPSUR250802bc6764e1,2025-08-02,GJ01,repeated,13,123,6,6
TRPMYS250802cc61a57e,2025-08-02,KA01,repeated,25,285,8,9
TRPJAI2508021a9d7e04,2025-08-02,RJ01,repeated,33,433,7,8
TRPIND2508029f9954e6,2025-08-02,MP01,new,8,87,8,8
TRPSUR2508024116965b,2025-08-02,GJ01,new,17,155,7,6
TRPIND25080201d07852,2025-08-02,MP01,new,13,127,8,9
TRPVAD25080287044651,2025-08-02,GJ02,new,16,146,9,8
TRPJAI2508020f01d926,2025-08-02,RJ01,new,45,577,8,10
TRPSUR25080286995846,2025-08-02,GJ01,repeated,15,139,7,8
TRPSUR250802335b1444,2025-08-02,GJ01,repeated,13,123,7,7
TRPLUC250802ddcf3b28,2025-08-02,UP01,new,20,206,9,8
TRPLUC25080205b7edc3,2025-08-02,UP01,repeated,11,125,5,8
TRPJAI250802d5810cff,2025-08-02,RJ01,new,21,289,9,9
TRPCOI2508020bf3d998,2025-08-02,TN01,new,16,151,9,8
TRPCHA25080205224cff,2025-08-02,CH01,new,12,134,8,7
TRPIND2508020623c1b0,2025-08-02,MP01,repeated,15,143,9,9
TRPSUR25080225a2da49,2025-08-02,GJ01,repeated,7,75,6,6
TRPSUR2508029dc8a280,2025-08-02,GJ01,new,8,83,9,8
TRPCOI25080235730419,2025-08-02,TN01,new,15,143,9,7
TRPSUR2508022704a3c0,2025-08-02,GJ01,repeated,12,115,7,8
TRPJAI2508023875a05a,2025-08-02,RJ01,new,15,217,10,9
TRPVAD250802fbfefd9d,2025-08-02,GJ02,repeated,7,74,5,5
TRPSUR250802bec38989,2025-08-02,GJ01,repeated,9,91,6,6
TRPIND250802236e813e,2025-08-02,MP01,repeated,15,143,6,6
TRPJAI2508028f12cf5f,2025-08-02,RJ01,new,35,457,8,9
TRPJAI250802bdff0dcf,2025-08-02,RJ01,repeated,32,421,9,8
TRPIND2508028ff26b1a,2025-08-02,MP01,new,13,127,7,7
TRPVAD25080263bc495f,2025-08-02,GJ02,repeated,7,74,5,5
TRPLUC2508020998db89,2025-08-02,UP01,repeated,7,89,5,8
TRPVAD25080254d63709,2025-08-02,GJ02,repeated,18,162,5,8
TRPMYS250802677511fd,2025-08-02,KA01,new,14,175,9,8
TRPCHA2508021b766e68,2025-08-02,CH01,repeated,24,242,8,7
TRPSUR25080255ac0059,2025-08-02,GJ01,repeated,5,59,5,5
TRPKOC2508026dd7852c,2025-08-02,KL01,repeated,17,218,7,8
TRPLUC2508027b637a0c,2025-08-02,UP01,repeated,20,206,5,6
TRPVIS2508027e006e71,2025-08-02,AP01,new,32,315,9,9
TRPIND2508021913ba49,2025-08-02,MP01,repeated,10,103,9,9
TRPIND250802c03a3548,2025-08-02,MP01,new,20,183,8,7
TRPCOI2508022212ed79,2025-08-02,TN01,repeated,9,95,7,7
TRPLUC250802c56dd169,2025-08-02,UP01,repeated,18,188,6,5
TRPLUC250802e501c3aa,2025-08-02,UP01,new,18,188,8,7
TRPKOC25080240d5257f,2025-08-02,KL01,new,10,141,8,9
TRPLUC25080288d3c0f1,2025-08-02,UP01,new,18,188,8,8
TRPJAI2508027818788c,2025-08-02,RJ01,new,34,445,8,10
TRPVAD25080213783375,2025-08-02,GJ02,new,10,98,7,8
TRPLUC250802f553cc52,2025-08-02,UP01,repeated,18,188,6,5
TRPLUC2508029c3102d5,2025-08-02,UP01,repeated,13,143,7,6
TRPIND2508026086d34b,2025-08-02,MP01,new,16,151,8,7
TRPSUR2508026b7bd80b,2025-08-02,GJ01,repeated,9,91,6,5
TRPSUR2508021ea93745,2025-08-02,GJ01,repeated,7,75,7,5
TRPLUC250802643a698e,2025-08-02,UP01,repeated,20,206,6,7
TRPVIS2508021e4cab22,2025-08-02,AP01,new,28,279,9,10
TRPSUR25080253424457,2025-08-02,GJ01,repeated,16,147,5,7
TRPJAI2508021f179dda,2025-08-02,RJ01,repeated,38,493,8,9
TRPLUC2508023fbdffa5,2025-08-02,UP01,repeated,13,143,5,5
TRPCHA2508021ec46844,2025-08-02,CH01,repeated,16,170,8,6
TRPIND250802b7ec4585,2025-08-02,MP01,new,23,207,10,8
TRPLUC250802edabbc3c,2025-08-02,UP01,new,16,170,9,6
TRPSUR2508026f205cad,2025-08-02,GJ01,repeated,9,91,7,7
TRPSUR250802e6af10ad,2025-08-02,GJ01,repeated,16,147,7,8
TRPVAD250802e8eeb8b7,2025-08-02,GJ02,repeated,16,146,5,6
TRPLUC2508024c4985cf,2025-08-02,UP01,repeated,8,98,7,7
TRPLUC250802ef4ffe4c,2025-08-02,UP01,repeated,20,206,5,5
TRPJAI2508022f9575a5,2025-08-02,RJ01,repeated,19,265,9,10
TRPSUR250802d7981115,2025-08-02,GJ01,repeated,7,75,7,7
TRPMYS25080221cb40ff,2025-08-02,KA01,repeated,10,135,9,9
TRPVIS250802f72dfa9a,2025-08-02,AP01,repeated,33,324,7,8
TRPVAD2508022c95979f,2025-08-02,GJ02,repeated,7,74,6,5
TRPJAI2508026a488f7b,2025-08-02,RJ01,repeated,39,505,7,8
TRPCHA2508022334337a,2025-08-02,CH01,repeated,13,143,6,8
TRPIND250802516e743c,2025-08-02,MP01,repeated,8,87,7,9
TRPSUR25080281733144,2025-08-02,GJ01,repeated,9,91,6,5
TRPJAI250802f1b5012e,2025-08-02,RJ01,new,15,217,10,9
TRPIND250802c8246ed5,2025-08-02,MP01,new,8,87,10,7
TRPLUC25080238b486ee,2025-08-02,UP01,repeated,19,197,6,6
TRPLUC250802a20a29fe,2025-08-02,UP01,repeated,6,80,7,7
TRPLUC250802cddd2ee6,2025-08-02,UP01,repeated,16,170,5,5
TRPLUC25080201983797,2025-08-02,UP01,repeated,14,152,5,6
TRPLUC2508023ab76457,2025-08-02,UP01,repeated,16,170,6,5
TRPVIS2508027e123fb0,2025-08-02,AP01,new,31,306,8,10
TRPKOC250802de32d49a,2025-08-02,KL01,repeated,17,218,9,10
TRPLUC25080299efaef6,2025-08-02,UP01,new,10,116,9,6
TRPLUC250802586ecd13,2025-08-02,UP01,new,19,197,9,8
TRPIND250802e0792105,2025-08-02,MP01,new,17,159,8,9
TRPLUC2508024bcb53ba,2025-08-02,UP01,repeated,20,206,7,7
TRPSUR25080279eb9767,2025-08-02,GJ01,new,14,131,9,7
TRPLUC250802edaa1484,2025-08-02,UP01,new,13,143,7,6
TRPSUR2508021eaca92a,2025-08-02,GJ01,repeated,9,91,5,8
TRPJAI2508025e897995,2025-08-02,RJ01,repeated,19,265,9,10
TRPSUR25080288e35240,2025-08-02,GJ01,new,7,75,8,7
TRPLUC25080239491741,2025-08-02,UP01,repeated,11,125,6,6
TRPVAD25080269235114,2025-08-02,GJ02,repeated,6,66,7,6
TRPJAI250802428d7820,2025-08-02,RJ01,new,19,265,10,10
TRPCHA2508025818f629,2025-08-02,CH01,repeated,29,287,6,7
TRPCOI2508020f8abb9e,2025-08-02,TN01,repeated,9,95,8,8
TRPJAI250802c3a2862a,2025-08-02,RJ01,new,18,253,9,9
TRPLUC2508023ebbc019,2025-08-02,UP01,repeated,8,98,7,6
TRPLUC250802848bd0ac,2025-08-02,UP01,repeated,13,143,6,8
TRPCOI2508025b8a33ef,2025-08-02,TN01,new,16,151,9,8
TRPLUC2508022332a64d,2025-08-02,UP01,repeated,19,197,7,8
TRPKOC2508021f9b2f21,2025-08-02,KL01,repeated,17,218,7,8
TRPSUR2508029f84d0d0,2025-08-02,GJ01,new,13,123,9,8
TRPVIS2508025c0ed59e,2025-08-02,AP01,new,13,144,8,9
TRPCHA2508020ad9a506,2025-08-02,CH01,new,29,287,7,7
TRPSUR2508022b512395,2025-08-02,GJ01,repeated,11,107,6,7
TRPLUC250802fd9a3131,2025-08-02,UP01,repeated,5,71,5,5
TRPVAD2508027cd63060,2025-08-02,GJ02,repeated,17,154,7,7
TRPJAI2508025784ef21,2025-08-02,RJ01,new,44,565,8,8
TRPIND250802874069c5,2025-08-02,MP01,new,22,199,7,7
TRPIND25080229d7d17a,2025-08-02,MP01,repeated,24,215,6,8
TRPJAI250802861e7ee4,2025-08-02,RJ01,new,21,289,9,8
TRPLUC250802ba5d49a9,2025-08-02,UP01,repeated,8,98,5,6
TRPVIS250802656d0eba,2025-08-02,AP01,new,21,216,8,8
TRPKOC2508020ca71ecb,2025-08-02,KL01,new,29,350,9,8
TRPIND25080292428076,2025-08-02,MP01,repeated,11,111,8,7
TRPMYS250802311a1be1,2025-08-02,KA01,new,14,175,9,8
TRPSUR2508022cac8cf8,2025-08-02,GJ01,repeated,8,83,7,6
TRPLUC2508024385bb53,2025-08-02,UP01,repeated,18,188,6,7
TRPJAI250802312735cf,2025-08-02,RJ01,new,21,289,10,10
TRPSUR25080269727714,2025-08-02,GJ01,repeated,9,91,7,5
TRPSUR250802af5e0252,2025-08-02,GJ01,repeated,13,123,7,8
TRPSUR2508022382f1a5,2025-08-02,GJ01,repeated,13,123,7,6
TRPMYS250802fc12163a,2025-08-02,KA01,new,8,115,8,8
TRPKOC25080242896727,2025-08-02,KL01,new,36,427,8,10
TRPJAI250802640ff3bc,2025-08-02,RJ01,new,37,481,9,8
TRPSUR250802bee8d574,2025-08-02,GJ01,repeated,7,75,7,8
TRPSUR2508025d584d5b,2025-08-02,GJ01,new,16,147,9,8
TRPLUC2508025d921ecb,2025-08-02,UP01,repeated,15,161,6,8
TRPLUC250802d57295a2,2025-08-02,UP01,repeated,10,116,7,5
TRPJAI25080282e9ba0b,2025-08-02,RJ01,new,45,577,9,10
TRPLUC250802d6974bb6,2025-08-02,UP01,repeated,13,143,5,6
TRPJAI250802aeb099f3,2025-08-02,RJ01,new,30,397,9,9
TRPVIS250802e16c97f2,2025-08-02,AP01,repeated,25,252,7,10
TRPVAD250802c882e320,2025-08-02,GJ02,repeated,14,130,7,7
TRPKOC25080297455814,2025-08-02,KL01,new,25,306,8,8
TRPCHA250802f848562f,2025-08-02,CH01,new,32,314,10,9
TRPLUC25080296b87e63,2025-08-02,UP01,repeated,14,152,7,7
TRPCHA25080262eb7bbb,2025-08-02,CH01,repeated,28,278,9,8
TRPLUC25080242a463a3,2025-08-02,UP01,new,18,188,7,8
TRPVIS2508023aedd9f7,2025-08-02,AP01,repeated,17,180,7,10
TRPJAI2508027da2a55b,2025-08-02,RJ01,repeated,39,505,8,9
TRPSUR25080216416929,2025-08-02,GJ01,repeated,12,115,6,5
TRPMYS25080272ed62a1,2025-08-02,KA01,new,14,175,9,9
TRPLUC250802027ba627,2025-08-02,UP01,repeated,8,98,5,7
TRPSUR2508022edc4cc9,2025-08-02,GJ01,repeated,11,107,5,8
TRPJAI250802c4e47342,2025-08-02,RJ01,new,20,277,8,9
TRPLUC2508020ef3919a,2025-08-02,UP01,repeated,13,143,5,7
TRPLUC2508027bbfb2cb,2025-08-02,UP01,repeated,17,179,6,5
TRPSUR250802eacccb8b,2025-08-02,GJ01,repeated,13,123,7,5
TRPLUC250802edb3d39d,2025-08-02,UP01,repeated,6,80,6,5
TRPKOC2508023587f20d,2025-08-02,KL01,repeated,31,372,9,9
TRPJAI2508020fcb933e,2025-08-02,RJ01,new,37,481,10,9
TRPIND250802cfb1657e,2025-08-02,MP01,new,19,175,8,8
TRPLUC25080272c97916,2025-08-02,UP01,repeated,6,80,5,7
TRPLUC25080288519a48,2025-08-02,UP01,new,17,179,7,7
TRPLUC2508027db0a0c0,2025-08-02,UP01,repeated,20,206,5,5
TRPVIS25080264148d61,2025-08-02,AP01,repeated,25,252,7,8
TRPJAI250802ee269ec4,2025-08-02,RJ01,repeated,34,445,7,8
TRPVIS2508027dc784b6,2025-08-02,AP01,repeated,21,216,8,8
TRPVAD250802db29e0b7,2025-08-02,GJ02,repeated,10,98,5,7
TRPJAI250802415803b2,2025-08-02,RJ01,new,25,337,9,9
TRPKOC2508023ec20356,2025-08-02,KL01,new,35,416,8,8
TRPLUC250802e05574b8,2025-08-02,UP01,repeated,14,152,5,8
TRPLUC25080276946c24,2025-08-02,UP01,repeated,11,125,6,5
TRPLUC250802997f5d1d,2025-08-02,UP01,repeated,5,71,7,8
TRPCOI2508029135f925,2025-08-02,TN01,repeated,17,159,6,6
TRPLUC2508029c100cb3,2025-08-02,UP01,repeated,20,206,5,8
TRPLUC25080262693dd5,2025-08-02,UP01,repeated,14,152,6,5
TRPSUR25080246e434c2,2025-08-02,GJ01,new,15,139,7,6
TRPKOC2508025c910a18,2025-08-02,KL01,repeated,21,262,8,10
TRPIND250802deaad01c,2025-08-02,MP01,repeated,25,223,8,7
TRPJAI250802ea93e9c3,2025-08-02,RJ01,repeated,26,349,9,9
TRPCOI250802ef78f7cd,2025-08-02,TN01,new,9,95,8,7
TRPVIS250802ca23876a,2025-08-02,AP01,repeated,20,207,9,8
TRPVIS250802824613a6,2025-08-02,AP01,repeated,18,189,9,9
TRPLUC2508020410d3b2,2025-08-02,UP01,new,9,107,8,8
TRPJAI250802ce18b71f,2025-08-02,RJ01,repeated,44,565,8,8
TRPVIS250802a77e80d5,2025-08-02,AP01,repeated,24,243,9,9
TRPCOI250802fb3c8e5a,2025-08-02,TN01,new,19,175,7,7
TRPJAI250802c5ae5c92,2025-08-02,RJ01,repeated,15,217,7,9
TRPSUR250802b36ade1f,2025-08-02,GJ01,repeated,17,155,6,7
TRPCOI250802a9be8238,2025-08-02,TN01,repeated,14,135,6,7
TRPKOC25080242a154d8,2025-08-02,KL01,new,19,240,9,9
TRPVAD250802b45b9462,2025-08-02,GJ02,repeated,13,122,7,6
TRPLUC25080216ab1e3d,2025-08-02,UP01,repeated,17,179,5,7
TRPLUC25080271eda887,2025-08-02,UP01,repeated,7,89,7,5
TRPSUR25080226432be2,2025-08-02,GJ01,repeated,8,83,5,8
TRPLUC250802b0e6d72e,2025-08-02,UP01,repeated,13,143,5,6
TRPJAI250802d0256783,2025-08-02,RJ01,new,42,541,8,10
TRPLUC250802a138956e,2025-08-02,UP01,repeated,20,206,7,5
TRPSUR250802cd9141ab,2025-08-02,GJ01,new,13,123,8,7
TRPVAD2508020c9e781a,2025-08-02,GJ02,repeated,7,74,6,5
TRPLUC2508028be4dce0,2025-08-02,UP01,repeated,13,143,5,8
TRPCOI2508021df5acdc,2025-08-02,TN01,new,17,159,10,8
TRPSUR25080299c8d501,2025-08-02,GJ01,repeated,5,59,6,5
TRPSUR250802e346f7d3,2025-08-02,GJ01,repeated,15,139,5,8
TRPIND2508029e1eb128,2025-08-02,MP01,new,19,175,7,9
TRPLUC250802cf1c65b4,2025-08-02,UP01,new,19,197,7,7
TRPJAI250802b674da06,2025-08-02,RJ01,new,16,229,10,10
TRPCHA2508027760c047,2025-08-02,CH01,new,27,269,10,9
TRPJAI25080283489329,2025-08-02,RJ01,new,26,349,8,8
TRPJAI2508025bb876cd,2025-08-02,RJ01,repeated,36,469,9,9
TRPVAD250802dba0b54e,2025-08-02,GJ02,repeated,14,130,7,7
TRPVIS2508024e212406,2025-08-02,AP01,repeated,19,198,7,8
TRPJAI250802034f3e64,2025-08-02,RJ01,repeated,43,553,8,9
TRPCHA2508029e8b4c20,2025-08-02,CH01,new,23,233,7,8
TRPIND250802b302a301,2025-08-02,MP01,repeated,22,199,8,6
TRPLUC250802bba3bcd3,2025-08-02,UP01,new,20,206,7,8
TRPMYS2508029c349237,2025-08-02,KA01,repeated,16,195,7,9
TRPIND250802dbf02d40,2025-08-02,MP01,new,16,151,8,9
TRPSUR25080228245263,2025-08-02,GJ01,repeated,13,123,7,8
TRPJAI2508027154aef8,2025-08-02,RJ01,repeated,25,337,9,9
TRPCHA250802caec51b6,2025-08-02,CH01,repeated,27,269,7,6
TRPJAI250802e3bbfbd6,2025-08-02,RJ01,new,31,409,8,9
TRPLUC25080286427b71,2025-08-02,UP01,repeated,8,98,6,8
TRPLUC25080281a2365a,2025-08-02,UP01,repeated,11,125,7,8
TRPMYS2508020e3cd0db,2025-08-02,KA01,new,20,235,8,8
TRPLUC250802c329b9dc,2025-08-02,UP01,repeated,9,107,6,7
TRPLUC2508024151b90a,2025-08-02,UP01,repeated,15,161,5,6
TRPVAD250802915941b7,2025-08-02,GJ02,repeated,6,66,6,6
TRPCOI2508023854b468,2025-08-02,TN01,repeated,20,183,8,8
TRPCOI2508029378e735,2025-08-02,TN01,repeated,8,87,6,6
TRPVAD250802f70d09c8,2025-08-02,GJ02,new,8,82,7,7
TRPCOI25080280b87d03,2025-08-02,TN01,new,18,167,7,9
TRPIND25080265d478df,2025-08-02,MP01,repeated,22,199,8,6
TRPCHA2508026eefba3e,2025-08-02,CH01,repeated,21,215,9,9
TRPJAI25080279a0f626,2025-08-02,RJ01,repeated,27,361,8,8
TRPSUR250802f32266f7,2025-08-02,GJ01,repeated,13,123,7,7
TRPLUC2508020b738770,2025-08-02,UP01,repeated,7,89,7,8
TRPKOC25080237683c6a,2025-08-02,KL01,new,38,449,10,8
TRPVAD250802e07bbb9e,2025-08-02,GJ02,repeated,14,130,7,5
TRPMYS250802a1e1f4df,2025-08-02,KA01,new,25,285,9,9
TRPKOC250802db7b8dba,2025-08-02,KL01,repeated,30,361,7,9
TRPJAI250802fe0f07f1,2025-08-02,RJ01,repeated,28,373,7,9
TRPLUC250802a7b6c135,2025-08-02,UP01,repeated,9,107,5,8
TRPLUC250802a1cf4489,2025-08-02,UP01,repeated,14,152,6,5
TRPLUC250802f39024f1,2025-08-02,UP01,repeated,18,188,5,5
TRPJAI25080222f776a7,2025-08-02,RJ01,new,26,349,10,10
TRPCHA250802ba0286af,2025-08-02,CH01,repeated,20,206,7,6
TRPJAI250802a1d20e18,2025-08-02,RJ01,new,43,553,8,8
TRPLUC25080210abb869,2025-08-02,UP01,repeated,17,179,7,6
TRPCOI250802905c3812,2025-08-02,TN01,new,21,191,10,7
TRPIND250802cbea3fc4,2025-08-02,MP01,repeated,11,111,7,8
TRPSUR2508020bd24970,2025-08-02,GJ01,new,8,83,8,8
TRPJAI250802c044771c,2025-08-02,RJ01,new,24,325,8,9
TRPKOC250802fcb94206,2025-08-02,KL01,repeated,24,295,9,10
TRPLUC25080223799c75,2025-08-02,UP01,repeated,18,188,7,6
TRPKOC25080253c4629d,2025-08-02,KL01,new,19,240,10,10
TRPMYS250802b8e00e96,2025-08-02,KA01,new,19,225,9,8
TRPLUC250802d5634daf,2025-08-02,UP01,repeated,13,143,5,8
TRPCHA2508028e9dc4a4,2025-08-02,CH01,repeated,35,341,9,8
TRPSUR2508025de5c257,2025-08-02,GJ01,repeated,7,75,5,8
TRPSUR2508029eb07c52,2025-08-02,GJ01,new,15,139,8,6
TRPVIS250802e0261650,2025-08-02,AP01,new,11,126,10,8
TRPJAI250802460f6c75,2025-08-02,RJ01,new,15,217,8,9
TRPKOC250802648e2a24,2025-08-02,KL01,new,18,229,8,9
TRPCOI2508027b2df81a,2025-08-02,TN01,repeated,8,87,7,9
TRPJAI2508020655599f,2025-08-02,RJ01,new,30,397,10,10
TRPSUR250802aebd59fa,2025-08-02,GJ01,repeated,11,107,6,6
TRPLUC2508020c09cd09,2025-08-02,UP01,new,9,107,8,7
TRPLUC2508024994e148,2025-08-02,UP01,repeated,7,89,7,8
TRPCOI25080208be7fa9,2025-08-02,TN01,new,14,135,8,9
TRPJAI2508026a045a3b,2025-08-02,RJ01,new,15,217,9,10
TRPIND2508028c92aa7a,2025-08-02,MP01,new,17,159,7,8
TRPIND250802e3caa0b9,2025-08-02,MP01,repeated,11,111,7,6
TRPLUC25080216e4eb47,2025-08-02,UP01,new,14,152,8,6
TRPSUR250802726c272a,2025-08-02,GJ01,repeated,6,67,6,5
TRPMYS250802f78455e6,2025-08-02,KA01,new,12,155,10,9
TRPSUR2508028fd571e9,2025-08-02,GJ01,repeated,16,147,6,5
TRPKOC25080281d4d04b,2025-08-02,KL01,new,10,141,9,10
TRPVIS2508022cfea08c,2025-08-02,AP01,new,13,144,8,9
TRPSUR250802fe030cc9,2025-08-02,GJ01,repeated,11,107,6,6
TRPCHA25080267c857b6,2025-08-02,CH01,new,28,278,7,7
TRPLUC25080203d0289e,2025-08-02,UP01,new,13,143,9,8
TRPSUR250802beba73dc,2025-08-02,GJ01,new,5,59,7,8
TRPKOC250802d091bac4,2025-08-02,KL01,new,15,196,10,10
TRPVIS2508023f4f53d8,2025-08-02,AP01,repeated,31,306,9,9
TRPLUC2508024e874847,2025-08-02,UP01,repeated,12,134,6,7
TRPSUR2508024d88217f,2025-08-02,GJ01,repeated,11,107,6,6
TRPSUR250802c6cf7fe7,2025-08-02,GJ01,repeated,10,99,6,6
TRPSUR250802b32ec6d6,2025-08-02,GJ01,repeated,11,107,5,8
TRPJAI2508022d69a008,2025-08-02,RJ01,repeated,44,565,8,8
TRPJAI250802ad8abd5f,2025-08-02,RJ01,new,18,253,10,8
TRPCOI25080251836df8,2025-08-02,TN01,repeated,17,159,8,6
TRPLUC250802960119aa,2025-08-02,UP01,repeated,14,152,5,7
TRPVIS250802162d7703,2025-08-02,AP01,new,27,270,9,10
TRPLUC2508024072be64,2025-08-02,UP01,new,8,98,7,7
TRPSUR2508028b63c78a,2025-08-02,GJ01,new,6,67,8,8
TRPSUR2508025905f891,2025-08-02,GJ01,new,5,59,8,8
TRPLUC25080284b29639,2025-08-02,UP01,repeated,18,188,7,8
TRPVIS250802587e20cd,2025-08-02,AP01,repeated,35,342,7,10
TRPCHA250802f04a5951,2025-08-02,CH01,repeated,18,188,7,9
TRPJAI2508028583ad50,2025-08-02,RJ01,new,18,253,10,8
TRPKOC2508020322c9fd,2025-08-02,KL01,new,35,416,10,10
TRPIND2508028e04752b,2025-08-02,MP01,new,25,223,10,8
TRPJAI250802068b903f,2025-08-02,RJ01,new,19,265,10,9
TRPMYS2508024ff7d55a,2025-08-02,KA01,new,12,155,10,8
TRPSUR25080211ef24a8,2025-08-02,GJ01,repeated,8,83,6,8
TRPLUC2508028de4f83e,2025-08-02,UP01,new,11,125,9,6
TRPLUC250802e4d7ed6e,2025-08-02,UP01,repeated,9,107,5,8
TRPIND250802cfb23402,2025-08-02,MP01,new,12,119,9,9
TRPVIS2508022fc55aba,2025-08-02,AP01,new,25,252,8,8
TRPIND250802b17b2ade,2025-08-02,MP01,repeated,11,111,7,8
TRPSUR250802427b4ffd,2025-08-02,GJ01,repeated,6,67,5,7
TRPCOI250802c4436f00,2025-08-02,TN01,new,12,119,10,9
TRPLUC2508026b19940f,2025-08-02,UP01,repeated,13,143,7,5
TRPCHA250802d40a0f5a,2025-08-02,CH01,new,20,206,7,7
TRPLUC250802866db08b,2025-08-02,UP01,repeated,11,125,5,7
TRPJAI2508024073ab22,2025-08-02,RJ01,new,22,301,8,9
TRPIND2508023e9734ed,2025-08-02,MP01,repeated,16,151,6,7
TRPLUC2508027f6b4602,2025-08-02,UP01,new,18,188,7,8
TRPIND2508026373028f,2025-08-02,MP01,repeated,14,135,6,9
TRPLUC250802710bec0c,2025-08-02,UP01,repeated,15,161,6,8
TRPSUR250802da05a334,2025-08-02,GJ01,repeated,9,91,6,7
TRPLUC2508024829da15,2025-08-02,UP01,repeated,15,161,7,6
TRPCHA250802261dc222,2025-08-02,CH01,repeated,17,179,8,7
TRPCOI250802c5189366,2025-08-02,TN01,new,19,175,10,8
TRPLUC250802e5c5202a,2025-08-02,UP01,repeated,16,170,5,5
TRPVAD2508023dedfdc5,2025-08-02,GJ02,new,6,66,9,6
TRPCHA250802a86473a2,2025-08-02,CH01,repeated,17,179,6,7
TRPJAI250802387a7316,2025-08-02,RJ01,repeated,40,517,7,9
TRPLUC250802b73eb034,2025-08-02,UP01,repeated,13,143,7,8
