trip_id,date,city_id,passenger_type,distance_travelled(km),fare_amount,passenger_rating,driver_rating
TRPSUR250819c5378442,2025-08-19,GJ01,repeated,10,99,7,5
TRPSUR2508192ed56510,2025-08-19,GJ01,new,5,59,7,6
TRPLUC2508196177722b,2025-08-19,UP01,repeated,8,98,6,6
TRPVIS2508191d62a90e,2025-08-19,AP01,repeated,31,306,9,10
TRPVAD25081981cca882,2025-08-19,GJ02,new,5,58,9,7
TRPLUC250819378666ea,2025-08-19,UP01,repeated,8,98,6,8
TRPJAI250819b8da3711,2025-08-19,RJ01,new,38,493,8,8
TRPSUR250819fb5d6602,2025-08-19,GJ01,repeated,9,91,5,8
TRPIND25081997291576,2025-08-19,MP01,new,13,127,8,7
TRPJAI250819f7f17198,2025-08-19,RJ01,repeated,32,421,8,9
TRPLUC25081920c42150,2025-08-19,UP01,repeated,20,206,5,7
TRPCHA250819aac44368,2025-08-19,CH01,new,14,152,7,7
TRPSUR250819bf135255,2025-08-19,GJ01,repeated,9,91,6,8
TRPLUC2508197a5d09dc,2025-08-19,UP01,repeated,9,107,5,8
TRPCHA2508192f679e9d,2025-08-19,CH01,repeated,13,143,6,9
TRPCHA250819f6dcb2e6,2025-08-19,CH01,new,24,242,8,8
TRPJAI25081967832b03,2025-08-19,RJ01,new,15,217,10,8
TRPVAD25081923e4b8b0,2025-08-19,GJ02,repeated,18,162,6,6
TRPSUR25081978070a4a,2025-08-19,GJ01,repeated,16,147,5,7
TRPJAI250819773dcb5d,2025-08-19,RJ01,new,21,289,9,10
TRPSUR250819e7fd56d8,2025-08-19,GJ01,repeated,8,83,5,8
TRPSUR2508190b9bc8e1,2025-08-19,GJ01,new,17,155,7,6
TRPJAI2508191900587c,2025-08-19,RJ01,new,19,265,9,10
TRPLUC25081954bed55a,2025-08-19,UP01,repeated,10,116,7,8
TRPKOC250819dc2a3ee4,2025-08-19,KL01,new,19,240,10,10
TRPSUR250819a41667c1,2025-08-19,GJ01,repeated,11,107,5,5
TRPJAI2508199e70287f,2025-08-19,RJ01,new,39,505,8,9
TRPLUC250819c5cd8a22,2025-08-19,UP01,repeated,15,161,6,7
TRPVAD2508195df76c0b,2025-08-19,GJ02,new,14,130,8,8
TRPLUC250819498dc691,2025-08-19,UP01,repeated,9,107,5,6
TRPVIS250819fa245488,2025-08-19,AP01,new,29,288,10,8
TRPCOI2508191597a5d8,2025-08-19,TN01,repeated,9,95,9,9
TRPMYS250819a14cd787,2025-08-19,KA01,new,15,185,9,8
TRPVAD250819ccb4f7af,2025-08-19,GJ02,new,9,90,8,8
TRPCOI250819b5dbf8ab,2025-08-19,TN01,repeated,19,175,6,7
TRPCHA25081988aa0e01,2025-08-19,CH01,new,31,305,8,9
TRPIND2508198ecf88a1,2025-08-19,MP01,repeated,25,223,8,9
TRPKOC250819a841a57b,2025-08-19,KL01,new,31,372,8,9
TRPLUC2508199dda344c,2025-08-19,UP01,repeated,14,152,5,7
TRPLUC2508194a835ca0,2025-08-19,UP01,new,11,125,9,8
TRPSUR25081976330c7a,2025-08-19,GJ01,repeated,14,131,6,6
TRPVIS25081928ebb5dc,2025-08-19,AP01,new,17,180,8,9
TRPCOI25081938979406,2025-08-19,TN01,repeated,9,95,6,7
TRPSUR25081948080dae,2025-08-19,GJ01,new,10,99,8,8
TRPJAI25081995eb4535,2025-08-19,RJ01,new,24,325,10,9
TRPSUR2508193dbeaa97,2025-08-19,GJ01,repeated,9,91,6,6
TRPSUR25081970c203ed,2025-08-19,GJ01,repeated,10,99,6,7
TRPCHA250819575db87b,2025-08-19,CH01,repeated,22,224,9,6
TRPIND250819f984b22d,2025-08-19,MP01,repeated,20,183,7,9
TRPIND2508197cac9575,2025-08-19,MP01,repeated,23,207,9,8
TRPLUC2508191da783f8,2025-08-19,UP01,repeated,13,143,5,7
TRPSUR25081922d87dad,2025-08-19,GJ01,repeated,9,91,5,5
TRPJAI250819190409e6,2025-08-19,RJ01,new,28,373,9,9
TRPJAI2508195bf6527a,2025-08-19,RJ01,new,15,217,10,8
TRPJAI250819e0f18d57,2025-08-19,RJ01,repeated,27,361,9,10
TRPKOC250819f22b2665,2025-08-19,KL01,new,32,383,9,10
TRPLUC2508190115317a,2025-08-19,UP01,repeated,12,134,5,6
TRPKOC250819170f3747,2025-08-19,KL01,repeated,29,350,7,8
TRPIND2508195c19196a,2025-08-19,MP01,repeated,23,207,9,6
TRPLUC250819a8c5fda7,2025-08-19,UP01,new,11,125,8,7
TRPIND25081932c249e3,2025-08-19,MP01,repeated,20,183,6,9
TRPMYS250819bea589f0,2025-08-19,KA01,repeated,19,225,9,10
TRPVIS250819e2cb0837,2025-08-19,AP01,new,32,315,10,9
TRPLUC250819812a3fbb,2025-08-19,UP01,repeated,15,161,7,5
TRPVAD250819df6176bd,2025-08-19,GJ02,new,17,154,8,7
TRPJAI250819874963bd,2025-08-19,RJ01,repeated,44,565,7,10
TRPVIS250819b2668b76,2025-08-19,AP01,repeated,21,216,8,8
TRPSUR250819748e761e,2025-08-19,GJ01,new,16,147,9,7
TRPVAD250819b577cda8,2025-08-19,GJ02,repeated,6,66,5,8
TRPLUC2508193f7459d2,2025-08-19,UP01,new,5,71,7,8
TRPLUC2508195e0fd910,2025-08-19,UP01,repeated,14,152,6,5
TRPLUC250819ab6a7447,2025-08-19,UP01,repeated,6,80,5,7
TRPLUC25081959c62ea7,2025-08-19,UP01,repeated,7,89,6,8
TRPLUC2508191329f41d,2025-08-19,UP01,repeated,20,206,5,8
TRPKOC25081940f31f8c,2025-08-19,KL01,repeated,31,372,7,10
TRPLUC250819c76ef258,2025-08-19,UP01,repeated,18,188,7,5
TRPJAI250819f7416214,2025-08-19,RJ01,new,39,505,10,9
TRPSUR250819e2284d30,2025-08-19,GJ01,new,9,91,7,6
TRPVAD250819912d30ac,2025-08-19,GJ02,repeated,9,90,5,7
TRPKOC25081923e02be7,2025-08-19,KL01,new,35,416,8,8
TRPLUC250819dd2b2009,2025-08-19,UP01,repeated,20,206,6,5
TRPIND250819cf18900a,2025-08-19,MP01,new,16,151,9,8
TRPIND25081937125d8d,2025-08-19,MP01,new,20,183,7,8
TRPVIS250819bc3c57de,2025-08-19,AP01,repeated,15,162,8,8
TRPVIS25081920c3ae48,2025-08-19,AP01,new,30,297,10,8
TRPIND2508195d63e3d0,2025-08-19,MP01,repeated,11,111,6,8
TRPJAI250819a893168e,2025-08-19,RJ01,new,17,241,10,10
TRPSUR25081931c38fd5,2025-08-19,GJ01,repeated,14,131,7,7
TRPCOI2508196ce55206,2025-08-19,TN01,repeated,9,95,9,7
TRPKOC2508199b0c8149,2025-08-19,KL01,new,29,350,10,8
TRPVIS25081959b6d1e0,2025-08-19,AP01,new,18,189,9,9
TRPSUR2508198b0abdcc,2025-08-19,GJ01,repeated,15,139,6,5
TRPIND250819d55cf0ef,2025-08-19,MP01,repeated,20,183,9,9
TRPSUR25081957f07059,2025-08-19,GJ01,repeated,13,123,6,8
TRPCOI2508199dae7ef2,2025-08-19,TN01,repeated,13,127,8,7
TRPLUC250819d752f3f1,2025-08-19,UP01,new,12,134,8,8
TRPJAI250819eb50ca4b,2025-08-19,RJ01,new,29,385,9,8
TRPVAD25081989fa2d3c,2025-08-19,GJ02,repeated,16,146,5,8
TRPCHA250819b4404eb9,2025-08-19,CH01,new,32,314,8,7
TRPVAD2508192ace0384,2025-08-19,GJ02,new,12,114,7,6
TRPIND2508193a688c51,2025-08-19,MP01,repeated,24,215,9,7
TRPCHA250819c99b7483,2025-08-19,CH01,new,35,341,9,7
TRPVIS250819da66f181,2025-08-19,AP01,repeated,10,117,9,8
TRPSUR2508193516db80,2025-08-19,GJ01,repeated,14,131,5,6
TRPCOI250819d5ba8e22,2025-08-19,TN01,new,8,87,8,7
TRPMYS250819dd316d16,2025-08-19,KA01,repeated,14,175,8,10
TRPLUC250819beb84930,2025-08-19,UP01,repeated,8,98,7,6
TRPVAD250819acf26141,2025-08-19,GJ02,repeated,18,162,5,8
TRPVAD2508198e047488,2025-08-19,GJ02,repeated,13,122,6,6
TRPKOC250819fddbc043,2025-08-19,KL01,new,14,185,8,9
TRPVIS25081946d676e9,2025-08-19,AP01,repeated,19,198,7,8
TRPSUR250819fe02e69b,2025-08-19,GJ01,repeated,6,67,5,5
TRPVIS250819c36a511b,2025-08-19,AP01,repeated,21,216,7,10
TRPLUC250819c22a8cc0,2025-08-19,UP01,repeated,10,116,5,7
TRPVIS2508197a3d90a1,2025-08-19,AP01,repeated,31,306,9,10
TRPJAI250819284c85e5,2025-08-19,RJ01,new,31,409,8,8
TRPIND250819cdc9d891,2025-08-19,MP01,repeated,15,143,6,8
TRPJAI25081951cfeebc,2025-08-19,RJ01,new,35,457,10,9
TRPCHA25081932dc7a0d,2025-08-19,CH01,repeated,30,296,6,9
TRPSUR2508192842bb53,2025-08-19,GJ01,new,17,155,8,7
TRPLUC250819400fac72,2025-08-19,UP01,repeated,14,152,6,6
TRPSUR250819dc45a139,2025-08-19,GJ01,new,14,131,7,7
TRPIND250819a39ca5d8,2025-08-19,MP01,repeated,20,183,7,8
TRPSUR250819152cc8b7,2025-08-19,GJ01,repeated,5,59,6,6
TRPSUR250819de3af54e,2025-08-19,GJ01,repeated,10,99,7,8
TRPLUC2508192c24f546,2025-08-19,UP01,repeated,13,143,7,8
TRPSUR25081932fb3d56,2025-08-19,GJ01,repeated,11,107,5,5
TRPIND250819bbea2068,2025-08-19,MP01,new,20,183,7,7
TRPLUC250819ee57a9a7,2025-08-19,UP01,repeated,20,206,5,6
TRPSUR250819537de61a,2025-08-19,GJ01,new,14,131,8,8
TRPKOC2508193ae3915b,2025-08-19,KL01,repeated,29,350,8,9
TRPLUC250819edb0b09f,2025-08-19,UP01,repeated,18,188,6,5
TRPCHA250819aba15469,2025-08-19,CH01,repeated,14,152,8,9
TRPSUR250819cf74b8d2,2025-08-19,GJ01,repeated,10,99,5,6
TRPIND2508194b904336,2025-08-19,MP01,repeated,25,223,7,7
TRPLUC250819877aefa6,2025-08-19,UP01,repeated,11,125,7,7
TRPSUR25081951439b71,2025-08-19,GJ01,repeated,8,83,6,8
TRPCHA250819eaa03769,2025-08-19,CH01,repeated,26,260,8,9
TRPKOC250819938ca29c,2025-08-19,KL01,new,26,317,10,8
TRPKOC25081946f6c99c,2025-08-19,KL01,new,22,273,8,9
TRPJAI25081990733619,2025-08-19,RJ01,new,33,433,9,8
TRPKOC250819e51968d0,2025-08-19,KL01,repeated,15,196,7,9
TRPCOI2508191a6c6d9f,2025-08-19,TN01,new,18,167,7,9
TRPIND2508196cc23f47,2025-08-19,MP01,repeated,12,119,6,9
TRPCHA2508196a7563c8,2025-08-19,CH01,new,34,332,10,9
TRPCOI250819624a82ce,2025-08-19,TN01,repeated,20,183,7,7
TRPSUR25081920642e27,2025-08-19,GJ01,repeated,6,67,7,5
TRPVAD250819f056a05a,2025-08-19,GJ02,new,13,122,7,8
TRPKOC250819d5a79e8a,2025-08-19,KL01,new,31,372,10,10
TRPVAD2508197fd9fa14,2025-08-19,GJ02,repeated,10,98,7,7
TRPKOC250819a395c1ee,2025-08-19,KL01,new,14,185,8,9
TRPCHA250819ae71df8a,2025-08-19,CH01,new,22,224,8,8
TRPIND25081984aeb7c3,2025-08-19,MP01,repeated,8,87,9,7
TRPSUR2508197173d2ee,2025-08-19,GJ01,repeated,9,91,6,6
TRPIND250819500c9618,2025-08-19,MP01,repeated,11,111,8,6
TRPVIS250819a586711d,2025-08-19,AP01,new,23,234,10,10
TRPSUR250819a300053e,2025-08-19,GJ01,repeated,10,99,6,8
TRPVIS2508199ae923f0,2025-08-19,AP01,new,13,144,9,10
TRPSUR250819ddbac20b,2025-08-19,GJ01,repeated,11,107,7,8
TRPJAI250819b0eff2a4,2025-08-19,RJ01,repeated,16,229,9,10
TRPVIS250819de93d7bb,2025-08-19,AP01,repeated,26,261,7,8
TRPJAI2508191d873c1d,2025-08-19,RJ01,repeated,20,277,7,10
TRPLUC250819f2372034,2025-08-19,UP01,new,7,89,9,8
TRPJAI250819f5046ffc,2025-08-19,RJ01,repeated,38,493,9,9
TRPCOI250819fb8e03d5,2025-08-19,TN01,new,12,119,10,9
TRPVAD2508194274de69,2025-08-19,GJ02,repeated,13,122,6,5
TRPLUC2508198cffefce,2025-08-19,UP01,repeated,11,125,5,5
TRPIND250819f404fcca,2025-08-19,MP01,new,18,167,7,9
TRPJAI250819705418d1,2025-08-19,RJ01,new,38,493,8,9
TRPJAI250819ee550a58,2025-08-19,RJ01,new,37,481,9,9
TRPVIS2508194352e204,2025-08-19,AP01,new,10,117,10,9
TRPLUC25081935b1dfd2,2025-08-19,UP01,repeated,5,71,5,5
TRPLUC2508197cda70f7,2025-08-19,UP01,new,15,161,8,6
TRPSUR25081950fb0064,2025-08-19,GJ01,repeated,10,99,7,8
TRPLUC2508199d38dad5,2025-08-19,UP01,new,11,125,7,6
TRPJAI25081967cc2edc,2025-08-19,RJ01,repeated,21,289,9,10
TRPVAD250819ba04a4f6,2025-08-19,GJ02,repeated,13,122,6,8
TRPVAD25081924cd9bcf,2025-08-19,GJ02,repeated,13,122,6,8
TRPCHA2508192a715634,2025-08-19,CH01,repeated,30,296,8,6
TRPJAI2508192fe9ec47,2025-08-19,RJ01,new,21,289,10,8
TRPMYS2508190820fcd9,2025-08-19,KA01,repeated,24,275,9,9
TRPLUC250819f7ba9d20,2025-08-19,UP01,repeated,8,98,5,6
TRPVIS250819cc5a7883,2025-08-19,AP01,repeated,31,306,7,9
TRPJAI250819bd4466c5,2025-08-19,RJ01,new,37,481,8,10
TRPIND2508193a3789cb,2025-08-19,MP01,repeated,18,167,6,8
TRPLUC250819af9cb8de,2025-08-19,UP01,new,12,134,7,6
TRPSUR2508193d8f37d8,2025-08-19,GJ01,repeated,16,147,6,6
TRPKOC25081914711090,2025-08-19,KL01,new,16,207,10,8
TRPIND250819c48cece0,2025-08-19,MP01,repeated,12,119,8,8
TRPSUR250819fc0a97fa,2025-08-19,GJ01,repeated,10,99,7,8
TRPIND250819044a9be9,2025-08-19,MP01,repeated,9,95,7,6
TRPCHA250819fece7612,2025-08-19,CH01,repeated,12,134,8,8
TRPJAI2508194e233d98,2025-08-19,RJ01,repeated,43,553,8,8
TRPVAD250819b6f65c53,2025-08-19,GJ02,new,5,58,7,7
TRPIND25081965c42201,2025-08-19,MP01,new,13,127,8,7
TRPMYS250819b478c971,2025-08-19,KA01,new,21,245,10,9
TRPSUR25081937b76716,2025-08-19,GJ01,repeated,8,83,6,7
TRPJAI250819f1c79cc9,2025-08-19,RJ01,repeated,42,541,8,9
TRPKOC2508190fdce226,2025-08-19,KL01,repeated,28,339,7,8
TRPLUC25081994558011,2025-08-19,UP01,repeated,17,179,5,7
TRPLUC2508193d93644a,2025-08-19,UP01,repeated,12,134,5,7
TRPLUC250819202f2c15,2025-08-19,UP01,repeated,7,89,7,8
TRPSUR250819fc20b744,2025-08-19,GJ01,repeated,7,75,7,8
TRPJAI250819c4ae4985,2025-08-19,RJ01,repeated,44,565,8,9
TRPJAI250819f8c0a95e,2025-08-19,RJ01,repeated,37,481,7,8
TRPSUR25081946da3635,2025-08-19,GJ01,repeated,6,67,5,6
TRPSUR25081975f990a3,2025-08-19,GJ01,repeated,11,107,7,7
TRPSUR250819911f6b0c,2025-08-19,GJ01,repeated,6,67,6,5
TRPJAI250819728ee17b,2025-08-19,RJ01,new,19,265,10,9
TRPLUC250819265503c6,2025-08-19,UP01,new,11,125,8,6
TRPMYS25081972ddde42,2025-08-19,KA01,repeated,24,275,8,9
TRPIND250819da99b693,2025-08-19,MP01,repeated,19,175,6,8
TRPCHA2508193a4d925e,2025-08-19,CH01,repeated,29,287,8,7
TRPLUC250819f37b98aa,2025-08-19,UP01,repeated,17,179,5,7
TRPMYS2508193cb7389e,2025-08-19,KA01,repeated,24,275,7,9
TRPSUR25081921e2ec22,2025-08-19,GJ01,repeated,11,107,6,7
TRPLUC2508196d7a5617,2025-08-19,UP01,new,17,179,9,8
TRPVIS250819b0e3f02a,2025-08-19,AP01,repeated,18,189,9,8
TRPJAI25081942dd71d1,2025-08-19,RJ01,new,40,517,9,10
TRPLUC250819a81ff9db,2025-08-19,UP01,repeated,20,206,5,8
TRPCOI2508195e5eb5d4,2025-08-19,TN01,new,12,119,8,8
TRPIND250819ccc3c4d6,2025-08-19,MP01,new,23,207,7,9
TRPCOI250819761ffd63,2025-08-19,TN01,new,14,135,8,8
TRPMYS2508196f54eece,2025-08-19,KA01,new,17,205,10,10
TRPIND2508190bbf5f76,2025-08-19,MP01,new,11,111,10,9
TRPSUR2508196d76c152,2025-08-19,GJ01,repeated,13,123,5,6
TRPLUC25081920f30a8a,2025-08-19,UP01,repeated,20,206,6,5
TRPCHA250819e3508025,2025-08-19,CH01,new,13,143,8,8
TRPSUR25081974faec9a,2025-08-19,GJ01,repeated,7,75,6,6
TRPKOC250819efe23e22,2025-08-19,KL01,new,15,196,10,8
TRPLUC2508190f2daf97,2025-08-19,UP01,new,12,134,7,8
TRPJAI25081939f2dd2f,2025-08-19,RJ01,repeated,29,385,7,9
TRPCHA250819b87d81f9,2025-08-19,CH01,new,21,215,10,8
TRPIND250819c81f50b9,2025-08-19,MP01,repeated,12,119,6,7
TRPKOC25081983fe221c,2025-08-19,KL01,new,33,394,4,2
TRPKOC25081952a70570,2025-08-19,KL01,new,10,141,10,9
TRPSUR250819b6dbedc7,2025-08-19,GJ01,repeated,11,107,6,5
TRPJAI250819c97789e9,2025-08-19,RJ01,new,25,337,10,8
TRPLUC250819f1d08012,2025-08-19,UP01,repeated,13,143,5,7
TRPCHA250819b24502fd,2025-08-19,CH01,new,21,215,7,7
TRPJAI250819c4db2e89,2025-08-19,RJ01,new,23,313,8,10
TRPLUC25081915448496,2025-08-19,UP01,repeated,13,143,6,6
TRPVAD2508194448a160,2025-08-19,GJ02,new,10,98,8,6
TRPVIS2508198a240201,2025-08-19,AP01,repeated,33,324,8,8
TRPLUC250819403edec9,2025-08-19,UP01,repeated,15,161,6,6
TRPSUR250819806cc3fc,2025-08-19,GJ01,repeated,6,67,6,7
TRPLUC250819b26dbef0,2025-08-19,UP01,repeated,14,152,7,8
TRPJAI2508196a7407e4,2025-08-19,RJ01,repeated,33,433,9,10
TRPVAD250819fb6ebb15,2025-08-19,GJ02,repeated,7,74,5,6
TRPJAI250819acf5193e,2025-08-19,RJ01,new,41,529,10,8
TRPVIS2508191955f9a5,2025-08-19,AP01,new,22,225,9,10
TRPMYS2508192a03e5f5,2025-08-19,KA01,new,24,275,9,8
TRPIND2508191b94b04d,2025-08-19,MP01,new,17,159,10,7
TRPKOC250819ce4eceab,2025-08-19,KL01,new,36,427,9,10
TRPLUC2508199e3c7c32,2025-08-19,UP01,repeated,13,143,7,5
TRPLUC250819650c0250,2025-08-19,UP01,repeated,10,116,6,8
TRPIND250819aae13503,2025-08-19,MP01,repeated,11,111,9,6
TRPJAI25081927b1f643,2025-08-19,RJ01,new,25,337,10,9
TRPJAI25081934b9ee75,2025-08-19,RJ01,new,44,565,10,8
TRPCHA250819d4150a9f,2025-08-19,CH01,new,26,260,7,7
TRPKOC2508192de92934,2025-08-19,KL01,repeated,11,152,8,10
TRPKOC250819b1db4869,2025-08-19,KL01,new,17,218,10,9
TRPIND250819dba474ee,2025-08-19,MP01,repeated,19,175,6,6
TRPSUR250819668f21f1,2025-08-19,GJ01,repeated,6,67,7,5
TRPSUR250819b7fdfb23,2025-08-19,GJ01,new,5,59,9,6
TRPLUC2508192bb48989,2025-08-19,UP01,repeated,12,134,7,7
TRPVAD250819f173e984,2025-08-19,GJ02,repeated,14,130,6,5
TRPSUR25081901fe7a5d,2025-08-19,GJ01,new,8,83,8,7
TRPVIS25081959961cd3,2025-08-19,AP01,new,25,252,10,10
TRPVIS2508199caf8a7f,2025-08-19,AP01,new,12,135,9,9
TRPSUR250819b004fd89,2025-08-19,GJ01,new,5,59,8,8
TRPLUC2508192ac812db,2025-08-19,UP01,repeated,9,107,6,7
TRPKOC250819095adebb,2025-08-19,KL01,new,36,427,9,9
TRPCHA25081950003eed,2025-08-19,CH01,repeated,15,161,9,6
TRPLUC250819e4536abc,2025-08-19,UP01,new,14,152,7,7
TRPLUC250819402fc05b,2025-08-19,UP01,repeated,18,188,7,8
TRPLUC250819003c25a9,2025-08-19,UP01,repeated,12,134,5,8
TRPVIS25081918d6420a,2025-08-19,AP01,repeated,31,306,9,8
TRPVAD25081911f9d1d6,2025-08-19,GJ02,new,8,82,7,7
TRPCOI25081986fef769,2025-08-19,TN01,new,16,151,10,8
TRPSUR250819edad1fc3,2025-08-19,GJ01,repeated,5,59,5,5
TRPJAI250819fa502f5d,2025-08-19,RJ01,new,26,349,8,8
TRPKOC250819c5f80a5d,2025-08-19,KL01,repeated,19,240,9,10
TRPJAI250819869498e8,2025-08-19,RJ01,repeated,24,325,9,9
TRPJAI250819a4d5739f,2025-08-19,RJ01,repeated,44,565,8,10
TRPVAD250819a3b31850,2025-08-19,GJ02,new,15,138,8,6
TRPVAD25081979496499,2025-08-19,GJ02,new,9,90,7,6
TRPCHA2508192fb3ca4f,2025-08-19,CH01,repeated,21,215,9,9
TRPKOC250819d5759059,2025-08-19,KL01,new,21,262,9,10
TRPJAI2508193a5a0939,2025-08-19,RJ01,repeated,45,577,9,10
TRPLUC250819636a11f8,2025-08-19,UP01,repeated,13,143,7,5
TRPJAI25081987870202,2025-08-19,RJ01,repeated,15,217,8,9
TRPCOI250819bfce75f6,2025-08-19,TN01,repeated,12,119,8,7
TRPJAI250819c35734f3,2025-08-19,RJ01,repeated,25,337,7,9
TRPJAI2508191fb23f5c,2025-08-19,RJ01,repeated,30,397,9,8
TRPCHA250819d685cd0b,2025-08-19,CH01,repeated,25,251,7,7
TRPIND2508193822905d,2025-08-19,MP01,repeated,24,215,7,7
TRPLUC250819f5bfd14d,2025-08-19,UP01,repeated,9,107,5,8
TRPSUR2508193be0ccbe,2025-08-19,GJ01,new,13,123,8,6
TRPVAD2508193ea20bff,2025-08-19,GJ02,repeated,6,66,7,7
TRPLUC250819b44a9e99,2025-08-19,UP01,repeated,19,197,6,6
TRPLUC250819f884d8aa,2025-08-19,UP01,repeated,11,125,7,8
TRPSUR250819a44d7fb3,2025-08-19,GJ01,repeated,17,155,5,8
TRPSUR25081917141a86,2025-08-19,GJ01,repeated,5,59,6,5
TRPCHA250819bf4d0c5e,2025-08-19,CH01,new,29,287,7,8
TRPCHA25081930fdc4ea,2025-08-19,CH01,new,19,197,9,8
TRPJAI2508196e602600,2025-08-19,RJ01,new,37,481,10,10
TRPCHA25081960a95633,2025-08-19,CH01,repeated,19,197,8,8
TRPLUC250819a4ced3b5,2025-08-19,UP01,new,11,125,9,8
TRPLUC25081905f872a6,2025-08-19,UP01,repeated,20,206,5,8
TRPCOI25081930da68d0,2025-08-19,TN01,new,13,127,10,9
TRPKOC250819f7a2b476,2025-08-19,KL01,repeated,16,207,8,8
TRPVAD250819cf935be9,2025-08-19,GJ02,repeated,6,66,5,7
TRPLUC250819b37cfe5c,2025-08-19,UP01,new,20,206,8,6
TRPLUC250819f059ce07,2025-08-19,UP01,repeated,7,89,5,6
TRPVAD250819c1b735c1,2025-08-19,GJ02,new,9,90,7,6
TRPVIS25081901fcd580,2025-08-19,AP01,repeated,24,243,7,10
TRPKOC250819f6d73566,2025-08-19,KL01,new,26,317,8,8
TRPLUC250819d6d38e89,2025-08-19,UP01,new,7,89,7,7
TRPIND25081952845cdd,2025-08-19,MP01,new,12,119,9,9
TRPVAD250819d081167a,2025-08-19,GJ02,repeated,7,74,7,8
TRPJAI250819f368e356,2025-08-19,RJ01,repeated,42,541,9,10
TRPLUC250819eb66e48b,2025-08-19,UP01,repeated,20,206,5,7
TRPLUC250819d5a165f3,2025-08-19,UP01,repeated,16,170,5,6
TRPLUC25081927b7d456,2025-08-19,UP01,repeated,18,188,5,5
TRPJAI250819ef13489a,2025-08-19,RJ01,new,45,577,9,10
TRPCOI2508195e4cd4e8,2025-08-19,TN01,repeated,18,167,6,6
TRPJAI250819bb6d59f2,2025-08-19,RJ01,new,19,265,10,8
TRPSUR250819cb902fb7,2025-08-19,GJ01,new,12,115,7,8
TRPSUR250819b0ad6577,2025-08-19,GJ01,new,14,131,8,8
TRPVIS2508196f63bef2,2025-08-19,AP01,new,28,279,9,8
TRPIND250819dc0d4780,2025-08-19,MP01,new,14,135,8,8
TRPIND2508191205c29b,2025-08-19,MP01,repeated,20,183,6,8
TRPJAI25081991a63dea,2025-08-19,RJ01,new,29,385,8,9
TRPKOC2508193dbb56e9,2025-08-19,KL01,repeated,18,229,9,9
TRPSUR250819440448ea,2025-08-19,GJ01,repeated,8,83,7,8
TRPLUC250819f385b1d1,2025-08-19,UP01,repeated,11,125,7,8
TRPIND250819ff8cba6a,2025-08-19,MP01,repeated,23,207,6,9
TRPSUR25081975907313,2025-08-19,GJ01,repeated,12,115,6,6
TRPSUR2508190a622f4d,2025-08-19,GJ01,repeated,7,75,6,7
TRPKOC250819159d9ff5,2025-08-19,KL01,new,12,163,10,10
TRPSUR2508194741c375,2025-08-19,GJ01,new,12,115,9,8
TRPIND250819f2130391,2025-08-19,MP01,repeated,10,103,7,7
TRPJAI2508196e9d1cbb,2025-08-19,RJ01,new,34,445,10,9
TRPLUC250819714a3705,2025-08-19,UP01,repeated,18,188,7,5
TRPLUC250819f6eebd41,2025-08-19,UP01,repeated,12,134,7,7
TRPCHA2508190c074c83,2025-08-19,CH01,new,30,296,9,7
TRPCOI2508194d38dfe8,2025-08-19,TN01,new,18,167,9,7
TRPSUR250819a2bc5b98,2025-08-19,GJ01,repeated,9,91,6,5
TRPKOC2508191c76767e,2025-08-19,KL01,new,11,152,9,10
TRPCHA2508192cceb6f2,2025-08-19,CH01,repeated,35,341,6,8
TRPCOI2508194c131b75,2025-08-19,TN01,repeated,16,151,9,7
TRPLUC250819bf5d575f,2025-08-19,UP01,new,10,116,9,8
TRPCHA2508191cec2bcc,2025-08-19,CH01,repeated,20,206,6,6
TRPCOI2508199f846b3b,2025-08-19,TN01,new,18,167,8,7
TRPVAD250819ef4a5cbb,2025-08-19,GJ02,repeated,16,146,5,6
TRPCOI2508193fba4a1a,2025-08-19,TN01,repeated,18,167,9,8
TRPLUC250819c6e830e2,2025-08-19,UP01,new,7,89,8,6
TRPVAD250819410c0731,2025-08-19,GJ02,repeated,16,146,6,6
TRPKOC2508193fde7952,2025-08-19,KL01,new,26,317,10,10
TRPKOC250819602ad581,2025-08-19,KL01,repeated,24,295,9,10
TRPLUC250819c44be4dc,2025-08-19,UP01,repeated,19,197,7,7
TRPJAI250819cc7732e9,2025-08-19,RJ01,new,15,217,9,10
TRPVAD250819e462bdd8,2025-08-19,GJ02,repeated,18,162,7,8
TRPLUC2508199b8702b4,2025-08-19,UP01,repeated,10,116,5,6
TRPIND2508196a018d59,2025-08-19,MP01,new,15,143,9,7
TRPLUC250819d7d98ccd,2025-08-19,UP01,repeated,8,98,7,6
TRPJAI250819c4b7f18b,2025-08-19,RJ01,repeated,36,469,7,9
TRPSUR2508195dd4d576,2025-08-19,GJ01,repeated,7,75,5,6
TRPCHA250819d9628a5f,2025-08-19,CH01,new,21,215,7,9
TRPIND2508196ccc8a7b,2025-08-19,MP01,repeated,18,167,8,6
TRPSUR250819ddfa34b9,2025-08-19,GJ01,repeated,9,91,5,5
TRPJAI250819e84e6ecd,2025-08-19,RJ01,new,19,265,10,9
TRPJAI250819f9d983f7,2025-08-19,RJ01,repeated,42,541,7,9
TRPSUR250819b59c9097,2025-08-19,GJ01,repeated,13,123,6,6
TRPLUC250819abf825ca,2025-08-19,UP01,new,16,170,7,8
TRPCHA2508194d60131c,2025-08-19,CH01,repeated,35,341,6,7
TRPJAI250819601ce3eb,2025-08-19,RJ01,repeated,39,505,8,10
TRPCHA2508197833b3b8,2025-08-19,CH01,repeated,14,152,6,6
TRPIND25081986a91931,2025-08-19,MP01,new,21,191,7,8
TRPVIS2508190e976b20,2025-08-19,AP01,new,19,198,10,9
TRPLUC2508196786130a,2025-08-19,UP01,repeated,14,152,7,6
TRPJAI2508199ee20882,2025-08-19,RJ01,new,25,337,10,8
TRPCOI2508198183b69f,2025-08-19,TN01,new,21,191,8,7
TRPLUC250819e878e438,2025-08-19,UP01,repeated,10,116,7,6
TRPLUC2508199200daac,2025-08-19,UP01,repeated,12,134,5,5
TRPLUC2508192730612e,2025-08-19,UP01,new,18,188,9,6
TRPJAI2508199579b1bb,2025-08-19,RJ01,new,34,445,10,9
TRPCOI250819764dc93a,2025-08-19,TN01,new,16,151,7,8
TRPKOC250819ea379364,2025-08-19,KL01,new,38,449,8,10
TRPIND250819b677cf0c,2025-08-19,MP01,repeated,11,111,9,8
TRPKOC25081997f2f87a,2025-08-19,KL01,repeated,37,438,9,8
TRPLUC250819f7f3c0fe,2025-08-19,UP01,new,17,179,9,8
TRPJAI250819716f1f88,2025-08-19,RJ01,new,39,505,8,9
TRPVIS250819f434c9db,2025-08-19,AP01,repeated,11,126,9,9
TRPVAD250819ad968b23,2025-08-19,GJ02,repeated,6,66,5,6
TRPLUC250819a0fb259c,2025-08-19,UP01,repeated,18,188,5,7
TRPCOI25081927741f05,2025-08-19,TN01,new,18,167,10,7
TRPCHA250819e52a3a31,2025-08-19,CH01,repeated,19,197,6,9
TRPIND250819a3feaf83,2025-08-19,MP01,repeated,25,223,7,6
TRPLUC250819992bf4c2,2025-08-19,UP01,repeated,19,197,5,5
TRPKOC2508194c6708d0,2025-08-19,KL01,repeated,34,405,7,10
TRPSUR25081948d77485,2025-08-19,GJ01,repeated,15,139,5,6
TRPSUR250819a46317ba,2025-08-19,GJ01,new,17,155,7,8
TRPSUR250819cd27056f,2025-08-19,GJ01,repeated,14,131,7,7
TRPJAI250819e76aefb0,2025-08-19,RJ01,new,36,469,9,10
TRPVAD2508192546da1e,2025-08-19,GJ02,repeated,6,66,7,6
TRPSUR250819405be574,2025-08-19,GJ01,repeated,11,107,7,6
TRPSUR250819cef4b8a1,2025-08-19,GJ01,repeated,16,147,6,6
TRPLUC250819543fa782,2025-08-19,UP01,repeated,6,80,6,5
TRPVIS25081906441771,2025-08-19,AP01,repeated,12,135,7,9
TRPJAI25081960a4b7d7,2025-08-19,RJ01,new,29,385,10,10
TRPLUC250819333b58e8,2025-08-19,UP01,new,16,170,9,6
TRPLUC250819c2d88526,2025-08-19,UP01,new,17,179,8,6
TRPSUR250819091b9da1,2025-08-19,GJ01,repeated,5,59,5,7
TRPSUR25081963d8461e,2025-08-19,GJ01,repeated,8,83,5,8
TRPVAD250819b132c94a,2025-08-19,GJ02,repeated,17,154,5,5
TRPKOC2508196a53fc69,2025-08-19,KL01,new,35,416,10,8
TRPVIS2508195d73ce91,2025-08-19,AP01,new,15,162,10,10
TRPIND25081996ca6a26,2025-08-19,MP01,repeated,8,87,9,7
TRPVAD2508194d771156,2025-08-19,GJ02,repeated,17,154,6,5
TRPCHA2508196d165deb,2025-08-19,CH01,new,35,341,7,8
TRPJAI250819aa798a46,2025-08-19,RJ01,new,41,529,8,9
TRPLUC25081915e25bc7,2025-08-19,UP01,repeated,6,80,5,8
TRPIND250819584410e2,2025-08-19,MP01,repeated,15,143,9,8
TRPVIS25081950bd76c5,2025-08-19,AP01,new,21,216,10,10
TRPLUC25081983e2ef20,2025-08-19,UP01,repeated,9,107,7,6
TRPLUC250819d8440d96,2025-08-19,UP01,new,7,89,8,8
TRPSUR25081974a2e06d,2025-08-19,GJ01,repeated,13,123,7,6
TRPCOI250819b0f5a84f,2025-08-19,TN01,new,15,143,8,8
TRPVAD2508194ea8c2b7,2025-08-19,GJ02,new,9,90,9,8
TRPJAI25081917fbae69,2025-08-19,RJ01,new,45,577,10,10
TRPLUC250819c4d24346,2025-08-19,UP01,repeated,12,134,6,8
TRPJAI2508199c7ff0fa,2025-08-19,RJ01,repeated,22,301,9,9
TRPJAI250819ec42abbe,2025-08-19,RJ01,repeated,36,469,7,10
TRPCOI25081976e4255a,2025-08-19,TN01,new,18,167,7,8
TRPMYS2508195ba17b0c,2025-08-19,KA01,new,19,225,9,10
TRPLUC250819a8b9548d,2025-08-19,UP01,new,9,107,3,2
TRPLUC25081995d9b48d,2025-08-19,UP01,repeated,15,161,6,5
TRPKOC2508195e8dc4f8,2025-08-19,KL01,new,19,240,8,8
TRPJAI250819dd054f3f,2025-08-19,RJ01,new,43,553,10,10
TRPVAD250819d4add979,2025-08-19,GJ02,repeated,6,66,7,5
TRPIND250819cdfb15ac,2025-08-19,MP01,repeated,10,103,7,9
TRPKOC250819652c0a92,2025-08-19,KL01,new,29,350,10,9
TRPSUR25081984a89955,2025-08-19,GJ01,repeated,8,83,6,6
TRPKOC250819c13fa005,2025-08-19,KL01,new,23,284,8,8
TRPSUR250819627000e6,2025-08-19,GJ01,new,13,123,8,8
TRPIND250819f81c43f0,2025-08-19,MP01,repeated,8,87,9,8
TRPLUC250819a94d2705,2025-08-19,UP01,repeated,6,80,5,7
TRPVAD25081969186da4,2025-08-19,GJ02,new,8,82,8,6
TRPIND2508192ebe3d1a,2025-08-19,MP01,repeated,11,111,9,8
TRPKOC250819a10efba2,2025-08-19,KL01,new,37,438,9,10
TRPIND2508195a26a844,2025-08-19,MP01,repeated,13,127,7,7
TRPIND25081946aeb557,2025-08-19,MP01,repeated,17,159,8,9
TRPVAD250819ec3722d7,2025-08-19,GJ02,repeated,13,122,6,5
TRPIND250819ee218a34,2025-08-19,MP01,repeated,12,119,9,8
TRPJAI2508194fc0e133,2025-08-19,RJ01,new,21,289,8,8
TRPKOC2508198b6ad954,2025-08-19,KL01,new,33,394,9,10
TRPVAD250819beee9027,2025-08-19,GJ02,repeated,6,66,7,6
TRPJAI250819d355f839,2025-08-19,RJ01,repeated,41,529,7,9
TRPLUC250819e784e0c4,2025-08-19,UP01,new,8,98,7,7
TRPJAI250819f9e232bf,2025-08-19,RJ01,new,33,433,10,9
TRPVIS250819aafaf487,2025-08-19,AP01,repeated,31,306,7,9
TRPCHA250819a1de98c3,2025-08-19,CH01,new,14,152,7,8
TRPCOI250819e7380851,2025-08-19,TN01,new,11,111,10,7
TRPLUC250819a25a160c,2025-08-19,UP01,repeated,17,179,7,8
TRPKOC2508197fe9454e,2025-08-19,KL01,repeated,30,361,7,10
TRPSUR250819350f0202,2025-08-19,GJ01,new,15,139,7,6
TRPJAI25081980226ece,2025-08-19,RJ01,repeated,40,517,7,10
TRPKOC2508193856f7bb,2025-08-19,KL01,repeated,30,361,9,8
TRPJAI2508198102b9bc,2025-08-19,RJ01,repeated,19,265,7,10
TRPCHA2508197588648a,2025-08-19,CH01,repeated,22,224,6,8
TRPSUR250819e925562c,2025-08-19,GJ01,repeated,8,83,5,7
TRPVAD250819fab28323,2025-08-19,GJ02,repeated,12,114,5,7
TRPCHA250819bf31bcd5,2025-08-19,CH01,repeated,21,215,7,7
TRPVAD25081994ba0e91,2025-08-19,GJ02,repeated,7,74,7,6
TRPSUR2508194004e5b6,2025-08-19,GJ01,new,7,75,9,6
TRPCOI25081959531da8,2025-08-19,TN01,repeated,18,167,8,6
TRPCOI250819cac31b5e,2025-08-19,TN01,repeated,22,199,6,9
TRPKOC25081966ed5922,2025-08-19,KL01,repeated,20,251,9,8
TRPCHA25081949556c87,2025-08-19,CH01,repeated,26,260,9,7
TRPLUC2508197a09f1cd,2025-08-19,UP01,repeated,8,98,6,6
TRPLUC25081968426d31,2025-08-19,UP01,repeated,11,125,6,7
TRPSUR250819a78c5197,2025-08-19,GJ01,repeated,6,67,7,6
TRPKOC2508198b247432,2025-08-19,KL01,repeated,27,328,7,10
TRPJAI2508198456a480,2025-08-19,RJ01,new,37,481,10,8
TRPJAI250819065a09d6,2025-08-19,RJ01,new,32,421,10,9
TRPLUC250819f918062a,2025-08-19,UP01,repeated,5,71,7,5
TRPJAI2508190d1d6f0d,2025-08-19,RJ01,repeated,39,505,7,8
TRPVAD250819e6a5f9b1,2025-08-19,GJ02,repeated,16,146,5,5
TRPLUC250819d57021e8,2025-08-19,UP01,repeated,8,98,7,8
TRPLUC250819767bbe0a,2025-08-19,UP01,repeated,7,89,6,5
TRPMYS2508196cd60537,2025-08-19,KA01,repeated,24,275,8,8
TRPJAI250819a36e8ad0,2025-08-19,RJ01,new,25,337,10,8
TRPLUC250819a7552c59,2025-08-19,UP01,repeated,16,170,6,6
TRPLUC250819985145f9,2025-08-19,UP01,repeated,14,152,7,8
TRPLUC25081992816204,2025-08-19,UP01,repeated,17,179,7,8
TRPLUC25081980ad4d6a,2025-08-19,UP01,new,6,80,7,6
TRPSUR25081939aaffee,2025-08-19,GJ01,repeated,7,75,6,7
TRPVAD250819a804bfac,2025-08-19,GJ02,repeated,18,162,5,6
TRPLUC2508191d7f84d4,2025-08-19,UP01,repeated,15,161,6,8
TRPKOC2508194cedd33d,2025-08-19,KL01,new,35,416,10,9
TRPSUR250819838e503b,2025-08-19,GJ01,new,15,139,8,8
TRPIND25081912d3e53b,2025-08-19,MP01,repeated,10,103,9,6
TRPKOC250819be0cebae,2025-08-19,KL01,repeated,35,416,9,9
TRPLUC25081912aa0c54,2025-08-19,UP01,repeated,10,116,7,5
TRPCOI2508199d6da2d1,2025-08-19,TN01,repeated,18,167,8,7
TRPSUR2508191deb84c9,2025-08-19,GJ01,repeated,15,139,6,7
TRPLUC2508190dc03254,2025-08-19,UP01,new,6,80,8,8
TRPLUC250819648a94d0,2025-08-19,UP01,new,17,179,7,6
TRPLUC250819091ce1b6,2025-08-19,UP01,new,20,206,7,8
TRPCHA250819cfb92e8a,2025-08-19,CH01,repeated,27,269,9,6
TRPKOC25081976d8211f,2025-08-19,KL01,new,10,141,9,8
TRPCOI250819a7d3ac4d,2025-08-19,TN01,new,21,191,9,9
TRPVIS250819a07c2d55,2025-08-19,AP01,repeated,18,189,9,10
TRPJAI2508198c201873,2025-08-19,RJ01,new,16,229,9,10
TRPCOI250819a7d92202,2025-08-19,TN01,repeated,21,191,8,6
TRPIND25081984044679,2025-08-19,MP01,new,20,183,8,7
TRPLUC250819d8f7106c,2025-08-19,UP01,repeated,9,107,7,5
TRPLUC250819ed2ae7fc,2025-08-19,UP01,repeated,14,152,7,5
TRPVAD250819e2a839ad,2025-08-19,GJ02,repeated,12,114,5,5
TRPLUC250819ae28c152,2025-08-19,UP01,new,16,170,7,8
TRPJAI250819cef56a77,2025-08-19,RJ01,repeated,45,577,7,10
TRPVAD2508190ceec9e9,2025-08-19,GJ02,new,15,138,8,6
TRPSUR25081963d62405,2025-08-19,GJ01,repeated,7,75,5,7
TRPLUC25081917e411eb,2025-08-19,UP01,new,15,161,7,6
TRPLUC250819b73ab6f0,2025-08-19,UP01,repeated,13,143,6,7
TRPLUC25081999ee024d,2025-08-19,UP01,repeated,15,161,7,7
TRPJAI2508192c0f2c1b,2025-08-19,RJ01,new,17,241,9,10
TRPCHA250819905dfb18,2025-08-19,CH01,new,23,233,9,9
TRPMYS250819ab50c394,2025-08-19,KA01,new,19,225,8,8
TRPJAI250819dd7a7a8c,2025-08-19,RJ01,new,22,301,8,10
TRPCOI2508195874e8e1,2025-08-19,TN01,repeated,17,159,6,8
TRPCHA250819b868a13f,2025-08-19,CH01,new,33,323,7,7
TRPSUR2508191b1862e6,2025-08-19,GJ01,repeated,16,147,6,7
TRPLUC250819195e4318,2025-08-19,UP01,repeated,7,89,5,6
TRPJAI250819e3766297,2025-08-19,RJ01,new,26,349,8,10
TRPKOC250819bed1feaf,2025-08-19,KL01,repeated,33,394,8,8
TRPIND250819a2c7d079,2025-08-19,MP01,repeated,18,167,7,7
TRPCHA2508193e4076c4,2025-08-19,CH01,new,17,179,8,8
TRPJAI250819341d3283,2025-08-19,RJ01,new,21,289,10,8
TRPVIS250819c0cef962,2025-08-19,AP01,repeated,16,171,8,9
TRPIND250819110cda7e,2025-08-19,MP01,new,18,167,7,7
TRPJAI25081989e50319,2025-08-19,RJ01,repeated,17,241,7,8
TRPKOC250819296aa80d,2025-08-19,KL01,new,24,295,8,8
TRPCOI250819e2084af2,2025-08-19,TN01,repeated,12,119,6,6
TRPVAD250819743f21ee,2025-08-19,GJ02,new,17,154,9,6
TRPJAI2508199d3704c9,2025-08-19,RJ01,repeated,18,253,9,8
TRPIND25081950aacea0,2025-08-19,MP01,repeated,25,223,8,7
TRPJAI250819be3f28de,2025-08-19,RJ01,repeated,44,565,8,9
TRPVAD250819dbc5192e,2025-08-19,GJ02,repeated,12,114,7,5
TRPLUC25081905db60dd,2025-08-19,UP01,new,13,143,9,8
TRPJAI2508195688241d,2025-08-19,RJ01,new,27,361,10,10
TRPVIS2508190d0b27d4,2025-08-19,AP01,repeated,11,126,9,10
TRPVIS250819e36930e6,2025-08-19,AP01,new,12,135,9,10
TRPJAI250819034f5191,2025-08-19,RJ01,new,32,421,8,10
TRPKOC250819919a9b90,2025-08-19,KL01,repeated,10,141,9,8
TRPJAI250819b768de5f,2025-08-19,RJ01,new,45,577,8,10
TRPLUC25081922f1f390,2025-08-19,UP01,repeated,10,116,7,6
TRPCOI250819dbaf967d,2025-08-19,TN01,new,11,111,7,7
TRPCOI2508190b2b4406,2025-08-19,TN01,new,16,151,8,8
TRPSUR2508193ea4cbb8,2025-08-19,GJ01,repeated,5,59,6,7
TRPSUR2508194aa3733e,2025-08-19,GJ01,repeated,17,155,5,8
TRPJAI2508192c8f948b,2025-08-19,RJ01,new,45,577,9,10
TRPVAD25081951c0d3f0,2025-08-19,GJ02,new,18,162,9,7
TRPJAI250819b60b3f39,2025-08-19,RJ01,repeated,21,289,9,9
TRPSUR250819fc7c2e9c,2025-08-19,GJ01,repeated,8,83,5,8
TRPSUR2508197dec351d,2025-08-19,GJ01,repeated,12,115,7,6
TRPCHA2508195da7ca3f,2025-08-19,CH01,repeated,34,332,6,8
TRPSUR2508199e4c7968,2025-08-19,GJ01,repeated,15,139,6,5
TRPJAI2508195bbd3015,2025-08-19,RJ01,new,37,481,8,8
TRPVIS25081965e2b946,2025-08-19,AP01,repeated,21,216,9,9
TRPKOC250819abbd6643,2025-08-19,KL01,new,10,141,10,10
TRPIND25081992a9b328,2025-08-19,MP01,new,9,95,10,8
TRPVAD250819cb014d04,2025-08-19,GJ02,new,12,114,9,6
TRPIND250819984ebdc3,2025-08-19,MP01,new,14,135,7,8
TRPSUR250819d682baf8,2025-08-19,GJ01,repeated,17,155,7,8
TRPVAD25081922c1c57f,2025-08-19,GJ02,repeated,16,146,5,6
TRPKOC250819d6fda761,2025-08-19,KL01,repeated,13,174,9,8
TRPIND25081914206683,2025-08-19,MP01,new,23,207,7,7
TRPCHA2508191a44ab93,2025-08-19,CH01,new,23,233,9,7
TRPIND25081900642b07,2025-08-19,MP01,repeated,24,215,9,6
TRPJAI250819dba19d6e,2025-08-19,RJ01,new,33,433,9,10
TRPJAI250819ad5e5298,2025-08-19,RJ01,new,15,217,9,8
TRPKOC2508194a6c631a,2025-08-19,KL01,new,24,295,10,10
TRPJAI25081938de24f3,2025-08-19,RJ01,repeated,44,565,9,10
TRPVAD250819ccf58e3a,2025-08-19,GJ02,repeated,18,162,6,7
TRPLUC250819df898361,2025-08-19,UP01,repeated,10,116,7,6
TRPVAD250819d5c7e0cb,2025-08-19,GJ02,repeated,8,82,6,7
TRPJAI250819d0d09b62,2025-08-19,RJ01,new,25,337,9,8
TRPLUC250819e332adba,2025-08-19,UP01,repeated,20,206,7,8
TRPLUC25081955478461,2025-08-19,UP01,repeated,10,116,5,7
TRPCHA25081944cf5058,2025-08-19,CH01,new,16,170,7,9
TRPIND2508196607e416,2025-08-19,MP01,new,9,95,7,9
TRPJAI25081967c1ffd7,2025-08-19,RJ01,repeated,45,577,8,9
TRPJAI2508190d704b05,2025-08-19,RJ01,new,40,517,8,8
TRPJAI250819067016c6,2025-08-19,RJ01,new,42,541,9,8
TRPVIS2508197fad72e6,2025-08-19,AP01,repeated,30,297,9,9
TRPVIS2508199a33073c,2025-08-19,AP01,new,25,252,10,10
TRPJAI2508195a2e9138,2025-08-19,RJ01,new,30,397,9,10
TRPLUC250819813d5f94,2025-08-19,UP01,repeated,6,80,5,6
TRPIND2508195114fea6,2025-08-19,MP01,repeated,24,215,7,9
TRPJAI2508192520abee,2025-08-19,RJ01,new,39,505,9,8
TRPJAI250819a7e303d9,2025-08-19,RJ01,new,29,385,8,10
TRPLUC2508193e153941,2025-08-19,UP01,repeated,8,98,7,6
TRPVAD250819cb49ca96,2025-08-19,GJ02,new,5,58,9,8
TRPSUR250819cfd99b5e,2025-08-19,GJ01,repeated,12,115,6,7
TRPJAI250819d1893e74,2025-08-19,RJ01,new,28,373,8,9
TRPLUC250819dc243fa4,2025-08-19,UP01,new,17,179,8,8
TRPIND250819bc399778,2025-08-19,MP01,repeated,14,135,7,9
TRPIND2508192dde0833,2025-08-19,MP01,repeated,10,103,9,7
TRPCHA2508197a4cb159,2025-08-19,CH01,repeated,15,161,9,8
TRPVAD2508193bf7b03b,2025-08-19,GJ02,repeated,13,122,7,7
TRPSUR2508198d45c936,2025-08-19,GJ01,repeated,17,155,5,5
TRPLUC2508194c8b2627,2025-08-19,UP01,repeated,6,80,6,5
TRPJAI250819821338f1,2025-08-19,RJ01,new,44,565,8,8
TRPIND2508196eec24de,2025-08-19,MP01,repeated,13,127,6,8
TRPCHA250819a680e247,2025-08-19,CH01,new,14,152,7,7
TRPLUC250819d4949a83,2025-08-19,UP01,new,12,134,7,8
TRPCHA2508197b3b1e85,2025-08-19,CH01,new,15,161,9,7
TRPSUR25081984ebb275,2025-08-19,GJ01,repeated,10,99,5,5
TRPKOC250819c05a28c5,2025-08-19,KL01,new,20,251,10,8
TRPCHA250819f2e0c2b5,2025-08-19,CH01,repeated,29,287,7,6
TRPIND2508193349fccd,2025-08-19,MP01,new,9,95,10,9
TRPKOC250819f39e4a48,2025-08-19,KL01,repeated,11,152,8,10
TRPIND2508196b7d3e1c,2025-08-19,MP01,new,15,143,10,7
TRPJAI2508197a101241,2025-08-19,RJ01,new,38,493,8,10
TRPSUR25081983296670,2025-08-19,GJ01,repeated,16,147,7,7
TRPSUR2508194d4ff67a,2025-08-19,GJ01,new,16,147,7,8
TRPLUC25081902502e01,2025-08-19,UP01,repeated,11,125,7,7
TRPJAI25081947d3e6a7,2025-08-19,RJ01,repeated,41,529,9,10
TRPCOI250819182fa65d,2025-08-19,TN01,new,16,151,10,9
TRPVAD2508195d5a9a75,2025-08-19,GJ02,repeated,7,74,6,6
TRPCOI2508192144aafd,2025-08-19,TN01,repeated,20,183,6,8
TRPVIS2508198ac190b6,2025-08-19,AP01,repeated,13,144,7,8
TRPCOI250819b9ce1053,2025-08-19,TN01,repeated,10,103,6,6
TRPVAD250819a0e47f48,2025-08-19,GJ02,new,6,66,7,8
TRPCHA250819de970fbb,2025-08-19,CH01,repeated,29,287,7,9
TRPLUC25081980d116f3,2025-08-19,UP01,repeated,18,188,7,5
TRPIND2508197f7b3d9b,2025-08-19,MP01,new,21,191,9,9
TRPSUR250819cfe24178,2025-08-19,GJ01,new,7,75,9,8
TRPJAI250819028b35dd,2025-08-19,RJ01,new,36,469,8,10
TRPJAI250819a748d295,2025-08-19,RJ01,repeated,31,409,8,9
TRPSUR250819bf733f2c,2025-08-19,GJ01,new,9,91,8,8
TRPJAI250819e1f98a6e,2025-08-19,RJ01,repeated,32,421,7,8
TRPJAI2508199e3a17cf,2025-08-19,RJ01,repeated,42,541,7,9
TRPVAD250819a12f6ec3,2025-08-19,GJ02,repeated,11,106,6,5
TRPLUC2508196b1d5bb5,2025-08-19,UP01,new,19,197,8,7
TRPKOC250819a5564c61,2025-08-19,KL01,new,26,317,8,10
TRPIND2508193ba98749,2025-08-19,MP01,repeated,21,191,6,8
TRPJAI250819390f6ad2,2025-08-19,RJ01,new,32,421,9,9
TRPCOI25081907ec146d,2025-08-19,TN01,repeated,22,199,7,8
TRPJAI25081907dc6a5f,2025-08-19,RJ01,repeated,22,301,7,9
TRPJAI250819c5f9eec6,2025-08-19,RJ01,new,35,457,8,10
TRPIND250819ccdc6f38,2025-08-19,MP01,repeated,23,207,9,7
TRPKOC2508196a73e04a,2025-08-19,KL01,repeated,22,273,8,8
TRPCHA250819bb94bf9b,2025-08-19,CH01,new,30,296,10,9
TRPVAD25081995caccb7,2025-08-19,GJ02,repeated,15,138,6,6
TRPMYS250819a1c891d0,2025-08-19,KA01,repeated,9,125,9,10
TRPLUC250819013aba48,2025-08-19,UP01,new,8,98,8,7
TRPIND25081946d47c65,2025-08-19,MP01,new,17,159,7,9
TRPIND2508195c359042,2025-08-19,MP01,repeated,14,135,8,9
TRPJAI250819ae2b2750,2025-08-19,RJ01,new,30,397,8,8
TRPIND250819b2b1661f,2025-08-19,MP01,new,14,135,9,7
TRPSUR250819ad797744,2025-08-19,GJ01,repeated,9,91,7,5
TRPSUR2508198ef55544,2025-08-19,GJ01,new,14,131,9,7
TRPJAI250819775b1a00,2025-08-19,RJ01,new,40,517,10,8
TRPJAI25081986b82e9f,2025-08-19,RJ01,new,16,229,9,10
TRPVAD250819a469ed23,2025-08-19,GJ02,repeated,16,146,5,5
TRPCHA2508199fd20fa2,2025-08-19,CH01,new,12,134,8,9
TRPSUR2508198a2b66a8,2025-08-19,GJ01,repeated,8,83,6,5
TRPMYS25081974086897,2025-08-19,KA01,repeated,16,195,9,10
TRPKOC25081951dbbc08,2025-08-19,KL01,repeated,32,383,8,10
TRPSUR2508199dcb7197,2025-08-19,GJ01,new,12,115,8,7
TRPSUR25081997fa96d8,2025-08-19,GJ01,repeated,5,59,6,7
TRPIND250819da1891f6,2025-08-19,MP01,new,20,183,7,8
TRPVAD2508192659cebb,2025-08-19,GJ02,repeated,17,154,7,8
TRPSUR250819bcaf4acb,2025-08-19,GJ01,repeated,17,155,7,8
TRPIND2508192b100b5d,2025-08-19,MP01,new,14,135,9,7
TRPLUC2508191d96782a,2025-08-19,UP01,new,18,188,9,8
TRPVIS2508198412d1a6,2025-08-19,AP01,new,31,306,8,9
TRPSUR250819f0ac5ddb,2025-08-19,GJ01,repeated,6,67,6,7
TRPJAI25081937ff8492,2025-08-19,RJ01,repeated,38,493,8,10
TRPKOC250819d4917920,2025-08-19,KL01,new,26,317,9,9
TRPCHA25081919367bed,2025-08-19,CH01,repeated,16,170,9,9
TRPSUR250819d5b7ca13,2025-08-19,GJ01,new,15,139,7,6
TRPLUC250819d17411c0,2025-08-19,UP01,repeated,16,170,6,5
TRPSUR250819f8f908c5,2025-08-19,GJ01,repeated,12,115,7,8
TRPCHA2508192c8f8727,2025-08-19,CH01,new,31,305,9,8
TRPJAI250819da58f896,2025-08-19,RJ01,repeated,28,373,7,9
TRPLUC2508198cba7a9f,2025-08-19,UP01,repeated,7,89,7,8
TRPKOC250819c33eb827,2025-08-19,KL01,new,37,438,10,9
TRPIND250819fac7f616,2025-08-19,MP01,new,15,143,7,7
TRPIND250819c7f7da5d,2025-08-19,MP01,repeated,17,159,6,9
TRPSUR250819bd108061,2025-08-19,GJ01,repeated,14,131,5,7
TRPSUR25081969040069,2025-08-19,GJ01,repeated,9,91,6,7
TRPCOI2508198934ba95,2025-08-19,TN01,repeated,18,167,8,6
TRPSUR25081935df82cb,2025-08-19,GJ01,repeated,16,147,5,5
TRPLUC25081907a5d4bb,2025-08-19,UP01,repeated,10,116,6,8
TRPKOC2508194019e9b3,2025-08-19,KL01,new,25,306,9,9
TRPJAI250819f242055f,2025-08-19,RJ01,new,44,565,9,9
TRPLUC25081987174671,2025-08-19,UP01,repeated,9,107,5,8
TRPJAI25081934609ca8,2025-08-19,RJ01,repeated,33,433,9,9
TRPJAI250819abca502c,2025-08-19,RJ01,repeated,35,457,8,8
TRPJAI250819ccd49005,2025-08-19,RJ01,new,24,325,8,8
TRPVAD2508198b5dad84,2025-08-19,GJ02,repeated,5,58,5,6
TRPVAD250819726284f3,2025-08-19,GJ02,new,14,130,9,7
TRPLUC2508192ff14093,2025-08-19,UP01,new,9,107,9,7
TRPCOI25081942bb0624,2025-08-19,TN01,new,13,127,10,8
TRPVAD250819deb1c43f,2025-08-19,GJ02,repeated,7,74,5,5
TRPJAI250819f89b98e6,2025-08-19,RJ01,repeated,32,421,8,9
TRPLUC2508190f12e3de,2025-08-19,UP01,repeated,15,161,5,8
TRPLUC25081964d9eed6,2025-08-19,UP01,new,5,71,8,8
TRPCOI2508194f8c0b55,2025-08-19,TN01,new,13,127,8,7
TRPCOI25081938a7427b,2025-08-19,TN01,repeated,19,175,9,9
TRPLUC250819b94fb0bc,2025-08-19,UP01,new,17,179,8,7
TRPCHA25081928a0474c,2025-08-19,CH01,repeated,33,323,9,7
TRPLUC250819093e079f,2025-08-19,UP01,repeated,16,170,6,5
TRPSUR250819b38b76d8,2025-08-19,GJ01,repeated,7,75,7,6
TRPLUC2508194b087aa7,2025-08-19,UP01,repeated,16,170,5,5
TRPCOI2508194861700b,2025-08-19,TN01,new,14,135,10,9
TRPJAI2508194d80d727,2025-08-19,RJ01,repeated,22,301,9,9
TRPSUR25081924b7c2dd,2025-08-19,GJ01,repeated,12,115,5,7
TRPSUR2508194d6212b2,2025-08-19,GJ01,repeated,16,147,7,6
TRPKOC2508196bee2c85,2025-08-19,KL01,repeated,16,207,9,9
TRPLUC2508192d607f8f,2025-08-19,UP01,repeated,18,188,7,6
TRPIND25081927b7d8a8,2025-08-19,MP01,repeated,11,111,8,6
TRPLUC2508193ec65eee,2025-08-19,UP01,repeated,16,170,7,8
TRPJAI250819d0223e96,2025-08-19,RJ01,new,40,517,10,9
TRPMYS250819b3bdb7f9,2025-08-19,KA01,new,23,265,9,9
TRPCHA250819b8c1e15b,2025-08-19,CH01,repeated,21,215,7,9
TRPJAI250819deb8a994,2025-08-19,RJ01,new,31,409,10,9
TRPCHA250819837a0d34,2025-08-19,CH01,repeated,26,260,7,6
TRPKOC250819e7a205eb,2025-08-19,KL01,repeated,20,251,7,9
TRPSUR25081997758157,2025-08-19,GJ01,new,16,147,7,6
TRPLUC250819b354abd7,2025-08-19,UP01,repeated,15,161,7,5
TRPMYS2508199564cc2c,2025-08-19,KA01,repeated,8,115,9,8
TRPVIS250819a74b5527,2025-08-19,AP01,repeated,13,144,9,9
TRPIND2508195bd44000,2025-08-19,MP01,new,10,103,8,8
TRPIND2508190ab61850,2025-08-19,MP01,new,17,159,8,8
TRPCOI2508199599ba8b,2025-08-19,TN01,repeated,20,183,8,8
TRPSUR250819a4cb811d,2025-08-19,GJ01,new,10,99,9,7
TRPCHA2508194a86f09e,2025-08-19,CH01,repeated,21,215,8,6
TRPCOI250819f65e3d84,2025-08-19,TN01,repeated,20,183,9,7
TRPLUC2508193782b6e2,2025-08-19,UP01,new,19,197,9,6
TRPJAI250819c514cb46,2025-08-19,RJ01,repeated,32,421,7,9
TRPLUC25081913032132,2025-08-19,UP01,new,8,98,8,6
TRPLUC250819741d797f,2025-08-19,UP01,repeated,6,80,5,7
TRPCOI2508198e50db96,2025-08-19,TN01,repeated,8,87,7,8
TRPLUC25081963fba8dd,2025-08-19,UP01,new,8,98,9,6
TRPVAD25081975d2b14e,2025-08-19,GJ02,new,8,82,7,6
TRPLUC250819f1991c9a,2025-08-19,UP01,repeated,7,89,6,8
TRPLUC250819ce680e68,2025-08-19,UP01,repeated,6,80,6,5
TRPMYS2508192cbe933f,2025-08-19,KA01,new,23,265,9,8
TRPKOC2508195389b0c7,2025-08-19,KL01,new,18,229,9,9
TRPSUR2508199cf0d641,2025-08-19,GJ01,repeated,9,91,7,7
TRPIND2508195f0c610b,2025-08-19,MP01,repeated,10,103,7,9
TRPJAI250819762f95af,2025-08-19,RJ01,repeated,32,421,8,9
TRPIND250819af8c7279,2025-08-19,MP01,new,15,143,8,8
TRPLUC250819523770c2,2025-08-19,UP01,new,12,134,9,7
TRPLUC25081914af50c3,2025-08-19,UP01,repeated,6,80,5,7
TRPCHA2508198a57279d,2025-08-19,CH01,repeated,17,179,9,6
TRPVAD25081905b84ea1,2025-08-19,GJ02,new,12,114,7,8
TRPCOI250819bc29f33e,2025-08-19,TN01,repeated,16,151,7,6
TRPIND250819d8a0dfd3,2025-08-19,MP01,new,10,103,10,9
TRPLUC2508194613dc86,2025-08-19,UP01,repeated,20,206,6,6
TRPKOC25081919cb51ba,2025-08-19,KL01,new,31,372,10,8
TRPLUC250819de269151,2025-08-19,UP01,repeated,10,116,6,5
TRPKOC250819a2dd9759,2025-08-19,KL01,repeated,37,438,8,8
TRPSUR2508198e877381,2025-08-19,GJ01,repeated,11,107,7,6
TRPLUC2508191bbf5eef,2025-08-19,UP01,repeated,6,80,7,8
TRPIND2508193dc64005,2025-08-19,MP01,repeated,19,175,8,7
TRPJAI250819e8e60aea,2025-08-19,RJ01,new,16,229,8,10
TRPJAI250819a8a2f19f,2025-08-19,RJ01,repeated,21,289,7,10
TRPIND2508196deb9083,2025-08-19,MP01,repeated,23,207,6,7
TRPVIS250819e1158e42,2025-08-19,AP01,new,31,306,8,10
TRPJAI250819b1f211f8,2025-08-19,RJ01,repeated,43,553,7,10
TRPLUC2508195ee6cb2e,2025-08-19,UP01,repeated,19,197,7,6
TRPJAI250819a98978b1,2025-08-19,RJ01,new,25,337,8,10
TRPCHA2508190df4031f,2025-08-19,CH01,repeated,17,179,8,9
TRPVAD25081983711faa,2025-08-19,GJ02,repeated,8,82,5,8
TRPIND25081939047901,2025-08-19,MP01,repeated,16,151,8,9
TRPVAD2508191576a9e9,2025-08-19,GJ02,new,17,154,8,6
TRPLUC250819ac0c63f1,2025-08-19,UP01,repeated,20,206,7,7
TRPKOC25081941549bdf,2025-08-19,KL01,new,19,240,8,8
TRPIND25081938d3c02e,2025-08-19,MP01,repeated,11,111,9,7
TRPLUC25081948c16de8,2025-08-19,UP01,repeated,8,98,7,7
TRPCHA250819e09c503d,2025-08-19,CH01,repeated,31,305,7,8
TRPLUC250819182bc02b,2025-08-19,UP01,repeated,13,143,6,6
TRPJAI2508190994846c,2025-08-19,RJ01,new,32,421,8,8
TRPMYS25081948ba2915,2025-08-19,KA01,new,12,155,9,10
TRPSUR250819c12a3514,2025-08-19,GJ01,new,14,131,8,8
TRPVIS2508198b2d0fd4,2025-08-19,AP01,new,11,126,10,8
TRPKOC250819bebfa3b7,2025-08-19,KL01,repeated,25,306,8,10
TRPKOC250819da011823,2025-08-19,KL01,new,37,438,9,9
TRPSUR25081972530dfc,2025-08-19,GJ01,new,8,83,8,6
TRPIND250819a0cb5cb6,2025-08-19,MP01,new,14,135,10,9
TRPLUC2508190c58d501,2025-08-19,UP01,new,10,116,7,7
TRPLUC250819ea95ad42,2025-08-19,UP01,repeated,13,143,5,7
TRPIND250819cb621081,2025-08-19,MP01,new,21,191,8,9
TRPSUR25081960d862ba,2025-08-19,GJ01,repeated,8,83,6,8
TRPSUR250819e4427f8a,2025-08-19,GJ01,repeated,5,59,7,7
TRPLUC250819dd02cee2,2025-08-19,UP01,repeated,15,161,5,7
TRPVIS2508190e513a54,2025-08-19,AP01,new,22,225,10,10
TRPIND2508194cb0bf0b,2025-08-19,MP01,repeated,14,135,7,7
TRPLUC250819a5e0cd38,2025-08-19,UP01,repeated,7,89,6,6
TRPLUC25081951dd0b25,2025-08-19,UP01,repeated,18,188,6,7
TRPSUR250819d5f96749,2025-08-19,GJ01,new,6,67,7,8
TRPCOI250819c9c5debd,2025-08-19,TN01,repeated,11,111,7,9
TRPJAI2508190405ff30,2025-08-19,RJ01,new,24,325,10,8
TRPMYS25081999ac6729,2025-08-19,KA01,new,25,285,10,10
TRPIND2508191b2c6e4e,2025-08-19,MP01,repeated,23,207,8,9
TRPCOI2508195831ed4f,2025-08-19,TN01,repeated,17,159,9,8
TRPMYS2508196e604556,2025-08-19,KA01,new,17,205,8,9
TRPJAI250819b852fa70,2025-08-19,RJ01,new,29,385,8,9
TRPIND250819b6f29aa1,2025-08-19,MP01,repeated,13,127,9,6
TRPSUR25081947e97b2d,2025-08-19,GJ01,repeated,7,75,6,8
TRPSUR2508194a338f4a,2025-08-19,GJ01,repeated,13,123,5,7
TRPLUC250819010391a9,2025-08-19,UP01,repeated,18,188,7,6
TRPVAD2508193e027765,2025-08-19,GJ02,repeated,16,146,5,8
TRPLUC250819f6402737,2025-08-19,UP01,repeated,20,206,5,6
TRPLUC25081976a85f56,2025-08-19,UP01,new,18,188,8,8
TRPSUR2508190e8422f2,2025-08-19,GJ01,repeated,12,115,6,6
TRPJAI25081901d9a7a3,2025-08-19,RJ01,new,41,529,9,8
TRPVIS250819d7cbbefc,2025-08-19,AP01,new,30,297,10,9
TRPCOI2508196b845113,2025-08-19,TN01,repeated,15,143,7,6
TRPIND250819773d0848,2025-08-19,MP01,repeated,24,215,7,9
TRPIND250819d2595289,2025-08-19,MP01,repeated,18,167,8,6
TRPVIS2508191a06ca96,2025-08-19,AP01,repeated,23,234,8,8
TRPCOI2508192b4366cc,2025-08-19,TN01,new,10,103,7,7
TRPSUR2508199801a254,2025-08-19,GJ01,new,9,91,9,7
TRPLUC2508190f190467,2025-08-19,UP01,new,16,170,7,7
TRPJAI25081933b4fe8c,2025-08-19,RJ01,new,42,541,8,9
TRPMYS2508199dea5def,2025-08-19,KA01,new,12,155,8,9
TRPJAI250819a0cfcfa7,2025-08-19,RJ01,new,31,409,8,8
TRPLUC2508196e791b37,2025-08-19,UP01,repeated,17,179,6,6
TRPCOI2508198f010ead,2025-08-19,TN01,repeated,22,199,6,9
TRPSUR25081918ebabb8,2025-08-19,GJ01,repeated,17,155,7,7
TRPJAI250819a1433ab1,2025-08-19,RJ01,repeated,25,337,9,10
TRPMYS250819ac12ffc1,2025-08-19,KA01,new,19,225,10,9
TRPMYS250819e3cf706d,2025-08-19,KA01,repeated,17,205,7,8
TRPMYS250819a4039dbe,2025-08-19,KA01,new,20,235,8,9
TRPJAI2508192395a589,2025-08-19,RJ01,repeated,29,385,8,9
TRPKOC250819df5bb677,2025-08-19,KL01,repeated,36,427,8,8
TRPJAI250819d94b9d14,2025-08-19,RJ01,new,33,433,10,9
TRPIND2508197402e2d1,2025-08-19,MP01,repeated,10,103,8,9
TRPLUC250819f8411684,2025-08-19,UP01,new,19,197,8,6
TRPLUC2508194b38b095,2025-08-19,UP01,repeated,20,206,6,5
TRPSUR25081939b9ef0b,2025-08-19,GJ01,repeated,13,123,6,8
TRPLUC2508193647c141,2025-08-19,UP01,repeated,19,197,7,8
TRPLUC2508199f04bb7d,2025-08-19,UP01,repeated,12,134,5,8
TRPIND25081961796954,2025-08-19,MP01,new,19,175,9,8
TRPLUC2508196c439bd5,2025-08-19,UP01,repeated,11,125,7,7
TRPKOC2508193ca92340,2025-08-19,KL01,new,25,306,9,9
TRPLUC250819a9525aa0,2025-08-19,UP01,repeated,12,134,6,8
TRPLUC25081998682e2d,2025-08-19,UP01,new,19,197,7,8
TRPJAI250819c94bd73d,2025-08-19,RJ01,new,43,553,10,8
TRPIND25081970a5f4ea,2025-08-19,MP01,repeated,16,151,9,9
TRPSUR250819973ea5bf,2025-08-19,GJ01,new,5,59,8,6
TRPLUC2508196ce7675b,2025-08-19,UP01,repeated,15,161,6,5
TRPKOC250819651c83cc,2025-08-19,KL01,repeated,12,163,8,8
TRPKOC2508196baa2102,2025-08-19,KL01,new,10,141,10,8
TRPJAI250819e23c50b3,2025-08-19,RJ01,new,35,457,10,10
TRPKOC250819a7c7d87b,2025-08-19,KL01,new,29,350,9,8
TRPVAD2508192f036a2b,2025-08-19,GJ02,repeated,12,114,5,8
TRPMYS250819ca5818bf,2025-08-19,KA01,new,16,195,10,8
TRPLUC25081975e06e63,2025-08-19,UP01,new,10,116,9,6
TRPSUR25081970140631,2025-08-19,GJ01,repeated,10,99,6,6
TRPLUC2508196750d2b9,2025-08-19,UP01,repeated,18,188,7,5
TRPLUC2508194d9a8ebb,2025-08-19,UP01,repeated,15,161,6,6
TRPJAI2508190a5ff96d,2025-08-19,RJ01,new,32,421,10,10
TRPSUR250819c5234456,2025-08-19,GJ01,repeated,17,155,6,8
TRPCHA250819421766f8,2025-08-19,CH01,repeated,30,296,6,6
TRPKOC250819675d3ca8,2025-08-19,KL01,new,18,229,8,9
TRPSUR25081923043711,2025-08-19,GJ01,repeated,7,75,5,7
TRPLUC250819c527de1b,2025-08-19,UP01,new,10,116,9,7
TRPSUR250819341a7526,2025-08-19,GJ01,repeated,15,139,6,8
TRPJAI2508199563e3d3,2025-08-19,RJ01,new,26,349,9,8
TRPSUR250819875320a6,2025-08-19,GJ01,repeated,14,131,7,8
TRPSUR2508191c9918ec,2025-08-19,GJ01,repeated,5,59,5,5
TRPLUC250819f0e24935,2025-08-19,UP01,new,18,188,8,7
TRPSUR250819492c9565,2025-08-19,GJ01,repeated,5,59,6,7
TRPJAI250819d08c5971,2025-08-19,RJ01,repeated,45,577,8,9
TRPLUC2508196ee713e1,2025-08-19,UP01,repeated,16,170,5,6
TRPCOI250819560d2bee,2025-08-19,TN01,repeated,8,87,7,8
TRPKOC2508198df1577b,2025-08-19,KL01,repeated,13,174,8,9
TRPVAD250819e8be0623,2025-08-19,GJ02,repeated,12,114,6,5
TRPJAI2508196ce90e3b,2025-08-19,RJ01,repeated,37,481,8,9
TRPKOC2508194e1b1578,2025-08-19,KL01,repeated,21,262,8,10
TRPVIS250819e14cdc64,2025-08-19,AP01,repeated,29,288,9,9
TRPCOI250819322721dc,2025-08-19,TN01,new,21,191,8,8
TRPSUR2508192e7d9a8f,2025-08-19,GJ01,repeated,8,83,5,5
TRPVIS250819d57dee6e,2025-08-19,AP01,repeated,10,117,8,9
TRPCOI250819b1674572,2025-08-19,TN01,new,14,135,7,9
TRPIND250819b28c5a9a,2025-08-19,MP01,repeated,23,207,9,8
TRPCHA250819ca71f3ee,2025-08-19,CH01,repeated,32,314,7,7
TRPVIS250819f11e109c,2025-08-19,AP01,new,18,189,9,10
TRPVAD2508194b193bb6,2025-08-19,GJ02,repeated,13,122,5,6
TRPMYS250819c3607117,2025-08-19,KA01,new,10,135,8,9
TRPJAI25081920f4171b,2025-08-19,RJ01,new,25,337,10,10
TRPLUC2508191ee73238,2025-08-19,UP01,new,14,152,7,7
TRPKOC25081987e0ed48,2025-08-19,KL01,repeated,23,284,8,10
TRPIND2508197470b4cf,2025-08-19,MP01,repeated,20,183,8,7
TRPKOC250819f59067ef,2025-08-19,KL01,new,31,372,3,4
TRPLUC250819f0b03518,2025-08-19,UP01,new,20,206,9,7
TRPIND250819db36d585,2025-08-19,MP01,new,13,127,9,7
TRPCHA250819fc4b5594,2025-08-19,CH01,new,31,305,10,8
TRPCHA250819a3889102,2025-08-19,CH01,repeated,30,296,8,8
TRPJAI250819cb91e174,2025-08-19,RJ01,repeated,19,265,8,8
TRPLUC25081950af9df4,2025-08-19,UP01,repeated,17,179,6,8
TRPIND2508195ac52724,2025-08-19,MP01,new,10,103,7,7
TRPMYS25081994aad720,2025-08-19,KA01,new,14,175,10,10
TRPJAI250819ff4e7499,2025-08-19,RJ01,repeated,33,433,7,10
TRPVAD2508196b8b54f0,2025-08-19,GJ02,repeated,12,114,6,6
TRPJAI250819dac1eb4c,2025-08-19,RJ01,new,33,433,10,9
TRPCHA250819d6cbed73,2025-08-19,CH01,new,14,152,9,7
TRPKOC25081946da220a,2025-08-19,KL01,new,16,207,9,8
TRPSUR25081994040be6,2025-08-19,GJ01,repeated,5,59,6,7
TRPLUC250819e9f33b95,2025-08-19,UP01,repeated,9,107,7,5
TRPJAI25081928aad027,2025-08-19,RJ01,repeated,35,457,8,9
TRPLUC25081933787c89,2025-08-19,UP01,repeated,16,170,7,5
TRPJAI2508195de9c217,2025-08-19,RJ01,repeated,27,361,7,8
TRPLUC2508199c38642f,2025-08-19,UP01,new,9,107,9,6
TRPJAI250819fc43d830,2025-08-19,RJ01,repeated,26,349,8,8
TRPVIS250819da4a4a5b,2025-08-19,AP01,repeated,22,225,8,8
TRPMYS2508191085c742,2025-08-19,KA01,new,8,115,8,8
TRPVAD250819c1ab93a9,2025-08-19,GJ02,new,8,82,7,8
TRPIND2508192a6c300d,2025-08-19,MP01,repeated,18,167,7,8
TRPLUC250819b7c15526,2025-08-19,UP01,repeated,20,206,7,7
TRPKOC250819c8c4c14a,2025-08-19,KL01,new,27,328,8,10
TRPIND250819f5f45331,2025-08-19,MP01,repeated,16,151,7,8
TRPKOC250819d043d295,2025-08-19,KL01,repeated,26,317,9,9
TRPKOC25081996065480,2025-08-19,KL01,repeated,13,174,7,8
TRPIND25081909ab2dcb,2025-08-19,MP01,new,20,183,7,8
TRPCOI250819843f0d72,2025-08-19,TN01,repeated,22,199,9,8
TRPLUC25081962e47dce,2025-08-19,UP01,repeated,8,98,6,6
TRPCHA25081968accf47,2025-08-19,CH01,repeated,14,152,8,9
TRPVAD250819aac29aed,2025-08-19,GJ02,repeated,9,90,6,5
TRPVIS250819d272026b,2025-08-19,AP01,new,15,162,9,10
TRPVAD2508198673bad3,2025-08-19,GJ02,new,13,122,9,8
TRPIND25081928fe85a4,2025-08-19,MP01,repeated,10,103,6,9
TRPVIS250819302882f8,2025-08-19,AP01,repeated,12,135,8,10
TRPVIS250819b7261e89,2025-08-19,AP01,new,23,234,10,9
TRPCOI25081917d45c02,2025-08-19,TN01,new,10,103,8,7
TRPVAD25081918e4d115,2025-08-19,GJ02,new,16,146,9,6
TRPCOI250819edd98c9a,2025-08-19,TN01,new,17,159,8,9
TRPSUR250819ddf733a0,2025-08-19,GJ01,new,5,59,9,8
TRPCOI250819a33a2ff1,2025-08-19,TN01,repeated,15,143,7,6
TRPCHA250819a212a7f8,2025-08-19,CH01,repeated,16,170,8,8
TRPJAI2508197f9ba7e0,2025-08-19,RJ01,new,43,553,9,10
TRPVAD250819fa1c2285,2025-08-19,GJ02,repeated,13,122,6,8
TRPKOC250819b44817e9,2025-08-19,KL01,repeated,11,152,8,9
TRPKOC250819dd8ee50f,2025-08-19,KL01,repeated,35,416,8,10
TRPCHA2508192dd98317,2025-08-19,CH01,repeated,23,233,6,8
TRPLUC250819f73fe294,2025-08-19,UP01,repeated,14,152,5,7
TRPVIS250819fcf699fd,2025-08-19,AP01,new,15,162,8,10
TRPVAD250819ac9be1ff,2025-08-19,GJ02,new,16,146,7,8
TRPLUC25081945c07810,2025-08-19,UP01,repeated,11,125,7,5
TRPJAI25081945dfba41,2025-08-19,RJ01,new,24,325,8,8
TRPLUC2508193eae1111,2025-08-19,UP01,repeated,14,152,6,8
TRPCOI25081946f70730,2025-08-19,TN01,repeated,22,199,8,6
TRPJAI2508192f1ae983,2025-08-19,RJ01,new,17,241,8,8
TRPCHA2508191ff435a4,2025-08-19,CH01,repeated,14,152,6,9
TRPCOI250819f9abfe1d,2025-08-19,TN01,new,16,151,10,7
TRPLUC250819e2d9f2d6,2025-08-19,UP01,repeated,16,170,7,8
TRPCHA250819a7aa3d16,2025-08-19,CH01,new,17,179,8,9
TRPSUR25081940bb5c2e,2025-08-19,GJ01,repeated,13,123,6,7
TRPCHA2508191c88c953,2025-08-19,CH01,new,27,269,8,7
TRPVAD2508192476de04,2025-08-19,GJ02,new,13,122,8,6
TRPVIS250819a813481c,2025-08-19,AP01,repeated,19,198,8,10
TRPCHA250819d5f26d41,2025-08-19,CH01,repeated,31,305,6,7
TRPJAI2508190a0b6c3f,2025-08-19,RJ01,new,29,385,8,10
TRPSUR2508198b41ba69,2025-08-19,GJ01,repeated,9,91,6,7
TRPKOC25081989693e92,2025-08-19,KL01,repeated,38,449,7,10
TRPLUC250819745bd82f,2025-08-19,UP01,new,6,80,8,7
TRPJAI250819313a0483,2025-08-19,RJ01,new,24,325,10,9
TRPLUC250819607cb574,2025-08-19,UP01,repeated,6,80,5,5
TRPVIS250819d6fa2005,2025-08-19,AP01,repeated,23,234,9,8
TRPVAD2508194d56529d,2025-08-19,GJ02,repeated,6,66,5,6
TRPJAI25081919a541ef,2025-08-19,RJ01,new,44,565,8,8
TRPCHA250819260c0230,2025-08-19,CH01,new,28,278,10,8
TRPMYS250819cbca9f99,2025-08-19,KA01,repeated,9,125,9,9
TRPVIS25081920fec5c5,2025-08-19,AP01,repeated,23,234,9,9
TRPCHA2508199fce8bc6,2025-08-19,CH01,new,28,278,9,9
TRPJAI250819d281cb50,2025-08-19,RJ01,repeated,38,493,9,8
TRPJAI250819d034e45b,2025-08-19,RJ01,new,45,577,9,10
TRPCHA2508199cb36b33,2025-08-19,CH01,repeated,25,251,9,6
TRPSUR250819a0ac6a8f,2025-08-19,GJ01,repeated,9,91,6,6
TRPVIS250819c925da45,2025-08-19,AP01,repeated,34,333,9,8
TRPSUR2508199a520d3f,2025-08-19,GJ01,new,13,123,9,7
TRPVIS250819dc57c1ac,2025-08-19,AP01,repeated,15,162,9,8
TRPSUR2508191132ad81,2025-08-19,GJ01,repeated,6,67,6,5
TRPCOI250819ab3b3d30,2025-08-19,TN01,new,19,175,9,7
TRPCOI250819f6a7633d,2025-08-19,TN01,repeated,10,103,6,9
TRPCOI250819b1913859,2025-08-19,TN01,new,14,135,8,9
TRPIND25081907fdb20a,2025-08-19,MP01,new,9,95,10,8
TRPJAI250819f33de6a1,2025-08-19,RJ01,new,16,229,9,8
TRPCOI250819143f2c20,2025-08-19,TN01,repeated,19,175,6,7
TRPLUC250819db106f28,2025-08-19,UP01,repeated,8,98,6,7
TRPMYS2508196cba309b,2025-08-19,KA01,new,17,205,8,9
TRPKOC250819e68e77d9,2025-08-19,KL01,new,13,174,8,8
TRPJAI250819a1bf912a,2025-08-19,RJ01,repeated,15,217,7,9
TRPSUR250819c6e76c62,2025-08-19,GJ01,repeated,15,139,5,8
TRPLUC250819d14e2c29,2025-08-19,UP01,new,5,71,8,7
TRPLUC2508194516e079,2025-08-19,UP01,repeated,17,179,6,6
TRPVAD250819dceac11e,2025-08-19,GJ02,new,6,66,9,7
TRPIND250819da24d2f9,2025-08-19,MP01,repeated,24,215,9,7
TRPLUC2508196b6fbbfd,2025-08-19,UP01,new,5,71,7,7
TRPSUR25081934906e85,2025-08-19,GJ01,repeated,6,67,7,6
TRPKOC25081995b419b4,2025-08-19,KL01,new,22,273,8,8
TRPLUC250819caab520c,2025-08-19,UP01,new,11,125,8,7
TRPLUC2508195c71732f,2025-08-19,UP01,repeated,14,152,7,6
TRPCHA250819d521babd,2025-08-19,CH01,new,20,206,7,8
TRPIND2508190be9fbd5,2025-08-19,MP01,repeated,20,183,8,9
TRPVAD2508190e1c3289,2025-08-19,GJ02,new,8,82,7,6
TRPLUC2508199898b9c0,2025-08-19,UP01,new,18,188,8,7
TRPSUR25081929d34120,2025-08-19,GJ01,repeated,12,115,6,6
TRPCHA25081923dec3d6,2025-08-19,CH01,repeated,25,251,9,8
TRPJAI250819e0168f51,2025-08-19,RJ01,new,43,553,8,8
TRPSUR250819115c82ce,2025-08-19,GJ01,new,12,115,8,6
TRPCHA250819be8a0d2f,2025-08-19,CH01,new,28,278,7,9
TRPVAD250819761d294b,2025-08-19,GJ02,new,15,138,7,8
TRPVIS25081902468b80,2025-08-19,AP01,new,24,243,10,9
TRPCHA25081951e0e7d0,2025-08-19,CH01,new,19,197,8,8
TRPLUC2508193faeae2f,2025-08-19,UP01,repeated,11,125,7,5
TRPLUC250819e0ee63bd,2025-08-19,UP01,repeated,5,71,5,6
TRPKOC2508193bd42f9c,2025-08-19,KL01,new,18,229,8,8
TRPLUC2508190562229c,2025-08-19,UP01,new,12,134,7,7
TRPLUC25081995045eaa,2025-08-19,UP01,repeated,18,188,5,7
TRPSUR250819b6054898,2025-08-19,GJ01,repeated,6,67,5,7
TRPLUC250819302ac9d5,2025-08-19,UP01,new,17,179,8,8
TRPKOC250819e37d472a,2025-08-19,KL01,new,18,229,9,10
TRPLUC250819836c6d79,2025-08-19,UP01,repeated,14,152,6,5
TRPLUC250819de69eac7,2025-08-19,UP01,repeated,11,125,5,7
TRPVIS25081917b4946b,2025-08-19,AP01,repeated,27,270,7,9
TRPSUR25081915976374,2025-08-19,GJ01,repeated,16,147,5,8
TRPCOI250819310f034a,2025-08-19,TN01,repeated,13,127,9,9
TRPLUC250819ffc4a623,2025-08-19,UP01,repeated,18,188,6,7
TRPSUR250819cb2eae8d,2025-08-19,GJ01,repeated,17,155,6,8
TRPSUR250819cc63a7d5,2025-08-19,GJ01,repeated,15,139,5,7
TRPSUR2508191f654365,2025-08-19,GJ01,repeated,9,91,5,7
TRPVIS250819adfdc9fc,2025-08-19,AP01,new,21,216,10,8
TRPKOC2508199c828d24,2025-08-19,KL01,repeated,18,229,9,9
TRPCHA250819b0a54509,2025-08-19,CH01,repeated,35,341,9,6
TRPJAI250819c6440b56,2025-08-19,RJ01,new,28,373,9,8
TRPCHA250819e3b4aaa9,2025-08-19,CH01,new,34,332,9,8
TRPIND2508190768e643,2025-08-19,MP01,repeated,15,143,9,9
TRPKOC2508198a432e22,2025-08-19,KL01,new,25,306,9,10
TRPVAD250819a432583e,2025-08-19,GJ02,repeated,5,58,6,5
TRPCOI250819fce1b3d3,2025-08-19,TN01,new,17,159,7,7
TRPJAI250819235219c2,2025-08-19,RJ01,new,26,349,9,10
TRPLUC250819c940a26a,2025-08-19,UP01,repeated,11,125,6,5
TRPVAD2508193fdd859d,2025-08-19,GJ02,repeated,11,106,5,7
TRPKOC25081940a88d5e,2025-08-19,KL01,repeated,12,163,9,10
TRPCHA2508193031dabc,2025-08-19,CH01,repeated,13,143,9,9
TRPLUC25081917f9d4ee,2025-08-19,UP01,repeated,10,116,7,7
TRPJAI25081986407ab9,2025-08-19,RJ01,new,30,397,8,10
TRPLUC25081998367e84,2025-08-19,UP01,repeated,9,107,5,7
TRPSUR25081976847a94,2025-08-19,GJ01,repeated,6,67,7,6
TRPLUC250819ffc32079,2025-08-19,UP01,repeated,6,80,6,5
TRPSUR25081905a4748d,2025-08-19,GJ01,new,5,59,9,8
TRPIND250819c6dcd986,2025-08-19,MP01,repeated,22,199,6,8
TRPSUR25081948f7340f,2025-08-19,GJ01,repeated,15,139,5,7
TRPCHA25081986b61d73,2025-08-19,CH01,repeated,18,188,6,7
TRPSUR2508199d74ff95,2025-08-19,GJ01,repeated,16,147,7,6
TRPMYS25081917c311b3,2025-08-19,KA01,new,21,245,10,9
TRPJAI2508198c4b5e51,2025-08-19,RJ01,new,26,349,10,8
TRPIND25081963106951,2025-08-19,MP01,repeated,21,191,7,7
TRPIND25081989e33d05,2025-08-19,MP01,repeated,18,167,8,6
TRPJAI2508198c6ffff8,2025-08-19,RJ01,repeated,30,397,8,9
TRPJAI2508194a7ac556,2025-08-19,RJ01,repeated,19,265,8,8
TRPLUC250819d0c70b88,2025-08-19,UP01,repeated,14,152,7,6
TRPCHA25081946912cd9,2025-08-19,CH01,repeated,14,152,8,6
TRPLUC250819658043ba,2025-08-19,UP01,new,15,161,8,6
TRPIND250819906a4ae5,2025-08-19,MP01,repeated,13,127,8,7
TRPCHA250819af655c1b,2025-08-19,CH01,new,28,278,9,8
TRPJAI2508190d74d133,2025-08-19,RJ01,repeated,18,253,8,8
TRPLUC250819a5a79b63,2025-08-19,UP01,new,13,143,7,6
TRPLUC25081912cc1a3a,2025-08-19,UP01,repeated,12,134,7,5
TRPJAI250819d3dcfb45,2025-08-19,RJ01,new,19,265,9,8
TRPCOI250819ff7cd3a8,2025-08-19,TN01,repeated,21,191,9,7
TRPIND250819da97dff5,2025-08-19,MP01,repeated,21,191,9,6
TRPVIS250819ddf61bf2,2025-08-19,AP01,new,35,342,9,10
TRPLUC250819b9a24eca,2025-08-19,UP01,new,17,179,9,6
TRPKOC250819eefe5f9c,2025-08-19,KL01,repeated,20,251,9,9
TRPJAI250819b4e9f01e,2025-08-19,RJ01,repeated,27,361,9,9
TRPLUC2508198989f6f1,2025-08-19,UP01,new,11,125,7,7
TRPLUC250819de26eb06,2025-08-19,UP01,repeated,17,179,7,8
TRPSUR250819d0a04e36,2025-08-19,GJ01,repeated,16,147,5,8
TRPMYS2508193ef63b81,2025-08-19,KA01,new,21,245,10,10
TRPLUC25081916268208,2025-08-19,UP01,new,19,197,8,6
TRPSUR25081916985237,2025-08-19,GJ01,repeated,14,131,6,7
TRPCOI250819a82b687e,2025-08-19,TN01,repeated,21,191,9,8
TRPSUR2508190eba95da,2025-08-19,GJ01,repeated,12,115,6,7
TRPCOI250819b151f1c9,2025-08-19,TN01,repeated,19,175,9,8
TRPSUR250819aa7b5b5f,2025-08-19,GJ01,repeated,12,115,5,6
TRPCHA250819af0d2643,2025-08-19,CH01,repeated,30,296,8,7
TRPLUC25081986855113,2025-08-19,UP01,repeated,12,134,7,6
TRPCOI250819170b1781,2025-08-19,TN01,repeated,11,111,8,9
TRPVIS250819db4c8119,2025-08-19,AP01,repeated,34,333,7,10
TRPCHA25081982614748,2025-08-19,CH01,new,34,332,8,7
TRPVIS250819598d5050,2025-08-19,AP01,repeated,26,261,8,10
TRPCHA250819576f6411,2025-08-19,CH01,new,13,143,8,8
TRPJAI250819553d178b,2025-08-19,RJ01,new,36,469,8,10
TRPIND250819c64bd27f,2025-08-19,MP01,new,19,175,10,8
TRPIND250819c0296c79,2025-08-19,MP01,repeated,11,111,6,7
TRPVIS250819873ef5de,2025-08-19,AP01,repeated,29,288,7,10
TRPLUC250819200a38cf,2025-08-19,UP01,repeated,14,152,7,6
TRPIND2508190f7d305d,2025-08-19,MP01,repeated,12,119,9,7
TRPJAI25081998b4a938,2025-08-19,RJ01,repeated,37,481,9,8
TRPLUC2508196fa2c61f,2025-08-19,UP01,repeated,11,125,6,6
TRPIND25081956216997,2025-08-19,MP01,new,9,95,9,9
TRPLUC2508196c903edd,2025-08-19,UP01,repeated,11,125,5,7
TRPKOC250819a699cb76,2025-08-19,KL01,new,26,317,8,9
TRPIND250819f373146f,2025-08-19,MP01,repeated,11,111,8,9
TRPSUR250819b437e385,2025-08-19,GJ01,repeated,5,59,6,7
TRPIND250819fdb66cbc,2025-08-19,MP01,repeated,11,111,7,8
TRPCHA250819e390870d,2025-08-19,CH01,repeated,12,134,6,8
TRPJAI250819828d7141,2025-08-19,RJ01,new,33,433,9,8
TRPLUC2508199cf43e75,2025-08-19,UP01,new,8,98,7,6
TRPLUC2508193481ed07,2025-08-19,UP01,repeated,6,80,6,8
TRPLUC250819abf9fda3,2025-08-19,UP01,repeated,17,179,6,6
TRPMYS250819dd3861ce,2025-08-19,KA01,new,12,155,9,10
TRPLUC250819411c7ac0,2025-08-19,UP01,repeated,7,89,5,5
TRPVAD2508195244cc5c,2025-08-19,GJ02,repeated,6,66,5,7
TRPSUR25081978712466,2025-08-19,GJ01,repeated,15,139,6,8
TRPSUR250819d1acb103,2025-08-19,GJ01,new,5,59,9,7
TRPLUC2508197ea7230b,2025-08-19,UP01,repeated,9,107,5,8
TRPSUR250819bbddfb2d,2025-08-19,GJ01,repeated,14,131,7,8
TRPJAI2508190a15dcc0,2025-08-19,RJ01,repeated,17,241,9,8
TRPCOI250819809c5453,2025-08-19,TN01,repeated,19,175,8,9
TRPJAI250819c2c8aa4b,2025-08-19,RJ01,new,37,481,9,8
TRPLUC250819d24c2b19,2025-08-19,UP01,repeated,8,98,5,8
TRPSUR25081937d41384,2025-08-19,GJ01,repeated,7,75,6,5
TRPKOC25081942192a24,2025-08-19,KL01,repeated,21,262,8,10
TRPIND2508192d6e5934,2025-08-19,MP01,repeated,22,199,8,9
TRPSUR25081942042b25,2025-08-19,GJ01,new,5,59,7,6
TRPJAI2508197067e2c4,2025-08-19,RJ01,repeated,33,433,9,9
TRPCHA2508197906793c,2025-08-19,CH01,new,33,323,8,7
TRPKOC2508199416306f,2025-08-19,KL01,repeated,35,416,8,10
TRPCHA250819b3a40411,2025-08-19,CH01,new,35,341,9,9
TRPCHA250819e5476e1b,2025-08-19,CH01,new,16,170,9,8
TRPVAD250819fedb6167,2025-08-19,GJ02,new,11,106,8,6
TRPCOI250819e3097a23,2025-08-19,TN01,repeated,14,135,9,8
TRPJAI250819607ea89f,2025-08-19,RJ01,new,27,361,10,9
TRPIND25081996f474b7,2025-08-19,MP01,repeated,12,119,6,7
TRPLUC250819d28bc8bd,2025-08-19,UP01,repeated,18,188,6,5
TRPJAI250819fdc0784d,2025-08-19,RJ01,new,34,445,10,8
TRPCHA2508191ec26a63,2025-08-19,CH01,new,18,188,7,9
TRPVAD2508191376b137,2025-08-19,GJ02,new,11,106,8,6
TRPCHA250819c4dc7a04,2025-08-19,CH01,new,25,251,9,7
TRPIND250819df1b5ba6,2025-08-19,MP01,new,15,143,10,7
TRPCHA250819f3d85c1e,2025-08-19,CH01,repeated,27,269,8,7
TRPJAI250819ca5a0e82,2025-08-19,RJ01,repeated,37,481,7,8
TRPKOC250819dbf526e7,2025-08-19,KL01,new,24,295,9,8
TRPLUC2508196d9314c3,2025-08-19,UP01,repeated,5,71,5,6
TRPCHA250819ee6573b6,2025-08-19,CH01,new,22,224,7,7
TRPVAD25081911c08420,2025-08-19,GJ02,new,17,154,9,7
TRPVIS2508193a2faa28,2025-08-19,AP01,new,32,315,8,9
TRPCHA250819c0ad7841,2025-08-19,CH01,new,22,224,8,8
TRPLUC2508196758facf,2025-08-19,UP01,new,9,107,7,7
TRPLUC2508194db25c43,2025-08-19,UP01,repeated,7,89,5,8
TRPJAI250819ef1f3e03,2025-08-19,RJ01,repeated,32,421,7,8
TRPSUR250819baf74cb2,2025-08-19,GJ01,repeated,12,115,5,5
TRPJAI2508194c59cc6c,2025-08-19,RJ01,new,19,265,9,10
TRPJAI2508197c677e53,2025-08-19,RJ01,new,27,361,9,10
TRPVIS250819e1db53f8,2025-08-19,AP01,repeated,19,198,7,8
TRPLUC2508194064c2e5,2025-08-19,UP01,new,20,206,7,8
TRPJAI25081973a9c991,2025-08-19,RJ01,new,34,445,8,10
TRPMYS25081986fb5607,2025-08-19,KA01,new,24,275,10,10
TRPLUC250819a6f233f8,2025-08-19,UP01,new,18,188,8,7
TRPJAI250819e5293520,2025-08-19,RJ01,new,23,313,9,9
TRPMYS250819129ea057,2025-08-19,KA01,repeated,15,185,7,10
TRPLUC25081980ff2ad2,2025-08-19,UP01,repeated,15,161,7,8
TRPJAI250819656727fe,2025-08-19,RJ01,repeated,30,397,7,10
TRPKOC25081942cddf21,2025-08-19,KL01,new,26,317,9,9
TRPCOI25081975d93597,2025-08-19,TN01,repeated,21,191,9,7
TRPCHA2508193f98a538,2025-08-19,CH01,repeated,23,233,6,8
TRPVAD25081916c9b6fd,2025-08-19,GJ02,new,7,74,8,7
TRPSUR250819e85d6a33,2025-08-19,GJ01,repeated,12,115,6,6
TRPIND25081914117585,2025-08-19,MP01,new,16,151,10,7
TRPLUC25081901b34c76,2025-08-19,UP01,repeated,6,80,7,8
TRPIND25081940c1672f,2025-08-19,MP01,new,15,143,10,7
TRPVAD250819d942d417,2025-08-19,GJ02,new,16,146,9,8
TRPLUC250819cd75baf2,2025-08-19,UP01,new,9,107,9,7
TRPSUR250819b71e70f6,2025-08-19,GJ01,repeated,12,115,5,5
TRPKOC2508192ff71213,2025-08-19,KL01,repeated,27,328,9,9
TRPKOC250819b00a164c,2025-08-19,KL01,repeated,32,383,7,8
TRPSUR25081906a4dc91,2025-08-19,GJ01,new,5,59,9,8
TRPVAD250819d4195b89,2025-08-19,GJ02,new,5,58,7,7
TRPVIS2508197b13a2e8,2025-08-19,AP01,new,30,297,10,8
TRPCOI250819c3026d8c,2025-08-19,TN01,repeated,8,87,9,9
TRPJAI2508192f0f173e,2025-08-19,RJ01,repeated,15,217,8,8
TRPJAI250819f7284bed,2025-08-19,RJ01,new,25,337,9,8
TRPIND250819f9a77ae8,2025-08-19,MP01,new,10,103,9,9
TRPJAI250819356bb03b,2025-08-19,RJ01,repeated,22,301,7,8
TRPLUC250819a6199625,2025-08-19,UP01,new,18,188,7,7
TRPLUC2508199a8f683f,2025-08-19,UP01,repeated,14,152,7,6
TRPVIS250819bf4340b7,2025-08-19,AP01,repeated,16,171,8,8
TRPLUC25081983b538dc,2025-08-19,UP01,repeated,12,134,6,6
TRPLUC250819bc32adb6,2025-08-19,UP01,new,7,89,7,6
TRPSUR2508196c673e7b,2025-08-19,GJ01,repeated,16,147,6,8
TRPLUC250819d9b64dab,2025-08-19,UP01,new,14,152,8,6
TRPIND2508191fb61bd7,2025-08-19,MP01,repeated,10,103,6,9
TRPJAI250819d5099deb,2025-08-19,RJ01,new,33,433,10,9
TRPLUC250819558afdec,2025-08-19,UP01,repeated,11,125,7,8
TRPSUR25081919576e3b,2025-08-19,GJ01,new,7,75,7,7
TRPCHA2508192d65a102,2025-08-19,CH01,repeated,26,260,8,6
TRPLUC250819c6bd7350,2025-08-19,UP01,new,5,71,9,8
TRPCHA25081993090e4b,2025-08-19,CH01,repeated,15,161,9,8
TRPLUC2508197aeb7738,2025-08-19,UP01,repeated,6,80,5,6
TRPCHA2508199470491c,2025-08-19,CH01,new,20,206,7,8
TRPIND2508192bb6e35e,2025-08-19,MP01,repeated,11,111,6,9
TRPLUC250819c5e5331f,2025-08-19,UP01,new,13,143,7,7
TRPVIS2508194d326638,2025-08-19,AP01,new,29,288,8,10
TRPCHA250819ece795ba,2025-08-19,CH01,new,22,224,8,8
TRPSUR2508195b21a326,2025-08-19,GJ01,repeated,7,75,7,6
TRPLUC2508192069a45b,2025-08-19,UP01,repeated,9,107,7,5
TRPLUC2508192b9132b7,2025-08-19,UP01,repeated,20,206,5,6
TRPLUC250819a1063783,2025-08-19,UP01,repeated,12,134,7,6
TRPCHA2508194fca0b78,2025-08-19,CH01,repeated,21,215,7,7
TRPLUC2508199589400d,2025-08-19,UP01,repeated,19,197,7,8
TRPVIS250819d9886fac,2025-08-19,AP01,repeated,11,126,8,8
TRPIND2508197143a454,2025-08-19,MP01,repeated,10,103,6,6
TRPJAI2508198377e368,2025-08-19,RJ01,new,41,529,8,9
TRPCHA250819610bf472,2025-08-19,CH01,repeated,31,305,6,8
TRPLUC250819c4136ef8,2025-08-19,UP01,new,9,107,7,6
TRPJAI25081936fd5aac,2025-08-19,RJ01,new,23,313,10,8
TRPKOC2508199fd4b08b,2025-08-19,KL01,new,35,416,8,10
TRPJAI2508196d52bfaa,2025-08-19,RJ01,new,38,493,10,10
TRPKOC250819c1d52c88,2025-08-19,KL01,repeated,17,218,9,8
TRPJAI2508192c8b84de,2025-08-19,RJ01,new,42,541,8,10
TRPVAD25081986dae696,2025-08-19,GJ02,new,18,162,8,6
TRPLUC250819b84d1f4d,2025-08-19,UP01,repeated,14,152,7,5
TRPJAI2508192d34c385,2025-08-19,RJ01,repeated,25,337,7,10
TRPIND2508199edf9abf,2025-08-19,MP01,repeated,9,95,6,8
TRPVIS2508191f01f585,2025-08-19,AP01,new,12,135,8,10
TRPVIS2508197358dfb6,2025-08-19,AP01,new,23,234,10,10
TRPIND250819712b6112,2025-08-19,MP01,new,13,127,9,9
TRPLUC250819f592bafa,2025-08-19,UP01,repeated,14,152,5,6
TRPCHA2508197e0773f8,2025-08-19,CH01,new,29,287,10,9
TRPJAI250819e64a9139,2025-08-19,RJ01,new,21,289,10,9
TRPLUC250819f949a87c,2025-08-19,UP01,repeated,16,170,5,6
TRPJAI250819b73f184c,2025-08-19,RJ01,new,22,301,10,8
TRPKOC2508199803be68,2025-08-19,KL01,new,12,163,10,9
TRPLUC2508193aecd30c,2025-08-19,UP01,repeated,14,152,7,6
TRPIND250819ae84db96,2025-08-19,MP01,new,25,223,9,9
TRPSUR250819b39e7463,2025-08-19,GJ01,new,11,107,9,6
TRPSUR25081959f4c70b,2025-08-19,GJ01,repeated,9,91,6,7
TRPLUC2508199145e66a,2025-08-19,UP01,repeated,17,179,5,7
TRPCOI250819542037bc,2025-08-19,TN01,repeated,11,111,8,8
TRPLUC2508190de8a5c0,2025-08-19,UP01,new,11,125,7,7
TRPJAI2508194c36013c,2025-08-19,RJ01,new,23,313,10,9
TRPJAI250819b6d1846a,2025-08-19,RJ01,new,37,481,8,8
TRPLUC2508190446a6b9,2025-08-19,UP01,new,9,107,8,8
TRPIND250819b2e8e17e,2025-08-19,MP01,new,15,143,10,8
TRPIND250819c0cb7bd1,2025-08-19,MP01,repeated,11,111,6,9
TRPLUC25081908ec7353,2025-08-19,UP01,repeated,19,197,7,6
TRPSUR2508199cf61122,2025-08-19,GJ01,repeated,12,115,7,8
TRPLUC2508198d234812,2025-08-19,UP01,repeated,20,206,5,6
TRPJAI250819cb03fef1,2025-08-19,RJ01,repeated,41,529,7,10
TRPVIS250819af61c5b8,2025-08-19,AP01,repeated,15,162,9,8
TRPLUC2508196dfeb878,2025-08-19,UP01,repeated,6,80,6,8
TRPLUC250819697da895,2025-08-19,UP01,new,7,89,9,6
TRPLUC250819b522db16,2025-08-19,UP01,repeated,13,143,5,7
TRPJAI2508199a1399cb,2025-08-19,RJ01,new,25,337,8,9
TRPJAI250819c7939bcd,2025-08-19,RJ01,new,41,529,8,9
TRPSUR25081928424922,2025-08-19,GJ01,repeated,10,99,5,6
TRPJAI2508199bf2b482,2025-08-19,RJ01,new,38,493,8,9
TRPSUR2508194dd13613,2025-08-19,GJ01,new,11,107,8,6
TRPJAI250819564ba8da,2025-08-19,RJ01,repeated,29,385,8,10
TRPSUR250819737f492c,2025-08-19,GJ01,repeated,10,99,6,8
TRPJAI2508191cf63281,2025-08-19,RJ01,new,32,421,9,9
TRPVAD250819ee341278,2025-08-19,GJ02,repeated,8,82,6,6
TRPJAI250819743e90a9,2025-08-19,RJ01,new,26,349,10,9
TRPKOC250819cc3e61fb,2025-08-19,KL01,repeated,10,141,7,9
TRPCOI2508190075138b,2025-08-19,TN01,repeated,19,175,8,6
TRPLUC25081999fc970d,2025-08-19,UP01,repeated,16,170,6,6
TRPIND250819d855970b,2025-08-19,MP01,repeated,21,191,6,8
TRPKOC250819267d3ef9,2025-08-19,KL01,new,38,449,10,9
TRPCHA250819c5295f58,2025-08-19,CH01,repeated,21,215,8,9
TRPVAD25081990ac6af8,2025-08-19,GJ02,repeated,13,122,6,6
TRPLUC2508197255a247,2025-08-19,UP01,new,11,125,9,7
TRPIND250819ccc879e8,2025-08-19,MP01,repeated,21,191,7,8
TRPCHA250819c9effc87,2025-08-19,CH01,repeated,20,206,6,8
TRPCHA2508190187aa63,2025-08-19,CH01,repeated,29,287,6,6
TRPKOC250819b2f55afe,2025-08-19,KL01,repeated,23,284,7,8
TRPMYS250819b5f5d1e2,2025-08-19,KA01,new,25,285,10,9
TRPJAI250819f62797cd,2025-08-19,RJ01,new,36,469,9,8
TRPLUC2508196160564b,2025-08-19,UP01,new,16,170,9,6
TRPJAI250819bca2217f,2025-08-19,RJ01,repeated,35,457,8,10
TRPSUR2508195ee4b51e,2025-08-19,GJ01,repeated,10,99,6,8
TRPCHA250819be59e0df,2025-08-19,CH01,repeated,34,332,9,8
TRPSUR25081948161a42,2025-08-19,GJ01,repeated,13,123,7,5
TRPJAI2508195f3e3dfc,2025-08-19,RJ01,new,18,253,10,10
TRPLUC2508197fbcf9a6,2025-08-19,UP01,repeated,11,125,7,8
TRPLUC250819e083a758,2025-08-19,UP01,repeated,9,107,6,6
TRPCOI2508190144bb03,2025-08-19,TN01,repeated,11,111,6,6
TRPIND250819191cdcbd,2025-08-19,MP01,repeated,16,151,7,8
TRPJAI250819843517b0,2025-08-19,RJ01,new,42,541,9,8
TRPCHA25081912e9422b,2025-08-19,CH01,repeated,12,134,8,7
TRPCOI250819f166a322,2025-08-19,TN01,new,16,151,10,9
TRPLUC25081920cacfd3,2025-08-19,UP01,repeated,17,179,7,7
TRPSUR250819c20ede5b,2025-08-19,GJ01,new,11,107,8,8
TRPIND2508199190cd7f,2025-08-19,MP01,repeated,8,87,6,6
TRPVAD250819635900b9,2025-08-19,GJ02,repeated,9,90,5,5
TRPKOC250819c7e222a9,2025-08-19,KL01,repeated,38,449,9,9
TRPCHA2508192e1fc876,2025-08-19,CH01,repeated,16,170,7,9
TRPMYS25081979ffeb62,2025-08-19,KA01,repeated,17,205,9,8
TRPLUC250819afd0a54d,2025-08-19,UP01,repeated,9,107,7,8
TRPLUC250819a46a6883,2025-08-19,UP01,repeated,18,188,5,7
TRPLUC2508198c671512,2025-08-19,UP01,repeated,14,152,6,6
TRPLUC25081936d01de4,2025-08-19,UP01,repeated,20,206,5,8
TRPLUC25081991b25250,2025-08-19,UP01,repeated,15,161,7,7
TRPKOC250819b728aabf,2025-08-19,KL01,new,37,438,8,10
TRPJAI2508191bfa6337,2025-08-19,RJ01,new,31,409,8,10
TRPJAI250819adf1c53d,2025-08-19,RJ01,new,35,457,8,9
TRPJAI250819e8353ba0,2025-08-19,RJ01,repeated,30,397,7,9
TRPVAD250819872fd16f,2025-08-19,GJ02,new,17,154,7,7
TRPVAD25081910d20f85,2025-08-19,GJ02,repeated,7,74,5,7
TRPVAD2508194bb6015a,2025-08-19,GJ02,new,8,82,9,7
TRPLUC250819c6f7e76c,2025-08-19,UP01,repeated,6,80,5,6
TRPJAI250819fbed9237,2025-08-19,RJ01,repeated,43,553,9,8
TRPIND250819d4804612,2025-08-19,MP01,repeated,19,175,8,9
TRPIND2508192592b2f1,2025-08-19,MP01,repeated,11,111,9,8
TRPLUC250819cd76bbc8,2025-08-19,UP01,repeated,16,170,7,8
TRPLUC25081980527fd7,2025-08-19,UP01,new,12,134,7,6
TRPCHA250819f4957837,2025-08-19,CH01,new,15,161,10,7
TRPJAI250819d7aacae0,2025-08-19,RJ01,new,31,409,10,10
TRPKOC250819efa66fa4,2025-08-19,KL01,new,26,317,10,10
TRPSUR2508199339cada,2025-08-19,GJ01,repeated,17,155,7,6
TRPKOC250819e5227eee,2025-08-19,KL01,repeated,33,394,9,8
TRPIND250819a5a2f1a4,2025-08-19,MP01,repeated,15,143,9,6
TRPLUC250819de03b289,2025-08-19,UP01,repeated,8,98,6,5
TRPJAI250819899f0fae,2025-08-19,RJ01,new,32,421,9,8
TRPSUR25081901b703c4,2025-08-19,GJ01,repeated,12,115,7,5
TRPVAD2508195a20b257,2025-08-19,GJ02,repeated,10,98,5,7
TRPSUR25081980fb1937,2025-08-19,GJ01,new,14,131,7,7
TRPLUC25081974196714,2025-08-19,UP01,repeated,20,206,7,8
TRPCOI2508193b29527d,2025-08-19,TN01,new,16,151,9,9
TRPLUC2508194c039b45,2025-08-19,UP01,new,18,188,9,8
TRPJAI250819f2350dce,2025-08-19,RJ01,repeated,15,217,8,8
TRPVIS2508193c9e24de,2025-08-19,AP01,repeated,16,171,8,8
TRPIND25081952bfe29d,2025-08-19,MP01,repeated,11,111,6,7
TRPJAI250819bc9c5d81,2025-08-19,RJ01,repeated,19,265,9,10
TRPKOC2508197e663225,2025-08-19,KL01,repeated,24,295,8,8
TRPSUR250819e3a340f8,2025-08-19,GJ01,repeated,11,107,5,6
TRPJAI250819067f6f79,2025-08-19,RJ01,repeated,40,517,7,9
TRPVAD2508197bbf00a3,2025-08-19,GJ02,new,15,138,9,7
TRPVAD25081981da2e1b,2025-08-19,GJ02,repeated,10,98,6,8
TRPLUC2508191e5df30b,2025-08-19,UP01,repeated,15,161,6,7
TRPVAD25081907917f24,2025-08-19,GJ02,new,8,82,7,6
TRPCOI250819514a2e32,2025-08-19,TN01,repeated,18,167,7,9
TRPSUR250819c01ebf60,2025-08-19,GJ01,repeated,6,67,6,8
TRPIND2508197473d8d9,2025-08-19,MP01,new,9,95,7,7
TRPVIS2508198be689c1,2025-08-19,AP01,new,22,225,9,9
TRPSUR250819fd941feb,2025-08-19,GJ01,repeated,10,99,5,6
TRPLUC2508199d762934,2025-08-19,UP01,repeated,9,107,6,8
TRPVAD2508190e13e936,2025-08-19,GJ02,repeated,12,114,5,5
TRPSUR25081944224876,2025-08-19,GJ01,repeated,16,147,5,7
TRPVAD25081946ad2f28,2025-08-19,GJ02,repeated,10,98,7,6
TRPMYS2508193c78c902,2025-08-19,KA01,repeated,19,225,9,8
TRPJAI250819aa4b83ea,2025-08-19,RJ01,new,33,433,10,8
TRPSUR250819e5548490,2025-08-19,GJ01,repeated,12,115,5,6
TRPSUR250819cb0aab97,2025-08-19,GJ01,repeated,7,75,7,5
TRPKOC250819ae9627f3,2025-08-19,KL01,repeated,30,361,8,9
TRPLUC2508191222ed1e,2025-08-19,UP01,repeated,11,125,6,5
TRPLUC250819c8fd2566,2025-08-19,UP01,repeated,19,197,7,6
TRPKOC250819003f5e34,2025-08-19,KL01,repeated,12,163,8,9
TRPVAD2508195b1f22a9,2025-08-19,GJ02,new,18,162,7,7
TRPJAI2508197c8196f0,2025-08-19,RJ01,new,21,289,10,10
TRPKOC2508195289de25,2025-08-19,KL01,repeated,11,152,8,8
TRPMYS25081978bf128e,2025-08-19,KA01,new,17,205,10,9
TRPVIS2508196584626b,2025-08-19,AP01,new,27,270,9,10
TRPJAI250819759e09cf,2025-08-19,RJ01,repeated,34,445,8,10
TRPLUC25081963c2883c,2025-08-19,UP01,repeated,17,179,6,5
TRPCHA250819f6f9a89a,2025-08-19,CH01,repeated,27,269,9,9
TRPLUC250819fa76f6ec,2025-08-19,UP01,repeated,7,89,5,6
TRPMYS250819124fd0f3,2025-08-19,KA01,repeated,17,205,8,9
TRPJAI250819986a16fc,2025-08-19,RJ01,new,19,265,10,9
TRPLUC250819298718ba,2025-08-19,UP01,repeated,12,134,5,7
TRPJAI250819d9c979b0,2025-08-19,RJ01,new,32,421,8,8
TRPSUR25081963309fd7,2025-08-19,GJ01,new,11,107,9,7
TRPJAI250819619082be,2025-08-19,RJ01,new,32,421,9,9
TRPJAI250819853c5c90,2025-08-19,RJ01,new,36,469,9,10
TRPKOC250819f2c05eee,2025-08-19,KL01,repeated,16,207,8,10
TRPJAI2508198f4ed046,2025-08-19,RJ01,repeated,23,313,7,9
TRPSUR250819b5400e67,2025-08-19,GJ01,repeated,11,107,5,6
TRPLUC250819adfd41ce,2025-08-19,UP01,repeated,10,116,5,5
TRPVIS250819a191f681,2025-08-19,AP01,new,24,243,8,9
TRPJAI250819533bbbbd,2025-08-19,RJ01,new,30,397,10,10
TRPLUC250819f3a55d96,2025-08-19,UP01,repeated,11,125,5,8
TRPSUR250819df709005,2025-08-19,GJ01,repeated,16,147,5,5
TRPJAI25081937ef4fdf,2025-08-19,RJ01,new,19,265,9,10
TRPLUC250819605ba794,2025-08-19,UP01,repeated,9,107,5,8
TRPSUR250819a6ef4a84,2025-08-19,GJ01,repeated,8,83,7,7
TRPJAI250819fba54071,2025-08-19,RJ01,new,20,277,8,10
TRPSUR250819fdaada37,2025-08-19,GJ01,new,8,83,7,7
TRPLUC2508190287f09c,2025-08-19,UP01,repeated,16,170,7,7
TRPKOC250819b789d7b3,2025-08-19,KL01,repeated,28,339,9,8
TRPJAI250819f0fb2fb3,2025-08-19,RJ01,repeated,27,361,7,9
TRPLUC25081957c3e0e4,2025-08-19,UP01,repeated,15,161,5,7
TRPLUC250819b217a9ff,2025-08-19,UP01,repeated,5,71,5,6
TRPIND250819915e7f06,2025-08-19,MP01,repeated,24,215,8,9
TRPCOI2508195cd1c9aa,2025-08-19,TN01,new,22,199,7,7
TRPCHA250819f39ad5a7,2025-08-19,CH01,repeated,16,170,9,6
TRPLUC2508192bc82969,2025-08-19,UP01,repeated,18,188,5,5
TRPCHA250819428bdf52,2025-08-19,CH01,repeated,13,143,7,9
TRPJAI250819a9d8e5e4,2025-08-19,RJ01,new,19,265,8,9
TRPLUC250819a1d8819c,2025-08-19,UP01,new,19,197,7,8
TRPVAD25081965e2be6c,2025-08-19,GJ02,new,6,66,8,6
TRPIND25081901f6f14a,2025-08-19,MP01,repeated,19,175,9,8
TRPLUC25081951b72ef1,2025-08-19,UP01,repeated,9,107,6,5
TRPCHA250819dac9338a,2025-08-19,CH01,repeated,17,179,9,8
TRPLUC2508198426f558,2025-08-19,UP01,repeated,19,197,5,6
TRPLUC250819e92ce05c,2025-08-19,UP01,new,6,80,7,6
TRPCOI2508198aa67d69,2025-08-19,TN01,new,19,175,8,8
TRPJAI250819afa64ed6,2025-08-19,RJ01,new,32,421,10,9
TRPKOC2508196fca877e,2025-08-19,KL01,new,30,361,9,8
TRPLUC250819cdea6efe,2025-08-19,UP01,repeated,6,80,7,6
TRPKOC2508199c98a143,2025-08-19,KL01,repeated,36,427,7,9
TRPVIS250819bc568959,2025-08-19,AP01,repeated,15,162,8,8
TRPSUR250819b451087d,2025-08-19,GJ01,repeated,15,139,5,7
TRPCHA250819a7726faa,2025-08-19,CH01,new,34,332,7,9
TRPCHA250819a17b1e5c,2025-08-19,CH01,repeated,32,314,6,8
TRPMYS2508199916a0fd,2025-08-19,KA01,new,24,275,10,8
TRPCHA250819f8b93ede,2025-08-19,CH01,new,35,341,7,9
TRPJAI250819ec82132c,2025-08-19,RJ01,new,37,481,9,10
TRPCOI25081909fac68a,2025-08-19,TN01,new,9,95,9,8
TRPLUC2508198397a9f4,2025-08-19,UP01,repeated,16,170,5,6
TRPCOI250819200fae55,2025-08-19,TN01,repeated,18,167,9,7
TRPJAI2508194adaa269,2025-08-19,RJ01,new,36,469,8,10
TRPJAI2508192f56ae1c,2025-08-19,RJ01,repeated,45,577,9,10
TRPSUR250819aa95ead2,2025-08-19,GJ01,new,10,99,8,8
TRPJAI25081987839375,2025-08-19,RJ01,new,17,241,10,10
TRPSUR250819894988e3,2025-08-19,GJ01,repeated,5,59,7,5
TRPJAI250819512fb59b,2025-08-19,RJ01,new,39,505,9,8
TRPLUC25081930cad20d,2025-08-19,UP01,repeated,15,161,6,6
TRPJAI25081991f5df3f,2025-08-19,RJ01,repeated,45,577,9,9
TRPSUR2508194fc238c4,2025-08-19,GJ01,new,8,83,8,7
TRPKOC250819bac24bc4,2025-08-19,KL01,repeated,22,273,9,9
TRPLUC2508191e038bc3,2025-08-19,UP01,repeated,10,116,5,7
TRPIND250819c377fc8d,2025-08-19,MP01,repeated,8,87,6,6
TRPLUC2508199f011110,2025-08-19,UP01,repeated,20,206,6,7
TRPLUC250819904d9edc,2025-08-19,UP01,new,15,161,9,8
TRPIND2508199b1b5b2e,2025-08-19,MP01,repeated,25,223,7,7
TRPJAI2508190ee90008,2025-08-19,RJ01,new,41,529,9,8
TRPLUC2508195d15e6a3,2025-08-19,UP01,repeated,8,98,6,5
TRPVIS250819b3826cec,2025-08-19,AP01,new,22,225,8,9
TRPCHA250819366f2c10,2025-08-19,CH01,new,15,161,7,9
TRPJAI2508199b6b7387,2025-08-19,RJ01,new,16,229,10,10
TRPLUC25081971cedd3d,2025-08-19,UP01,repeated,18,188,7,5
TRPLUC25081983aa447d,2025-08-19,UP01,repeated,16,170,7,5
TRPSUR250819118ea9a5,2025-08-19,GJ01,repeated,6,67,6,5
TRPLUC25081956984db7,2025-08-19,UP01,new,9,107,7,7
TRPCHA25081951326b11,2025-08-19,CH01,new,35,341,8,9
TRPVAD25081965e05800,2025-08-19,GJ02,new,6,66,8,6
TRPMYS2508194232f4df,2025-08-19,KA01,repeated,21,245,7,10
TRPMYS250819d41e3f8f,2025-08-19,KA01,new,9,125,9,10
TRPIND25081949571add,2025-08-19,MP01,repeated,16,151,8,9
TRPJAI250819627eb3a1,2025-08-19,RJ01,new,15,217,10,9
TRPIND25081951057b60,2025-08-19,MP01,repeated,9,95,8,9
TRPLUC2508191cb7b279,2025-08-19,UP01,new,20,206,9,8
TRPLUC25081972402b97,2025-08-19,UP01,new,5,71,8,7
TRPLUC25081999ac4589,2025-08-19,UP01,repeated,16,170,6,7
TRPVIS250819a8005d2f,2025-08-19,AP01,repeated,25,252,8,10
TRPSUR250819950e7889,2025-08-19,GJ01,repeated,5,59,6,8
TRPJAI250819ef99109d,2025-08-19,RJ01,new,26,349,8,8
TRPIND2508198686de88,2025-08-19,MP01,new,20,183,9,7
TRPIND250819f2627c6c,2025-08-19,MP01,new,23,207,10,7
TRPVIS2508193ee4f9f9,2025-08-19,AP01,repeated,31,306,9,8
TRPLUC25081947caef81,2025-08-19,UP01,new,18,188,7,8
TRPLUC2508193c817a26,2025-08-19,UP01,new,5,71,7,8
TRPSUR250819ff406564,2025-08-19,GJ01,new,15,139,9,7
TRPLUC250819d21776ef,2025-08-19,UP01,repeated,8,98,5,8
TRPLUC2508191439c03b,2025-08-19,UP01,new,19,197,9,6
TRPVAD25081965aa1a7c,2025-08-19,GJ02,repeated,9,90,7,7
TRPKOC2508198d11ddf4,2025-08-19,KL01,repeated,14,185,8,8
TRPLUC25081993959506,2025-08-19,UP01,repeated,15,161,5,6
TRPSUR250819a2b498ed,2025-08-19,GJ01,repeated,13,123,5,7
TRPCHA2508192b8ec211,2025-08-19,CH01,new,14,152,9,7
TRPLUC2508198bf48d76,2025-08-19,UP01,repeated,18,188,6,7
TRPVIS25081943ef45ab,2025-08-19,AP01,new,12,135,10,10
TRPVAD25081907cf6f3f,2025-08-19,GJ02,repeated,16,146,6,5
TRPSUR250819ad739aad,2025-08-19,GJ01,repeated,6,67,5,6
TRPVIS2508196c5540a8,2025-08-19,AP01,repeated,17,180,7,9
TRPKOC2508197a55fc74,2025-08-19,KL01,new,38,449,8,10
TRPCOI2508192e94127e,2025-08-19,TN01,new,14,135,7,7
TRPLUC250819ea688299,2025-08-19,UP01,repeated,18,188,7,5
TRPCOI25081968495aee,2025-08-19,TN01,repeated,14,135,6,9
TRPCOI250819016106e5,2025-08-19,TN01,new,20,183,7,9
TRPVAD250819cfa95035,2025-08-19,GJ02,new,12,114,7,6
TRPSUR25081970d7c9ae,2025-08-19,GJ01,repeated,6,67,6,5
TRPSUR250819743f06a1,2025-08-19,GJ01,repeated,8,83,7,7
TRPLUC25081989338194,2025-08-19,UP01,new,17,179,8,6
TRPLUC25081929fafa50,2025-08-19,UP01,repeated,9,107,7,8
TRPVAD250819dd960b76,2025-08-19,GJ02,new,15,138,8,8
TRPLUC250819092fb71b,2025-08-19,UP01,new,6,80,8,6
TRPVIS250819ad7460ac,2025-08-19,AP01,new,35,342,9,8
TRPVAD250819ab7ed2c0,2025-08-19,GJ02,new,7,74,8,7
TRPLUC25081924c40bc2,2025-08-19,UP01,repeated,5,71,5,7
TRPSUR25081982923a7f,2025-08-19,GJ01,repeated,16,147,6,7
TRPCOI25081962cf7e89,2025-08-19,TN01,new,16,151,9,9
TRPLUC250819a616f6ee,2025-08-19,UP01,new,6,80,8,7
TRPJAI2508193ca83ef3,2025-08-19,RJ01,repeated,33,433,9,10
TRPCOI2508197b4cfbf1,2025-08-19,TN01,repeated,20,183,8,9
TRPLUC25081983eec874,2025-08-19,UP01,repeated,15,161,5,5
TRPSUR250819810d7271,2025-08-19,GJ01,repeated,17,155,5,6
TRPCOI250819dec5979d,2025-08-19,TN01,repeated,17,159,8,9
TRPJAI250819d283e499,2025-08-19,RJ01,repeated,26,349,7,10
TRPCHA2508197433df26,2025-08-19,CH01,new,25,251,10,9
TRPIND250819a28b1d86,2025-08-19,MP01,repeated,24,215,7,9
TRPLUC2508195deb9ba4,2025-08-19,UP01,new,15,161,7,7
TRPCOI250819f680203a,2025-08-19,TN01,repeated,10,103,6,7
TRPLUC25081995cf1771,2025-08-19,UP01,repeated,17,179,7,6
TRPCHA250819b4d8f811,2025-08-19,CH01,repeated,20,206,6,8
TRPJAI250819ba8e4f1e,2025-08-19,RJ01,new,44,565,8,9
TRPLUC25081932393d4b,2025-08-19,UP01,repeated,13,143,6,6
TRPLUC25081940ac000a,2025-08-19,UP01,repeated,10,116,7,5
TRPVAD2508192bf86479,2025-08-19,GJ02,repeated,17,154,5,7
TRPJAI2508199f45029c,2025-08-19,RJ01,new,24,325,10,10
TRPKOC2508197925191c,2025-08-19,KL01,repeated,34,405,9,8
TRPVAD250819f8365bdf,2025-08-19,GJ02,new,14,130,8,8
TRPJAI2508197a89d48e,2025-08-19,RJ01,repeated,29,385,7,9
TRPVIS250819aee9af7f,2025-08-19,AP01,new,21,216,8,10
TRPKOC2508194d036253,2025-08-19,KL01,repeated,11,152,9,8
TRPIND250819cbebfb49,2025-08-19,MP01,repeated,9,95,6,9
TRPCOI2508195ab1563c,2025-08-19,TN01,repeated,15,143,7,8
TRPIND25081912493ca2,2025-08-19,MP01,repeated,8,87,6,7
TRPCOI25081957e6d4b2,2025-08-19,TN01,repeated,21,191,9,9
TRPJAI250819b7138d78,2025-08-19,RJ01,repeated,45,577,9,9
TRPCOI250819f42afc31,2025-08-19,TN01,repeated,22,199,7,8
TRPLUC2508197ba9cd0c,2025-08-19,UP01,repeated,6,80,7,7
TRPSUR25081954eb332e,2025-08-19,GJ01,repeated,14,131,6,6
TRPIND250819fc4270e7,2025-08-19,MP01,new,19,175,9,8
TRPCHA25081993ef4e3a,2025-08-19,CH01,repeated,29,287,6,7
TRPSUR2508192990a429,2025-08-19,GJ01,new,5,59,7,8
TRPVAD250819ae82793f,2025-08-19,GJ02,repeated,7,74,5,7
TRPJAI250819ffc9cdcc,2025-08-19,RJ01,new,30,397,8,8
TRPVAD2508192a675eb9,2025-08-19,GJ02,new,14,130,8,7
TRPJAI250819f04f16b4,2025-08-19,RJ01,repeated,19,265,9,10
TRPLUC25081974965e89,2025-08-19,UP01,repeated,14,152,6,6
TRPMYS250819431201ca,2025-08-19,KA01,repeated,14,175,9,8
TRPVAD250819ea43f413,2025-08-19,GJ02,repeated,16,146,7,5
TRPCHA250819c4f5e54b,2025-08-19,CH01,new,29,287,9,7
TRPCHA2508192defc9a0,2025-08-19,CH01,new,34,332,8,9
TRPJAI2508190334600f,2025-08-19,RJ01,repeated,22,301,8,9
TRPVAD250819c52ed06f,2025-08-19,GJ02,repeated,9,90,5,5
TRPIND2508198fcbcad9,2025-08-19,MP01,repeated,8,87,7,9
TRPCOI25081932b049f8,2025-08-19,TN01,repeated,9,95,9,8
TRPJAI250819af10a2e5,2025-08-19,RJ01,repeated,37,481,9,8
TRPVAD2508198749767e,2025-08-19,GJ02,repeated,14,130,6,5
TRPMYS25081971433530,2025-08-19,KA01,repeated,12,155,7,8
TRPVIS250819c36f3c75,2025-08-19,AP01,new,13,144,10,9
TRPLUC250819c13dffbf,2025-08-19,UP01,repeated,16,170,5,6
TRPKOC2508199e5567c5,2025-08-19,KL01,repeated,16,207,9,10
TRPMYS25081927a35b2a,2025-08-19,KA01,new,21,245,10,9
TRPVAD2508197f8a19f6,2025-08-19,GJ02,repeated,5,58,7,5
TRPLUC2508195facd655,2025-08-19,UP01,repeated,18,188,5,5
TRPMYS2508193cbf1235,2025-08-19,KA01,new,19,225,9,9
TRPLUC250819f382f6de,2025-08-19,UP01,new,18,188,9,7
TRPCHA250819f3704c0a,2025-08-19,CH01,new,20,206,8,8
TRPMYS25081937672cff,2025-08-19,KA01,new,17,205,9,10
TRPJAI250819c49096e4,2025-08-19,RJ01,new,31,409,8,9
TRPVAD250819c2f4ed76,2025-08-19,GJ02,new,7,74,8,6
TRPVIS25081928e76ef5,2025-08-19,AP01,new,19,198,10,10
TRPJAI250819cb718466,2025-08-19,RJ01,repeated,23,313,7,9
TRPCHA250819a78cbb56,2025-08-19,CH01,repeated,35,341,7,8
TRPLUC250819304a85fe,2025-08-19,UP01,repeated,19,197,5,8
TRPCOI2508196ae031a2,2025-08-19,TN01,repeated,15,143,7,8
TRPVAD250819b914a3ad,2025-08-19,GJ02,repeated,12,114,6,7
TRPKOC250819f93ea11c,2025-08-19,KL01,new,36,427,8,10
TRPJAI250819bd4c0ae7,2025-08-19,RJ01,repeated,16,229,9,9
TRPLUC250819c60d1eae,2025-08-19,UP01,new,7,89,9,8
TRPJAI250819a89827d1,2025-08-19,RJ01,new,45,577,8,9
TRPCHA2508197766f933,2025-08-19,CH01,repeated,14,152,9,8
TRPJAI2508192c9bd79c,2025-08-19,RJ01,repeated,31,409,8,8
TRPLUC250819cabb1e98,2025-08-19,UP01,repeated,14,152,6,7
TRPKOC250819ca364a90,2025-08-19,KL01,new,36,427,8,8
TRPVAD25081959b3c500,2025-08-19,GJ02,new,7,74,8,6
TRPVIS25081968f0f0ef,2025-08-19,AP01,repeated,16,171,8,9
TRPSUR25081936665bbc,2025-08-19,GJ01,repeated,11,107,6,8
TRPLUC2508193054953e,2025-08-19,UP01,repeated,16,170,6,5
TRPSUR250819884daa40,2025-08-19,GJ01,repeated,7,75,5,6
TRPIND2508199c7e1692,2025-08-19,MP01,repeated,22,199,6,9
TRPJAI25081961094604,2025-08-19,RJ01,new,40,517,10,10
TRPLUC250819209c7372,2025-08-19,UP01,repeated,10,116,5,8
TRPVAD250819426c514b,2025-08-19,GJ02,new,16,146,7,6
TRPJAI250819cd5a0c25,2025-08-19,RJ01,repeated,23,313,8,8
TRPIND2508193a675672,2025-08-19,MP01,repeated,25,223,7,9
TRPCOI250819d74346db,2025-08-19,TN01,repeated,12,119,6,9
TRPIND250819f7abc5a3,2025-08-19,MP01,new,9,95,9,7
TRPJAI2508199a2ce875,2025-08-19,RJ01,new,21,289,10,10
TRPJAI250819595cfcfd,2025-08-19,RJ01,repeated,23,313,8,10
TRPIND250819077b24ab,2025-08-19,MP01,repeated,20,183,9,6
TRPLUC25081934f865dd,2025-08-19,UP01,repeated,15,161,5,7
TRPVAD2508191e3eb5da,2025-08-19,GJ02,repeated,13,122,5,5
TRPLUC250819b61d70f0,2025-08-19,UP01,new,18,188,8,6
TRPVAD2508192c6fd9b5,2025-08-19,GJ02,repeated,6,66,7,6
TRPSUR25081974037ccf,2025-08-19,GJ01,repeated,6,67,6,6
TRPLUC250819f9fa6fe5,2025-08-19,UP01,new,14,152,9,7
TRPLUC250819b51d2f05,2025-08-19,UP01,repeated,10,116,7,5
TRPKOC250819789659b5,2025-08-19,KL01,repeated,30,361,9,10
TRPLUC250819d58705fc,2025-08-19,UP01,repeated,5,71,6,7
TRPSUR250819c861e845,2025-08-19,GJ01,repeated,14,131,6,7
TRPLUC250819a687c4fe,2025-08-19,UP01,repeated,8,98,7,8
TRPKOC25081964b3186c,2025-08-19,KL01,new,21,262,9,10
TRPKOC250819ac1b47f2,2025-08-19,KL01,new,38,449,10,10
TRPLUC250819ee294b6f,2025-08-19,UP01,new,11,125,9,6
TRPSUR250819eea3f861,2025-08-19,GJ01,repeated,9,91,6,8
TRPSUR250819ba3af264,2025-08-19,GJ01,new,17,155,9,6
TRPSUR2508192c68d573,2025-08-19,GJ01,repeated,15,139,6,7
TRPVAD25081998dbf9aa,2025-08-19,GJ02,repeated,13,122,7,5
TRPLUC2508197e3ccf3c,2025-08-19,UP01,new,5,71,9,6
TRPVIS250819fcc74e42,2025-08-19,AP01,repeated,15,162,8,10
TRPSUR25081956688af8,2025-08-19,GJ01,repeated,14,131,6,7
TRPJAI25081911eb17d4,2025-08-19,RJ01,new,30,397,10,10
TRPLUC2508195af72d43,2025-08-19,UP01,repeated,13,143,6,5
TRPCOI250819d13ddfdd,2025-08-19,TN01,new,8,87,7,8
TRPLUC2508192c60e15a,2025-08-19,UP01,new,14,152,7,7
TRPVAD2508194cb2fb04,2025-08-19,GJ02,repeated,17,154,6,8
TRPJAI2508197e043001,2025-08-19,RJ01,new,20,277,8,10
TRPLUC250819e8954e04,2025-08-19,UP01,repeated,16,170,7,6
TRPJAI2508193d1483e9,2025-08-19,RJ01,new,21,289,9,8
TRPJAI25081908efaac1,2025-08-19,RJ01,repeated,26,349,7,8
TRPJAI25081940d15332,2025-08-19,RJ01,new,22,301,8,9
TRPKOC2508197b698212,2025-08-19,KL01,new,30,361,8,9
TRPLUC250819ca8bb79f,2025-08-19,UP01,repeated,20,206,5,5
TRPCHA250819dfe1a7a2,2025-08-19,CH01,repeated,16,170,7,9
TRPSUR25081969202391,2025-08-19,GJ01,repeated,15,139,6,8
TRPSUR2508192a35ac11,2025-08-19,GJ01,repeated,6,67,5,6
TRPIND2508197bae3a91,2025-08-19,MP01,repeated,15,143,7,8
TRPLUC250819032fa0d7,2025-08-19,UP01,new,15,161,9,8
TRPVAD2508193329f466,2025-08-19,GJ02,repeated,13,122,7,8
TRPCHA250819e2531c51,2025-08-19,CH01,repeated,31,305,9,6
TRPIND250819d817344b,2025-08-19,MP01,repeated,21,191,7,9
TRPJAI250819895bbd0e,2025-08-19,RJ01,new,21,289,9,9
TRPIND250819f23224a8,2025-08-19,MP01,new,24,215,8,8
TRPSUR250819c94f999c,2025-08-19,GJ01,repeated,6,67,5,7
TRPJAI250819187f27fe,2025-08-19,RJ01,repeated,40,517,9,9
TRPSUR2508190cfc492e,2025-08-19,GJ01,repeated,12,115,7,5
TRPJAI2508191b7c7d90,2025-08-19,RJ01,repeated,34,445,8,9
TRPMYS250819e23d4c95,2025-08-19,KA01,repeated,12,155,7,8
TRPLUC250819676eba01,2025-08-19,UP01,new,17,179,8,6
TRPLUC25081977a27a5e,2025-08-19,UP01,repeated,5,71,7,8
TRPKOC25081964141322,2025-08-19,KL01,repeated,18,229,7,10
TRPVAD250819d31179c2,2025-08-19,GJ02,repeated,11,106,6,8
TRPCHA250819f4d7d176,2025-08-19,CH01,new,30,296,10,8
TRPVAD2508198cc77012,2025-08-19,GJ02,repeated,11,106,5,7
TRPLUC25081991ffd711,2025-08-19,UP01,repeated,15,161,7,7
TRPLUC250819f89af25e,2025-08-19,UP01,new,9,107,9,7
TRPVAD250819ecff0290,2025-08-19,GJ02,new,7,74,9,8
TRPLUC2508191107c4e9,2025-08-19,UP01,repeated,18,188,7,8
TRPSUR250819d3a12efb,2025-08-19,GJ01,new,10,99,8,7
TRPCOI2508196678f5dd,2025-08-19,TN01,repeated,19,175,9,7
TRPCHA250819cc056595,2025-08-19,CH01,repeated,12,134,8,6
TRPJAI2508190b202027,2025-08-19,RJ01,repeated,20,277,9,10
TRPKOC25081978434bdf,2025-08-19,KL01,new,24,295,10,9
TRPLUC250819a620ccdc,2025-08-19,UP01,repeated,12,134,5,5
TRPSUR2508190c9069e9,2025-08-19,GJ01,new,7,75,7,8
TRPIND250819dd08a7cd,2025-08-19,MP01,new,24,215,9,9
TRPCOI250819fd26760a,2025-08-19,TN01,repeated,18,167,7,9
TRPLUC2508195f0a0e4e,2025-08-19,UP01,repeated,5,71,7,8
TRPJAI25081928df6220,2025-08-19,RJ01,repeated,24,325,9,10
TRPJAI25081937fb1972,2025-08-19,RJ01,new,42,541,8,8
TRPVAD250819363168b1,2025-08-19,GJ02,repeated,8,82,6,8
TRPKOC250819a5bc13f5,2025-08-19,KL01,repeated,31,372,9,8
TRPIND250819715c0c14,2025-08-19,MP01,repeated,16,151,8,7
TRPCHA250819e6f61f9c,2025-08-19,CH01,repeated,25,251,9,6
TRPCOI250819e78f7840,2025-08-19,TN01,repeated,20,183,6,6
TRPIND250819ea0f2705,2025-08-19,MP01,new,24,215,9,9
TRPSUR25081975577a86,2025-08-19,GJ01,repeated,9,91,5,8
TRPJAI2508192a9d357d,2025-08-19,RJ01,new,24,325,8,9
TRPIND250819a6b232f3,2025-08-19,MP01,repeated,24,215,7,9
TRPJAI25081914e5ee07,2025-08-19,RJ01,new,35,457,10,10
TRPJAI250819b5a481f9,2025-08-19,RJ01,repeated,44,565,8,9
TRPJAI2508196ed12487,2025-08-19,RJ01,new,42,541,9,10
TRPSUR250819832d427c,2025-08-19,GJ01,repeated,7,75,7,8
TRPLUC250819ec92d4e7,2025-08-19,UP01,repeated,19,197,6,7
TRPSUR250819192855fc,2025-08-19,GJ01,repeated,5,59,6,8
TRPVIS250819dfe65fc7,2025-08-19,AP01,repeated,21,216,7,8
TRPCHA25081910af6787,2025-08-19,CH01,new,33,323,8,7
TRPJAI250819472d0360,2025-08-19,RJ01,new,17,241,8,8
TRPSUR250819028bc443,2025-08-19,GJ01,new,11,107,7,7
TRPJAI2508193aacb640,2025-08-19,RJ01,new,27,361,9,8
TRPIND250819bc3ff180,2025-08-19,MP01,repeated,19,175,8,6
TRPKOC250819b083808d,2025-08-19,KL01,repeated,11,152,7,8
TRPLUC250819929ebe64,2025-08-19,UP01,repeated,9,107,5,7
TRPLUC25081975eaf8a0,2025-08-19,UP01,new,9,107,8,8
TRPJAI2508196fa3b97d,2025-08-19,RJ01,repeated,32,421,7,8
TRPJAI250819070081ed,2025-08-19,RJ01,new,42,541,10,9
TRPIND250819de8b0c75,2025-08-19,MP01,repeated,8,87,9,8
TRPVIS2508198eff5fcd,2025-08-19,AP01,repeated,10,117,7,9
TRPIND25081930add9d1,2025-08-19,MP01,new,16,151,10,9
TRPIND2508197506cf72,2025-08-19,MP01,repeated,20,183,6,9
TRPIND25081986301b71,2025-08-19,MP01,repeated,20,183,7,7
TRPJAI250819530a5346,2025-08-19,RJ01,new,28,373,10,8
TRPJAI250819c0986a63,2025-08-19,RJ01,new,41,529,10,8
TRPJAI2508195b6f5468,2025-08-19,RJ01,repeated,23,313,9,10
TRPSUR250819f0d1b2ab,2025-08-19,GJ01,repeated,13,123,7,6
TRPJAI25081958d2cae0,2025-08-19,RJ01,repeated,26,349,7,9
TRPLUC250819b62ccdf3,2025-08-19,UP01,repeated,17,179,6,5
TRPJAI25081985dac2f8,2025-08-19,RJ01,new,15,217,10,9
TRPCHA250819f7942495,2025-08-19,CH01,repeated,32,314,9,6
TRPCOI250819589b2c82,2025-08-19,TN01,repeated,11,111,8,7
TRPLUC250819f14f6fcc,2025-08-19,UP01,repeated,8,98,6,7
TRPIND250819a9ad6156,2025-08-19,MP01,repeated,18,167,8,6
TRPMYS25081950fe966d,2025-08-19,KA01,new,19,225,8,9
TRPCHA2508195591c0b0,2025-08-19,CH01,new,24,242,8,9
TRPKOC250819142f7910,2025-08-19,KL01,new,14,185,9,9
TRPJAI2508195821583e,2025-08-19,RJ01,repeated,44,565,9,9
TRPIND250819aff8df92,2025-08-19,MP01,repeated,15,143,9,8
TRPSUR250819fc1ce38c,2025-08-19,GJ01,new,7,75,7,7
TRPLUC250819e50c1174,2025-08-19,UP01,repeated,6,80,5,5
TRPCOI25081905ab15e0,2025-08-19,TN01,new,10,103,7,9
TRPVIS2508190250b926,2025-08-19,AP01,new,32,315,9,10
TRPSUR2508193f98f4b2,2025-08-19,GJ01,repeated,6,67,6,8
TRPVIS250819456f1a38,2025-08-19,AP01,repeated,31,306,8,9
TRPLUC250819d4ec0f00,2025-08-19,UP01,repeated,5,71,5,6
TRPLUC2508198da770fb,2025-08-19,UP01,repeated,15,161,5,5
TRPLUC25081970d22af1,2025-08-19,UP01,repeated,19,197,6,7
TRPCHA250819d7c08b82,2025-08-19,CH01,new,22,224,9,7
TRPCHA250819bbdfb8e8,2025-08-19,CH01,new,35,341,8,9
TRPLUC2508198138525d,2025-08-19,UP01,repeated,13,143,7,8
TRPVAD2508195a819f36,2025-08-19,GJ02,new,15,138,7,6
TRPKOC2508193298bb22,2025-08-19,KL01,new,21,262,10,10
TRPSUR25081933dd66a6,2025-08-19,GJ01,new,16,147,9,6
TRPKOC25081946912889,2025-08-19,KL01,repeated,11,152,9,10
TRPLUC250819bcf73bdb,2025-08-19,UP01,repeated,11,125,5,8
TRPJAI250819cf055145,2025-08-19,RJ01,repeated,18,253,8,9
TRPIND2508199c36d1b8,2025-08-19,MP01,repeated,25,223,6,6
TRPSUR250819e5ae0e9e,2025-08-19,GJ01,repeated,5,59,5,7
TRPJAI2508199e289b6f,2025-08-19,RJ01,repeated,25,337,7,8
TRPSUR2508197d921aae,2025-08-19,GJ01,repeated,7,75,7,7
TRPSUR250819da7ac743,2025-08-19,GJ01,repeated,7,75,7,5
TRPCHA250819afae2f76,2025-08-19,CH01,repeated,16,170,9,9
TRPSUR250819634a480f,2025-08-19,GJ01,repeated,7,75,7,7
TRPLUC25081933d58298,2025-08-19,UP01,new,17,179,7,6
TRPKOC2508193f961dee,2025-08-19,KL01,new,10,141,10,9
