trip_id,date,city_id,passenger_type,distance_travelled(km),fare_amount,passenger_rating,driver_rating
TRPIND2508152c5c442b,2025-08-15,MP01,repeated,8,87,8,8
TRPSUR250815793e51b7,2025-08-15,GJ01,repeated,16,147,6,5
TRPJAI250815487653fb,2025-08-15,RJ01,repeated,21,289,8,8
TRPSUR250815092ecd60,2025-08-15,GJ01,repeated,10,99,7,8
TRPKOC250815e6e6b9ea,2025-08-15,KL01,repeated,38,449,7,8
TRPCOI2508150c51df9b,2025-08-15,TN01,repeated,19,175,9,8
TRPVIS250815c77a55b3,2025-08-15,AP01,repeated,23,234,8,8
TRPCOI250815e995155d,2025-08-15,TN01,new,17,159,7,8
TRPVIS25081555109b12,2025-08-15,AP01,repeated,33,324,8,10
TRPCOI2508157be18b7a,2025-08-15,TN01,repeated,17,159,6,6
TRPSUR250815c40e7e80,2025-08-15,GJ01,repeated,11,107,6,5
TRPSUR25081599e25224,2025-08-15,GJ01,repeated,9,91,6,8
TRPCOI2508153e35d47d,2025-08-15,TN01,new,22,199,10,7
TRPIND25081565ba586f,2025-08-15,MP01,repeated,25,223,8,9
TRPLUC250815c92d374b,2025-08-15,UP01,repeated,6,80,5,5
TRPCHA250815a639ff6c,2025-08-15,CH01,repeated,16,170,6,9
TRPIND2508158105a783,2025-08-15,MP01,repeated,16,151,8,8
TRPVIS2508151a1f6de0,2025-08-15,AP01,repeated,24,243,9,8
TRPIND250815e1e16a6c,2025-08-15,MP01,repeated,15,143,9,9
TRPLUC25081599b39b2b,2025-08-15,UP01,repeated,7,89,7,6
TRPJAI250815586058ef,2025-08-15,RJ01,repeated,36,469,7,9
TRPVAD25081576641d6d,2025-08-15,GJ02,new,15,138,7,8
TRPCHA2508159e34e45c,2025-08-15,CH01,repeated,18,188,6,8
TRPLUC250815ebb13706,2025-08-15,UP01,new,18,188,8,7
TRPLUC25081584b7cb10,2025-08-15,UP01,repeated,9,107,5,8
TRPKOC250815194de0ca,2025-08-15,KL01,repeated,23,284,9,10
TRPSUR250815cb0de5d0,2025-08-15,GJ01,repeated,9,91,7,7
TRPVIS2508153ece8bf5,2025-08-15,AP01,repeated,13,144,9,10
TRPIND250815156f265c,2025-08-15,MP01,new,9,95,9,9
TRPCOI2508157cdadbd4,2025-08-15,TN01,repeated,17,159,6,8
TRPSUR2508154054f78e,2025-08-15,GJ01,new,14,131,7,8
TRPCOI250815e0d09824,2025-08-15,TN01,repeated,14,135,6,6
TRPCOI2508154db5c7be,2025-08-15,TN01,repeated,20,183,8,8
TRPSUR250815e0427a6c,2025-08-15,GJ01,new,7,75,8,6
TRPMYS25081519aacd28,2025-08-15,KA01,repeated,13,165,8,9
TRPIND250815ad3619d7,2025-08-15,MP01,repeated,18,167,9,7
TRPCOI250815ff996c2a,2025-08-15,TN01,repeated,15,143,7,8
TRPKOC250815c9d03077,2025-08-15,KL01,new,16,207,10,9
TRPCOI250815f9c9f627,2025-08-15,TN01,new,10,103,8,8
TRPIND25081592bd0edc,2025-08-15,MP01,new,11,111,9,8
TRPVAD250815d491036d,2025-08-15,GJ02,repeated,11,106,7,7
TRPKOC250815a65847cb,2025-08-15,KL01,repeated,38,449,7,9
TRPJAI250815c67dce65,2025-08-15,RJ01,repeated,44,565,8,8
TRPSUR25081521b7911a,2025-08-15,GJ01,new,17,155,7,7
TRPJAI250815963dfc52,2025-08-15,RJ01,new,18,253,10,8
TRPJAI250815ff3ee1e1,2025-08-15,RJ01,repeated,37,481,7,8
TRPSUR250815bf9636a6,2025-08-15,GJ01,new,9,91,8,8
TRPCOI250815333cecd1,2025-08-15,TN01,repeated,21,191,8,6
TRPSUR2508156032edc8,2025-08-15,GJ01,repeated,14,131,7,8
TRPMYS250815adf9fd16,2025-08-15,KA01,new,12,155,8,10
TRPKOC250815fb3cb15b,2025-08-15,KL01,new,13,174,8,10
TRPCHA250815ff0fcd85,2025-08-15,CH01,new,27,269,8,7
TRPIND2508153964ef8b,2025-08-15,MP01,new,11,111,8,7
TRPLUC2508159ed423e4,2025-08-15,UP01,repeated,7,89,6,7
TRPVAD2508153c929f23,2025-08-15,GJ02,repeated,17,154,7,5
TRPCHA250815daa9827f,2025-08-15,CH01,new,17,179,8,7
TRPJAI250815702ac554,2025-08-15,RJ01,repeated,25,337,7,10
TRPLUC2508150879b93e,2025-08-15,UP01,repeated,19,197,6,7
TRPCHA25081523b2393c,2025-08-15,CH01,repeated,25,251,9,6
TRPVAD2508151e9eeb8d,2025-08-15,GJ02,new,13,122,7,6
TRPIND250815af586b34,2025-08-15,MP01,new,14,135,8,8
TRPJAI250815106c1928,2025-08-15,RJ01,repeated,32,421,7,9
TRPSUR250815a5d7c0c4,2025-08-15,GJ01,new,12,115,9,7
TRPVIS250815965d9e34,2025-08-15,AP01,repeated,19,198,8,10
TRPIND250815f597d399,2025-08-15,MP01,repeated,24,215,8,9
TRPJAI250815ee0943a2,2025-08-15,RJ01,new,34,445,10,8
TRPKOC250815577befb4,2025-08-15,KL01,repeated,21,262,9,8
TRPJAI250815ebdc3396,2025-08-15,RJ01,repeated,34,445,8,10
TRPSUR250815aeaf904c,2025-08-15,GJ01,repeated,5,59,6,5
TRPVAD250815124d19c9,2025-08-15,GJ02,new,15,138,8,8
TRPLUC25081573619706,2025-08-15,UP01,repeated,18,188,7,7
TRPIND25081502a81b7c,2025-08-15,MP01,repeated,14,135,9,9
TRPSUR2508158bece0b6,2025-08-15,GJ01,repeated,9,91,7,8
TRPVIS250815e656ce0d,2025-08-15,AP01,new,28,279,10,10
TRPVAD25081584cbd549,2025-08-15,GJ02,repeated,6,66,7,7
TRPSUR25081524e6a2b7,2025-08-15,GJ01,repeated,15,139,5,7
TRPJAI25081531caec5a,2025-08-15,RJ01,new,33,433,9,9
TRPSUR2508159cac7380,2025-08-15,GJ01,new,5,59,9,8
TRPKOC25081571bd1eeb,2025-08-15,KL01,new,13,174,9,9
TRPSUR250815b8549422,2025-08-15,GJ01,new,16,147,8,7
TRPVAD2508155aaa7801,2025-08-15,GJ02,repeated,14,130,7,8
TRPJAI250815124c893c,2025-08-15,RJ01,new,22,301,9,8
TRPLUC2508156e7518dc,2025-08-15,UP01,repeated,11,125,5,5
TRPLUC250815a78cbab6,2025-08-15,UP01,repeated,9,107,7,8
TRPSUR250815ea9cff87,2025-08-15,GJ01,repeated,12,115,5,8
TRPCHA250815c930c92b,2025-08-15,CH01,repeated,35,341,6,9
TRPSUR2508153bf692e8,2025-08-15,GJ01,new,9,91,9,7
TRPSUR250815fde5bec9,2025-08-15,GJ01,repeated,7,75,7,5
TRPIND2508159010eb90,2025-08-15,MP01,new,16,151,7,7
TRPVAD250815991633f6,2025-08-15,GJ02,repeated,9,90,5,7
TRPSUR2508157282069b,2025-08-15,GJ01,repeated,6,67,5,6
TRPKOC2508154a0c3180,2025-08-15,KL01,new,38,449,8,9
TRPMYS2508154185787d,2025-08-15,KA01,new,13,165,9,8
TRPSUR250815b2092cd0,2025-08-15,GJ01,repeated,12,115,7,5
TRPCHA25081535b39c5f,2025-08-15,CH01,repeated,32,314,8,6
TRPCOI25081598448bed,2025-08-15,TN01,repeated,16,151,7,6
TRPLUC2508157334f29e,2025-08-15,UP01,repeated,15,161,6,7
TRPKOC2508159fde7acb,2025-08-15,KL01,repeated,16,207,9,8
TRPSUR250815b809fbe1,2025-08-15,GJ01,repeated,6,67,6,5
TRPLUC250815a9b6cabe,2025-08-15,UP01,repeated,15,161,6,8
TRPCHA2508151ced0b8b,2025-08-15,CH01,repeated,21,215,6,7
TRPLUC250815e4bac3c0,2025-08-15,UP01,new,12,134,7,7
TRPSUR250815ae805ae0,2025-08-15,GJ01,repeated,8,83,6,6
TRPIND250815b0188c55,2025-08-15,MP01,new,20,183,9,7
TRPIND2508158940998a,2025-08-15,MP01,new,17,159,7,8
TRPJAI250815f8f9976d,2025-08-15,RJ01,repeated,34,445,9,10
TRPSUR250815715c457a,2025-08-15,GJ01,repeated,16,147,7,6
TRPCOI2508154bb0f544,2025-08-15,TN01,repeated,14,135,9,8
TRPLUC250815e99804de,2025-08-15,UP01,repeated,9,107,7,8
TRPIND250815cbfa016f,2025-08-15,MP01,repeated,21,191,6,7
TRPVAD25081571b56587,2025-08-15,GJ02,new,9,90,8,6
TRPCHA2508156f2faf4c,2025-08-15,CH01,new,15,161,10,9
TRPCOI2508156f2f0a0c,2025-08-15,TN01,new,15,143,9,7
TRPKOC250815c8d81595,2025-08-15,KL01,repeated,35,416,7,9
TRPCHA25081500efc3f9,2025-08-15,CH01,new,25,251,10,9
TRPCHA250815e210f8ec,2025-08-15,CH01,repeated,35,341,7,7
TRPIND250815e34f6c1e,2025-08-15,MP01,repeated,12,119,9,9
TRPJAI2508156b9cc158,2025-08-15,RJ01,new,20,277,8,10
TRPCHA25081576b42287,2025-08-15,CH01,repeated,27,269,7,8
TRPSUR2508156cf9cb3e,2025-08-15,GJ01,repeated,17,155,5,6
TRPVAD2508153650c062,2025-08-15,GJ02,repeated,7,74,7,7
TRPLUC250815bdfaeb4a,2025-08-15,UP01,new,7,89,9,7
TRPIND250815384854a5,2025-08-15,MP01,new,22,199,10,8
TRPCHA250815c1ec9810,2025-08-15,CH01,repeated,13,143,6,6
TRPVIS250815cfd23af6,2025-08-15,AP01,new,11,126,8,9
TRPCOI2508156d00d77c,2025-08-15,TN01,new,9,95,7,8
TRPJAI250815730c0410,2025-08-15,RJ01,repeated,17,241,9,9
TRPLUC250815e4b09eb9,2025-08-15,UP01,new,6,80,8,8
TRPLUC250815d7ad8b96,2025-08-15,UP01,repeated,19,197,5,7
TRPLUC2508158db62b6c,2025-08-15,UP01,repeated,5,71,7,5
TRPIND2508156202cfe0,2025-08-15,MP01,repeated,12,119,9,6
TRPJAI2508158d3f22a3,2025-08-15,RJ01,repeated,23,313,7,10
TRPCOI250815a70a4957,2025-08-15,TN01,repeated,13,127,7,7
TRPLUC250815b3dac90a,2025-08-15,UP01,repeated,5,71,6,8
TRPKOC250815bfb4a6d0,2025-08-15,KL01,new,35,416,9,10
TRPMYS2508150977b42c,2025-08-15,KA01,new,17,205,8,9
TRPKOC2508151cf50981,2025-08-15,KL01,repeated,23,284,7,10
TRPLUC250815c34cfe16,2025-08-15,UP01,repeated,20,206,7,5
TRPKOC250815707b8e20,2025-08-15,KL01,repeated,21,262,9,9
TRPSUR250815422d961f,2025-08-15,GJ01,repeated,15,139,5,8
TRPVIS250815eb3c1b18,2025-08-15,AP01,new,31,306,8,8
TRPLUC250815bf30ff23,2025-08-15,UP01,repeated,9,107,7,6
TRPJAI2508158543083a,2025-08-15,RJ01,new,35,457,10,9
TRPVAD250815d60a5c20,2025-08-15,GJ02,repeated,10,98,7,8
TRPCOI250815a3fe0353,2025-08-15,TN01,repeated,20,183,8,8
TRPLUC25081598490e54,2025-08-15,UP01,new,6,80,7,6
TRPCOI250815bf52d72c,2025-08-15,TN01,repeated,20,183,7,7
TRPSUR250815c06f2c9e,2025-08-15,GJ01,repeated,14,131,7,6
TRPKOC25081542e945ec,2025-08-15,KL01,repeated,16,207,7,10
TRPVAD250815127c185c,2025-08-15,GJ02,repeated,18,162,7,7
TRPCHA25081504493f25,2025-08-15,CH01,new,28,278,7,8
TRPVAD250815cfe3cf1f,2025-08-15,GJ02,new,10,98,9,7
TRPSUR250815f2383b36,2025-08-15,GJ01,new,6,67,9,8
TRPVIS25081520452f54,2025-08-15,AP01,new,30,297,8,10
TRPIND2508157cf720ec,2025-08-15,MP01,repeated,14,135,9,6
TRPIND250815ba254ade,2025-08-15,MP01,new,18,167,7,8
TRPJAI250815d5085079,2025-08-15,RJ01,new,37,481,8,9
TRPMYS2508154a9ed82b,2025-08-15,KA01,new,12,155,10,9
TRPJAI25081531235c92,2025-08-15,RJ01,repeated,16,229,8,10
TRPSUR250815a1af25ef,2025-08-15,GJ01,repeated,8,83,5,5
TRPKOC250815c3149eb1,2025-08-15,KL01,new,19,240,9,10
TRPSUR2508151e3bdd0e,2025-08-15,GJ01,repeated,13,123,7,6
TRPLUC250815f8bf32cc,2025-08-15,UP01,new,16,170,7,7
TRPIND25081580a60d92,2025-08-15,MP01,new,20,183,7,7
TRPCOI250815fae928a7,2025-08-15,TN01,repeated,11,111,6,7
TRPVAD25081539a26218,2025-08-15,GJ02,repeated,18,162,6,6
TRPJAI2508157178499b,2025-08-15,RJ01,repeated,40,517,8,9
TRPLUC250815733cc5cf,2025-08-15,UP01,repeated,9,107,7,5
TRPSUR25081538b6a789,2025-08-15,GJ01,repeated,5,59,6,6
TRPSUR250815b19d3364,2025-08-15,GJ01,repeated,14,131,6,6
TRPIND2508158c091d9e,2025-08-15,MP01,new,9,95,10,7
TRPLUC250815e64d5563,2025-08-15,UP01,repeated,7,89,5,5
TRPSUR2508151b8e3e78,2025-08-15,GJ01,repeated,8,83,6,7
TRPLUC250815f2217b70,2025-08-15,UP01,repeated,8,98,7,6
TRPSUR250815fd6e21f0,2025-08-15,GJ01,repeated,5,59,6,7
TRPJAI250815c5ad0edd,2025-08-15,RJ01,repeated,25,337,8,8
TRPLUC250815c4f40fb9,2025-08-15,UP01,new,13,143,9,8
TRPCOI25081566044da8,2025-08-15,TN01,repeated,13,127,8,7
TRPLUC250815d1e0f73f,2025-08-15,UP01,repeated,12,134,7,5
TRPVAD2508158abd4ff4,2025-08-15,GJ02,repeated,14,130,7,8
TRPSUR2508157031eb86,2025-08-15,GJ01,repeated,8,83,5,6
TRPSUR250815724e036c,2025-08-15,GJ01,new,9,91,7,6
TRPJAI250815cd941849,2025-08-15,RJ01,repeated,37,481,7,9
TRPCHA250815bd3264e7,2025-08-15,CH01,new,13,143,10,9
TRPSUR250815b584ceba,2025-08-15,GJ01,repeated,11,107,5,6
TRPVIS2508151560e1e6,2025-08-15,AP01,repeated,27,270,9,9
TRPLUC25081512314117,2025-08-15,UP01,new,15,161,9,6
TRPJAI2508155cb29d9e,2025-08-15,RJ01,new,22,301,8,9
TRPIND250815ea757c6b,2025-08-15,MP01,repeated,16,151,7,6
TRPVIS250815ba5203bb,2025-08-15,AP01,new,27,270,8,9
TRPLUC25081549a91eca,2025-08-15,UP01,new,11,125,9,8
TRPSUR250815d6da68db,2025-08-15,GJ01,repeated,8,83,6,7
TRPIND250815f5c3f374,2025-08-15,MP01,repeated,22,199,8,8
TRPSUR2508153ae6f1af,2025-08-15,GJ01,repeated,10,99,6,7
TRPJAI25081528592a48,2025-08-15,RJ01,new,37,481,8,8
TRPCOI250815149b9678,2025-08-15,TN01,repeated,17,159,7,6
TRPJAI250815771579a6,2025-08-15,RJ01,new,31,409,9,9
TRPVAD2508152a017e98,2025-08-15,GJ02,repeated,15,138,6,5
TRPSUR250815278519af,2025-08-15,GJ01,repeated,15,139,6,7
TRPLUC250815e9aa7ed5,2025-08-15,UP01,repeated,5,71,6,7
TRPSUR2508151175e647,2025-08-15,GJ01,repeated,8,83,5,6
TRPIND25081537772d81,2025-08-15,MP01,new,19,175,10,9
TRPLUC2508155bca4909,2025-08-15,UP01,repeated,19,197,5,8
TRPCHA2508153e8db4c8,2025-08-15,CH01,new,33,323,8,7
TRPCHA250815a063c1c2,2025-08-15,CH01,repeated,31,305,9,8
TRPKOC250815c9587679,2025-08-15,KL01,repeated,14,185,7,8
TRPLUC250815217927f5,2025-08-15,UP01,new,16,170,9,8
TRPJAI2508155e85aec1,2025-08-15,RJ01,new,18,253,10,10
TRPVIS250815d5b3af51,2025-08-15,AP01,repeated,27,270,8,10
TRPIND2508151434b47c,2025-08-15,MP01,repeated,9,95,8,8
TRPJAI2508150c78d075,2025-08-15,RJ01,new,39,505,10,9
TRPVAD2508152011e333,2025-08-15,GJ02,new,16,146,9,8
TRPIND25081529a589e8,2025-08-15,MP01,repeated,24,215,8,8
TRPLUC2508157d3c0a11,2025-08-15,UP01,repeated,10,116,5,7
TRPLUC250815eb157917,2025-08-15,UP01,repeated,19,197,6,5
TRPSUR250815c0184272,2025-08-15,GJ01,new,7,75,7,7
TRPVAD2508154bba8abb,2025-08-15,GJ02,repeated,14,130,5,5
TRPLUC2508156ec6b571,2025-08-15,UP01,repeated,7,89,5,6
TRPSUR250815e4cd3170,2025-08-15,GJ01,repeated,8,83,5,6
TRPJAI2508151e28062b,2025-08-15,RJ01,new,24,325,8,9
TRPLUC2508156e56652e,2025-08-15,UP01,repeated,5,71,6,5
TRPCHA250815ca092a74,2025-08-15,CH01,repeated,29,287,6,7
TRPCHA2508156dc44bf8,2025-08-15,CH01,new,29,287,7,9
TRPCHA2508153025337d,2025-08-15,CH01,new,13,143,10,8
TRPSUR250815aa8b537a,2025-08-15,GJ01,repeated,9,91,7,7
TRPLUC2508158cabaa46,2025-08-15,UP01,repeated,12,134,7,8
TRPSUR25081550ca008a,2025-08-15,GJ01,repeated,8,83,5,8
TRPKOC250815c17c8ae1,2025-08-15,KL01,repeated,18,229,9,10
TRPJAI25081539967db9,2025-08-15,RJ01,new,35,457,8,9
TRPJAI250815319ac2b1,2025-08-15,RJ01,repeated,37,481,7,9
TRPSUR25081504b94d51,2025-08-15,GJ01,repeated,13,123,5,7
TRPKOC25081571201741,2025-08-15,KL01,new,14,185,10,9
TRPIND250815d649241d,2025-08-15,MP01,repeated,19,175,6,6
TRPLUC2508157692583e,2025-08-15,UP01,new,10,116,8,8
TRPSUR250815bc255b80,2025-08-15,GJ01,new,7,75,7,6
TRPSUR2508159b14b0b9,2025-08-15,GJ01,new,8,83,8,8
TRPLUC250815b0085ace,2025-08-15,UP01,new,16,170,7,7
TRPLUC250815f3f182d1,2025-08-15,UP01,repeated,15,161,7,5
TRPIND2508153fd6ebac,2025-08-15,MP01,repeated,12,119,9,9
TRPIND25081513ff7a89,2025-08-15,MP01,repeated,19,175,7,6
TRPCHA25081523950b72,2025-08-15,CH01,repeated,32,314,8,9
TRPSUR25081586996ea0,2025-08-15,GJ01,repeated,11,107,5,7
TRPCHA2508158d9bbe74,2025-08-15,CH01,new,17,179,10,8
TRPVIS25081541ae3a7f,2025-08-15,AP01,new,12,135,8,10
TRPLUC25081574f0117a,2025-08-15,UP01,repeated,6,80,6,8
TRPLUC250815614d13f5,2025-08-15,UP01,new,6,80,8,8
TRPSUR2508155ae67d3c,2025-08-15,GJ01,repeated,13,123,5,5
TRPVIS250815a4a8247f,2025-08-15,AP01,repeated,18,189,9,9
TRPJAI250815534620fa,2025-08-15,RJ01,new,38,493,10,8
TRPMYS2508155eea9f43,2025-08-15,KA01,new,12,155,10,8
TRPJAI2508151b44f174,2025-08-15,RJ01,new,26,349,10,9
TRPSUR250815b0e8203f,2025-08-15,GJ01,new,7,75,9,6
TRPSUR2508150688be7a,2025-08-15,GJ01,repeated,10,99,5,7
TRPJAI250815fc2d5f0d,2025-08-15,RJ01,repeated,16,229,9,10
TRPSUR250815870d098a,2025-08-15,GJ01,repeated,16,147,7,7
TRPKOC250815aa07e508,2025-08-15,KL01,new,33,394,10,9
TRPCHA250815b1ba7ba1,2025-08-15,CH01,repeated,31,305,8,9
TRPKOC250815b7edbbdf,2025-08-15,KL01,new,36,427,9,9
TRPCHA25081588dc3c2c,2025-08-15,CH01,new,34,332,7,9
TRPIND2508150cb01ebd,2025-08-15,MP01,repeated,19,175,7,9
TRPLUC250815d1a58525,2025-08-15,UP01,new,18,188,8,6
TRPCOI250815f113a527,2025-08-15,TN01,repeated,18,167,9,7
TRPLUC2508150a307d68,2025-08-15,UP01,repeated,20,206,6,5
TRPSUR2508155117415a,2025-08-15,GJ01,repeated,16,147,6,7
TRPJAI250815204653b3,2025-08-15,RJ01,new,15,217,10,10
TRPSUR250815b4c1ef5e,2025-08-15,GJ01,repeated,5,59,7,5
TRPLUC25081575314062,2025-08-15,UP01,new,7,89,8,8
TRPVAD250815a2b477c8,2025-08-15,GJ02,repeated,12,114,7,6
TRPLUC2508158e6f109e,2025-08-15,UP01,repeated,11,125,5,8
TRPLUC250815fb20aac7,2025-08-15,UP01,repeated,10,116,6,5
TRPSUR250815fb8a60d2,2025-08-15,GJ01,repeated,14,131,7,5
TRPKOC250815baa8ecdb,2025-08-15,KL01,new,27,328,10,9
TRPKOC250815e9b6ff66,2025-08-15,KL01,repeated,14,185,8,10
TRPSUR250815f5999162,2025-08-15,GJ01,repeated,15,139,6,8
TRPVIS25081589db4267,2025-08-15,AP01,repeated,22,225,9,8
TRPIND25081578b5bc42,2025-08-15,MP01,repeated,20,183,8,6
TRPCHA250815ecff5570,2025-08-15,CH01,new,19,197,9,7
TRPJAI2508150c1de44a,2025-08-15,RJ01,repeated,42,541,8,9
TRPKOC2508154948c0da,2025-08-15,KL01,repeated,28,339,8,10
TRPVAD250815fc69af21,2025-08-15,GJ02,repeated,13,122,7,6
TRPSUR250815ae6d7368,2025-08-15,GJ01,repeated,6,67,6,5
TRPVAD250815b58d73e8,2025-08-15,GJ02,repeated,16,146,7,7
TRPJAI2508157f9ff5fd,2025-08-15,RJ01,repeated,21,289,7,9
TRPIND250815cdde4320,2025-08-15,MP01,repeated,25,223,7,7
TRPLUC250815c96e4382,2025-08-15,UP01,repeated,5,71,7,5
TRPVAD25081549991b1c,2025-08-15,GJ02,repeated,12,114,7,6
TRPLUC25081510957bcc,2025-08-15,UP01,repeated,19,197,7,8
TRPIND25081514b6578e,2025-08-15,MP01,repeated,17,159,7,8
TRPLUC25081559a869e1,2025-08-15,UP01,repeated,19,197,7,6
TRPMYS2508151253eb74,2025-08-15,KA01,new,16,195,10,8
TRPCOI250815a3b37424,2025-08-15,TN01,new,17,159,7,8
TRPKOC2508154977e669,2025-08-15,KL01,repeated,28,339,9,9
TRPLUC25081592cfb993,2025-08-15,UP01,new,14,152,9,8
TRPKOC25081520c36022,2025-08-15,KL01,new,27,328,9,9
TRPSUR250815c2d73d17,2025-08-15,GJ01,repeated,14,131,5,7
TRPIND25081569aacc1a,2025-08-15,MP01,repeated,11,111,7,7
TRPCHA250815e5e3a69d,2025-08-15,CH01,new,27,269,10,8
TRPMYS250815a97eef17,2025-08-15,KA01,new,21,245,9,8
TRPSUR250815ea79dc8f,2025-08-15,GJ01,repeated,13,123,7,8
TRPKOC250815bfd6225d,2025-08-15,KL01,new,26,317,10,9
TRPJAI2508158a4812d5,2025-08-15,RJ01,new,30,397,10,9
TRPCHA250815bed6782b,2025-08-15,CH01,repeated,33,323,8,9
TRPJAI250815e405c1d0,2025-08-15,RJ01,repeated,31,409,8,9
TRPJAI2508158dabb964,2025-08-15,RJ01,repeated,28,373,9,10
TRPIND2508155364f73b,2025-08-15,MP01,repeated,18,167,9,6
TRPJAI2508151777d578,2025-08-15,RJ01,repeated,22,301,7,10
TRPSUR25081541a557ab,2025-08-15,GJ01,new,8,83,7,6
TRPVIS250815ccd25dbb,2025-08-15,AP01,new,10,117,8,9
TRPJAI250815aaa2d407,2025-08-15,RJ01,new,43,553,9,10
TRPVAD250815a0a483d1,2025-08-15,GJ02,repeated,15,138,5,5
TRPSUR250815ced2b237,2025-08-15,GJ01,repeated,6,67,7,5
TRPMYS2508153e75d72c,2025-08-15,KA01,new,13,165,9,9
TRPCHA250815fd4dbe85,2025-08-15,CH01,repeated,16,170,9,6
TRPCHA25081564840f9b,2025-08-15,CH01,new,35,341,9,8
TRPSUR2508152093e887,2025-08-15,GJ01,repeated,11,107,6,8
TRPIND250815002329a4,2025-08-15,MP01,repeated,9,95,9,9
TRPCOI25081542d7c090,2025-08-15,TN01,new,21,191,9,7
TRPLUC2508154d5110bd,2025-08-15,UP01,repeated,14,152,7,7
TRPMYS2508150d1f30f1,2025-08-15,KA01,repeated,10,135,7,9
TRPLUC250815f174572a,2025-08-15,UP01,new,9,107,8,8
TRPKOC250815af8606a9,2025-08-15,KL01,new,29,350,9,10
TRPLUC25081529bf7ef2,2025-08-15,UP01,repeated,14,152,5,7
TRPSUR250815497e2dc4,2025-08-15,GJ01,repeated,7,75,7,8
TRPKOC2508156bb10627,2025-08-15,KL01,repeated,14,185,9,8
TRPLUC25081596ed3c71,2025-08-15,UP01,repeated,6,80,5,6
TRPLUC2508151f34ba8f,2025-08-15,UP01,repeated,7,89,6,7
TRPSUR25081584257e45,2025-08-15,GJ01,repeated,10,99,7,8
TRPCOI2508157361b1a4,2025-08-15,TN01,repeated,8,87,7,8
TRPLUC2508151adb4d3b,2025-08-15,UP01,new,18,188,7,7
TRPVIS2508154a454b20,2025-08-15,AP01,repeated,13,144,7,10
TRPIND250815224fe60e,2025-08-15,MP01,new,8,87,9,9
TRPJAI250815c7da18f2,2025-08-15,RJ01,new,45,577,10,9
TRPLUC250815513b80d9,2025-08-15,UP01,new,16,170,7,6
TRPLUC2508152387a547,2025-08-15,UP01,new,8,98,8,8
TRPCHA25081572b2bb17,2025-08-15,CH01,repeated,17,179,6,7
TRPSUR2508159866f425,2025-08-15,GJ01,repeated,17,155,7,8
TRPCOI250815a1d3c3c2,2025-08-15,TN01,repeated,19,175,6,9
TRPMYS25081581b9a10f,2025-08-15,KA01,new,13,165,9,8
TRPSUR2508154fd25954,2025-08-15,GJ01,repeated,17,155,5,5
TRPLUC250815c2233cac,2025-08-15,UP01,repeated,8,98,7,7
TRPCHA2508151f3048df,2025-08-15,CH01,new,17,179,7,9
TRPLUC25081558d3b377,2025-08-15,UP01,new,13,143,8,7
TRPSUR25081545614b88,2025-08-15,GJ01,repeated,6,67,6,5
TRPMYS250815d11550e7,2025-08-15,KA01,repeated,9,125,7,10
TRPLUC2508156155e1b3,2025-08-15,UP01,repeated,11,125,5,8
TRPJAI250815ffadb788,2025-08-15,RJ01,new,33,433,9,10
TRPKOC2508150b85ac6f,2025-08-15,KL01,new,25,306,8,9
TRPSUR250815df80a24b,2025-08-15,GJ01,repeated,14,131,6,6
TRPLUC250815edf847ab,2025-08-15,UP01,repeated,7,89,7,6
TRPLUC25081504a453d9,2025-08-15,UP01,repeated,14,152,5,8
TRPCHA2508151a65573f,2025-08-15,CH01,repeated,16,170,9,7
TRPJAI25081561a62e18,2025-08-15,RJ01,repeated,45,577,7,9
TRPVIS2508154c78c534,2025-08-15,AP01,repeated,30,297,9,8
TRPLUC250815c865fb4b,2025-08-15,UP01,new,10,116,7,7
TRPCOI25081577334b68,2025-08-15,TN01,new,8,87,9,7
TRPKOC250815243d7a80,2025-08-15,KL01,repeated,36,427,8,8
TRPLUC2508154ff4add5,2025-08-15,UP01,repeated,5,71,5,5
TRPVAD250815a3f1a44e,2025-08-15,GJ02,new,9,90,9,8
TRPVIS2508150f4a5e94,2025-08-15,AP01,repeated,29,288,8,8
TRPVIS2508155c4c84d3,2025-08-15,AP01,new,26,261,10,8
TRPIND2508153b5d1e3a,2025-08-15,MP01,repeated,24,215,7,7
TRPCHA250815ab47dadb,2025-08-15,CH01,repeated,34,332,8,7
TRPLUC25081531a4c5a8,2025-08-15,UP01,new,5,71,7,8
TRPKOC25081522d34b0d,2025-08-15,KL01,repeated,22,273,7,10
TRPLUC2508154ed470bb,2025-08-15,UP01,new,16,170,9,8
TRPSUR250815091fa44b,2025-08-15,GJ01,repeated,10,99,5,8
TRPLUC25081579f475fc,2025-08-15,UP01,repeated,10,116,6,8
TRPLUC250815e65da543,2025-08-15,UP01,repeated,13,143,7,5
TRPJAI25081523f9610d,2025-08-15,RJ01,repeated,44,565,7,10
TRPLUC25081502a6c3b9,2025-08-15,UP01,new,10,116,9,7
TRPIND2508157f031f19,2025-08-15,MP01,repeated,15,143,8,8
TRPCHA2508156a533762,2025-08-15,CH01,new,13,143,10,7
TRPMYS250815823cdc16,2025-08-15,KA01,new,24,275,8,9
TRPJAI2508151efe5e7f,2025-08-15,RJ01,new,41,529,8,8
TRPJAI250815cde8d119,2025-08-15,RJ01,new,40,517,10,8
TRPCOI2508150cc2d032,2025-08-15,TN01,repeated,16,151,8,8
TRPCOI2508158593533c,2025-08-15,TN01,repeated,10,103,6,8
TRPCHA2508153f332ebe,2025-08-15,CH01,new,28,278,9,8
TRPLUC250815de85e8ed,2025-08-15,UP01,repeated,9,107,6,8
TRPVIS25081501a23207,2025-08-15,AP01,repeated,33,324,7,10
TRPCHA250815151b5e33,2025-08-15,CH01,repeated,23,233,9,9
TRPKOC2508153e143481,2025-08-15,KL01,repeated,21,262,7,10
TRPIND250815766f6f73,2025-08-15,MP01,new,10,103,8,8
TRPJAI25081558d65d55,2025-08-15,RJ01,new,30,397,9,9
TRPSUR25081554a20905,2025-08-15,GJ01,repeated,5,59,6,6
TRPJAI250815ea87929f,2025-08-15,RJ01,repeated,17,241,7,9
TRPJAI250815f71a25d1,2025-08-15,RJ01,new,37,481,8,8
TRPJAI250815974fcb13,2025-08-15,RJ01,repeated,25,337,8,8
TRPCHA2508150a16ccfd,2025-08-15,CH01,repeated,32,314,9,7
TRPIND250815a67a8ba5,2025-08-15,MP01,repeated,16,151,6,9
TRPSUR250815bb3c2cfa,2025-08-15,GJ01,repeated,11,107,5,7
TRPLUC2508155abad1c3,2025-08-15,UP01,repeated,5,71,6,7
TRPCHA25081539deeaac,2025-08-15,CH01,new,16,170,10,7
TRPLUC250815e77340b9,2025-08-15,UP01,repeated,16,170,7,8
TRPJAI250815350c32de,2025-08-15,RJ01,new,25,337,8,10
TRPLUC2508158d2d3a65,2025-08-15,UP01,repeated,7,89,6,6
TRPLUC250815753a676f,2025-08-15,UP01,new,14,152,7,7
TRPSUR2508152cab6846,2025-08-15,GJ01,new,16,147,8,6
TRPCHA25081569f61aca,2025-08-15,CH01,repeated,13,143,7,8
TRPSUR250815dbda42bf,2025-08-15,GJ01,repeated,6,67,6,7
TRPVAD250815f607c64d,2025-08-15,GJ02,repeated,18,162,7,5
TRPIND25081508813461,2025-08-15,MP01,new,14,135,8,7
TRPCOI2508158d3e25d1,2025-08-15,TN01,repeated,10,103,8,8
TRPSUR2508151705e6e5,2025-08-15,GJ01,repeated,16,147,7,7
TRPVAD2508155851a67b,2025-08-15,GJ02,new,8,82,7,8
TRPCOI2508153dbcd143,2025-08-15,TN01,repeated,17,159,9,6
TRPLUC250815ad5b9859,2025-08-15,UP01,new,5,71,8,8
TRPVAD2508150e124fa8,2025-08-15,GJ02,new,7,74,7,6
TRPLUC250815354fd93a,2025-08-15,UP01,repeated,20,206,5,8
TRPKOC250815e188c699,2025-08-15,KL01,new,35,416,10,8
TRPVAD2508159d4f66ab,2025-08-15,GJ02,repeated,16,146,5,5
TRPVAD25081525130cf9,2025-08-15,GJ02,repeated,10,98,7,5
TRPKOC2508158cae4f78,2025-08-15,KL01,repeated,14,185,9,8
TRPVIS2508155a167823,2025-08-15,AP01,repeated,12,135,8,9
TRPJAI250815579a9566,2025-08-15,RJ01,repeated,19,265,9,9
TRPLUC2508159ddc6bd8,2025-08-15,UP01,repeated,6,80,6,5
TRPCHA25081544a50635,2025-08-15,CH01,repeated,18,188,8,8
TRPCHA25081556589bed,2025-08-15,CH01,repeated,23,233,6,9
TRPCOI250815564b0b88,2025-08-15,TN01,repeated,10,103,9,9
TRPJAI25081568bba926,2025-08-15,RJ01,repeated,31,409,8,10
TRPVAD2508156966db87,2025-08-15,GJ02,repeated,16,146,6,8
TRPJAI250815e1edbca3,2025-08-15,RJ01,new,16,229,10,8
TRPJAI250815438351f1,2025-08-15,RJ01,new,26,349,9,8
TRPJAI250815b537ca97,2025-08-15,RJ01,repeated,34,445,7,10
TRPLUC2508152c04b93a,2025-08-15,UP01,new,5,71,9,6
TRPCOI25081585193fa3,2025-08-15,TN01,repeated,11,111,8,7
TRPLUC25081558de9884,2025-08-15,UP01,repeated,11,125,5,7
TRPIND250815bc823073,2025-08-15,MP01,repeated,14,135,7,8
TRPCHA25081511157f13,2025-08-15,CH01,repeated,31,305,7,6
TRPJAI2508158fa36952,2025-08-15,RJ01,new,21,289,8,8
TRPJAI25081522ac9b60,2025-08-15,RJ01,repeated,20,277,8,8
TRPIND250815a9d08ca0,2025-08-15,MP01,repeated,18,167,6,7
TRPJAI250815a3569b7b,2025-08-15,RJ01,new,16,229,8,10
TRPJAI250815512d2a14,2025-08-15,RJ01,new,32,421,10,10
TRPLUC250815d8ef4d99,2025-08-15,UP01,new,5,71,8,6
TRPLUC25081579b8d04a,2025-08-15,UP01,repeated,18,188,7,5
TRPLUC250815af21cf83,2025-08-15,UP01,new,15,161,7,8
TRPSUR250815317ef000,2025-08-15,GJ01,repeated,16,147,7,6
TRPJAI250815dd7a0b1a,2025-08-15,RJ01,new,35,457,10,9
TRPLUC2508156dd5d190,2025-08-15,UP01,new,13,143,8,7
TRPSUR25081592ff09ab,2025-08-15,GJ01,new,10,99,9,6
TRPKOC250815d196b611,2025-08-15,KL01,repeated,13,174,7,10
TRPJAI250815fa3f0ad8,2025-08-15,RJ01,repeated,28,373,7,10
TRPCOI250815c1384bb5,2025-08-15,TN01,new,13,127,9,9
TRPJAI25081560b86bc5,2025-08-15,RJ01,new,17,241,8,8
TRPSUR250815baebac84,2025-08-15,GJ01,new,12,115,8,7
TRPJAI250815c7650d09,2025-08-15,RJ01,repeated,34,445,7,9
TRPCHA250815ddec987c,2025-08-15,CH01,repeated,18,188,7,9
TRPSUR250815971ccf1b,2025-08-15,GJ01,new,15,139,8,6
TRPSUR250815e0c0463a,2025-08-15,GJ01,repeated,12,115,7,8
TRPKOC2508157e4c5cd3,2025-08-15,KL01,new,29,350,10,8
TRPLUC250815915f1d7a,2025-08-15,UP01,repeated,16,170,7,6
TRPJAI25081598bfe597,2025-08-15,RJ01,repeated,25,337,9,8
TRPSUR2508154d8995b6,2025-08-15,GJ01,repeated,6,67,5,6
TRPJAI25081561a02788,2025-08-15,RJ01,new,32,421,10,8
TRPSUR250815d2b3e451,2025-08-15,GJ01,repeated,13,123,7,8
TRPJAI2508157c2fcdeb,2025-08-15,RJ01,repeated,27,361,9,9
TRPKOC25081511a06794,2025-08-15,KL01,new,14,185,8,8
TRPJAI2508153c13d3c3,2025-08-15,RJ01,repeated,32,421,7,9
TRPKOC250815fbadab59,2025-08-15,KL01,new,14,185,8,10
TRPJAI2508154a7453ef,2025-08-15,RJ01,new,18,253,10,8
TRPCHA25081547cf8ef9,2025-08-15,CH01,new,33,323,7,9
TRPLUC2508154f9ac5d1,2025-08-15,UP01,new,19,197,9,6
TRPLUC250815b6633054,2025-08-15,UP01,new,6,80,7,6
TRPCOI2508159c3f6f98,2025-08-15,TN01,repeated,16,151,9,7
TRPKOC250815dd7974c4,2025-08-15,KL01,new,28,339,9,8
TRPLUC25081529da0078,2025-08-15,UP01,repeated,16,170,5,6
TRPSUR250815b9302ab7,2025-08-15,GJ01,repeated,17,155,5,6
TRPJAI250815e31bd5d0,2025-08-15,RJ01,new,25,337,8,8
TRPLUC2508159a738bd3,2025-08-15,UP01,repeated,10,116,6,6
TRPIND25081527e8735b,2025-08-15,MP01,repeated,24,215,6,7
TRPVIS250815206c15c5,2025-08-15,AP01,repeated,28,279,8,9
TRPJAI250815b202e7cc,2025-08-15,RJ01,new,42,541,10,9
TRPCHA2508157adfae1c,2025-08-15,CH01,repeated,28,278,6,6
TRPKOC2508153c84d371,2025-08-15,KL01,new,19,240,8,9
TRPSUR250815e83fa889,2025-08-15,GJ01,repeated,10,99,5,7
TRPMYS2508154d5854df,2025-08-15,KA01,new,8,115,8,10
TRPSUR250815876fdfd3,2025-08-15,GJ01,repeated,11,107,6,8
TRPLUC2508159fb9780a,2025-08-15,UP01,repeated,20,206,6,5
TRPSUR250815dfca46f6,2025-08-15,GJ01,repeated,6,67,6,5
TRPLUC2508159688b3d4,2025-08-15,UP01,new,10,116,9,6
TRPLUC2508154148a05f,2025-08-15,UP01,repeated,7,89,6,8
TRPVIS2508156190be11,2025-08-15,AP01,repeated,12,135,9,10
TRPKOC250815ee58eac4,2025-08-15,KL01,repeated,23,284,9,8
TRPVAD250815f24575ab,2025-08-15,GJ02,repeated,16,146,5,7
TRPVAD250815f275477a,2025-08-15,GJ02,repeated,14,130,5,6
TRPSUR250815aad88972,2025-08-15,GJ01,repeated,15,139,7,5
TRPJAI25081549160dd0,2025-08-15,RJ01,new,23,313,10,9
TRPLUC250815be0c143c,2025-08-15,UP01,repeated,7,89,5,6
TRPIND250815710110b4,2025-08-15,MP01,new,19,175,8,8
TRPJAI2508158679bdef,2025-08-15,RJ01,new,24,325,9,10
TRPJAI2508155940c002,2025-08-15,RJ01,new,27,361,10,10
TRPSUR2508154617b37a,2025-08-15,GJ01,repeated,12,115,7,6
TRPIND250815070cbf9d,2025-08-15,MP01,new,8,87,8,8
TRPVIS25081509c2dd7e,2025-08-15,AP01,new,28,279,8,10
TRPVAD250815f6a0c3ca,2025-08-15,GJ02,new,12,114,7,6
TRPJAI25081575ff28e0,2025-08-15,RJ01,repeated,32,421,8,10
TRPLUC2508154d8cc6df,2025-08-15,UP01,new,11,125,8,8
TRPSUR2508150c6a9b30,2025-08-15,GJ01,repeated,8,83,6,5
TRPJAI2508158a02bfa8,2025-08-15,RJ01,new,38,493,10,8
TRPJAI250815c61fe6a5,2025-08-15,RJ01,new,40,517,9,9
TRPIND250815bf2967f5,2025-08-15,MP01,new,14,135,7,8
TRPSUR250815e3cdf73f,2025-08-15,GJ01,repeated,7,75,7,7
TRPIND2508150667e0e0,2025-08-15,MP01,repeated,14,135,7,6
TRPKOC2508156a74f9ff,2025-08-15,KL01,repeated,38,449,7,8
TRPKOC25081548495021,2025-08-15,KL01,repeated,34,405,8,8
TRPVAD2508153aff5b35,2025-08-15,GJ02,new,14,130,9,8
TRPLUC25081548c6627f,2025-08-15,UP01,repeated,8,98,7,6
TRPCOI2508150fe2a168,2025-08-15,TN01,repeated,14,135,7,7
TRPLUC2508153aa7051d,2025-08-15,UP01,new,8,98,9,8
TRPKOC2508152d227773,2025-08-15,KL01,new,21,262,8,10
TRPIND250815745e0fee,2025-08-15,MP01,new,20,183,7,7
TRPVIS250815880ed936,2025-08-15,AP01,repeated,34,333,9,8
TRPLUC25081598e48f72,2025-08-15,UP01,new,16,170,9,6
TRPLUC2508152030d442,2025-08-15,UP01,repeated,7,89,5,7
TRPIND250815d66cf43f,2025-08-15,MP01,new,20,183,8,8
TRPVIS25081553b53676,2025-08-15,AP01,repeated,15,162,7,9
TRPIND250815bce8135a,2025-08-15,MP01,repeated,21,191,6,6
TRPKOC2508150975bf5b,2025-08-15,KL01,new,23,284,10,8
TRPLUC250815768737bc,2025-08-15,UP01,new,8,98,7,8
TRPVIS25081515865cec,2025-08-15,AP01,new,16,171,9,9
TRPLUC2508153bc42521,2025-08-15,UP01,repeated,6,80,7,8
TRPMYS250815ec7509ec,2025-08-15,KA01,repeated,25,285,9,8
TRPVAD2508158477cfa7,2025-08-15,GJ02,repeated,17,154,6,7
TRPLUC2508158d4a08c3,2025-08-15,UP01,new,15,161,9,6
TRPVAD2508155e57130e,2025-08-15,GJ02,repeated,16,146,5,5
TRPJAI2508156e0a8550,2025-08-15,RJ01,new,40,517,10,9
TRPLUC250815ffa5dbbb,2025-08-15,UP01,repeated,12,134,7,7
TRPVAD250815bc368ff1,2025-08-15,GJ02,repeated,9,90,7,8
TRPIND250815811c5284,2025-08-15,MP01,new,18,167,9,8
TRPVAD25081534f55467,2025-08-15,GJ02,repeated,16,146,7,5
TRPLUC250815be1101da,2025-08-15,UP01,repeated,20,206,5,7
TRPVIS250815d008ae24,2025-08-15,AP01,new,23,234,9,9
TRPIND2508151414f202,2025-08-15,MP01,repeated,10,103,6,7
TRPLUC250815f06bc034,2025-08-15,UP01,new,10,116,7,8
TRPJAI2508154fb9579e,2025-08-15,RJ01,new,27,361,9,9
TRPIND250815c55c6c91,2025-08-15,MP01,repeated,23,207,9,9
TRPLUC2508157a759eb7,2025-08-15,UP01,repeated,9,107,5,7
TRPLUC2508154d360bdc,2025-08-15,UP01,repeated,15,161,6,5
TRPLUC25081531049529,2025-08-15,UP01,repeated,20,206,7,8
TRPJAI250815bd8e18b1,2025-08-15,RJ01,new,27,361,8,9
TRPVAD250815b7af704e,2025-08-15,GJ02,repeated,14,130,6,7
TRPIND25081550c9a2cb,2025-08-15,MP01,repeated,8,87,9,6
TRPLUC250815ac7bdf4c,2025-08-15,UP01,new,14,152,9,6
TRPCHA2508158c28f406,2025-08-15,CH01,new,17,179,10,9
TRPSUR2508153ef84892,2025-08-15,GJ01,repeated,11,107,7,8
TRPLUC25081504e6172e,2025-08-15,UP01,new,10,116,7,6
TRPJAI250815c3838762,2025-08-15,RJ01,repeated,43,553,7,8
TRPKOC250815aafdee77,2025-08-15,KL01,repeated,29,350,8,8
TRPVAD250815def82a0b,2025-08-15,GJ02,repeated,12,114,7,7
TRPVIS250815fd428d78,2025-08-15,AP01,new,35,342,8,10
TRPJAI250815c8d58508,2025-08-15,RJ01,new,24,325,9,9
TRPLUC25081586525223,2025-08-15,UP01,new,17,179,8,6
TRPSUR250815a0413d50,2025-08-15,GJ01,repeated,9,91,5,7
TRPCOI250815cb3d0ada,2025-08-15,TN01,repeated,22,199,7,7
TRPSUR25081512101bd7,2025-08-15,GJ01,repeated,7,75,6,7
TRPSUR25081598148e3a,2025-08-15,GJ01,new,12,115,9,6
TRPJAI2508158985b0f7,2025-08-15,RJ01,repeated,34,445,9,10
TRPJAI2508159c68d0ec,2025-08-15,RJ01,new,16,229,8,9
TRPIND250815c5c3c278,2025-08-15,MP01,new,9,95,9,9
TRPLUC250815a8e2831a,2025-08-15,UP01,repeated,7,89,5,8
TRPLUC25081525d2fc67,2025-08-15,UP01,new,7,89,7,6
TRPKOC250815edcf57bb,2025-08-15,KL01,new,21,262,10,8
TRPCHA250815713118ff,2025-08-15,CH01,new,27,269,10,7
TRPLUC250815d3bc2a44,2025-08-15,UP01,new,16,170,8,6
TRPLUC2508154dfb726f,2025-08-15,UP01,repeated,6,80,7,5
TRPLUC250815eb451f9e,2025-08-15,UP01,repeated,13,143,5,5
TRPIND2508153532335b,2025-08-15,MP01,repeated,14,135,7,9
TRPKOC25081537f99d9b,2025-08-15,KL01,repeated,32,383,7,8
TRPVIS2508159fdf89fd,2025-08-15,AP01,new,12,135,9,8
TRPJAI250815f1e5316d,2025-08-15,RJ01,new,39,505,8,9
TRPIND250815193c8010,2025-08-15,MP01,repeated,16,151,9,6
TRPVAD250815d1ec6b5b,2025-08-15,GJ02,new,5,58,7,7
TRPLUC25081562f96db3,2025-08-15,UP01,new,8,98,8,6
TRPLUC2508157848e9ec,2025-08-15,UP01,new,5,71,9,8
TRPIND250815b29ea739,2025-08-15,MP01,repeated,16,151,9,7
TRPJAI250815319862ed,2025-08-15,RJ01,new,17,241,9,9
TRPJAI250815673beec8,2025-08-15,RJ01,repeated,35,457,8,8
TRPSUR250815d9c6ca57,2025-08-15,GJ01,new,10,99,8,7
TRPKOC2508152bb5499a,2025-08-15,KL01,new,28,339,10,8
TRPLUC2508150576ad4b,2025-08-15,UP01,new,9,107,8,8
TRPJAI2508156effada2,2025-08-15,RJ01,new,15,217,10,9
TRPVAD25081552a54a1a,2025-08-15,GJ02,new,18,162,7,7
TRPJAI2508151cdf436c,2025-08-15,RJ01,new,23,313,9,8
TRPCOI2508155216a389,2025-08-15,TN01,new,17,159,10,9
TRPJAI2508157a0c9781,2025-08-15,RJ01,repeated,28,373,9,8
TRPJAI250815f788a32b,2025-08-15,RJ01,new,15,217,10,10
TRPJAI250815d8bdfc54,2025-08-15,RJ01,new,36,469,8,9
TRPCHA25081577c8ace4,2025-08-15,CH01,repeated,17,179,7,9
TRPCOI2508157d228b65,2025-08-15,TN01,new,19,175,9,7
TRPLUC250815a673ea8c,2025-08-15,UP01,new,17,179,9,7
TRPVIS250815084ddbd0,2025-08-15,AP01,repeated,12,135,7,10
TRPSUR2508155d629681,2025-08-15,GJ01,repeated,6,67,7,8
TRPSUR250815cd7a1893,2025-08-15,GJ01,repeated,10,99,6,5
TRPJAI2508154331934f,2025-08-15,RJ01,new,35,457,8,8
TRPJAI250815e0e4371b,2025-08-15,RJ01,repeated,19,265,8,9
TRPCHA250815f8433765,2025-08-15,CH01,repeated,23,233,8,8
TRPCOI25081566b71fdd,2025-08-15,TN01,new,11,111,9,9
TRPSUR250815d02e3963,2025-08-15,GJ01,new,5,59,8,8
TRPKOC250815ae065c88,2025-08-15,KL01,repeated,28,339,9,10
TRPSUR250815c9185d31,2025-08-15,GJ01,repeated,5,59,6,8
TRPLUC2508155ed1adcc,2025-08-15,UP01,new,19,197,7,6
TRPLUC25081544884aed,2025-08-15,UP01,repeated,10,116,7,8
TRPCOI250815638d4255,2025-08-15,TN01,repeated,12,119,8,8
TRPJAI25081547cf53bc,2025-08-15,RJ01,repeated,33,433,8,9
TRPKOC2508151326c3ab,2025-08-15,KL01,repeated,37,438,8,9
TRPLUC2508150f0375e0,2025-08-15,UP01,repeated,5,71,7,7
TRPLUC25081515f4a06b,2025-08-15,UP01,new,9,107,7,6
TRPCHA250815bf2559a0,2025-08-15,CH01,new,17,179,10,9
TRPJAI250815268841e7,2025-08-15,RJ01,new,33,433,10,10
TRPSUR250815fb9e44cf,2025-08-15,GJ01,repeated,14,131,6,8
TRPLUC250815d0187127,2025-08-15,UP01,repeated,15,161,7,7
TRPJAI25081516fcac06,2025-08-15,RJ01,repeated,36,469,9,10
TRPJAI2508151d201594,2025-08-15,RJ01,new,39,505,8,10
TRPIND250815207744f9,2025-08-15,MP01,repeated,25,223,7,8
TRPIND250815e5b624e1,2025-08-15,MP01,new,8,87,9,7
TRPKOC250815925f75fb,2025-08-15,KL01,repeated,25,306,9,9
TRPIND250815f6c446bc,2025-08-15,MP01,repeated,24,215,7,7
TRPKOC250815b7d57e52,2025-08-15,KL01,new,34,405,10,10
TRPVIS250815006186e5,2025-08-15,AP01,repeated,19,198,8,8
TRPSUR2508157d861dfe,2025-08-15,GJ01,new,11,107,8,7
TRPJAI250815e4b01ee1,2025-08-15,RJ01,new,23,313,8,8
TRPJAI25081593305322,2025-08-15,RJ01,new,17,241,10,10
TRPCOI250815c0d0ffb3,2025-08-15,TN01,new,16,151,9,8
TRPCHA25081534a01672,2025-08-15,CH01,repeated,21,215,9,8
TRPMYS25081555eb9b73,2025-08-15,KA01,new,9,125,8,8
TRPKOC25081592c03e28,2025-08-15,KL01,repeated,10,141,7,8
TRPLUC250815e049e7ba,2025-08-15,UP01,repeated,7,89,6,6
TRPSUR250815ba73e8ac,2025-08-15,GJ01,new,14,131,8,7
TRPJAI2508157c5b9882,2025-08-15,RJ01,repeated,27,361,9,9
TRPCHA25081507dd9515,2025-08-15,CH01,new,15,161,7,9
TRPLUC2508152c594529,2025-08-15,UP01,new,13,143,7,6
TRPVAD250815036994ba,2025-08-15,GJ02,repeated,10,98,6,5
TRPJAI250815229408f4,2025-08-15,RJ01,new,32,421,10,9
TRPLUC250815e83ed654,2025-08-15,UP01,repeated,6,80,5,5
TRPJAI250815312dde87,2025-08-15,RJ01,new,20,277,8,8
TRPJAI25081580f99980,2025-08-15,RJ01,new,32,421,10,9
TRPLUC250815808fe10f,2025-08-15,UP01,repeated,8,98,7,5
TRPVAD2508158d7ebf99,2025-08-15,GJ02,repeated,14,130,6,7
TRPVAD25081552b7b635,2025-08-15,GJ02,new,12,114,9,8
TRPCHA2508158be2b242,2025-08-15,CH01,repeated,15,161,8,9
TRPLUC2508152c640096,2025-08-15,UP01,repeated,5,71,6,7
TRPVIS250815e9c92e6a,2025-08-15,AP01,repeated,16,171,8,10
TRPLUC250815b234b8ce,2025-08-15,UP01,repeated,7,89,5,6
TRPCHA250815badf20fe,2025-08-15,CH01,new,19,197,9,7
TRPVAD2508159daf6b1b,2025-08-15,GJ02,repeated,18,162,5,7
TRPJAI2508151d55b4ec,2025-08-15,RJ01,repeated,35,457,8,10
TRPLUC2508152ad0183e,2025-08-15,UP01,repeated,16,170,5,7
TRPJAI250815071cf7d9,2025-08-15,RJ01,new,25,337,9,8
TRPLUC250815ec5adb48,2025-08-15,UP01,new,18,188,8,6
TRPVIS25081500af20f3,2025-08-15,AP01,repeated,28,279,8,8
TRPJAI250815be83b6e5,2025-08-15,RJ01,repeated,31,409,7,9
TRPJAI2508150345af3d,2025-08-15,RJ01,repeated,25,337,7,10
TRPJAI250815eee9a5b9,2025-08-15,RJ01,new,35,457,10,9
TRPCHA2508152648099a,2025-08-15,CH01,new,32,314,10,8
TRPVAD2508159ab7d815,2025-08-15,GJ02,repeated,9,90,7,7
TRPVAD250815c27892ac,2025-08-15,GJ02,new,18,162,8,7
TRPSUR250815299dd197,2025-08-15,GJ01,repeated,7,75,6,6
TRPKOC2508150aa5d72e,2025-08-15,KL01,new,32,383,8,10
TRPVAD25081588c9691d,2025-08-15,GJ02,repeated,11,106,7,8
TRPLUC2508159f895d9c,2025-08-15,UP01,repeated,6,80,6,5
TRPVAD25081592c5e047,2025-08-15,GJ02,repeated,15,138,7,6
TRPJAI2508158e63fc5f,2025-08-15,RJ01,repeated,28,373,8,9
TRPJAI2508151dcbef11,2025-08-15,RJ01,repeated,19,265,8,9
TRPIND250815d7f2a905,2025-08-15,MP01,new,18,167,7,9
TRPJAI25081537832dc1,2025-08-15,RJ01,new,33,433,9,8
TRPLUC250815d4759504,2025-08-15,UP01,repeated,11,125,5,5
TRPMYS250815234e2aa4,2025-08-15,KA01,new,8,115,10,10
TRPKOC250815a6d4d231,2025-08-15,KL01,new,37,438,9,8
TRPIND250815bd7847ba,2025-08-15,MP01,repeated,10,103,6,7
TRPCHA250815c5e482d4,2025-08-15,CH01,new,33,323,7,8
TRPVAD250815be94a30b,2025-08-15,GJ02,repeated,14,130,5,5
TRPCHA2508157e877fdd,2025-08-15,CH01,new,26,260,8,8
TRPLUC250815b024dc47,2025-08-15,UP01,repeated,20,206,7,7
TRPKOC25081545970d4f,2025-08-15,KL01,new,23,284,10,9
TRPLUC250815b46bf957,2025-08-15,UP01,repeated,8,98,5,8
TRPLUC25081588875669,2025-08-15,UP01,repeated,17,179,6,7
TRPLUC2508157209446a,2025-08-15,UP01,repeated,8,98,5,7
TRPCHA2508156421de39,2025-08-15,CH01,new,27,269,10,9
TRPVIS250815bf422b6b,2025-08-15,AP01,new,27,270,10,8
TRPJAI25081529f4f408,2025-08-15,RJ01,repeated,38,493,7,10
TRPLUC250815d9ecfd94,2025-08-15,UP01,repeated,13,143,5,6
TRPSUR250815d687324d,2025-08-15,GJ01,repeated,10,99,7,8
TRPCHA250815da614a1c,2025-08-15,CH01,new,15,161,9,7
TRPSUR2508158caf0761,2025-08-15,GJ01,repeated,17,155,7,6
TRPCHA250815748f5b88,2025-08-15,CH01,repeated,14,152,7,8
TRPJAI2508159733a335,2025-08-15,RJ01,repeated,16,229,9,8
TRPIND250815f116c599,2025-08-15,MP01,repeated,25,223,9,7
TRPCOI2508151a3bdb51,2025-08-15,TN01,repeated,8,87,9,9
TRPCHA250815134adc12,2025-08-15,CH01,new,13,143,7,9
TRPLUC250815d5ff5792,2025-08-15,UP01,repeated,6,80,6,8
TRPVIS250815c500c853,2025-08-15,AP01,new,35,342,9,8
TRPCOI25081547cf2a5f,2025-08-15,TN01,new,18,167,8,9
TRPCHA250815d29593df,2025-08-15,CH01,repeated,30,296,6,6
TRPJAI25081585d3469a,2025-08-15,RJ01,new,41,529,10,9
TRPIND25081591290083,2025-08-15,MP01,new,15,143,8,9
TRPVIS250815e869f399,2025-08-15,AP01,repeated,29,288,7,9
TRPJAI2508152a78b39a,2025-08-15,RJ01,new,24,325,10,9
TRPCOI25081532de4541,2025-08-15,TN01,repeated,22,199,7,7
TRPKOC25081525ad2ee7,2025-08-15,KL01,new,11,152,9,9
TRPIND2508156ab74b3c,2025-08-15,MP01,repeated,14,135,7,8
TRPIND2508150976b195,2025-08-15,MP01,repeated,15,143,8,6
TRPCOI2508156edfdf99,2025-08-15,TN01,new,16,151,8,8
TRPJAI250815efc01e62,2025-08-15,RJ01,new,17,241,9,8
TRPKOC25081571ee2f25,2025-08-15,KL01,repeated,15,196,7,10
TRPSUR25081541df422c,2025-08-15,GJ01,repeated,7,75,6,5
TRPVAD2508155aa96c2f,2025-08-15,GJ02,new,6,66,9,6
TRPCHA2508158f0b2ffc,2025-08-15,CH01,repeated,31,305,9,6
TRPJAI250815f834219b,2025-08-15,RJ01,repeated,17,241,9,8
TRPJAI2508159009575f,2025-08-15,RJ01,repeated,29,385,9,10
TRPJAI250815204ed482,2025-08-15,RJ01,repeated,29,385,9,9
TRPJAI250815591d72ba,2025-08-15,RJ01,new,25,337,8,10
TRPCOI2508156ad1baba,2025-08-15,TN01,repeated,18,167,9,8
TRPJAI2508150c468f5f,2025-08-15,RJ01,repeated,40,517,8,9
TRPIND250815a3b3437d,2025-08-15,MP01,repeated,19,175,7,6
TRPVAD250815d8fdc0de,2025-08-15,GJ02,new,14,130,7,7
TRPKOC25081573db60c9,2025-08-15,KL01,new,26,317,8,9
TRPVAD250815eba53dce,2025-08-15,GJ02,new,10,98,9,8
TRPCOI2508154a4f1481,2025-08-15,TN01,repeated,11,111,6,7
TRPSUR250815fdd6d255,2025-08-15,GJ01,repeated,5,59,5,6
TRPLUC250815e0177dde,2025-08-15,UP01,new,17,179,9,8
TRPVIS250815b6627a94,2025-08-15,AP01,repeated,19,198,7,9
TRPSUR250815d023ad68,2025-08-15,GJ01,repeated,6,67,7,5
TRPCHA25081560153a2d,2025-08-15,CH01,new,23,233,7,8
TRPIND250815050f4b56,2025-08-15,MP01,repeated,8,87,7,6
TRPCHA2508150c1e5aec,2025-08-15,CH01,repeated,13,143,9,6
TRPCHA250815dc7db939,2025-08-15,CH01,repeated,33,323,9,9
TRPJAI2508155d1e4af3,2025-08-15,RJ01,new,27,361,8,8
TRPLUC250815a8cd5eae,2025-08-15,UP01,repeated,19,197,6,7
TRPJAI2508151bbf6001,2025-08-15,RJ01,new,16,229,8,8
TRPLUC250815752c2435,2025-08-15,UP01,repeated,10,116,5,7
TRPJAI250815fc144e39,2025-08-15,RJ01,repeated,38,493,7,9
TRPIND250815d2a068ef,2025-08-15,MP01,repeated,22,199,9,9
TRPSUR25081510688de3,2025-08-15,GJ01,repeated,6,67,7,8
TRPLUC250815b3f7c071,2025-08-15,UP01,repeated,9,107,7,8
TRPLUC250815abf31ce2,2025-08-15,UP01,repeated,20,206,6,6
TRPLUC2508151198e9e4,2025-08-15,UP01,repeated,20,206,7,5
TRPVIS250815e98eaeeb,2025-08-15,AP01,new,25,252,9,9
TRPVIS250815a3492e6b,2025-08-15,AP01,new,25,252,10,10
TRPJAI250815a16eeecd,2025-08-15,RJ01,new,28,373,9,10
TRPCHA2508152201410f,2025-08-15,CH01,repeated,23,233,8,9
TRPVAD250815c3a85383,2025-08-15,GJ02,repeated,12,114,5,5
TRPLUC250815cbf7a24f,2025-08-15,UP01,repeated,9,107,6,5
TRPIND250815db8974d2,2025-08-15,MP01,new,17,159,8,7
TRPIND250815a924f722,2025-08-15,MP01,repeated,12,119,9,9
TRPSUR250815876a05b2,2025-08-15,GJ01,repeated,13,123,5,5
TRPVIS250815e8fa78e1,2025-08-15,AP01,new,34,333,8,9
TRPVIS2508156fb3a44e,2025-08-15,AP01,new,11,126,8,8
TRPSUR250815a025fb0c,2025-08-15,GJ01,repeated,13,123,7,6
TRPVIS250815c4a99388,2025-08-15,AP01,repeated,26,261,8,9
TRPCHA250815fa8ab950,2025-08-15,CH01,new,25,251,9,7
TRPJAI250815d2171e3a,2025-08-15,RJ01,repeated,38,493,9,9
TRPJAI2508155edbcfe8,2025-08-15,RJ01,new,41,529,10,9
TRPJAI250815bbbb3f0e,2025-08-15,RJ01,new,38,493,9,8
TRPLUC2508155509826e,2025-08-15,UP01,repeated,8,98,5,5
TRPVAD250815f6ea91f6,2025-08-15,GJ02,new,10,98,9,7
TRPSUR250815dc1fd9b4,2025-08-15,GJ01,repeated,9,91,5,7
TRPJAI250815e9302033,2025-08-15,RJ01,new,35,457,8,9
TRPLUC2508153f33b062,2025-08-15,UP01,repeated,18,188,7,7
TRPSUR250815625be8aa,2025-08-15,GJ01,new,13,123,8,7
TRPVAD2508154356f8b4,2025-08-15,GJ02,new,14,130,7,8
TRPLUC25081548916935,2025-08-15,UP01,repeated,16,170,7,6
TRPCOI250815ba0bccec,2025-08-15,TN01,repeated,21,191,8,9
TRPCHA250815db5d0e21,2025-08-15,CH01,new,15,161,10,8
TRPJAI250815c9503ba7,2025-08-15,RJ01,repeated,28,373,7,9
TRPKOC2508151087801a,2025-08-15,KL01,new,13,174,10,10
TRPLUC2508152ab1643d,2025-08-15,UP01,repeated,19,197,6,5
TRPIND25081566f23ba0,2025-08-15,MP01,repeated,11,111,7,6
TRPLUC250815c70e8924,2025-08-15,UP01,repeated,12,134,6,8
TRPLUC250815014dced3,2025-08-15,UP01,repeated,17,179,7,5
TRPSUR250815b599bf13,2025-08-15,GJ01,repeated,10,99,5,5
TRPSUR25081502f1bc96,2025-08-15,GJ01,repeated,11,107,5,7
TRPJAI250815212efb65,2025-08-15,RJ01,new,17,241,8,10
TRPSUR2508152310493f,2025-08-15,GJ01,new,15,139,7,6
TRPMYS250815c2a4a032,2025-08-15,KA01,new,21,245,8,9
TRPLUC25081581b3c1af,2025-08-15,UP01,repeated,10,116,6,5
TRPLUC250815b0a25623,2025-08-15,UP01,new,5,71,9,8
TRPJAI250815d96d9cdc,2025-08-15,RJ01,new,35,457,9,10
TRPMYS250815251d850b,2025-08-15,KA01,new,17,205,8,9
TRPJAI2508156aafa2b8,2025-08-15,RJ01,new,16,229,9,10
TRPVIS250815cb780690,2025-08-15,AP01,repeated,20,207,7,10
TRPLUC250815d7abcfae,2025-08-15,UP01,repeated,18,188,5,6
TRPJAI250815eab2b84a,2025-08-15,RJ01,repeated,36,469,8,8
TRPSUR250815c00e42c7,2025-08-15,GJ01,repeated,17,155,5,8
TRPSUR2508151e77335d,2025-08-15,GJ01,repeated,7,75,5,7
TRPJAI25081565b3f2a5,2025-08-15,RJ01,new,39,505,8,8
TRPVIS2508152470352a,2025-08-15,AP01,repeated,32,315,8,9
TRPJAI250815d51723c0,2025-08-15,RJ01,repeated,23,313,7,8
TRPVAD2508153836a6f5,2025-08-15,GJ02,repeated,16,146,6,5
TRPMYS25081521835e28,2025-08-15,KA01,new,9,125,8,10
TRPLUC2508152396aa8a,2025-08-15,UP01,repeated,20,206,5,8
TRPKOC25081553d8dbe7,2025-08-15,KL01,new,11,152,10,8
TRPVAD250815fa9cee8c,2025-08-15,GJ02,new,6,66,8,7
TRPVAD250815cc3f5cef,2025-08-15,GJ02,repeated,9,90,5,7
TRPJAI2508155261ca61,2025-08-15,RJ01,repeated,16,229,7,10
TRPJAI2508156cc4a303,2025-08-15,RJ01,new,34,445,8,8
TRPVIS250815787f3c5e,2025-08-15,AP01,repeated,10,117,9,10
TRPIND250815033a0127,2025-08-15,MP01,repeated,23,207,9,8
TRPVIS2508151a4dd9ae,2025-08-15,AP01,new,15,162,8,10
TRPCOI25081596e5722e,2025-08-15,TN01,new,15,143,10,8
TRPKOC2508156ea6b582,2025-08-15,KL01,repeated,18,229,9,9
TRPMYS2508152c77ebb8,2025-08-15,KA01,new,21,245,8,10
TRPCHA250815799fbdb5,2025-08-15,CH01,repeated,26,260,8,6
TRPCOI250815a8284abc,2025-08-15,TN01,new,22,199,8,8
TRPCHA250815a1ee6e43,2025-08-15,CH01,repeated,29,287,7,9
TRPCOI250815fe3506a5,2025-08-15,TN01,repeated,8,87,9,6
TRPCOI25081542136ac5,2025-08-15,TN01,new,22,199,7,7
TRPCHA2508155b622bd9,2025-08-15,CH01,new,23,233,10,7
TRPJAI250815753ae8aa,2025-08-15,RJ01,repeated,20,277,7,8
TRPKOC25081560768169,2025-08-15,KL01,repeated,22,273,8,8
TRPLUC250815617c52c2,2025-08-15,UP01,repeated,14,152,7,6
TRPIND2508158f502698,2025-08-15,MP01,new,12,119,7,7
TRPKOC250815fbda2cde,2025-08-15,KL01,new,10,141,10,8
TRPSUR250815051a2335,2025-08-15,GJ01,new,5,59,7,6
TRPKOC2508150f7886b4,2025-08-15,KL01,repeated,38,449,8,9
TRPVAD250815ac9cb128,2025-08-15,GJ02,repeated,16,146,6,6
TRPMYS2508156f703644,2025-08-15,KA01,new,21,245,10,9
TRPLUC2508154b199b3f,2025-08-15,UP01,new,8,98,9,8
TRPCHA2508156563b35c,2025-08-15,CH01,new,20,206,8,7
TRPIND250815a079a511,2025-08-15,MP01,repeated,23,207,9,7
TRPSUR250815c23cb927,2025-08-15,GJ01,repeated,9,91,7,7
TRPJAI250815b5cbaffd,2025-08-15,RJ01,repeated,23,313,8,9
TRPKOC25081510de5cbb,2025-08-15,KL01,new,21,262,8,10
TRPLUC25081507b6d1c8,2025-08-15,UP01,repeated,12,134,5,7
TRPJAI250815e5f5ffd4,2025-08-15,RJ01,repeated,31,409,8,9
TRPLUC250815d02e7a07,2025-08-15,UP01,repeated,8,98,6,7
TRPMYS250815c32e3920,2025-08-15,KA01,repeated,8,115,7,8
TRPCHA25081573968a44,2025-08-15,CH01,new,25,251,9,8
TRPSUR25081562cb1dae,2025-08-15,GJ01,repeated,5,59,5,8
TRPLUC25081532843ccf,2025-08-15,UP01,repeated,13,143,6,8
TRPSUR25081561e805ed,2025-08-15,GJ01,repeated,10,99,5,5
TRPSUR25081518d41c56,2025-08-15,GJ01,repeated,13,123,5,6
TRPJAI2508154a84663e,2025-08-15,RJ01,new,25,337,9,9
TRPCHA250815eaa630cd,2025-08-15,CH01,repeated,29,287,7,8
TRPKOC250815184e6028,2025-08-15,KL01,new,12,163,10,8
TRPSUR2508156ca43a2e,2025-08-15,GJ01,repeated,9,91,6,5
TRPVIS2508159254eece,2025-08-15,AP01,new,29,288,8,8
TRPLUC25081564655978,2025-08-15,UP01,repeated,20,206,7,8
TRPSUR250815b0498a7d,2025-08-15,GJ01,repeated,13,123,7,7
TRPJAI250815ffcc3202,2025-08-15,RJ01,new,19,265,10,10
TRPCHA250815c207dd74,2025-08-15,CH01,repeated,25,251,7,8
TRPLUC2508152247a6c9,2025-08-15,UP01,repeated,6,80,5,5
TRPVAD250815c424fc2f,2025-08-15,GJ02,repeated,15,138,7,7
TRPLUC250815dda310c7,2025-08-15,UP01,repeated,9,107,5,7
TRPSUR250815c4f6bf6a,2025-08-15,GJ01,repeated,12,115,5,6
TRPLUC250815a0165db9,2025-08-15,UP01,repeated,15,161,5,5
TRPJAI250815b95b9685,2025-08-15,RJ01,repeated,39,505,7,9
TRPLUC2508158ab72b97,2025-08-15,UP01,repeated,6,80,7,6
TRPIND250815d313f871,2025-08-15,MP01,new,17,159,8,7
TRPCHA250815ee5bc379,2025-08-15,CH01,new,20,206,8,7
TRPCOI25081551950d70,2025-08-15,TN01,repeated,18,167,6,8
TRPCOI25081567e33cd8,2025-08-15,TN01,repeated,8,87,8,6
TRPCOI2508159c5cdbb2,2025-08-15,TN01,repeated,14,135,9,8
TRPSUR2508159989f093,2025-08-15,GJ01,repeated,13,123,7,8
TRPKOC2508151c7c873f,2025-08-15,KL01,new,22,273,10,9
TRPJAI250815f1c13ab3,2025-08-15,RJ01,new,36,469,8,10
TRPKOC25081586c40578,2025-08-15,KL01,repeated,27,328,7,8
TRPCHA250815cf42b529,2025-08-15,CH01,new,15,161,8,9
TRPSUR250815dbc8e259,2025-08-15,GJ01,repeated,10,99,6,6
TRPLUC250815fe500c27,2025-08-15,UP01,repeated,11,125,6,5
TRPLUC2508156de1f084,2025-08-15,UP01,repeated,6,80,5,6
TRPLUC250815d3563fc8,2025-08-15,UP01,repeated,11,125,7,8
TRPVAD25081594cd2471,2025-08-15,GJ02,new,17,154,9,7
TRPCHA250815f80361f6,2025-08-15,CH01,new,19,197,10,7
TRPIND2508154321c8ce,2025-08-15,MP01,new,13,127,8,9
TRPJAI2508158175753f,2025-08-15,RJ01,repeated,20,277,7,9
TRPJAI2508153d85a32a,2025-08-15,RJ01,new,45,577,10,10
TRPCHA2508158fb130ee,2025-08-15,CH01,new,31,305,7,7
TRPSUR2508158bee3c1c,2025-08-15,GJ01,new,10,99,8,7
TRPLUC250815a04b734c,2025-08-15,UP01,repeated,19,197,6,7
TRPLUC250815fcb11f94,2025-08-15,UP01,new,19,197,8,7
TRPIND250815bfa937c7,2025-08-15,MP01,repeated,12,119,6,8
TRPVIS250815fba8023c,2025-08-15,AP01,new,35,342,8,8
TRPSUR250815b4c3148b,2025-08-15,GJ01,repeated,15,139,6,7
TRPLUC2508159b5da123,2025-08-15,UP01,repeated,10,116,5,8
TRPLUC250815a4f018e7,2025-08-15,UP01,repeated,15,161,7,6
TRPCHA2508151d178ddf,2025-08-15,CH01,repeated,16,170,6,6
TRPKOC250815334a1bb9,2025-08-15,KL01,repeated,34,405,9,9
TRPCOI2508155dc851c8,2025-08-15,TN01,repeated,8,87,6,7
TRPLUC250815dcb1561d,2025-08-15,UP01,repeated,17,179,7,8
TRPLUC2508158ea80dbb,2025-08-15,UP01,new,11,125,7,6
TRPJAI250815dcc0e79e,2025-08-15,RJ01,new,25,337,9,9
TRPCHA2508152ef6c93d,2025-08-15,CH01,new,28,278,8,7
TRPLUC250815ee2c2292,2025-08-15,UP01,repeated,10,116,7,5
TRPCHA250815927ca7f7,2025-08-15,CH01,new,33,323,8,8
TRPJAI25081530b409d2,2025-08-15,RJ01,new,39,505,10,8
TRPLUC250815ef21507d,2025-08-15,UP01,repeated,18,188,5,8
TRPMYS250815a64d7f0b,2025-08-15,KA01,new,25,285,8,8
TRPSUR2508155a4a0777,2025-08-15,GJ01,repeated,5,59,7,6
TRPJAI2508157fef0e2c,2025-08-15,RJ01,new,42,541,10,10
TRPLUC250815fe82a986,2025-08-15,UP01,repeated,15,161,7,5
TRPJAI25081560f37338,2025-08-15,RJ01,repeated,21,289,9,10
TRPCOI25081546e77c09,2025-08-15,TN01,repeated,10,103,9,6
TRPJAI25081565140b17,2025-08-15,RJ01,repeated,16,229,7,9
TRPIND250815b4a4391b,2025-08-15,MP01,new,10,103,9,8
TRPIND250815f9312a83,2025-08-15,MP01,repeated,10,103,9,8
TRPLUC2508150b2d55be,2025-08-15,UP01,repeated,12,134,5,5
TRPLUC2508157696483c,2025-08-15,UP01,repeated,17,179,5,6
TRPLUC250815b8c8a64d,2025-08-15,UP01,repeated,5,71,6,6
TRPJAI25081516e78431,2025-08-15,RJ01,repeated,19,265,8,9
TRPLUC25081561dc0c6a,2025-08-15,UP01,repeated,9,107,5,5
TRPCOI250815e1cdc05c,2025-08-15,TN01,new,11,111,7,8
TRPIND250815868e9d8f,2025-08-15,MP01,repeated,24,215,7,6
TRPLUC25081595c9cdb4,2025-08-15,UP01,repeated,16,170,6,5
TRPJAI250815bf03caa6,2025-08-15,RJ01,new,44,565,9,8
TRPMYS250815c4cb4a89,2025-08-15,KA01,new,12,155,8,10
TRPKOC25081567780b69,2025-08-15,KL01,new,24,295,8,10
TRPJAI250815b0daf7ab,2025-08-15,RJ01,repeated,25,337,8,9
TRPCHA2508159ae08956,2025-08-15,CH01,new,33,323,9,8
TRPKOC250815b9f7ebc9,2025-08-15,KL01,repeated,11,152,8,9
TRPLUC2508153877c3f1,2025-08-15,UP01,repeated,12,134,5,8
TRPKOC250815fa687963,2025-08-15,KL01,repeated,35,416,7,9
TRPJAI2508150c62c4e1,2025-08-15,RJ01,repeated,30,397,7,10
TRPIND25081552f46811,2025-08-15,MP01,repeated,9,95,7,9
TRPJAI250815619933a0,2025-08-15,RJ01,new,29,385,10,10
TRPCOI25081549b1095b,2025-08-15,TN01,repeated,10,103,7,7
TRPCHA25081509485868,2025-08-15,CH01,repeated,34,332,8,7
TRPCHA25081569d38a35,2025-08-15,CH01,repeated,24,242,8,7
TRPKOC25081568683c5a,2025-08-15,KL01,repeated,10,141,8,10
TRPCHA25081598712fff,2025-08-15,CH01,repeated,27,269,8,6
TRPLUC2508150dedf85f,2025-08-15,UP01,repeated,6,80,7,6
TRPLUC2508151ecc7100,2025-08-15,UP01,repeated,10,116,6,7
TRPLUC25081527fbab82,2025-08-15,UP01,repeated,12,134,5,6
TRPLUC250815bafd7a93,2025-08-15,UP01,repeated,17,179,6,6
TRPKOC250815adc78777,2025-08-15,KL01,repeated,30,361,9,10
TRPLUC250815e494be54,2025-08-15,UP01,repeated,9,107,7,5
TRPSUR250815597f47c7,2025-08-15,GJ01,repeated,12,115,7,7
TRPSUR2508153897f6e6,2025-08-15,GJ01,repeated,11,107,5,7
TRPSUR2508157f75626f,2025-08-15,GJ01,new,14,131,9,6
TRPVIS2508154d772f13,2025-08-15,AP01,new,29,288,8,8
TRPLUC250815cd20d565,2025-08-15,UP01,repeated,16,170,7,5
TRPSUR250815b33c2255,2025-08-15,GJ01,repeated,8,83,5,5
TRPSUR2508157ddff26b,2025-08-15,GJ01,new,6,67,9,8
TRPCHA250815900fa654,2025-08-15,CH01,new,35,341,10,8
TRPJAI250815e8304fa7,2025-08-15,RJ01,repeated,35,457,8,9
TRPLUC2508154e3b4b3f,2025-08-15,UP01,repeated,17,179,5,7
TRPKOC250815c032589d,2025-08-15,KL01,repeated,32,383,8,9
TRPVAD25081563ce64a1,2025-08-15,GJ02,repeated,17,154,7,6
TRPVAD250815b78bba05,2025-08-15,GJ02,repeated,17,154,6,5
TRPCHA2508156ff4825d,2025-08-15,CH01,new,20,206,8,7
TRPSUR250815eda141c4,2025-08-15,GJ01,repeated,15,139,7,7
TRPMYS250815c65ad761,2025-08-15,KA01,new,12,155,10,8
TRPCOI2508157a0087c2,2025-08-15,TN01,new,8,87,10,7
TRPLUC250815a09d3e19,2025-08-15,UP01,new,5,71,7,6
TRPJAI250815b02e07ff,2025-08-15,RJ01,new,44,565,8,9
TRPJAI2508156309ce38,2025-08-15,RJ01,new,40,517,8,10
TRPJAI25081575ec21e9,2025-08-15,RJ01,repeated,42,541,8,9
TRPSUR250815a8b35372,2025-08-15,GJ01,repeated,17,155,7,5
TRPCHA250815a244fa53,2025-08-15,CH01,repeated,13,143,9,8
TRPSUR250815e9b3e39c,2025-08-15,GJ01,repeated,7,75,6,6
TRPLUC250815a04bf0a7,2025-08-15,UP01,repeated,13,143,5,6
TRPVIS25081571db7717,2025-08-15,AP01,new,32,315,8,10
TRPJAI25081529930f59,2025-08-15,RJ01,new,21,289,9,8
TRPVAD25081510e49ed9,2025-08-15,GJ02,new,11,106,9,6
TRPCHA2508151c030e99,2025-08-15,CH01,repeated,13,143,6,7
TRPVIS2508155e62cc8c,2025-08-15,AP01,repeated,29,288,9,10
TRPJAI250815bbdf2e81,2025-08-15,RJ01,repeated,16,229,9,9
TRPCHA2508150046eb71,2025-08-15,CH01,repeated,13,143,9,9
TRPLUC25081527ff8d96,2025-08-15,UP01,repeated,5,71,5,6
TRPJAI25081569635365,2025-08-15,RJ01,repeated,17,241,9,9
TRPCHA250815481e1c62,2025-08-15,CH01,repeated,24,242,9,8
TRPIND25081570dd947b,2025-08-15,MP01,new,15,143,10,8
TRPSUR25081540aad5f4,2025-08-15,GJ01,repeated,13,123,6,5
TRPCHA25081539369ad3,2025-08-15,CH01,new,22,224,10,7
TRPSUR25081598a5962b,2025-08-15,GJ01,repeated,6,67,5,8
TRPCOI25081554fd0c3c,2025-08-15,TN01,repeated,11,111,7,6
TRPJAI250815af17794c,2025-08-15,RJ01,repeated,18,253,7,8
TRPCHA25081569c4c817,2025-08-15,CH01,repeated,31,305,6,8
TRPLUC2508154a4aff85,2025-08-15,UP01,repeated,17,179,5,8
TRPSUR2508159b340363,2025-08-15,GJ01,repeated,16,147,7,5
TRPCHA250815d1b27a56,2025-08-15,CH01,new,14,152,7,8
TRPKOC2508158fd9b3ec,2025-08-15,KL01,repeated,28,339,8,10
TRPIND250815947473e5,2025-08-15,MP01,repeated,17,159,6,8
TRPVAD250815b981e618,2025-08-15,GJ02,repeated,18,162,5,8
TRPLUC250815052ce3e7,2025-08-15,UP01,new,17,179,7,8
TRPJAI250815c7167961,2025-08-15,RJ01,repeated,34,445,7,9
TRPLUC250815f7e30461,2025-08-15,UP01,repeated,6,80,5,7
TRPCOI2508158a86f599,2025-08-15,TN01,repeated,21,191,8,7
TRPLUC2508155bed1994,2025-08-15,UP01,new,18,188,7,6
TRPLUC250815b8f3151c,2025-08-15,UP01,repeated,12,134,7,8
TRPMYS2508151a025ed1,2025-08-15,KA01,repeated,25,285,8,9
TRPJAI250815a3454f4a,2025-08-15,RJ01,repeated,24,325,8,9
TRPJAI25081569247dc2,2025-08-15,RJ01,repeated,40,517,8,9
TRPCHA25081585071caa,2025-08-15,CH01,new,32,314,7,9
TRPLUC25081566cba3e2,2025-08-15,UP01,repeated,11,125,6,8
TRPVIS250815765953e4,2025-08-15,AP01,repeated,26,261,9,9
TRPSUR250815df288281,2025-08-15,GJ01,repeated,12,115,7,5
TRPCOI250815701ad385,2025-08-15,TN01,repeated,12,119,7,9
TRPLUC250815bba5f6b9,2025-08-15,UP01,repeated,12,134,5,7
TRPKOC2508152304ce33,2025-08-15,KL01,new,23,284,10,10
TRPJAI2508156a206c56,2025-08-15,RJ01,new,21,289,10,10
TRPCHA250815eb9659ad,2025-08-15,CH01,repeated,20,206,7,8
TRPIND250815be3525fc,2025-08-15,MP01,repeated,22,199,9,6
TRPLUC250815c7274042,2025-08-15,UP01,repeated,14,152,7,6
TRPJAI250815ad300cfe,2025-08-15,RJ01,new,38,493,9,8
TRPLUC25081556e0b237,2025-08-15,UP01,new,17,179,9,8
TRPVAD250815d2919ecd,2025-08-15,GJ02,new,11,106,9,6
TRPLUC2508158ea6d25d,2025-08-15,UP01,repeated,16,170,6,8
TRPIND250815ab13020c,2025-08-15,MP01,repeated,8,87,6,9
TRPVAD2508159211e971,2025-08-15,GJ02,repeated,14,130,7,8
TRPLUC2508150b3cbf82,2025-08-15,UP01,repeated,15,161,5,7
TRPCHA250815f9731854,2025-08-15,CH01,repeated,35,341,8,7
TRPCHA2508151a7fcb6d,2025-08-15,CH01,repeated,20,206,9,7
TRPIND250815ada80fb8,2025-08-15,MP01,repeated,12,119,8,6
TRPJAI250815b58bf7b1,2025-08-15,RJ01,repeated,28,373,9,8
TRPCHA250815d49696d1,2025-08-15,CH01,repeated,17,179,8,9
TRPSUR25081513a0e756,2025-08-15,GJ01,repeated,11,107,7,8
TRPJAI25081597c03e4f,2025-08-15,RJ01,repeated,24,325,8,10
TRPCHA2508155924f54f,2025-08-15,CH01,new,28,278,8,7
TRPCHA250815b2261dca,2025-08-15,CH01,new,21,215,9,8
TRPSUR25081562700f31,2025-08-15,GJ01,repeated,15,139,5,5
TRPLUC250815199a215f,2025-08-15,UP01,repeated,11,125,6,6
TRPCHA25081598f8e4cb,2025-08-15,CH01,repeated,24,242,6,7
TRPJAI2508156ff465d3,2025-08-15,RJ01,repeated,45,577,7,10
TRPJAI2508150456240f,2025-08-15,RJ01,repeated,39,505,9,8
TRPLUC250815d56c0968,2025-08-15,UP01,repeated,12,134,6,8
TRPJAI250815719b55fa,2025-08-15,RJ01,new,22,301,10,9
TRPKOC2508159523839c,2025-08-15,KL01,new,28,339,8,10
TRPKOC2508154c97f40e,2025-08-15,KL01,new,19,240,10,8
TRPVAD250815da5c5610,2025-08-15,GJ02,repeated,10,98,6,5
TRPLUC2508155606db66,2025-08-15,UP01,new,7,89,7,7
TRPJAI250815322a0711,2025-08-15,RJ01,new,41,529,8,8
TRPLUC25081578d47dbf,2025-08-15,UP01,repeated,8,98,6,7
TRPLUC25081599f5ed3f,2025-08-15,UP01,repeated,19,197,5,6
TRPSUR25081535ff4826,2025-08-15,GJ01,repeated,6,67,5,8
TRPJAI250815d68433bf,2025-08-15,RJ01,repeated,22,301,7,8
TRPSUR250815f4de0587,2025-08-15,GJ01,repeated,16,147,6,8
TRPSUR2508150323338e,2025-08-15,GJ01,new,13,123,8,8
TRPLUC25081556918f8b,2025-08-15,UP01,new,18,188,8,8
TRPIND25081552c40042,2025-08-15,MP01,new,21,191,10,7
TRPVIS250815ae9caaa7,2025-08-15,AP01,repeated,26,261,8,8
TRPVIS2508151ed1b758,2025-08-15,AP01,new,29,288,10,8
TRPJAI250815571ffa25,2025-08-15,RJ01,new,21,289,9,8
TRPIND250815f3546797,2025-08-15,MP01,repeated,23,207,9,9
TRPSUR250815623d7d0d,2025-08-15,GJ01,repeated,8,83,7,6
TRPSUR250815a30325e7,2025-08-15,GJ01,repeated,9,91,7,8
TRPMYS25081534ad455c,2025-08-15,KA01,new,23,265,9,9
TRPJAI2508152b899ce2,2025-08-15,RJ01,new,35,457,9,8
TRPIND25081549c12d51,2025-08-15,MP01,repeated,20,183,9,7
TRPLUC2508156088a0ec,2025-08-15,UP01,repeated,19,197,6,6
TRPLUC2508155e72cc6a,2025-08-15,UP01,repeated,7,89,5,5
TRPLUC2508155272fcc3,2025-08-15,UP01,repeated,20,206,5,7
TRPLUC250815833b19c8,2025-08-15,UP01,repeated,10,116,5,8
TRPKOC2508159587ac02,2025-08-15,KL01,new,27,328,8,9
TRPJAI250815176280be,2025-08-15,RJ01,new,30,397,9,8
TRPLUC2508157847d01f,2025-08-15,UP01,repeated,17,179,7,7
TRPLUC25081559071223,2025-08-15,UP01,repeated,14,152,6,6
TRPVIS250815638240cc,2025-08-15,AP01,repeated,14,153,8,10
TRPCOI250815d7fbafca,2025-08-15,TN01,new,11,111,10,8
TRPSUR2508153739b183,2025-08-15,GJ01,repeated,5,59,7,6
TRPVIS250815b37aabda,2025-08-15,AP01,repeated,33,324,8,10
TRPIND2508152fca2d4c,2025-08-15,MP01,repeated,21,191,7,8
TRPIND2508155d3f5d84,2025-08-15,MP01,repeated,13,127,6,8
TRPCOI250815470b1126,2025-08-15,TN01,new,17,159,10,8
TRPCHA2508158c4f3222,2025-08-15,CH01,new,21,215,9,8
TRPJAI25081538e7547c,2025-08-15,RJ01,repeated,41,529,7,9
TRPVIS250815c5acb50b,2025-08-15,AP01,repeated,28,279,7,8
TRPKOC25081550d445fe,2025-08-15,KL01,repeated,37,438,8,9
TRPCOI2508151f444121,2025-08-15,TN01,new,18,167,7,8
TRPJAI2508156211537c,2025-08-15,RJ01,new,16,229,9,10
TRPVAD250815b9934b62,2025-08-15,GJ02,repeated,15,138,7,6
TRPKOC2508157caec788,2025-08-15,KL01,repeated,37,438,7,10
TRPKOC2508150166d8d7,2025-08-15,KL01,repeated,16,207,9,8
TRPLUC250815a516cf11,2025-08-15,UP01,repeated,12,134,5,5
TRPSUR250815929245a1,2025-08-15,GJ01,repeated,15,139,5,5
TRPJAI250815e60726bd,2025-08-15,RJ01,new,33,433,8,8
TRPKOC250815575c5c76,2025-08-15,KL01,new,32,383,8,8
TRPVAD2508158df7e5f1,2025-08-15,GJ02,repeated,14,130,5,5
TRPCHA2508159d910993,2025-08-15,CH01,new,27,269,7,9
TRPCHA250815ff6cb893,2025-08-15,CH01,new,33,323,8,7
TRPLUC250815af2e1fec,2025-08-15,UP01,repeated,8,98,7,5
TRPIND2508152b2f80de,2025-08-15,MP01,new,10,103,7,7
TRPJAI2508155fdf4618,2025-08-15,RJ01,new,45,577,8,10
TRPCHA250815be89f62e,2025-08-15,CH01,new,33,323,8,9
TRPJAI250815cbecc08f,2025-08-15,RJ01,repeated,45,577,7,9
TRPJAI25081592ae5ad0,2025-08-15,RJ01,new,39,505,9,9
TRPSUR2508153b6380e9,2025-08-15,GJ01,new,14,131,9,7
TRPLUC25081581d44946,2025-08-15,UP01,repeated,7,89,6,6
TRPSUR250815e0df7118,2025-08-15,GJ01,repeated,9,91,6,8
TRPSUR250815e2da5801,2025-08-15,GJ01,repeated,12,115,5,6
TRPLUC25081590fecc20,2025-08-15,UP01,new,8,98,7,8
TRPCHA25081541640c7c,2025-08-15,CH01,repeated,15,161,6,9
TRPVAD250815ecc487b5,2025-08-15,GJ02,repeated,7,74,7,7
TRPCOI250815bd381a29,2025-08-15,TN01,repeated,22,199,6,8
TRPSUR250815a7dfb5e8,2025-08-15,GJ01,repeated,13,123,7,5
TRPLUC250815c67ab340,2025-08-15,UP01,repeated,9,107,5,6
TRPVAD250815e5ca8f54,2025-08-15,GJ02,new,8,82,8,8
TRPVAD2508155cef63d9,2025-08-15,GJ02,repeated,7,74,6,7
TRPJAI25081565d2bde9,2025-08-15,RJ01,new,29,385,9,8
TRPKOC25081573426397,2025-08-15,KL01,new,37,438,9,8
TRPIND250815ebb55032,2025-08-15,MP01,repeated,19,175,7,6
TRPVAD25081537fdc889,2025-08-15,GJ02,new,14,130,8,7
TRPLUC25081582f60bd8,2025-08-15,UP01,new,12,134,8,8
TRPCOI250815ce83f47d,2025-08-15,TN01,repeated,13,127,6,7
TRPJAI250815f805f0a1,2025-08-15,RJ01,new,17,241,10,8
TRPJAI2508158922c941,2025-08-15,RJ01,new,16,229,9,10
TRPMYS250815dafdb5a0,2025-08-15,KA01,repeated,17,205,7,8
TRPSUR250815d8d0b99f,2025-08-15,GJ01,repeated,8,83,6,7
TRPJAI250815145239d4,2025-08-15,RJ01,new,37,481,9,10
TRPIND2508159bb3480b,2025-08-15,MP01,new,16,151,8,9
TRPLUC2508155d59c389,2025-08-15,UP01,repeated,15,161,5,6
TRPKOC250815ca5f7fa0,2025-08-15,KL01,new,24,295,9,9
TRPLUC25081529600410,2025-08-15,UP01,repeated,15,161,5,7
TRPIND2508154a4c3d55,2025-08-15,MP01,new,20,183,8,8
TRPVAD25081589b55d9e,2025-08-15,GJ02,repeated,13,122,7,7
TRPJAI250815b8477070,2025-08-15,RJ01,new,19,265,8,9
TRPVAD25081523ac7fcf,2025-08-15,GJ02,new,6,66,7,6
TRPJAI250815ca2e7489,2025-08-15,RJ01,new,36,469,10,10
TRPSUR2508150a759760,2025-08-15,GJ01,new,12,115,7,8
TRPLUC2508151c9a9b19,2025-08-15,UP01,repeated,8,98,7,8
TRPJAI250815d30b0d22,2025-08-15,RJ01,new,28,373,9,9
TRPVAD25081504ba5a4b,2025-08-15,GJ02,new,18,162,9,8
TRPLUC2508157a1398a4,2025-08-15,UP01,new,11,125,7,6
TRPSUR250815a7ec8ae2,2025-08-15,GJ01,repeated,15,139,6,5
TRPJAI2508159f82f5cf,2025-08-15,RJ01,new,17,241,10,8
TRPCHA25081572a67add,2025-08-15,CH01,repeated,30,296,6,9
TRPJAI250815034c7ff7,2025-08-15,RJ01,new,40,517,9,8
TRPSUR25081522fe923a,2025-08-15,GJ01,new,9,91,9,7
TRPLUC250815ca44851f,2025-08-15,UP01,repeated,6,80,6,6
TRPLUC2508155258ff8e,2025-08-15,UP01,repeated,9,107,5,6
TRPJAI25081556981149,2025-08-15,RJ01,new,36,469,9,9
TRPCHA250815d105de42,2025-08-15,CH01,repeated,31,305,6,9
TRPSUR25081501baee82,2025-08-15,GJ01,repeated,12,115,7,8
TRPLUC2508155bc85bf6,2025-08-15,UP01,repeated,20,206,5,7
TRPLUC25081579e4aaa9,2025-08-15,UP01,repeated,19,197,7,7
TRPVIS25081530bd0cde,2025-08-15,AP01,repeated,30,297,9,9
TRPKOC250815f83b6125,2025-08-15,KL01,new,38,449,10,9
TRPJAI250815c2e5daa5,2025-08-15,RJ01,new,41,529,10,10
TRPIND25081504137e67,2025-08-15,MP01,new,19,175,8,8
TRPKOC250815ad3e5c58,2025-08-15,KL01,repeated,11,152,8,10
TRPVAD250815c9558f33,2025-08-15,GJ02,new,13,122,8,8
TRPLUC250815d38a0b95,2025-08-15,UP01,repeated,11,125,5,6
TRPSUR250815323a8923,2025-08-15,GJ01,repeated,17,155,5,8
TRPCHA25081579a1f218,2025-08-15,CH01,repeated,16,170,9,6
TRPKOC250815a36e1baf,2025-08-15,KL01,new,24,295,8,10
TRPJAI250815286a9805,2025-08-15,RJ01,new,28,373,9,10
TRPLUC250815a9e04544,2025-08-15,UP01,repeated,8,98,7,8
TRPJAI250815c7ffeff5,2025-08-15,RJ01,repeated,15,217,8,10
TRPCOI25081518344825,2025-08-15,TN01,new,19,175,7,9
TRPVIS25081563f7781a,2025-08-15,AP01,repeated,21,216,8,8
TRPCOI250815785e00e3,2025-08-15,TN01,repeated,21,191,9,6
TRPKOC25081500d4e021,2025-08-15,KL01,new,29,350,10,10
TRPSUR250815facf99ff,2025-08-15,GJ01,repeated,13,123,5,6
TRPIND25081543afe062,2025-08-15,MP01,repeated,11,111,9,6
TRPVAD2508152adde929,2025-08-15,GJ02,repeated,14,130,7,6
TRPKOC250815fa5a7dd3,2025-08-15,KL01,repeated,12,163,9,8
TRPSUR250815163e57df,2025-08-15,GJ01,repeated,15,139,5,8
TRPKOC2508150cb067f5,2025-08-15,KL01,repeated,32,383,8,9
TRPLUC2508158ed16038,2025-08-15,UP01,repeated,5,71,5,5
TRPLUC2508158ff479e6,2025-08-15,UP01,repeated,8,98,5,7
TRPVAD250815b34a6c8d,2025-08-15,GJ02,repeated,18,162,6,7
TRPVIS250815edd084d2,2025-08-15,AP01,new,27,270,10,8
TRPJAI25081592e04ad1,2025-08-15,RJ01,repeated,33,433,9,10
TRPIND2508157dc07f38,2025-08-15,MP01,new,17,159,8,9
TRPIND25081524359bc1,2025-08-15,MP01,repeated,22,199,8,7
TRPCOI2508157a5e0709,2025-08-15,TN01,repeated,9,95,8,6
TRPSUR2508155fa8bc98,2025-08-15,GJ01,repeated,10,99,5,7
TRPLUC250815dba9f4f8,2025-08-15,UP01,new,12,134,8,8
TRPKOC250815e3a566b0,2025-08-15,KL01,repeated,18,229,7,9
TRPMYS25081576fa8d3d,2025-08-15,KA01,new,15,185,10,9
TRPLUC250815297f53c2,2025-08-15,UP01,new,12,134,7,6
TRPCOI250815fffdd13e,2025-08-15,TN01,repeated,9,95,9,6
TRPSUR250815e1f8b670,2025-08-15,GJ01,repeated,5,59,5,5
TRPKOC250815ca720efa,2025-08-15,KL01,repeated,16,207,7,10
TRPLUC2508152121bf3e,2025-08-15,UP01,repeated,10,116,6,6
TRPLUC250815ca54c0be,2025-08-15,UP01,repeated,6,80,5,8
TRPLUC250815789a5408,2025-08-15,UP01,new,5,71,7,8
TRPIND2508156d32683e,2025-08-15,MP01,repeated,19,175,8,8
TRPKOC2508154a1db088,2025-08-15,KL01,new,23,284,8,8
TRPJAI2508150946bac3,2025-08-15,RJ01,new,35,457,8,8
TRPIND25081515414033,2025-08-15,MP01,repeated,25,223,7,9
TRPKOC250815edbb8280,2025-08-15,KL01,new,27,328,8,9
TRPSUR250815ba0b2d35,2025-08-15,GJ01,repeated,10,99,6,7
TRPSUR25081576f1cb47,2025-08-15,GJ01,repeated,13,123,7,5
TRPCOI2508154761407b,2025-08-15,TN01,repeated,13,127,8,6
TRPKOC25081560270ab0,2025-08-15,KL01,new,17,218,10,9
TRPSUR2508150dab206f,2025-08-15,GJ01,new,5,59,8,6
TRPLUC25081595934511,2025-08-15,UP01,repeated,7,89,6,8
TRPIND250815ef251f3c,2025-08-15,MP01,repeated,18,167,9,7
TRPSUR2508150090be81,2025-08-15,GJ01,new,15,139,9,6
TRPSUR250815e327e2f9,2025-08-15,GJ01,repeated,12,115,6,6
TRPJAI2508153bafacef,2025-08-15,RJ01,repeated,29,385,9,9
TRPVIS250815b9ec4177,2025-08-15,AP01,repeated,11,126,8,9
TRPSUR25081525ee1379,2025-08-15,GJ01,new,14,131,8,7
TRPJAI250815e0220fdd,2025-08-15,RJ01,new,28,373,9,9
TRPLUC25081525b3c189,2025-08-15,UP01,repeated,7,89,6,6
TRPLUC250815e9ba6077,2025-08-15,UP01,repeated,17,179,7,6
TRPIND250815e485da6b,2025-08-15,MP01,repeated,11,111,8,6
TRPVAD2508156f57947f,2025-08-15,GJ02,repeated,17,154,5,5
TRPJAI2508153019bf28,2025-08-15,RJ01,new,40,517,8,9
TRPIND2508154cf9e19b,2025-08-15,MP01,new,20,183,7,8
TRPLUC250815e37e96b1,2025-08-15,UP01,new,12,134,9,6
TRPLUC2508158156da77,2025-08-15,UP01,repeated,14,152,5,5
TRPKOC2508154b474b47,2025-08-15,KL01,new,34,405,10,8
TRPKOC25081561276fa9,2025-08-15,KL01,repeated,10,141,9,8
TRPKOC2508155b91a4d3,2025-08-15,KL01,repeated,27,328,8,8
TRPVAD250815a5d59ce9,2025-08-15,GJ02,repeated,18,162,7,7
TRPLUC250815ad434044,2025-08-15,UP01,repeated,19,197,7,5
TRPJAI2508159fc98602,2025-08-15,RJ01,repeated,43,553,8,8
TRPVIS250815a2a04c5f,2025-08-15,AP01,repeated,24,243,8,10
TRPVIS250815b1ff794c,2025-08-15,AP01,repeated,15,162,8,9
TRPVAD2508157e3175eb,2025-08-15,GJ02,repeated,8,82,7,6
TRPLUC250815f63105cf,2025-08-15,UP01,new,15,161,8,7
TRPVIS2508157aaf8411,2025-08-15,AP01,new,30,297,10,9
TRPJAI25081593870e92,2025-08-15,RJ01,new,33,433,8,10
TRPLUC250815d1cb4210,2025-08-15,UP01,repeated,7,89,5,8
TRPLUC25081572ce88e5,2025-08-15,UP01,repeated,17,179,6,7
TRPVAD250815b1e7c80c,2025-08-15,GJ02,repeated,8,82,6,7
TRPLUC250815b3430da5,2025-08-15,UP01,repeated,10,116,5,5
TRPKOC2508159b47a343,2025-08-15,KL01,repeated,18,229,7,9
TRPIND25081592608356,2025-08-15,MP01,repeated,18,167,8,9
TRPIND2508158f9c28fe,2025-08-15,MP01,repeated,21,191,6,9
TRPJAI2508156105942b,2025-08-15,RJ01,repeated,36,469,8,9
TRPJAI2508157b1ae706,2025-08-15,RJ01,repeated,39,505,8,8
TRPSUR2508151b56401a,2025-08-15,GJ01,new,8,83,8,8
TRPIND2508157b23eb1b,2025-08-15,MP01,new,8,87,7,9
TRPKOC250815e95fc6f3,2025-08-15,KL01,new,34,405,8,9
TRPLUC25081554b5dad7,2025-08-15,UP01,new,9,107,7,8
TRPMYS250815dcea594f,2025-08-15,KA01,repeated,19,225,8,8
TRPCHA250815dffbe544,2025-08-15,CH01,repeated,17,179,7,6
TRPCOI250815acd22e31,2025-08-15,TN01,new,16,151,8,9
TRPVAD25081579c87bde,2025-08-15,GJ02,repeated,8,82,6,7
TRPIND25081596853b1b,2025-08-15,MP01,new,14,135,9,9
TRPCHA25081539d14158,2025-08-15,CH01,new,23,233,9,8
TRPLUC250815be8c6a80,2025-08-15,UP01,repeated,19,197,5,6
TRPLUC2508153f63fc9d,2025-08-15,UP01,repeated,12,134,7,8
TRPVIS2508158383320d,2025-08-15,AP01,new,14,153,9,9
TRPLUC250815ed297f8f,2025-08-15,UP01,repeated,15,161,6,6
TRPJAI25081529943773,2025-08-15,RJ01,repeated,29,385,9,10
TRPVIS25081548d07cd0,2025-08-15,AP01,repeated,32,315,8,9
TRPLUC2508157a69b070,2025-08-15,UP01,new,10,116,9,7
TRPSUR2508153cefa9e9,2025-08-15,GJ01,repeated,11,107,5,6
TRPCOI250815bab054f4,2025-08-15,TN01,repeated,10,103,7,6
TRPKOC250815836cab6d,2025-08-15,KL01,new,25,306,8,8
TRPJAI2508154546b8f7,2025-08-15,RJ01,repeated,41,529,8,8
TRPIND2508159dd3caa9,2025-08-15,MP01,new,12,119,9,9
TRPLUC250815d861b72f,2025-08-15,UP01,repeated,12,134,6,8
TRPVAD250815cb53dbea,2025-08-15,GJ02,new,12,114,7,8
TRPVIS25081592aaddd0,2025-08-15,AP01,new,19,198,8,8
TRPSUR25081523673ca1,2025-08-15,GJ01,repeated,5,59,5,7
TRPLUC250815bdb28a70,2025-08-15,UP01,repeated,11,125,7,6
TRPIND2508150b5efdfd,2025-08-15,MP01,repeated,11,111,6,8
TRPJAI2508159b9f4a27,2025-08-15,RJ01,new,18,253,10,8
TRPLUC25081573786d9d,2025-08-15,UP01,repeated,15,161,6,5
TRPCOI2508153043d5bd,2025-08-15,TN01,repeated,16,151,7,7
TRPLUC25081594e42d2e,2025-08-15,UP01,repeated,16,170,7,6
TRPKOC250815b93f5ff6,2025-08-15,KL01,new,21,262,10,9
TRPSUR2508151b212373,2025-08-15,GJ01,new,17,155,8,7
TRPVIS250815efc782c2,2025-08-15,AP01,new,24,243,10,9
TRPIND2508154c3f80dd,2025-08-15,MP01,repeated,24,215,8,7
TRPVAD250815f17a7afe,2025-08-15,GJ02,repeated,5,58,6,5
TRPLUC25081599f7d743,2025-08-15,UP01,repeated,9,107,7,7
TRPKOC25081504be6ce3,2025-08-15,KL01,new,20,251,8,9
TRPLUC25081565a605e1,2025-08-15,UP01,repeated,8,98,6,7
TRPVIS2508154d0f6477,2025-08-15,AP01,repeated,33,324,8,9
TRPLUC250815e65b5b34,2025-08-15,UP01,repeated,14,152,7,5
TRPJAI250815c5f36ccd,2025-08-15,RJ01,repeated,24,325,9,9
TRPVIS25081593d43c0c,2025-08-15,AP01,new,29,288,9,10
TRPKOC250815437e90ed,2025-08-15,KL01,new,31,372,8,9
TRPCOI250815de2582ff,2025-08-15,TN01,repeated,19,175,9,6
TRPSUR2508158dc00097,2025-08-15,GJ01,repeated,16,147,6,7
TRPIND2508159c39adf0,2025-08-15,MP01,repeated,8,87,6,6
TRPKOC250815855715cb,2025-08-15,KL01,repeated,21,262,7,8
TRPJAI250815ef31fe0c,2025-08-15,RJ01,new,20,277,8,10
TRPJAI25081555953588,2025-08-15,RJ01,new,40,517,8,10
TRPSUR250815840a0944,2025-08-15,GJ01,repeated,10,99,5,6
TRPCHA250815e9064ee0,2025-08-15,CH01,repeated,26,260,7,8
TRPSUR250815ad4eda54,2025-08-15,GJ01,repeated,9,91,6,5
TRPVAD2508156f5faa68,2025-08-15,GJ02,repeated,15,138,7,6
TRPJAI2508159b7b2ff8,2025-08-15,RJ01,repeated,34,445,9,9
TRPCHA250815a9dc0c0b,2025-08-15,CH01,new,26,260,8,8
TRPLUC25081592e2091b,2025-08-15,UP01,new,19,197,7,6
TRPLUC250815b22302f0,2025-08-15,UP01,new,19,197,8,7
TRPCOI250815cdb19bd9,2025-08-15,TN01,new,19,175,9,8
TRPCHA250815a0a508f0,2025-08-15,CH01,repeated,26,260,9,9
TRPSUR25081594d50f11,2025-08-15,GJ01,repeated,16,147,7,5
TRPJAI250815e3435c30,2025-08-15,RJ01,repeated,28,373,8,9
TRPLUC2508151c318b3d,2025-08-15,UP01,repeated,17,179,5,5
TRPKOC250815eec03582,2025-08-15,KL01,repeated,21,262,8,9
TRPLUC25081523a336b9,2025-08-15,UP01,repeated,8,98,5,8
TRPLUC250815061efbdc,2025-08-15,UP01,repeated,16,170,6,8
TRPSUR25081514e9b914,2025-08-15,GJ01,new,11,107,9,7
TRPJAI250815a86b82b8,2025-08-15,RJ01,repeated,20,277,9,9
TRPVAD2508158551d0e9,2025-08-15,GJ02,new,16,146,7,8
TRPVIS2508154ae4480c,2025-08-15,AP01,repeated,11,126,7,10
TRPSUR2508153794a7e7,2025-08-15,GJ01,repeated,8,83,7,7
TRPCHA25081543172840,2025-08-15,CH01,new,23,233,9,8
TRPJAI250815fec4d7a7,2025-08-15,RJ01,new,28,373,8,8
TRPJAI250815ad49e4db,2025-08-15,RJ01,repeated,20,277,9,9
TRPLUC2508155aff1c89,2025-08-15,UP01,new,12,134,7,8
TRPKOC25081528711915,2025-08-15,KL01,repeated,33,394,8,9
TRPLUC250815b7ffbbe5,2025-08-15,UP01,new,5,71,9,6
TRPVAD2508155fb42add,2025-08-15,GJ02,repeated,14,130,5,6
TRPLUC25081566d47f7c,2025-08-15,UP01,repeated,6,80,6,8
TRPLUC2508153e8b10e5,2025-08-15,UP01,repeated,9,107,6,5
TRPVAD250815e8dc663b,2025-08-15,GJ02,new,6,66,8,8
TRPCHA250815b7693dab,2025-08-15,CH01,new,23,233,9,9
TRPCHA250815a29be164,2025-08-15,CH01,new,20,206,9,8
TRPLUC2508156a66f652,2025-08-15,UP01,repeated,15,161,6,5
TRPVAD25081551e86e53,2025-08-15,GJ02,repeated,9,90,6,8
TRPSUR250815f5e2fca6,2025-08-15,GJ01,repeated,12,115,6,6
TRPSUR2508154ed3c4e8,2025-08-15,GJ01,repeated,13,123,7,5
TRPKOC25081598091482,2025-08-15,KL01,new,33,394,8,10
TRPCOI250815b04cfcc5,2025-08-15,TN01,repeated,15,143,8,7
TRPVIS250815071be713,2025-08-15,AP01,repeated,20,207,8,9
TRPLUC250815297d2ae1,2025-08-15,UP01,new,6,80,9,8
TRPLUC25081512065d78,2025-08-15,UP01,repeated,6,80,6,8
TRPVAD250815c8a534e5,2025-08-15,GJ02,repeated,8,82,5,8
TRPIND250815915905ac,2025-08-15,MP01,new,13,127,9,9
TRPMYS25081538ca3bd8,2025-08-15,KA01,new,20,235,9,9
TRPVIS2508159c354fa7,2025-08-15,AP01,new,25,252,9,8
TRPSUR2508153a67b113,2025-08-15,GJ01,new,12,115,8,8
TRPLUC25081501c6bea3,2025-08-15,UP01,new,7,89,7,7
TRPCHA250815a5929e6c,2025-08-15,CH01,new,17,179,7,7
TRPJAI2508158871ed16,2025-08-15,RJ01,repeated,40,517,8,9
TRPLUC250815505db75c,2025-08-15,UP01,new,15,161,7,6
TRPSUR250815579c0abd,2025-08-15,GJ01,repeated,14,131,6,6
TRPLUC25081545e7831a,2025-08-15,UP01,repeated,14,152,6,7
TRPIND25081585ace7ae,2025-08-15,MP01,new,14,135,7,9
TRPLUC2508156774db96,2025-08-15,UP01,new,19,197,8,6
TRPJAI2508151afe4d0b,2025-08-15,RJ01,new,28,373,9,9
TRPJAI25081538972028,2025-08-15,RJ01,repeated,19,265,9,10
TRPSUR2508151f8b3431,2025-08-15,GJ01,repeated,12,115,5,8
TRPVIS250815dab7b265,2025-08-15,AP01,repeated,32,315,9,9
TRPSUR25081516e9b0a1,2025-08-15,GJ01,repeated,15,139,7,5
TRPSUR250815be84868a,2025-08-15,GJ01,new,5,59,8,7
TRPJAI2508159c895185,2025-08-15,RJ01,new,42,541,8,9
TRPJAI250815a82dc58d,2025-08-15,RJ01,repeated,29,385,7,8
TRPSUR250815c5de9b99,2025-08-15,GJ01,repeated,14,131,7,7
TRPCHA250815b1334b62,2025-08-15,CH01,new,19,197,7,9
TRPCHA250815537ffc43,2025-08-15,CH01,repeated,25,251,7,6
TRPLUC250815bdf19dd6,2025-08-15,UP01,repeated,12,134,7,6
TRPLUC2508151bf35547,2025-08-15,UP01,repeated,16,170,7,7
TRPLUC250815eb8ba33a,2025-08-15,UP01,repeated,13,143,7,7
TRPIND250815af9b1f5a,2025-08-15,MP01,repeated,20,183,8,9
TRPJAI2508151cf4a7dd,2025-08-15,RJ01,new,41,529,10,9
TRPIND2508151923bd27,2025-08-15,MP01,repeated,18,167,8,6
TRPSUR250815247e68f6,2025-08-15,GJ01,repeated,13,123,6,7
TRPVIS25081589ec4beb,2025-08-15,AP01,new,17,180,10,10
TRPCHA25081549922850,2025-08-15,CH01,repeated,31,305,9,6
TRPCHA25081575e36328,2025-08-15,CH01,repeated,23,233,9,6
TRPIND2508150e39bc3f,2025-08-15,MP01,new,25,223,9,8
TRPCHA2508158efa8c99,2025-08-15,CH01,new,21,215,7,9
TRPJAI250815bb738144,2025-08-15,RJ01,new,37,481,10,8
TRPSUR250815b1148019,2025-08-15,GJ01,new,16,147,7,6
TRPCOI25081593acbd33,2025-08-15,TN01,new,9,95,10,7
TRPCHA25081509478943,2025-08-15,CH01,new,34,332,8,8
TRPSUR250815502fd07f,2025-08-15,GJ01,repeated,7,75,5,7
TRPIND250815961c5af7,2025-08-15,MP01,new,24,215,10,8
TRPLUC250815cc7f45d0,2025-08-15,UP01,repeated,13,143,5,7
TRPSUR2508155b68e6f9,2025-08-15,GJ01,repeated,10,99,7,7
TRPVAD2508153f498fa5,2025-08-15,GJ02,new,10,98,7,7
TRPVIS25081593831415,2025-08-15,AP01,new,25,252,10,10
TRPCHA2508159b9e9609,2025-08-15,CH01,repeated,26,260,6,9
TRPLUC250815e3ff0070,2025-08-15,UP01,new,14,152,7,8
TRPIND25081532b63b0d,2025-08-15,MP01,new,12,119,8,9
TRPKOC2508154d5138de,2025-08-15,KL01,new,23,284,8,9
TRPMYS2508157e03dd6a,2025-08-15,KA01,repeated,10,135,9,8
TRPIND250815de13a081,2025-08-15,MP01,repeated,12,119,9,7
TRPJAI2508152473c0e2,2025-08-15,RJ01,repeated,44,565,9,10
TRPLUC25081594ed06d5,2025-08-15,UP01,repeated,15,161,6,5
TRPCOI25081598ee52cb,2025-08-15,TN01,repeated,12,119,8,8
TRPCOI250815dd77c833,2025-08-15,TN01,repeated,22,199,9,8
TRPJAI25081570b8f2f8,2025-08-15,RJ01,new,16,229,10,10
TRPIND2508154a0c314e,2025-08-15,MP01,new,21,191,9,8
TRPKOC25081567e89000,2025-08-15,KL01,new,10,141,8,10
TRPKOC250815149e9591,2025-08-15,KL01,new,28,339,1,1
TRPSUR250815a12540f1,2025-08-15,GJ01,repeated,17,155,5,8
TRPKOC250815887ee2fe,2025-08-15,KL01,new,26,317,9,10
TRPSUR250815a3258807,2025-08-15,GJ01,repeated,14,131,5,7
TRPLUC2508153c58f2e9,2025-08-15,UP01,new,18,188,7,8
TRPIND250815443861f2,2025-08-15,MP01,new,16,151,7,7
TRPSUR250815a9563f0a,2025-08-15,GJ01,repeated,16,147,5,8
TRPSUR25081545a4b2d3,2025-08-15,GJ01,repeated,10,99,5,7
TRPIND25081570e8a754,2025-08-15,MP01,new,11,111,9,9
TRPMYS2508152ada04fc,2025-08-15,KA01,repeated,15,185,8,9
TRPVAD250815f149fb0f,2025-08-15,GJ02,repeated,9,90,7,7
TRPSUR25081542c8e036,2025-08-15,GJ01,repeated,17,155,6,7
TRPLUC250815813b943d,2025-08-15,UP01,repeated,5,71,5,6
TRPCOI25081519699acf,2025-08-15,TN01,repeated,15,143,6,9
TRPSUR250815fd8221b9,2025-08-15,GJ01,repeated,5,59,6,7
TRPMYS250815b295ffff,2025-08-15,KA01,repeated,22,255,9,9
TRPLUC2508156ae17311,2025-08-15,UP01,repeated,14,152,7,7
TRPVIS250815b9bcd5ab,2025-08-15,AP01,repeated,25,252,8,10
TRPVAD250815b033ce53,2025-08-15,GJ02,new,9,90,8,8
TRPLUC25081515c83dc6,2025-08-15,UP01,repeated,8,98,7,7
TRPSUR25081505c7db37,2025-08-15,GJ01,repeated,13,123,6,6
TRPSUR2508156f26907d,2025-08-15,GJ01,new,6,67,7,6
TRPLUC250815edcf8bc8,2025-08-15,UP01,repeated,6,80,7,5
TRPLUC2508159e5bc957,2025-08-15,UP01,new,17,179,8,8
TRPJAI25081504ff90bc,2025-08-15,RJ01,new,25,337,9,9
TRPCOI2508158b62c810,2025-08-15,TN01,repeated,17,159,9,9
TRPLUC250815387bff59,2025-08-15,UP01,new,19,197,8,6
TRPJAI2508156e5caa88,2025-08-15,RJ01,repeated,34,445,7,10
TRPLUC250815fa23f2f7,2025-08-15,UP01,repeated,20,206,5,7
TRPSUR25081511ca728d,2025-08-15,GJ01,repeated,10,99,7,8
TRPJAI250815dc06804f,2025-08-15,RJ01,new,19,265,8,8
TRPKOC250815b50a0668,2025-08-15,KL01,new,24,295,9,10
TRPLUC250815c24c6ee9,2025-08-15,UP01,new,19,197,7,8
TRPJAI250815d21bbb68,2025-08-15,RJ01,repeated,18,253,9,9
TRPVIS2508151957f846,2025-08-15,AP01,new,12,135,9,9
TRPCHA250815a8c244ce,2025-08-15,CH01,new,29,287,9,7
TRPCHA2508158f16312a,2025-08-15,CH01,repeated,25,251,9,9
TRPIND25081516dc156e,2025-08-15,MP01,new,17,159,8,9
TRPIND2508151882de19,2025-08-15,MP01,repeated,22,199,6,8
TRPLUC2508151cfe56bf,2025-08-15,UP01,repeated,7,89,5,6
TRPIND2508155c65e45e,2025-08-15,MP01,repeated,25,223,7,6
TRPJAI25081520f93478,2025-08-15,RJ01,repeated,43,553,8,9
TRPIND250815591253df,2025-08-15,MP01,new,8,87,9,7
TRPSUR2508158fd2bc02,2025-08-15,GJ01,new,9,91,8,7
TRPJAI2508155bb999a3,2025-08-15,RJ01,repeated,18,253,7,10
TRPJAI2508156bfedaba,2025-08-15,RJ01,repeated,26,349,8,8
TRPIND25081517669116,2025-08-15,MP01,repeated,14,135,6,7
TRPSUR25081567f4fe77,2025-08-15,GJ01,repeated,15,139,6,8
TRPCOI2508159af16477,2025-08-15,TN01,new,21,191,7,7
TRPLUC250815bcca0840,2025-08-15,UP01,repeated,19,197,7,5
TRPSUR250815ae8b11b8,2025-08-15,GJ01,repeated,9,91,6,6
TRPSUR2508153509ecf8,2025-08-15,GJ01,repeated,14,131,5,6
TRPJAI250815f1d53ea5,2025-08-15,RJ01,repeated,17,241,8,10
TRPSUR250815cf526785,2025-08-15,GJ01,repeated,12,115,6,6
TRPSUR2508151cf397f2,2025-08-15,GJ01,repeated,16,147,6,5
TRPKOC2508150b443cb9,2025-08-15,KL01,new,35,416,10,9
TRPCHA25081543f5c34f,2025-08-15,CH01,new,17,179,7,9
TRPCHA25081596ea1433,2025-08-15,CH01,new,22,224,9,9
TRPVAD2508152cd26458,2025-08-15,GJ02,new,11,106,9,8
TRPSUR25081518f9e9be,2025-08-15,GJ01,new,8,83,7,6
TRPIND25081591b841f2,2025-08-15,MP01,repeated,11,111,6,8
TRPKOC2508152102464b,2025-08-15,KL01,new,31,372,8,8
TRPJAI250815527ac0b9,2025-08-15,RJ01,new,39,505,10,8
TRPLUC2508157fe0c829,2025-08-15,UP01,repeated,20,206,6,5
TRPVAD25081517284030,2025-08-15,GJ02,repeated,8,82,7,8
TRPVAD2508151cdc3259,2025-08-15,GJ02,repeated,14,130,5,7
TRPJAI250815a990ce45,2025-08-15,RJ01,new,21,289,9,9
TRPIND250815acfbc1e6,2025-08-15,MP01,new,10,103,10,8
TRPVIS25081553088ba1,2025-08-15,AP01,repeated,10,117,8,9
TRPKOC250815f20c24ae,2025-08-15,KL01,repeated,14,185,7,9
TRPSUR250815c5e62887,2025-08-15,GJ01,repeated,13,123,7,8
TRPVAD25081594671cd5,2025-08-15,GJ02,repeated,17,154,6,7
TRPSUR25081592a353e5,2025-08-15,GJ01,new,12,115,9,7
TRPCHA25081521b16ce7,2025-08-15,CH01,repeated,14,152,7,6
TRPJAI2508150499ec94,2025-08-15,RJ01,new,28,373,8,8
TRPJAI25081564832e87,2025-08-15,RJ01,new,39,505,8,9
TRPJAI250815a3b5555f,2025-08-15,RJ01,new,36,469,10,10
TRPCOI250815abc88f56,2025-08-15,TN01,new,14,135,9,7
TRPCHA2508150c1c9f87,2025-08-15,CH01,repeated,20,206,8,9
TRPKOC25081543ddcfb8,2025-08-15,KL01,new,25,306,10,10
TRPJAI2508158d1b7ccd,2025-08-15,RJ01,repeated,24,325,7,8
TRPCHA2508157c66eecd,2025-08-15,CH01,repeated,13,143,8,8
TRPLUC250815d42f923d,2025-08-15,UP01,new,13,143,7,8
TRPSUR250815e1d35a14,2025-08-15,GJ01,repeated,5,59,5,8
TRPJAI250815b1b0b51d,2025-08-15,RJ01,repeated,15,217,7,9
TRPJAI250815aea88992,2025-08-15,RJ01,new,42,541,8,8
TRPVIS2508159dfcf47b,2025-08-15,AP01,new,17,180,10,9
TRPMYS250815007ce0b6,2025-08-15,KA01,repeated,10,135,7,9
TRPCOI2508151aeda4c6,2025-08-15,TN01,repeated,9,95,9,8
TRPIND250815b8027a99,2025-08-15,MP01,repeated,10,103,7,9
TRPKOC25081535d3aa2d,2025-08-15,KL01,new,21,262,8,10
TRPLUC2508158b5388d5,2025-08-15,UP01,repeated,5,71,6,5
TRPCOI250815ae45b111,2025-08-15,TN01,repeated,16,151,8,7
TRPSUR250815debbad67,2025-08-15,GJ01,new,10,99,9,6
TRPIND2508159416f632,2025-08-15,MP01,repeated,16,151,6,8
TRPVIS25081545799e4e,2025-08-15,AP01,repeated,10,117,9,8
TRPMYS250815e5816fe4,2025-08-15,KA01,repeated,9,125,8,8
TRPSUR250815b8159386,2025-08-15,GJ01,repeated,15,139,5,8
TRPCHA250815d43312b5,2025-08-15,CH01,repeated,20,206,6,7
TRPVIS2508156126f56d,2025-08-15,AP01,repeated,19,198,7,9
TRPVIS25081539e51a61,2025-08-15,AP01,new,18,189,8,9
TRPVIS250815081026f5,2025-08-15,AP01,repeated,26,261,8,9
TRPCHA250815d1a47ec0,2025-08-15,CH01,new,22,224,8,8
TRPLUC250815b877766d,2025-08-15,UP01,new,13,143,7,7
TRPCOI250815936bba43,2025-08-15,TN01,repeated,15,143,9,7
TRPLUC2508159e92d4e2,2025-08-15,UP01,repeated,20,206,5,6
TRPVAD25081511df2a5a,2025-08-15,GJ02,repeated,18,162,7,7
TRPJAI250815a9b17c68,2025-08-15,RJ01,new,31,409,9,9
TRPSUR25081517b41500,2025-08-15,GJ01,repeated,11,107,6,7
TRPCHA250815653fa792,2025-08-15,CH01,repeated,13,143,9,7
TRPLUC250815949644b6,2025-08-15,UP01,new,6,80,7,7
TRPIND25081560682996,2025-08-15,MP01,repeated,23,207,7,7
TRPIND250815b359ea85,2025-08-15,MP01,repeated,12,119,9,6
TRPVAD250815c7b22a0c,2025-08-15,GJ02,repeated,15,138,6,7
TRPSUR250815643cf2a5,2025-08-15,GJ01,repeated,8,83,6,7
TRPLUC250815b141681c,2025-08-15,UP01,repeated,12,134,5,7
TRPIND2508151122bcec,2025-08-15,MP01,repeated,15,143,9,8
TRPCOI250815ab5ff501,2025-08-15,TN01,repeated,19,175,6,9
TRPCHA2508152e5f9fae,2025-08-15,CH01,new,19,197,10,7
TRPSUR2508154f872bd4,2025-08-15,GJ01,repeated,5,59,6,8
TRPKOC250815d70b10a4,2025-08-15,KL01,repeated,13,174,7,10
TRPSUR250815e5a86cb2,2025-08-15,GJ01,repeated,14,131,5,7
TRPSUR250815d3c9cfcf,2025-08-15,GJ01,repeated,7,75,7,5
TRPSUR25081548adf9a1,2025-08-15,GJ01,repeated,11,107,7,5
TRPLUC2508159e869137,2025-08-15,UP01,repeated,13,143,6,8
TRPCOI2508153982e19e,2025-08-15,TN01,repeated,11,111,6,7
TRPIND250815b2f16ed8,2025-08-15,MP01,repeated,21,191,6,7
TRPIND2508150058b080,2025-08-15,MP01,repeated,15,143,9,8
TRPLUC250815a0d1e5de,2025-08-15,UP01,repeated,10,116,6,7
TRPJAI25081533431e5d,2025-08-15,RJ01,new,41,529,10,8
TRPLUC25081506e9576d,2025-08-15,UP01,repeated,7,89,5,8
TRPCOI250815eb2a1653,2025-08-15,TN01,repeated,17,159,7,6
TRPCHA25081575752b55,2025-08-15,CH01,repeated,21,215,6,6
TRPLUC250815587526bf,2025-08-15,UP01,repeated,6,80,5,8
TRPVAD2508159008068d,2025-08-15,GJ02,repeated,17,154,7,8
TRPJAI25081562022f15,2025-08-15,RJ01,repeated,44,565,9,9
TRPCHA2508155084833e,2025-08-15,CH01,repeated,20,206,8,9
TRPSUR250815cb5627fd,2025-08-15,GJ01,repeated,14,131,6,6
TRPCHA2508152d049cc6,2025-08-15,CH01,repeated,34,332,7,6
TRPJAI25081527b2bb33,2025-08-15,RJ01,repeated,36,469,8,10
TRPJAI2508157d8caa7a,2025-08-15,RJ01,new,30,397,8,10
TRPJAI2508158c46889b,2025-08-15,RJ01,new,37,481,9,9
TRPCHA250815ab1f221b,2025-08-15,CH01,repeated,35,341,6,9
TRPSUR25081595281d5b,2025-08-15,GJ01,repeated,10,99,5,7
TRPJAI25081592c2f2fa,2025-08-15,RJ01,new,43,553,8,10
TRPJAI250815d58fc983,2025-08-15,RJ01,repeated,21,289,8,8
TRPJAI25081565efe9f9,2025-08-15,RJ01,repeated,40,517,9,9
TRPLUC25081550fbd36c,2025-08-15,UP01,repeated,15,161,7,6
TRPVAD250815e2eacb2d,2025-08-15,GJ02,repeated,17,154,6,5
TRPKOC250815b722c648,2025-08-15,KL01,new,36,427,8,9
TRPCOI25081571c8249d,2025-08-15,TN01,new,18,167,8,9
TRPKOC250815102fad03,2025-08-15,KL01,new,26,317,8,9
TRPVAD250815ed7d5b94,2025-08-15,GJ02,repeated,13,122,5,7
TRPLUC250815f3c0cb0d,2025-08-15,UP01,new,11,125,7,7
TRPSUR250815d5b6b24e,2025-08-15,GJ01,repeated,5,59,7,6
TRPIND250815adcd13ac,2025-08-15,MP01,new,22,199,9,7
TRPIND2508154eadf3bc,2025-08-15,MP01,repeated,21,191,9,8
TRPIND2508151c8c4083,2025-08-15,MP01,new,19,175,8,9
TRPSUR250815a20775cf,2025-08-15,GJ01,repeated,14,131,6,6
TRPCOI250815fec916fc,2025-08-15,TN01,repeated,8,87,8,7
TRPIND250815cade6e56,2025-08-15,MP01,repeated,25,223,7,9
TRPJAI250815bef7449b,2025-08-15,RJ01,new,22,301,10,10
TRPIND2508153daf16a1,2025-08-15,MP01,repeated,21,191,8,7
TRPKOC25081577000264,2025-08-15,KL01,repeated,36,427,7,9
TRPVIS2508157f841f57,2025-08-15,AP01,repeated,24,243,9,10
TRPIND250815deec6f87,2025-08-15,MP01,repeated,24,215,8,9
TRPKOC250815cae01770,2025-08-15,KL01,new,21,262,10,10
TRPVIS250815845526b9,2025-08-15,AP01,new,31,306,8,10
TRPLUC250815c7b8dd9a,2025-08-15,UP01,repeated,7,89,5,5
TRPLUC2508156cdd3ede,2025-08-15,UP01,new,10,116,9,7
TRPIND2508153ce4f7a9,2025-08-15,MP01,new,13,127,9,7
TRPLUC2508154775e0d6,2025-08-15,UP01,repeated,11,125,7,6
TRPLUC2508150f14dcd3,2025-08-15,UP01,repeated,16,170,6,7
TRPSUR25081567ad8a3e,2025-08-15,GJ01,repeated,5,59,6,5
TRPIND250815a5aac9b3,2025-08-15,MP01,repeated,11,111,7,8
TRPMYS25081592762072,2025-08-15,KA01,new,15,185,10,9
TRPCHA25081593e36076,2025-08-15,CH01,repeated,23,233,6,7
TRPLUC250815cbaf0b3c,2025-08-15,UP01,new,11,125,8,6
TRPCOI2508154bc3c326,2025-08-15,TN01,repeated,12,119,9,8
TRPLUC25081557ac4f2b,2025-08-15,UP01,repeated,18,188,5,5
TRPIND250815b76e36d8,2025-08-15,MP01,repeated,23,207,6,9
TRPSUR25081541895b08,2025-08-15,GJ01,repeated,12,115,5,7
TRPLUC25081532fa4474,2025-08-15,UP01,repeated,9,107,7,6
TRPSUR250815d6e0ac71,2025-08-15,GJ01,new,5,59,7,6
TRPSUR250815b24f2080,2025-08-15,GJ01,repeated,16,147,6,6
TRPCHA250815f4069d7e,2025-08-15,CH01,repeated,21,215,8,7
TRPJAI25081592fffba6,2025-08-15,RJ01,repeated,41,529,9,8
TRPSUR25081529676b81,2025-08-15,GJ01,repeated,5,59,7,7
TRPLUC250815d1935aff,2025-08-15,UP01,repeated,14,152,7,8
TRPCHA25081565a93660,2025-08-15,CH01,new,32,314,9,7
TRPVAD250815e2ba7437,2025-08-15,GJ02,repeated,7,74,6,6
TRPCOI250815f479a122,2025-08-15,TN01,repeated,22,199,7,6
TRPVAD250815656ae25e,2025-08-15,GJ02,repeated,5,58,7,7
TRPIND250815a41accf7,2025-08-15,MP01,new,20,183,9,7
TRPSUR250815901f3fb3,2025-08-15,GJ01,repeated,8,83,5,6
TRPVIS25081548fb8309,2025-08-15,AP01,new,22,225,10,8
TRPLUC250815442c18d0,2025-08-15,UP01,new,14,152,8,8
TRPLUC25081551289ead,2025-08-15,UP01,repeated,17,179,7,6
TRPJAI250815ee064606,2025-08-15,RJ01,new,44,565,8,10
TRPVAD250815d97d73ed,2025-08-15,GJ02,repeated,5,58,5,8
TRPLUC250815e9e8fca9,2025-08-15,UP01,repeated,16,170,7,7
TRPVIS25081558d7f995,2025-08-15,AP01,new,23,234,9,10
TRPJAI250815c53590d5,2025-08-15,RJ01,new,25,337,8,10
TRPSUR2508155e0f7082,2025-08-15,GJ01,repeated,17,155,7,5
TRPCHA250815caaf308a,2025-08-15,CH01,new,29,287,10,7
TRPSUR250815e3260231,2025-08-15,GJ01,repeated,16,147,5,8
TRPJAI250815eaab5357,2025-08-15,RJ01,new,27,361,8,8
TRPLUC2508150acfc7e9,2025-08-15,UP01,repeated,13,143,7,6
TRPKOC250815bbaeb4c2,2025-08-15,KL01,new,19,240,10,9
TRPLUC25081568724ad5,2025-08-15,UP01,repeated,16,170,5,8
TRPLUC2508151ab9c525,2025-08-15,UP01,repeated,6,80,6,6
TRPSUR250815718299c2,2025-08-15,GJ01,repeated,10,99,6,7
TRPSUR250815ab664996,2025-08-15,GJ01,repeated,10,99,7,5
TRPCHA2508157b5f6c12,2025-08-15,CH01,new,25,251,8,7
TRPJAI25081579d66663,2025-08-15,RJ01,repeated,20,277,9,10
TRPLUC2508155c9f8c3e,2025-08-15,UP01,repeated,5,71,7,7
TRPIND2508151191110b,2025-08-15,MP01,repeated,20,183,7,9
TRPMYS250815ebf2439e,2025-08-15,KA01,new,9,125,10,10
TRPIND2508151cdd8d7f,2025-08-15,MP01,new,20,183,7,7
TRPVIS2508153a1bb558,2025-08-15,AP01,new,34,333,9,9
TRPLUC2508151851d93b,2025-08-15,UP01,repeated,6,80,5,7
TRPKOC250815493e6f12,2025-08-15,KL01,repeated,21,262,7,9
TRPSUR25081569dcaec3,2025-08-15,GJ01,repeated,10,99,6,8
TRPKOC2508153cd4c838,2025-08-15,KL01,new,38,449,9,8
TRPVIS250815402c43b7,2025-08-15,AP01,new,15,162,10,10
TRPSUR2508152846059b,2025-08-15,GJ01,new,5,59,9,7
TRPCHA2508152d1df389,2025-08-15,CH01,new,21,215,9,9
TRPIND2508157cac9761,2025-08-15,MP01,repeated,10,103,8,8
TRPCOI2508159c23071a,2025-08-15,TN01,repeated,13,127,6,6
TRPCHA25081580a24f63,2025-08-15,CH01,repeated,24,242,8,7
TRPIND2508151dcfe574,2025-08-15,MP01,new,14,135,8,7
TRPMYS2508155001f9ff,2025-08-15,KA01,new,24,275,8,8
TRPVIS250815af999e2d,2025-08-15,AP01,repeated,22,225,8,8
TRPLUC25081533aa5475,2025-08-15,UP01,repeated,15,161,6,7
TRPJAI2508150dbb5e0f,2025-08-15,RJ01,repeated,38,493,8,10
TRPSUR25081537ecd320,2025-08-15,GJ01,new,12,115,8,8
TRPVAD25081554c23f3d,2025-08-15,GJ02,repeated,13,122,7,7
TRPJAI2508151e184993,2025-08-15,RJ01,new,23,313,9,9
TRPLUC25081569867349,2025-08-15,UP01,repeated,6,80,7,7
TRPLUC2508159862d26e,2025-08-15,UP01,repeated,14,152,5,5
TRPJAI2508152232f7e8,2025-08-15,RJ01,repeated,34,445,9,9
TRPIND25081522ce3e7d,2025-08-15,MP01,new,11,111,10,9
TRPLUC250815129ddf36,2025-08-15,UP01,repeated,8,98,5,5
TRPCHA250815627346df,2025-08-15,CH01,new,18,188,8,7
TRPIND250815ae50d3ea,2025-08-15,MP01,new,9,95,9,8
TRPSUR250815a3c4f069,2025-08-15,GJ01,new,16,147,7,7
TRPLUC250815d37612ce,2025-08-15,UP01,repeated,17,179,6,7
TRPIND250815cfb53301,2025-08-15,MP01,new,8,87,10,9
TRPJAI2508158904b552,2025-08-15,RJ01,repeated,28,373,8,8
TRPLUC2508154e6f22c9,2025-08-15,UP01,repeated,13,143,5,8
TRPIND2508156a90cf74,2025-08-15,MP01,repeated,16,151,7,9
TRPCHA250815dbdbe9b7,2025-08-15,CH01,repeated,31,305,6,7
TRPSUR250815a791e4d0,2025-08-15,GJ01,new,14,131,9,6
TRPIND250815de1b9871,2025-08-15,MP01,repeated,14,135,7,8
TRPLUC250815f58e83d1,2025-08-15,UP01,repeated,9,107,6,5
TRPIND2508159d3dbbdc,2025-08-15,MP01,repeated,22,199,9,6
TRPCOI2508151e21f429,2025-08-15,TN01,repeated,21,191,7,7
