trip_id,date,city_id,passenger_type,distance_travelled(km),fare_amount,passenger_rating,driver_rating
TRPLUC250826cb1981f5,2025-08-26,UP01,repeated,11,125,7,8
TRPLUC2508263924b7ea,2025-08-26,UP01,new,12,134,8,6
TRPCHA250826104edf72,2025-08-26,CH01,new,25,251,10,8
TRPJAI25082630064d56,2025-08-26,RJ01,repeated,25,337,7,10
TRPJAI2508268d254dd2,2025-08-26,RJ01,new,28,373,9,8
TRPVAD2508267309c2cb,2025-08-26,GJ02,new,8,82,7,7
TRPJAI2508260843a969,2025-08-26,RJ01,new,33,433,8,8
TRPLUC250826d0b765eb,2025-08-26,UP01,new,10,116,9,8
TRPVAD2508263c8310ae,2025-08-26,GJ02,repeated,14,130,5,5
TRPSUR250826998f53d5,2025-08-26,GJ01,repeated,11,107,7,5
TRPIND250826e7bdc6d2,2025-08-26,MP01,repeated,8,87,7,6
TRPLUC250826f979b7e0,2025-08-26,UP01,repeated,8,98,6,5
TRPSUR250826ad2bd7b0,2025-08-26,GJ01,repeated,8,83,6,5
TRPSUR2508268346e0c0,2025-08-26,GJ01,repeated,5,59,6,5
TRPLUC250826dbe1c84b,2025-08-26,UP01,repeated,14,152,6,5
TRPJAI25082696e1b135,2025-08-26,RJ01,new,35,457,9,10
TRPSUR2508264b88d764,2025-08-26,GJ01,repeated,11,107,6,5
TRPIND2508267c230001,2025-08-26,MP01,repeated,17,159,8,9
TRPIND250826c002617d,2025-08-26,MP01,repeated,15,143,8,9
TRPLUC25082613ba0d18,2025-08-26,UP01,new,6,80,8,6
TRPVIS250826d4cacfa6,2025-08-26,AP01,repeated,17,180,7,9
TRPCOI2508268a477759,2025-08-26,TN01,repeated,12,119,9,7
TRPLUC250826b15a6482,2025-08-26,UP01,new,6,80,7,8
TRPSUR250826caba4e49,2025-08-26,GJ01,repeated,12,115,7,7
TRPLUC250826f2701e2a,2025-08-26,UP01,repeated,20,206,5,7
TRPCOI2508267492e8aa,2025-08-26,TN01,repeated,22,199,8,7
TRPVAD2508267da48e1a,2025-08-26,GJ02,repeated,9,90,5,7
TRPCHA250826db953cac,2025-08-26,CH01,repeated,30,296,6,8
TRPKOC250826e2449a59,2025-08-26,KL01,new,34,405,9,9
TRPCHA25082618f6b44a,2025-08-26,CH01,repeated,19,197,6,9
TRPSUR250826e8a0b3be,2025-08-26,GJ01,new,12,115,7,8
TRPVAD2508268046a442,2025-08-26,GJ02,new,18,162,8,8
TRPKOC2508268428c573,2025-08-26,KL01,repeated,38,449,9,10
TRPCHA2508262e5670a0,2025-08-26,CH01,repeated,28,278,8,7
TRPLUC25082661df867c,2025-08-26,UP01,new,11,125,8,6
TRPVAD250826267532bd,2025-08-26,GJ02,repeated,17,154,7,8
TRPVAD25082685fa8132,2025-08-26,GJ02,new,12,114,8,6
TRPSUR25082610687f08,2025-08-26,GJ01,repeated,15,139,5,7
TRPSUR2508265dba4eca,2025-08-26,GJ01,new,12,115,7,7
TRPCHA2508265ea69262,2025-08-26,CH01,new,15,161,9,9
TRPIND250826fe65e269,2025-08-26,MP01,new,23,207,9,9
TRPLUC25082666e34245,2025-08-26,UP01,new,10,116,7,8
TRPKOC2508264a0d6e57,2025-08-26,KL01,repeated,16,207,7,10
TRPJAI250826cb51e5e9,2025-08-26,RJ01,repeated,45,577,7,8
TRPCHA25082654705d3f,2025-08-26,CH01,repeated,19,197,7,8
TRPLUC25082641179617,2025-08-26,UP01,repeated,15,161,7,6
TRPLUC2508269c5444f7,2025-08-26,UP01,repeated,15,161,7,8
TRPLUC250826761b5340,2025-08-26,UP01,repeated,5,71,5,7
TRPSUR250826abe5890e,2025-08-26,GJ01,repeated,10,99,5,5
TRPJAI2508263f8263a3,2025-08-26,RJ01,repeated,43,553,7,10
TRPMYS25082697054763,2025-08-26,KA01,new,22,255,9,9
TRPJAI25082693b6307c,2025-08-26,RJ01,repeated,28,373,9,10
TRPJAI250826b9cc75c2,2025-08-26,RJ01,repeated,28,373,8,8
TRPKOC25082644c48794,2025-08-26,KL01,new,32,383,9,9
TRPSUR2508269e78ba2b,2025-08-26,GJ01,repeated,16,147,7,5
TRPSUR25082626c8ca04,2025-08-26,GJ01,repeated,8,83,7,8
TRPVIS2508266d65135a,2025-08-26,AP01,new,18,189,9,8
TRPCOI2508266c6fecc6,2025-08-26,TN01,repeated,21,191,6,9
TRPKOC250826be00c639,2025-08-26,KL01,new,32,383,10,8
TRPLUC25082613892ea7,2025-08-26,UP01,repeated,6,80,5,7
TRPCHA2508266cde9928,2025-08-26,CH01,new,13,143,10,7
TRPLUC2508267d45701b,2025-08-26,UP01,repeated,9,107,5,5
TRPSUR25082622465ff6,2025-08-26,GJ01,new,5,59,9,8
TRPSUR250826feb1d2e7,2025-08-26,GJ01,repeated,11,107,6,5
TRPKOC2508261dafd8be,2025-08-26,KL01,repeated,36,427,9,10
TRPCHA25082660f85f40,2025-08-26,CH01,repeated,13,143,6,7
TRPKOC2508261d3a2dbb,2025-08-26,KL01,new,32,383,10,10
TRPKOC2508268c534d89,2025-08-26,KL01,new,35,416,8,9
TRPIND25082689f33c30,2025-08-26,MP01,repeated,19,175,8,6
TRPSUR250826d4d7122f,2025-08-26,GJ01,repeated,13,123,7,8
TRPLUC2508266050ade3,2025-08-26,UP01,new,7,89,8,8
TRPLUC25082643b5e2aa,2025-08-26,UP01,repeated,5,71,5,6
TRPIND250826a6686bdf,2025-08-26,MP01,repeated,15,143,6,8
TRPJAI250826ce97335b,2025-08-26,RJ01,new,42,541,10,8
TRPCHA250826ca02c615,2025-08-26,CH01,repeated,34,332,6,6
TRPCOI2508263267b49c,2025-08-26,TN01,new,20,183,7,9
TRPCHA250826c7e43810,2025-08-26,CH01,repeated,25,251,7,8
TRPVIS250826c9093625,2025-08-26,AP01,new,31,306,9,8
TRPLUC250826edc97eb3,2025-08-26,UP01,repeated,11,125,5,6
TRPSUR2508263b00562b,2025-08-26,GJ01,repeated,12,115,7,7
TRPKOC250826f8724657,2025-08-26,KL01,repeated,23,284,9,9
TRPLUC250826533280a5,2025-08-26,UP01,repeated,11,125,5,6
TRPLUC250826bfc38b6a,2025-08-26,UP01,repeated,5,71,5,5
TRPCOI250826cd37ec8b,2025-08-26,TN01,new,22,199,8,8
TRPIND250826debae1f2,2025-08-26,MP01,repeated,22,199,8,9
TRPKOC250826ff49e155,2025-08-26,KL01,new,11,152,8,8
TRPLUC25082691d2967c,2025-08-26,UP01,new,16,170,8,6
TRPLUC250826de3834c3,2025-08-26,UP01,repeated,6,80,6,7
TRPLUC250826a987917c,2025-08-26,UP01,repeated,17,179,6,5
TRPLUC250826c2829749,2025-08-26,UP01,repeated,20,206,6,6
TRPCHA25082682decb35,2025-08-26,CH01,new,29,287,7,9
TRPCOI250826cf5e0c10,2025-08-26,TN01,repeated,22,199,8,6
TRPKOC250826d382a3b9,2025-08-26,KL01,repeated,19,240,8,10
TRPKOC250826884ea93d,2025-08-26,KL01,new,12,163,10,8
TRPCOI250826c0fd9b6b,2025-08-26,TN01,repeated,13,127,9,8
TRPLUC250826b613f168,2025-08-26,UP01,new,19,197,7,6
TRPLUC250826b31c1f63,2025-08-26,UP01,repeated,6,80,7,8
TRPCHA250826b4b15e8a,2025-08-26,CH01,new,29,287,8,9
TRPKOC2508265660625a,2025-08-26,KL01,repeated,36,427,9,10
TRPVAD250826f8e05d65,2025-08-26,GJ02,repeated,16,146,5,5
TRPKOC250826cc899e06,2025-08-26,KL01,new,13,174,9,8
TRPSUR25082643b93a43,2025-08-26,GJ01,repeated,11,107,5,8
TRPSUR250826a9c5c3b2,2025-08-26,GJ01,repeated,8,83,7,8
TRPSUR2508260e859997,2025-08-26,GJ01,repeated,9,91,5,8
TRPVAD2508263f7fb78b,2025-08-26,GJ02,repeated,15,138,5,5
TRPLUC25082639270b79,2025-08-26,UP01,new,19,197,9,6
TRPMYS250826bdb41915,2025-08-26,KA01,new,19,225,9,8
TRPCOI250826ce750585,2025-08-26,TN01,new,16,151,7,7
TRPVAD2508262852acb1,2025-08-26,GJ02,new,12,114,8,7
TRPLUC250826e13bd9e7,2025-08-26,UP01,repeated,18,188,5,6
TRPSUR250826995e737e,2025-08-26,GJ01,repeated,7,75,7,6
TRPIND2508267d4e7f0c,2025-08-26,MP01,new,9,95,7,8
TRPLUC250826317b6338,2025-08-26,UP01,repeated,11,125,7,8
TRPLUC2508268d69123c,2025-08-26,UP01,new,7,89,7,6
TRPSUR250826b5607e34,2025-08-26,GJ01,repeated,16,147,7,5
TRPKOC25082647896048,2025-08-26,KL01,new,29,350,8,10
TRPLUC2508261d069952,2025-08-26,UP01,repeated,9,107,6,5
TRPKOC250826b4ce98bc,2025-08-26,KL01,new,36,427,10,8
TRPVAD250826edf205b4,2025-08-26,GJ02,repeated,12,114,7,6
TRPLUC250826b8ab323c,2025-08-26,UP01,new,7,89,8,8
TRPJAI25082610e8f9dd,2025-08-26,RJ01,new,28,373,8,10
TRPLUC250826bd68e57a,2025-08-26,UP01,repeated,13,143,5,5
TRPLUC250826e898ecbb,2025-08-26,UP01,repeated,9,107,7,7
TRPCHA25082612f8f3e7,2025-08-26,CH01,repeated,34,332,8,8
TRPCOI250826ca0c2100,2025-08-26,TN01,new,14,135,8,9
TRPJAI25082688c2d521,2025-08-26,RJ01,new,27,361,10,9
TRPJAI2508264d3cfcda,2025-08-26,RJ01,repeated,20,277,9,8
TRPMYS2508262e8d7ba5,2025-08-26,KA01,new,22,255,8,8
TRPVIS2508265d3535d8,2025-08-26,AP01,repeated,18,189,8,10
TRPMYS25082623965380,2025-08-26,KA01,new,12,155,9,10
TRPSUR2508260fba96ae,2025-08-26,GJ01,repeated,7,75,6,8
TRPCOI250826e6b4bd1a,2025-08-26,TN01,new,13,127,9,7
TRPVAD25082642220d05,2025-08-26,GJ02,new,12,114,7,6
TRPSUR25082607cb3fb6,2025-08-26,GJ01,repeated,11,107,6,8
TRPLUC250826f39f41f1,2025-08-26,UP01,repeated,11,125,6,7
TRPVIS2508264096606e,2025-08-26,AP01,new,14,153,10,10
TRPKOC250826989601ee,2025-08-26,KL01,repeated,17,218,8,8
TRPVIS25082698f0ab8a,2025-08-26,AP01,repeated,31,306,7,9
TRPLUC25082675b93d61,2025-08-26,UP01,repeated,17,179,5,6
TRPJAI25082619cc044f,2025-08-26,RJ01,repeated,21,289,7,10
TRPLUC250826e5bcc62d,2025-08-26,UP01,repeated,18,188,6,8
TRPVAD250826868476f4,2025-08-26,GJ02,new,8,82,8,6
TRPVIS2508262aa85f36,2025-08-26,AP01,new,16,171,10,10
TRPVIS250826b6ef513d,2025-08-26,AP01,repeated,10,117,8,9
TRPVIS250826e4d3100b,2025-08-26,AP01,new,31,306,8,10
TRPLUC250826740b04cb,2025-08-26,UP01,new,15,161,7,6
TRPSUR25082693b1f2b2,2025-08-26,GJ01,new,11,107,9,8
TRPCHA2508260627065c,2025-08-26,CH01,repeated,28,278,8,7
TRPKOC250826b1d4891e,2025-08-26,KL01,repeated,34,405,7,10
TRPLUC250826f4e258c2,2025-08-26,UP01,repeated,15,161,7,5
TRPCOI2508264bc71e9c,2025-08-26,TN01,repeated,10,103,7,6
TRPCHA250826a8983cc5,2025-08-26,CH01,repeated,12,134,7,8
TRPKOC250826db326a0c,2025-08-26,KL01,repeated,33,394,9,8
TRPKOC250826f115d632,2025-08-26,KL01,new,33,394,8,9
TRPSUR250826b40a80a6,2025-08-26,GJ01,repeated,17,155,6,6
TRPKOC2508268428b10d,2025-08-26,KL01,new,18,229,10,9
TRPSUR25082693ed62d0,2025-08-26,GJ01,repeated,6,67,6,8
TRPSUR250826bf2db6f9,2025-08-26,GJ01,repeated,13,123,6,6
TRPLUC250826349ac4f3,2025-08-26,UP01,repeated,17,179,6,6
TRPLUC25082676bccad7,2025-08-26,UP01,repeated,6,80,7,7
TRPCHA2508262a250be4,2025-08-26,CH01,repeated,18,188,6,7
TRPVAD25082687f11ee4,2025-08-26,GJ02,repeated,13,122,7,8
TRPSUR250826d761309d,2025-08-26,GJ01,repeated,5,59,5,5
TRPVIS2508264aaa9fb0,2025-08-26,AP01,new,31,306,9,9
TRPJAI250826b8460661,2025-08-26,RJ01,repeated,16,229,8,9
TRPLUC2508269bda3823,2025-08-26,UP01,repeated,15,161,5,7
TRPSUR25082685757526,2025-08-26,GJ01,new,6,67,8,6
TRPJAI25082644ecc393,2025-08-26,RJ01,repeated,34,445,9,10
TRPJAI250826840edf3f,2025-08-26,RJ01,new,22,301,8,8
TRPJAI25082675f2c1a7,2025-08-26,RJ01,new,27,361,9,8
TRPSUR2508268f882201,2025-08-26,GJ01,new,9,91,9,8
TRPLUC250826428347e9,2025-08-26,UP01,new,11,125,7,6
TRPJAI250826c0d6036c,2025-08-26,RJ01,new,18,253,8,10
TRPVIS2508266ed4010e,2025-08-26,AP01,repeated,16,171,7,10
TRPVAD2508264bf157b2,2025-08-26,GJ02,repeated,12,114,5,8
TRPIND25082699eadfd3,2025-08-26,MP01,repeated,23,207,9,9
TRPIND250826212d5fb1,2025-08-26,MP01,new,24,215,10,7
TRPSUR250826e4fc4616,2025-08-26,GJ01,repeated,7,75,6,8
TRPCOI2508263bf89102,2025-08-26,TN01,repeated,16,151,7,8
TRPSUR250826112502f5,2025-08-26,GJ01,new,5,59,8,7
TRPIND250826b32bc8cc,2025-08-26,MP01,new,17,159,9,7
TRPJAI25082648a1e66e,2025-08-26,RJ01,new,23,313,10,9
TRPMYS2508263940827c,2025-08-26,KA01,new,10,135,9,8
TRPIND250826cce0c5de,2025-08-26,MP01,new,8,87,7,7
TRPVAD2508264a30e9ef,2025-08-26,GJ02,repeated,14,130,7,8
TRPIND25082617c13e77,2025-08-26,MP01,repeated,16,151,7,6
TRPVAD2508267fa38dbc,2025-08-26,GJ02,repeated,14,130,6,6
TRPIND25082691644225,2025-08-26,MP01,repeated,16,151,9,9
TRPSUR2508262d79452d,2025-08-26,GJ01,repeated,9,91,7,5
TRPCHA250826490559d5,2025-08-26,CH01,new,16,170,7,9
TRPLUC2508263f354f80,2025-08-26,UP01,new,14,152,7,8
TRPCHA25082665c831b4,2025-08-26,CH01,new,28,278,7,9
TRPSUR25082636eaa9f5,2025-08-26,GJ01,repeated,5,59,5,6
TRPKOC250826a5501a72,2025-08-26,KL01,repeated,35,416,9,9
TRPSUR250826bb4a9ea8,2025-08-26,GJ01,repeated,15,139,6,5
TRPLUC2508268f29a84f,2025-08-26,UP01,repeated,15,161,5,6
TRPVAD25082626ed0a72,2025-08-26,GJ02,repeated,13,122,5,5
TRPVIS250826877f21db,2025-08-26,AP01,new,19,198,10,10
TRPLUC25082619fa4796,2025-08-26,UP01,repeated,20,206,5,8
TRPLUC2508269eb4c415,2025-08-26,UP01,repeated,18,188,7,8
TRPLUC250826ad541d02,2025-08-26,UP01,repeated,17,179,7,7
TRPCHA2508268dbb777f,2025-08-26,CH01,new,17,179,7,7
TRPSUR250826e3950d06,2025-08-26,GJ01,repeated,12,115,5,5
TRPIND250826f22c68fa,2025-08-26,MP01,new,16,151,7,7
TRPLUC250826d9c2001e,2025-08-26,UP01,new,17,179,7,8
TRPCOI2508264eebccdb,2025-08-26,TN01,new,10,103,9,8
TRPSUR250826d51a2a06,2025-08-26,GJ01,repeated,5,59,5,8
TRPLUC2508268aded87b,2025-08-26,UP01,new,10,116,9,7
TRPSUR250826344ef2bf,2025-08-26,GJ01,repeated,7,75,5,5
TRPVIS2508265f691e88,2025-08-26,AP01,repeated,26,261,7,9
TRPCHA2508267aa3df4d,2025-08-26,CH01,repeated,15,161,8,7
TRPIND25082649b79fee,2025-08-26,MP01,new,25,223,7,9
TRPJAI250826588011ff,2025-08-26,RJ01,new,15,217,9,9
TRPLUC25082618be9698,2025-08-26,UP01,new,8,98,9,7
TRPSUR250826193d51e2,2025-08-26,GJ01,new,12,115,8,7
TRPVIS250826a5d31d67,2025-08-26,AP01,repeated,33,324,9,9
TRPJAI250826ceb6e1cb,2025-08-26,RJ01,repeated,45,577,8,8
TRPJAI250826f16b7ba5,2025-08-26,RJ01,new,39,505,10,10
TRPSUR250826a9e3c62f,2025-08-26,GJ01,repeated,11,107,6,6
TRPVIS250826316cbc19,2025-08-26,AP01,repeated,10,117,8,10
TRPSUR250826cc3281a1,2025-08-26,GJ01,new,13,123,9,8
TRPMYS25082693000b33,2025-08-26,KA01,repeated,20,235,8,10
TRPKOC25082659483faf,2025-08-26,KL01,new,38,449,9,8
TRPLUC250826026861c3,2025-08-26,UP01,new,5,71,7,7
TRPCOI250826039f5fec,2025-08-26,TN01,repeated,18,167,8,7
TRPVAD250826388f0db7,2025-08-26,GJ02,new,8,82,9,8
TRPCHA2508269f921167,2025-08-26,CH01,repeated,14,152,8,8
TRPSUR250826a67a1dd7,2025-08-26,GJ01,repeated,8,83,5,7
TRPLUC250826e11ca0dc,2025-08-26,UP01,repeated,18,188,5,6
TRPLUC2508260daee00b,2025-08-26,UP01,repeated,10,116,7,5
TRPCOI250826d9959141,2025-08-26,TN01,repeated,8,87,7,6
TRPLUC250826809c5238,2025-08-26,UP01,repeated,6,80,7,5
TRPSUR250826cbf8805d,2025-08-26,GJ01,new,10,99,8,8
TRPSUR250826a7ffc047,2025-08-26,GJ01,repeated,15,139,5,5
TRPJAI250826e6d7c92f,2025-08-26,RJ01,new,33,433,9,9
TRPLUC250826f8717368,2025-08-26,UP01,repeated,16,170,5,7
TRPMYS25082695bc4684,2025-08-26,KA01,new,8,115,10,9
TRPLUC250826c2edbf28,2025-08-26,UP01,repeated,9,107,6,6
TRPLUC250826c82c087c,2025-08-26,UP01,repeated,6,80,7,5
TRPLUC250826e589b6a1,2025-08-26,UP01,repeated,10,116,6,6
TRPIND2508260db94d28,2025-08-26,MP01,repeated,21,191,9,6
TRPVAD25082648498ab6,2025-08-26,GJ02,repeated,12,114,7,8
TRPCHA250826c6071f23,2025-08-26,CH01,repeated,31,305,9,7
TRPSUR250826cd0a1514,2025-08-26,GJ01,repeated,15,139,7,7
TRPJAI250826cff4711e,2025-08-26,RJ01,new,22,301,9,9
TRPCHA250826b7ef0fec,2025-08-26,CH01,new,13,143,8,7
TRPSUR25082602211f3e,2025-08-26,GJ01,repeated,17,155,7,7
TRPCHA250826f9d7f856,2025-08-26,CH01,new,12,134,9,8
TRPVAD250826a0ad5e38,2025-08-26,GJ02,repeated,15,138,6,5
TRPVAD25082688e56467,2025-08-26,GJ02,repeated,6,66,5,6
TRPKOC250826597ffd16,2025-08-26,KL01,new,22,273,9,10
TRPCOI250826b86eea9a,2025-08-26,TN01,new,20,183,9,8
TRPVAD250826dbc63cb6,2025-08-26,GJ02,repeated,18,162,5,5
TRPVAD250826551c9a70,2025-08-26,GJ02,repeated,8,82,5,8
TRPVIS250826347a6b54,2025-08-26,AP01,repeated,25,252,9,10
TRPJAI2508260417acad,2025-08-26,RJ01,repeated,22,301,1,3
TRPIND25082626fd29b9,2025-08-26,MP01,repeated,12,119,9,6
TRPCHA250826097e2941,2025-08-26,CH01,repeated,30,296,9,6
TRPIND250826d011e303,2025-08-26,MP01,repeated,23,207,7,6
TRPIND250826635ad570,2025-08-26,MP01,repeated,24,215,8,9
TRPSUR250826c6b233ea,2025-08-26,GJ01,repeated,5,59,5,7
TRPVIS250826fbff73c3,2025-08-26,AP01,repeated,11,126,7,8
TRPSUR250826c9d6e056,2025-08-26,GJ01,repeated,14,131,6,5
TRPIND250826d4186a30,2025-08-26,MP01,repeated,22,199,9,7
TRPVAD250826ca8a6f01,2025-08-26,GJ02,new,12,114,7,6
TRPVIS250826b8a91448,2025-08-26,AP01,repeated,28,279,9,8
TRPKOC2508263eeff0f7,2025-08-26,KL01,new,25,306,9,8
TRPCHA2508267ecce2af,2025-08-26,CH01,new,24,242,10,8
TRPKOC250826ec4a1b2f,2025-08-26,KL01,repeated,25,306,8,10
TRPJAI2508262bdc8423,2025-08-26,RJ01,new,20,277,8,10
TRPLUC250826f168d210,2025-08-26,UP01,repeated,7,89,7,5
TRPVAD25082662bbd2c3,2025-08-26,GJ02,repeated,15,138,7,6
TRPLUC2508268d7d817d,2025-08-26,UP01,repeated,15,161,7,7
TRPJAI250826823ac4a5,2025-08-26,RJ01,new,33,433,8,10
TRPKOC250826830e129f,2025-08-26,KL01,new,29,350,10,9
TRPCOI250826a633144d,2025-08-26,TN01,new,16,151,7,7
TRPLUC250826fc909deb,2025-08-26,UP01,new,12,134,8,8
TRPJAI2508267c7f03e7,2025-08-26,RJ01,new,29,385,8,9
TRPIND250826e2478f00,2025-08-26,MP01,new,20,183,10,9
TRPLUC2508268581c7b4,2025-08-26,UP01,repeated,12,134,6,7
TRPCOI2508267330e246,2025-08-26,TN01,repeated,20,183,7,9
TRPJAI2508261ac4a822,2025-08-26,RJ01,repeated,41,529,8,8
TRPCHA25082646774e2a,2025-08-26,CH01,new,31,305,10,8
TRPIND250826f894193d,2025-08-26,MP01,repeated,20,183,6,8
TRPKOC2508265eb1d5c0,2025-08-26,KL01,new,10,141,9,10
TRPJAI2508265772bf98,2025-08-26,RJ01,repeated,45,577,7,8
TRPLUC25082659846762,2025-08-26,UP01,new,17,179,7,7
TRPVAD250826474f5243,2025-08-26,GJ02,repeated,14,130,5,6
TRPKOC250826719e1f70,2025-08-26,KL01,new,36,427,10,8
TRPKOC250826dc1e8d2e,2025-08-26,KL01,repeated,31,372,7,10
TRPVIS25082699bfe547,2025-08-26,AP01,new,24,243,9,8
TRPVIS250826486f5de3,2025-08-26,AP01,repeated,23,234,9,8
TRPSUR2508261d4322e0,2025-08-26,GJ01,repeated,16,147,5,7
TRPIND25082677d689b3,2025-08-26,MP01,new,24,215,10,8
TRPVAD2508267967aa8d,2025-08-26,GJ02,repeated,7,74,6,7
TRPMYS2508264354f212,2025-08-26,KA01,new,9,125,9,9
TRPLUC250826aca1efb9,2025-08-26,UP01,repeated,16,170,6,8
TRPIND25082659d3a833,2025-08-26,MP01,repeated,25,223,9,8
TRPVAD250826dd042d04,2025-08-26,GJ02,repeated,12,114,5,8
TRPVIS25082626ef29c6,2025-08-26,AP01,repeated,17,180,7,10
TRPVAD250826a5193f2c,2025-08-26,GJ02,repeated,8,82,6,7
TRPCHA250826f0f3b1c5,2025-08-26,CH01,new,17,179,9,7
TRPJAI2508260675a626,2025-08-26,RJ01,repeated,35,457,9,9
TRPCHA250826ac2fedaf,2025-08-26,CH01,new,33,323,10,8
TRPLUC250826f62ae4e6,2025-08-26,UP01,repeated,20,206,5,8
TRPVIS2508268340e61d,2025-08-26,AP01,repeated,13,144,9,9
TRPCHA250826d32fac5b,2025-08-26,CH01,repeated,14,152,7,8
TRPJAI250826444fa535,2025-08-26,RJ01,new,40,517,9,10
TRPMYS250826dfc65d00,2025-08-26,KA01,repeated,17,205,9,10
TRPCHA25082681f873bc,2025-08-26,CH01,repeated,18,188,7,9
TRPKOC25082615ac94ab,2025-08-26,KL01,new,10,141,8,9
TRPVAD250826566b0760,2025-08-26,GJ02,new,12,114,7,6
TRPSUR250826f2eded64,2025-08-26,GJ01,new,17,155,8,6
TRPJAI250826fb4b5c39,2025-08-26,RJ01,repeated,27,361,7,8
TRPCOI25082647ca9a78,2025-08-26,TN01,repeated,16,151,6,6
TRPLUC2508269650197d,2025-08-26,UP01,repeated,13,143,6,8
TRPJAI250826d3173bb0,2025-08-26,RJ01,repeated,27,361,9,10
TRPMYS25082678446d85,2025-08-26,KA01,new,9,125,8,8
TRPCHA2508269052e3ea,2025-08-26,CH01,repeated,31,305,7,7
TRPJAI250826af2fe732,2025-08-26,RJ01,repeated,21,289,7,8
TRPLUC25082616aba4d8,2025-08-26,UP01,new,18,188,7,7
TRPJAI2508267bcac072,2025-08-26,RJ01,new,23,313,8,10
TRPSUR2508264e23f3af,2025-08-26,GJ01,repeated,17,155,6,5
TRPLUC250826f7f7f7f9,2025-08-26,UP01,repeated,10,116,6,7
TRPKOC250826c6ab2af2,2025-08-26,KL01,repeated,36,427,7,9
TRPVIS2508263ae5d2af,2025-08-26,AP01,new,20,207,9,9
TRPKOC250826f6dda9a0,2025-08-26,KL01,new,23,284,10,10
TRPJAI2508266b61df4b,2025-08-26,RJ01,repeated,27,361,9,8
TRPIND250826b68ca200,2025-08-26,MP01,repeated,15,143,6,6
TRPIND25082603a0f153,2025-08-26,MP01,repeated,18,167,9,9
TRPLUC250826c6168ff1,2025-08-26,UP01,repeated,6,80,6,6
TRPVIS250826bcebfa84,2025-08-26,AP01,repeated,20,207,9,10
TRPJAI250826ac22a441,2025-08-26,RJ01,new,32,421,8,9
TRPVAD25082673e8f686,2025-08-26,GJ02,repeated,5,58,7,5
TRPCHA250826f4a85caa,2025-08-26,CH01,repeated,12,134,8,8
TRPLUC250826dcb23e94,2025-08-26,UP01,repeated,13,143,7,8
TRPKOC2508265f065d5a,2025-08-26,KL01,new,35,416,9,9
TRPVIS250826f83e3cfd,2025-08-26,AP01,repeated,35,342,9,10
TRPSUR250826d5819d2c,2025-08-26,GJ01,repeated,17,155,7,5
TRPLUC2508263ce767cd,2025-08-26,UP01,repeated,8,98,6,7
TRPKOC2508267e6c743b,2025-08-26,KL01,repeated,34,405,9,9
TRPCHA2508269ad3ff9f,2025-08-26,CH01,new,20,206,9,7
TRPIND2508261c3b35ab,2025-08-26,MP01,new,13,127,8,8
TRPLUC25082680b583df,2025-08-26,UP01,new,10,116,7,7
TRPLUC25082695b4dfa3,2025-08-26,UP01,new,6,80,9,6
TRPSUR250826385ac353,2025-08-26,GJ01,repeated,12,115,5,6
TRPSUR25082661f001bf,2025-08-26,GJ01,repeated,6,67,7,8
TRPCOI2508268b93c800,2025-08-26,TN01,repeated,15,143,9,8
TRPCHA25082631add0d5,2025-08-26,CH01,new,32,314,8,7
TRPIND25082688c3749f,2025-08-26,MP01,repeated,19,175,9,7
TRPJAI250826b3132e51,2025-08-26,RJ01,new,28,373,10,9
TRPJAI250826475cf90a,2025-08-26,RJ01,repeated,27,361,7,8
TRPVAD250826b2385a7d,2025-08-26,GJ02,new,14,130,8,8
TRPJAI250826a5294dfd,2025-08-26,RJ01,new,39,505,8,10
TRPJAI2508268e9dcaff,2025-08-26,RJ01,new,31,409,10,9
TRPCOI250826bc9b9f1d,2025-08-26,TN01,new,20,183,10,9
TRPCHA250826d04d90ef,2025-08-26,CH01,repeated,34,332,6,8
TRPSUR250826f9c0362a,2025-08-26,GJ01,repeated,13,123,7,8
TRPJAI2508263cd4a2a0,2025-08-26,RJ01,repeated,28,373,8,8
TRPJAI250826463c701c,2025-08-26,RJ01,new,22,301,10,8
TRPLUC2508267e449da7,2025-08-26,UP01,repeated,11,125,6,8
TRPJAI250826e9a42493,2025-08-26,RJ01,new,45,577,8,10
TRPSUR25082662bc522d,2025-08-26,GJ01,repeated,10,99,5,6
TRPJAI2508262909258d,2025-08-26,RJ01,repeated,45,577,9,8
TRPJAI250826796891c8,2025-08-26,RJ01,new,31,409,10,9
TRPVAD2508267ad0eff5,2025-08-26,GJ02,repeated,17,154,6,6
TRPJAI2508269ed53341,2025-08-26,RJ01,repeated,24,325,7,9
TRPKOC2508267e6d88ba,2025-08-26,KL01,new,35,416,2,4
TRPKOC2508263087b4d6,2025-08-26,KL01,repeated,28,339,9,9
TRPKOC250826873c0d51,2025-08-26,KL01,new,34,405,8,8
TRPSUR25082675f77a05,2025-08-26,GJ01,repeated,6,67,5,5
TRPVAD2508265aa48160,2025-08-26,GJ02,new,16,146,7,8
TRPSUR25082612504a9a,2025-08-26,GJ01,repeated,16,147,7,7
TRPLUC25082699154924,2025-08-26,UP01,repeated,6,80,6,5
TRPJAI250826b89facfc,2025-08-26,RJ01,repeated,16,229,7,8
TRPLUC250826f41be323,2025-08-26,UP01,new,16,170,8,8
TRPLUC2508261ef4633f,2025-08-26,UP01,repeated,8,98,6,8
TRPJAI250826f0fd79bc,2025-08-26,RJ01,repeated,29,385,7,10
TRPIND250826f992dd2a,2025-08-26,MP01,repeated,11,111,6,9
TRPLUC2508267ac98627,2025-08-26,UP01,new,13,143,8,6
TRPSUR2508267059ded0,2025-08-26,GJ01,new,17,155,7,6
TRPCHA250826c2163012,2025-08-26,CH01,new,25,251,9,7
TRPCHA250826951bf2df,2025-08-26,CH01,repeated,12,134,9,7
TRPLUC250826ee468725,2025-08-26,UP01,repeated,12,134,6,7
TRPLUC250826c75a0a53,2025-08-26,UP01,repeated,10,116,7,5
TRPLUC250826b22c9815,2025-08-26,UP01,repeated,18,188,7,8
TRPVAD2508267b5c8b20,2025-08-26,GJ02,new,15,138,7,6
TRPJAI250826e95c9472,2025-08-26,RJ01,new,39,505,8,8
TRPJAI250826c933d854,2025-08-26,RJ01,repeated,20,277,7,8
TRPIND250826cd93264b,2025-08-26,MP01,repeated,14,135,8,8
TRPJAI25082690077d34,2025-08-26,RJ01,repeated,43,553,8,8
TRPCOI250826cd5659f5,2025-08-26,TN01,repeated,9,95,8,9
TRPVIS2508267f0806ce,2025-08-26,AP01,new,21,216,9,10
TRPJAI2508266b42cd9c,2025-08-26,RJ01,new,28,373,8,9
TRPIND250826efe188dc,2025-08-26,MP01,new,15,143,9,9
TRPLUC250826fce7d7a5,2025-08-26,UP01,repeated,12,134,5,8
TRPKOC2508262c46e893,2025-08-26,KL01,repeated,14,185,7,9
TRPKOC2508263dc7564b,2025-08-26,KL01,new,26,317,9,9
TRPSUR250826f891b714,2025-08-26,GJ01,repeated,7,75,6,8
TRPJAI2508261a46073b,2025-08-26,RJ01,repeated,27,361,4,4
TRPKOC250826e37f1997,2025-08-26,KL01,repeated,19,240,7,8
TRPJAI250826e72a36ef,2025-08-26,RJ01,repeated,18,253,7,8
TRPLUC2508269942d9bf,2025-08-26,UP01,repeated,10,116,5,7
TRPCOI250826325b5561,2025-08-26,TN01,new,15,143,7,7
TRPIND250826f12d3adf,2025-08-26,MP01,new,24,215,7,8
TRPVIS2508269577a4e0,2025-08-26,AP01,repeated,28,279,7,9
TRPJAI2508266afa7de6,2025-08-26,RJ01,repeated,25,337,7,8
TRPJAI250826aca16d86,2025-08-26,RJ01,new,25,337,9,8
TRPSUR250826c22956d0,2025-08-26,GJ01,repeated,10,99,5,5
TRPIND250826fbb01266,2025-08-26,MP01,new,24,215,7,8
TRPLUC2508263d2b3b24,2025-08-26,UP01,repeated,8,98,7,6
TRPVIS25082682d697a5,2025-08-26,AP01,new,26,261,1,3
TRPLUC2508261d87eb46,2025-08-26,UP01,repeated,16,170,5,8
TRPLUC2508269aea995a,2025-08-26,UP01,repeated,17,179,7,5
TRPVAD25082648b36a6c,2025-08-26,GJ02,new,17,154,7,6
TRPIND250826e493f69d,2025-08-26,MP01,new,12,119,7,9
TRPJAI2508261e25c5ec,2025-08-26,RJ01,new,16,229,9,10
TRPSUR250826eafe346d,2025-08-26,GJ01,new,5,59,9,7
TRPJAI250826e04b3ce4,2025-08-26,RJ01,repeated,19,265,8,9
TRPLUC25082694eb64d2,2025-08-26,UP01,new,13,143,9,8
TRPSUR25082676d15fc9,2025-08-26,GJ01,repeated,10,99,5,7
TRPLUC2508263e374f27,2025-08-26,UP01,repeated,5,71,5,5
TRPLUC250826bfc0a7a9,2025-08-26,UP01,repeated,15,161,6,8
TRPKOC25082605694a83,2025-08-26,KL01,repeated,10,141,9,8
TRPLUC25082670f5a2eb,2025-08-26,UP01,repeated,8,98,5,8
TRPIND250826762dd0cd,2025-08-26,MP01,repeated,17,159,6,8
TRPIND250826961107f6,2025-08-26,MP01,repeated,17,159,8,6
TRPCHA250826e5463b09,2025-08-26,CH01,repeated,13,143,6,9
TRPJAI250826bd91a76f,2025-08-26,RJ01,new,36,469,10,10
TRPLUC2508260a682424,2025-08-26,UP01,new,10,116,7,7
TRPVAD250826a54c13d8,2025-08-26,GJ02,new,12,114,8,8
TRPIND250826843d1b6e,2025-08-26,MP01,new,22,199,7,9
TRPJAI25082631534e85,2025-08-26,RJ01,new,19,265,8,10
TRPCOI25082653f57257,2025-08-26,TN01,new,15,143,8,9
TRPLUC25082649b234fd,2025-08-26,UP01,repeated,20,206,5,7
TRPIND2508266c3dba4a,2025-08-26,MP01,repeated,11,111,6,6
TRPKOC25082662f9599e,2025-08-26,KL01,new,35,416,10,10
TRPLUC2508263d9b25ba,2025-08-26,UP01,repeated,10,116,7,6
TRPLUC250826c8ba06f0,2025-08-26,UP01,repeated,8,98,7,8
TRPVAD25082628a557f8,2025-08-26,GJ02,repeated,8,82,7,5
TRPMYS2508261f32d1ab,2025-08-26,KA01,repeated,12,155,7,9
TRPSUR250826de0857b3,2025-08-26,GJ01,repeated,12,115,5,6
TRPLUC250826729d333d,2025-08-26,UP01,repeated,9,107,7,8
TRPVIS250826d7a6832f,2025-08-26,AP01,repeated,27,270,8,8
TRPJAI250826da0a13b0,2025-08-26,RJ01,new,19,265,10,9
TRPKOC250826e2f6ff20,2025-08-26,KL01,new,30,361,9,8
TRPJAI250826d59c12d3,2025-08-26,RJ01,new,41,529,9,10
TRPJAI2508268c83a605,2025-08-26,RJ01,repeated,17,241,7,8
TRPIND25082629fec725,2025-08-26,MP01,repeated,25,223,8,9
TRPJAI2508264025b79d,2025-08-26,RJ01,new,32,421,10,9
TRPSUR2508261d4194b5,2025-08-26,GJ01,repeated,8,83,7,7
TRPKOC250826fd4fe133,2025-08-26,KL01,new,10,141,8,10
TRPJAI2508269615a157,2025-08-26,RJ01,repeated,33,433,7,9
TRPSUR25082643e6bca8,2025-08-26,GJ01,repeated,6,67,6,8
TRPSUR250826377768fe,2025-08-26,GJ01,repeated,12,115,6,7
TRPSUR25082680f4475e,2025-08-26,GJ01,new,14,131,8,6
TRPCHA2508268ae8e0d5,2025-08-26,CH01,new,27,269,9,8
TRPVIS25082684b7e6ef,2025-08-26,AP01,new,29,288,10,9
TRPJAI2508262f89acab,2025-08-26,RJ01,repeated,36,469,8,8
TRPVIS250826c735ed46,2025-08-26,AP01,repeated,24,243,8,10
TRPCOI25082625a46fac,2025-08-26,TN01,repeated,13,127,8,8
TRPKOC250826b1e6cf77,2025-08-26,KL01,repeated,36,427,7,9
TRPCHA250826823c54ed,2025-08-26,CH01,repeated,35,341,8,6
TRPIND25082660f523f2,2025-08-26,MP01,repeated,12,119,9,9
TRPLUC250826a49b0603,2025-08-26,UP01,repeated,15,161,5,6
TRPIND250826f28b33cb,2025-08-26,MP01,new,21,191,10,9
TRPVAD2508263febd675,2025-08-26,GJ02,repeated,14,130,5,8
TRPMYS25082632b57e0a,2025-08-26,KA01,new,11,145,9,10
TRPVAD250826fc7f6d44,2025-08-26,GJ02,repeated,13,122,5,8
TRPVIS2508261ce7169b,2025-08-26,AP01,repeated,22,225,8,8
TRPLUC250826cb10db9b,2025-08-26,UP01,repeated,19,197,7,5
TRPLUC2508266b45ae64,2025-08-26,UP01,repeated,6,80,7,7
TRPLUC250826dd601722,2025-08-26,UP01,repeated,7,89,6,6
TRPKOC2508266dbfe5a9,2025-08-26,KL01,new,36,427,9,8
TRPCHA250826518d1271,2025-08-26,CH01,new,19,197,9,7
TRPLUC2508265a29be4b,2025-08-26,UP01,new,8,98,8,6
TRPVAD2508268540165f,2025-08-26,GJ02,repeated,6,66,7,6
TRPVAD2508263bfc4175,2025-08-26,GJ02,new,7,74,7,8
TRPVIS250826ef02763c,2025-08-26,AP01,repeated,23,234,7,8
TRPKOC250826183a8667,2025-08-26,KL01,repeated,17,218,7,10
TRPIND250826da0b8389,2025-08-26,MP01,repeated,10,103,6,7
TRPLUC2508262f2b512b,2025-08-26,UP01,repeated,13,143,6,7
TRPJAI2508265e744699,2025-08-26,RJ01,repeated,15,217,9,8
TRPJAI2508262b9a1edc,2025-08-26,RJ01,repeated,28,373,9,10
TRPCHA2508261e751cdd,2025-08-26,CH01,new,15,161,9,9
TRPVAD250826037da1cb,2025-08-26,GJ02,repeated,8,82,6,8
TRPSUR250826d7cb0703,2025-08-26,GJ01,new,6,67,9,6
TRPJAI250826d6e3946d,2025-08-26,RJ01,new,41,529,10,9
TRPJAI2508266ef1bdf7,2025-08-26,RJ01,new,38,493,9,8
TRPJAI2508265e0e3965,2025-08-26,RJ01,new,32,421,8,10
TRPSUR250826c0610987,2025-08-26,GJ01,repeated,13,123,3,2
TRPSUR25082681f39232,2025-08-26,GJ01,repeated,7,75,6,8
TRPSUR2508268811240d,2025-08-26,GJ01,new,13,123,8,8
TRPVAD2508260f4fe6c3,2025-08-26,GJ02,repeated,16,146,5,5
TRPCHA250826757ce9b3,2025-08-26,CH01,repeated,18,188,7,8
TRPIND250826143c5126,2025-08-26,MP01,repeated,22,199,6,9
TRPVAD25082641e3b0cd,2025-08-26,GJ02,repeated,14,130,6,5
TRPJAI250826a38dc7bb,2025-08-26,RJ01,repeated,16,229,9,9
TRPJAI250826d2c7a102,2025-08-26,RJ01,new,35,457,9,10
TRPKOC25082691ee6b92,2025-08-26,KL01,new,16,207,9,10
TRPJAI2508266f9640f9,2025-08-26,RJ01,repeated,20,277,7,10
TRPVIS2508264246f220,2025-08-26,AP01,new,31,306,9,9
TRPLUC250826bde3885e,2025-08-26,UP01,new,6,80,7,6
TRPVAD250826f5d401cf,2025-08-26,GJ02,new,5,58,9,7
TRPJAI250826daaa7d7a,2025-08-26,RJ01,repeated,24,325,9,8
TRPLUC2508269d93516a,2025-08-26,UP01,repeated,5,71,7,5
TRPSUR250826ddf61134,2025-08-26,GJ01,repeated,15,139,7,7
TRPCOI25082653bfe567,2025-08-26,TN01,new,22,199,9,9
TRPSUR250826a3486beb,2025-08-26,GJ01,repeated,5,59,5,5
TRPCOI250826017b34ab,2025-08-26,TN01,new,17,159,8,9
TRPJAI25082679e89f5c,2025-08-26,RJ01,new,26,349,9,9
TRPVIS2508264cce763d,2025-08-26,AP01,repeated,10,117,8,8
TRPLUC25082605501221,2025-08-26,UP01,repeated,15,161,7,8
TRPLUC250826f27183ba,2025-08-26,UP01,new,12,134,7,7
TRPLUC2508262f9a1ac0,2025-08-26,UP01,repeated,7,89,6,6
TRPJAI2508268c90bd1e,2025-08-26,RJ01,repeated,30,397,8,9
TRPLUC250826380a6cc4,2025-08-26,UP01,repeated,18,188,6,7
TRPCOI250826de6e1123,2025-08-26,TN01,new,18,167,8,8
TRPKOC250826fb7cf3c8,2025-08-26,KL01,new,14,185,10,8
TRPSUR250826a606789d,2025-08-26,GJ01,repeated,8,83,6,6
TRPSUR2508261275477c,2025-08-26,GJ01,repeated,10,99,7,6
TRPJAI25082684dd305a,2025-08-26,RJ01,new,17,241,10,10
TRPLUC25082699b7dbaa,2025-08-26,UP01,repeated,17,179,5,7
TRPSUR2508265625cc1e,2025-08-26,GJ01,repeated,12,115,6,8
TRPIND2508266b263ab3,2025-08-26,MP01,new,19,175,10,9
TRPVAD250826c632163f,2025-08-26,GJ02,new,9,90,8,8
TRPCOI2508266b203e19,2025-08-26,TN01,new,18,167,7,8
TRPLUC25082641e8a0b8,2025-08-26,UP01,repeated,12,134,7,7
TRPCHA250826e0a87522,2025-08-26,CH01,new,27,269,10,7
TRPVIS25082641b5c0e6,2025-08-26,AP01,new,10,117,10,10
TRPCHA25082683e0f24e,2025-08-26,CH01,repeated,12,134,8,6
TRPLUC250826832e2eb1,2025-08-26,UP01,repeated,18,188,5,5
TRPJAI2508263c19ec88,2025-08-26,RJ01,repeated,31,409,8,10
TRPSUR2508268879a4a0,2025-08-26,GJ01,new,14,131,9,6
TRPVIS25082623cdb744,2025-08-26,AP01,new,17,180,9,10
TRPVAD250826c854c347,2025-08-26,GJ02,repeated,10,98,6,8
TRPSUR250826a329ccbd,2025-08-26,GJ01,repeated,11,107,7,5
TRPCOI250826ac7fca5d,2025-08-26,TN01,repeated,17,159,7,7
TRPLUC250826af7eab67,2025-08-26,UP01,repeated,12,134,6,6
TRPJAI25082680d2d2a7,2025-08-26,RJ01,repeated,15,217,7,9
TRPVAD250826d8797ddf,2025-08-26,GJ02,new,16,146,8,7
TRPVAD25082672039f9b,2025-08-26,GJ02,repeated,6,66,7,7
TRPJAI2508264ecd233e,2025-08-26,RJ01,new,37,481,10,8
TRPLUC250826fe8d5de9,2025-08-26,UP01,repeated,12,134,5,5
TRPLUC25082614bd7386,2025-08-26,UP01,new,7,89,7,6
TRPVIS2508268e50dccd,2025-08-26,AP01,repeated,32,315,8,9
TRPVAD2508266f9328fb,2025-08-26,GJ02,repeated,16,146,6,6
TRPLUC250826d96fdcb8,2025-08-26,UP01,new,9,107,9,8
TRPSUR250826412d3eac,2025-08-26,GJ01,repeated,14,131,7,6
TRPJAI250826614e50f9,2025-08-26,RJ01,new,42,541,10,10
TRPLUC25082636407603,2025-08-26,UP01,new,20,206,8,6
TRPSUR2508263735e82f,2025-08-26,GJ01,repeated,14,131,6,5
TRPVIS250826bca61fa1,2025-08-26,AP01,repeated,23,234,7,8
TRPLUC2508266db4f689,2025-08-26,UP01,repeated,11,125,7,6
TRPKOC250826cba32221,2025-08-26,KL01,repeated,32,383,7,8
TRPCHA25082607639f2f,2025-08-26,CH01,repeated,34,332,7,6
TRPLUC250826ac6ecc5a,2025-08-26,UP01,repeated,17,179,7,7
TRPVAD250826209617ea,2025-08-26,GJ02,repeated,9,90,7,5
TRPIND2508265f99c1e7,2025-08-26,MP01,new,25,223,8,9
TRPCHA250826f8ce0e0b,2025-08-26,CH01,new,33,323,10,7
TRPKOC25082646ed07b9,2025-08-26,KL01,new,24,295,10,9
TRPLUC250826f15ca7a3,2025-08-26,UP01,repeated,19,197,6,5
TRPJAI250826a150b89f,2025-08-26,RJ01,new,33,433,10,9
TRPLUC250826e1488891,2025-08-26,UP01,repeated,16,170,5,6
TRPKOC25082691eefd72,2025-08-26,KL01,repeated,27,328,9,10
TRPJAI250826e333c9f3,2025-08-26,RJ01,repeated,32,421,7,10
TRPJAI25082608e42f6d,2025-08-26,RJ01,new,41,529,8,8
TRPSUR25082620810291,2025-08-26,GJ01,repeated,9,91,6,6
TRPLUC2508262392a1cc,2025-08-26,UP01,new,12,134,7,7
TRPIND250826d642117d,2025-08-26,MP01,new,22,199,10,7
TRPJAI250826c84d48b1,2025-08-26,RJ01,new,32,421,9,8
TRPJAI250826d301a033,2025-08-26,RJ01,new,21,289,8,8
TRPJAI250826be49c2d3,2025-08-26,RJ01,repeated,28,373,7,8
TRPJAI250826cbe6e6a7,2025-08-26,RJ01,repeated,44,565,9,8
TRPKOC250826b7ce77d2,2025-08-26,KL01,new,21,262,10,10
TRPMYS25082654613508,2025-08-26,KA01,repeated,9,125,7,10
TRPLUC250826bf8d3160,2025-08-26,UP01,repeated,5,71,6,7
TRPLUC2508269eba4213,2025-08-26,UP01,repeated,11,125,6,6
TRPVAD2508265319d30b,2025-08-26,GJ02,repeated,7,74,5,6
TRPKOC25082618ab99e2,2025-08-26,KL01,new,33,394,10,10
TRPIND250826d5bdf186,2025-08-26,MP01,repeated,10,103,6,9
TRPJAI250826723358a0,2025-08-26,RJ01,new,43,553,10,8
TRPVAD25082645958e47,2025-08-26,GJ02,repeated,10,98,7,5
TRPJAI25082673ea5df6,2025-08-26,RJ01,new,45,577,9,9
TRPLUC250826d51f3add,2025-08-26,UP01,repeated,10,116,7,5
TRPIND2508264099a462,2025-08-26,MP01,repeated,9,95,6,8
TRPVAD250826efb2c9d6,2025-08-26,GJ02,repeated,6,66,6,6
TRPCOI2508265930c16c,2025-08-26,TN01,repeated,21,191,6,6
TRPSUR25082629bca7c9,2025-08-26,GJ01,repeated,6,67,7,7
TRPJAI250826ed5b46f5,2025-08-26,RJ01,repeated,16,229,9,9
TRPLUC25082683e9a27a,2025-08-26,UP01,new,11,125,9,8
TRPVAD250826214840e1,2025-08-26,GJ02,new,18,162,8,7
TRPJAI250826cacff368,2025-08-26,RJ01,repeated,19,265,9,9
TRPJAI2508269c6754e7,2025-08-26,RJ01,new,42,541,9,8
TRPSUR25082666df4bb1,2025-08-26,GJ01,repeated,6,67,6,7
TRPCHA25082654e035b3,2025-08-26,CH01,new,30,296,10,9
TRPSUR250826e6213dec,2025-08-26,GJ01,repeated,14,131,7,5
TRPLUC2508269de18c2e,2025-08-26,UP01,repeated,18,188,7,5
TRPJAI2508267b64da23,2025-08-26,RJ01,new,38,493,10,10
TRPLUC25082613a4c477,2025-08-26,UP01,repeated,16,170,6,7
TRPMYS25082678ce8d08,2025-08-26,KA01,new,24,275,10,9
TRPJAI250826c9669be8,2025-08-26,RJ01,repeated,41,529,7,9
TRPCOI25082682044c4b,2025-08-26,TN01,new,18,167,9,9
TRPCOI250826e1823743,2025-08-26,TN01,new,19,175,7,7
TRPLUC250826cc8fb0ce,2025-08-26,UP01,repeated,11,125,6,7
TRPLUC25082620f1ccfc,2025-08-26,UP01,repeated,18,188,7,6
TRPCOI250826bd9502b6,2025-08-26,TN01,repeated,9,95,8,9
TRPLUC2508261e484231,2025-08-26,UP01,repeated,13,143,5,8
TRPLUC250826a28e6c15,2025-08-26,UP01,repeated,15,161,6,6
TRPJAI250826efbbda07,2025-08-26,RJ01,new,26,349,9,10
TRPIND250826c1e3103f,2025-08-26,MP01,repeated,19,175,6,9
TRPCHA250826ae7d52f6,2025-08-26,CH01,new,26,260,9,7
TRPCHA25082682cf2f6f,2025-08-26,CH01,repeated,26,260,9,7
TRPJAI2508268dc57e84,2025-08-26,RJ01,repeated,18,253,7,8
TRPVIS2508261eaa566b,2025-08-26,AP01,new,34,333,10,10
TRPJAI250826518fcea6,2025-08-26,RJ01,new,21,289,10,9
TRPVIS2508268db415c3,2025-08-26,AP01,repeated,21,216,7,10
TRPCHA2508267b75be22,2025-08-26,CH01,new,33,323,8,7
TRPSUR250826740a86ce,2025-08-26,GJ01,repeated,12,115,6,8
TRPSUR250826e8669424,2025-08-26,GJ01,repeated,9,91,7,8
TRPSUR25082679d7c714,2025-08-26,GJ01,repeated,11,107,6,5
TRPSUR250826cc551b66,2025-08-26,GJ01,repeated,12,115,5,6
TRPSUR250826ffb2ccde,2025-08-26,GJ01,repeated,7,75,5,6
TRPVIS2508262252e114,2025-08-26,AP01,new,35,342,8,9
TRPJAI25082642e1ee05,2025-08-26,RJ01,new,34,445,8,8
TRPVIS25082689bafed8,2025-08-26,AP01,repeated,19,198,7,9
TRPJAI2508268dff9bbe,2025-08-26,RJ01,new,42,541,9,9
TRPKOC250826dde74fba,2025-08-26,KL01,new,34,405,9,10
TRPLUC250826f2916c00,2025-08-26,UP01,repeated,8,98,7,5
TRPVAD25082645c04da4,2025-08-26,GJ02,repeated,11,106,6,6
TRPSUR250826163ae8ff,2025-08-26,GJ01,new,6,67,7,6
TRPVIS250826bf742e5d,2025-08-26,AP01,new,30,297,9,9
TRPJAI2508261da926e6,2025-08-26,RJ01,repeated,31,409,7,10
TRPCHA250826c6c5ed9c,2025-08-26,CH01,repeated,26,260,7,9
TRPCOI25082691fab2eb,2025-08-26,TN01,new,11,111,7,8
TRPSUR250826ba9e6a52,2025-08-26,GJ01,repeated,6,67,5,7
TRPVAD25082697241a9f,2025-08-26,GJ02,repeated,13,122,5,8
TRPSUR250826fa6d29c3,2025-08-26,GJ01,repeated,12,115,5,6
TRPCHA25082620d99599,2025-08-26,CH01,repeated,15,161,2,3
TRPLUC25082615e2b04a,2025-08-26,UP01,repeated,16,170,7,6
TRPLUC25082625b82a27,2025-08-26,UP01,repeated,7,89,6,6
TRPLUC250826670a1582,2025-08-26,UP01,new,6,80,9,7
TRPSUR25082665f34842,2025-08-26,GJ01,repeated,12,115,6,7
TRPMYS250826725fbd86,2025-08-26,KA01,new,9,125,8,10
TRPKOC250826fd704ad3,2025-08-26,KL01,new,10,141,8,10
TRPSUR2508261c8cdd12,2025-08-26,GJ01,repeated,13,123,5,7
TRPMYS250826f83888cb,2025-08-26,KA01,new,21,245,10,10
TRPIND25082621b55994,2025-08-26,MP01,repeated,13,127,8,9
TRPLUC25082601d497c7,2025-08-26,UP01,repeated,19,197,6,8
TRPSUR250826ec62a713,2025-08-26,GJ01,new,12,115,8,6
TRPLUC250826f0ab0654,2025-08-26,UP01,repeated,13,143,6,8
TRPJAI250826be3ecc65,2025-08-26,RJ01,new,21,289,9,9
TRPSUR25082673322e99,2025-08-26,GJ01,new,15,139,9,8
TRPVIS2508262e9b26be,2025-08-26,AP01,new,31,306,10,10
TRPJAI250826f64b8d1f,2025-08-26,RJ01,new,19,265,8,9
TRPIND250826d3df10ab,2025-08-26,MP01,repeated,19,175,7,8
TRPJAI250826109ac7e0,2025-08-26,RJ01,repeated,43,553,8,8
TRPSUR250826afca410f,2025-08-26,GJ01,new,13,123,7,8
TRPJAI250826978a5c3d,2025-08-26,RJ01,repeated,39,505,9,9
TRPKOC25082668d5d356,2025-08-26,KL01,new,19,240,9,10
TRPLUC2508269f881e74,2025-08-26,UP01,repeated,18,188,6,8
TRPCOI25082649a8b8e1,2025-08-26,TN01,new,17,159,8,8
TRPIND250826617bb889,2025-08-26,MP01,new,18,167,8,7
TRPCOI250826e4be244c,2025-08-26,TN01,new,20,183,10,9
TRPMYS25082628c3a4b9,2025-08-26,KA01,new,25,285,10,9
TRPCOI250826317aabc2,2025-08-26,TN01,repeated,13,127,6,9
TRPLUC25082695b6f4bb,2025-08-26,UP01,repeated,6,80,6,6
TRPIND2508267d1d408a,2025-08-26,MP01,repeated,12,119,9,7
TRPJAI250826d940a551,2025-08-26,RJ01,repeated,18,253,7,10
TRPIND250826779737c0,2025-08-26,MP01,new,8,87,7,7
TRPLUC250826183c1895,2025-08-26,UP01,new,17,179,9,8
TRPJAI250826f9f222bb,2025-08-26,RJ01,new,26,349,8,9
TRPJAI25082612e60ee6,2025-08-26,RJ01,repeated,15,217,9,8
TRPLUC25082619aabbc3,2025-08-26,UP01,repeated,14,152,6,7
TRPLUC2508269278c6c1,2025-08-26,UP01,repeated,6,80,5,5
TRPIND25082666714f5d,2025-08-26,MP01,new,12,119,9,9
TRPSUR250826f4cccdf7,2025-08-26,GJ01,repeated,7,75,6,6
TRPLUC25082683f87760,2025-08-26,UP01,new,7,89,9,6
TRPSUR250826a5ab26d0,2025-08-26,GJ01,repeated,10,99,5,7
TRPSUR250826f11837b6,2025-08-26,GJ01,repeated,9,91,7,6
TRPCHA250826ad6a7663,2025-08-26,CH01,new,30,296,9,7
TRPIND25082628d367f1,2025-08-26,MP01,repeated,22,199,8,9
TRPCOI25082669b9dcfe,2025-08-26,TN01,repeated,11,111,8,9
TRPLUC25082693544e98,2025-08-26,UP01,new,19,197,8,8
TRPCHA250826b19a4ec0,2025-08-26,CH01,repeated,13,143,9,8
TRPKOC250826dd02f2d0,2025-08-26,KL01,new,13,174,9,10
TRPIND2508268a615389,2025-08-26,MP01,repeated,17,159,7,6
TRPKOC250826c858b5cb,2025-08-26,KL01,new,28,339,10,9
TRPJAI25082602aabc90,2025-08-26,RJ01,new,25,337,10,9
TRPKOC250826a5d655f7,2025-08-26,KL01,new,14,185,10,9
TRPJAI250826554047ff,2025-08-26,RJ01,repeated,34,445,8,9
TRPLUC2508265f1cebb8,2025-08-26,UP01,repeated,5,71,7,5
TRPVIS250826ca8a778f,2025-08-26,AP01,repeated,24,243,7,9
TRPKOC2508268656c5c6,2025-08-26,KL01,new,14,185,8,9
TRPIND2508266cd761db,2025-08-26,MP01,repeated,25,223,7,9
TRPCOI2508269234cb28,2025-08-26,TN01,new,14,135,9,8
TRPLUC250826119c7007,2025-08-26,UP01,repeated,19,197,7,6
TRPCOI250826f17c4202,2025-08-26,TN01,new,8,87,8,8
TRPIND250826cc511366,2025-08-26,MP01,repeated,10,103,7,7
TRPSUR250826285e1ae7,2025-08-26,GJ01,repeated,5,59,6,5
TRPJAI2508267999c3a0,2025-08-26,RJ01,new,41,529,8,8
TRPIND2508269c554a9f,2025-08-26,MP01,repeated,9,95,7,6
TRPJAI250826cef41588,2025-08-26,RJ01,repeated,27,361,8,8
TRPVIS250826952f85b7,2025-08-26,AP01,repeated,34,333,7,8
TRPLUC25082613ecb40c,2025-08-26,UP01,repeated,16,170,7,7
TRPLUC2508265313a7a0,2025-08-26,UP01,repeated,15,161,5,6
TRPSUR2508265b65d427,2025-08-26,GJ01,repeated,7,75,7,7
TRPCOI25082617988525,2025-08-26,TN01,new,21,191,9,9
TRPVAD2508261ba337fe,2025-08-26,GJ02,repeated,8,82,5,8
TRPLUC2508260c6a99f9,2025-08-26,UP01,repeated,14,152,5,8
TRPVAD2508266ac7e503,2025-08-26,GJ02,repeated,14,130,5,6
TRPKOC250826cadafafe,2025-08-26,KL01,repeated,21,262,7,9
TRPLUC250826d32d464d,2025-08-26,UP01,repeated,15,161,5,8
TRPJAI250826048724f1,2025-08-26,RJ01,repeated,41,529,9,9
TRPJAI250826790ce1a5,2025-08-26,RJ01,repeated,19,265,7,8
TRPJAI25082679f26934,2025-08-26,RJ01,new,31,409,10,9
TRPIND250826efb8bef0,2025-08-26,MP01,repeated,9,95,9,6
TRPKOC250826e9b38839,2025-08-26,KL01,new,32,383,8,8
TRPLUC250826ac7025fb,2025-08-26,UP01,repeated,7,89,7,5
TRPCHA250826cd00930c,2025-08-26,CH01,repeated,21,215,6,7
TRPLUC25082656a10bae,2025-08-26,UP01,repeated,20,206,5,7
TRPLUC25082603b4268b,2025-08-26,UP01,repeated,8,98,6,8
TRPLUC250826d11a5f67,2025-08-26,UP01,repeated,6,80,5,7
TRPCOI2508263b034166,2025-08-26,TN01,new,22,199,8,8
TRPSUR2508261f70584a,2025-08-26,GJ01,repeated,7,75,5,6
TRPMYS250826297a19ac,2025-08-26,KA01,new,25,285,10,9
TRPVIS250826182a2b54,2025-08-26,AP01,new,13,144,8,9
TRPLUC25082630a74537,2025-08-26,UP01,repeated,16,170,6,5
TRPLUC2508260035250b,2025-08-26,UP01,repeated,11,125,6,5
TRPSUR25082697560a1e,2025-08-26,GJ01,repeated,10,99,7,6
TRPLUC250826b70ea70d,2025-08-26,UP01,new,18,188,8,7
TRPVIS25082641d2b7c1,2025-08-26,AP01,repeated,22,225,8,8
TRPJAI250826a41c3cda,2025-08-26,RJ01,new,41,529,9,9
TRPSUR25082688ca8fc7,2025-08-26,GJ01,repeated,12,115,5,6
TRPMYS250826ca88455a,2025-08-26,KA01,new,21,245,8,10
TRPIND250826d136e22c,2025-08-26,MP01,repeated,13,127,7,9
TRPLUC250826fcc8db5a,2025-08-26,UP01,repeated,9,107,7,8
TRPSUR25082653fb1666,2025-08-26,GJ01,repeated,10,99,6,6
TRPCHA2508261733dc04,2025-08-26,CH01,new,15,161,10,9
TRPSUR2508264758f1ce,2025-08-26,GJ01,repeated,11,107,7,7
TRPVIS25082678efb58d,2025-08-26,AP01,repeated,23,234,9,8
TRPSUR250826ebc446ab,2025-08-26,GJ01,repeated,11,107,6,5
TRPVAD250826e7e701ce,2025-08-26,GJ02,new,8,82,8,7
TRPLUC25082657f89faa,2025-08-26,UP01,repeated,7,89,7,7
TRPLUC2508267cacba87,2025-08-26,UP01,repeated,18,188,5,8
TRPVAD2508264d42b846,2025-08-26,GJ02,new,6,66,7,8
TRPCOI25082619197fad,2025-08-26,TN01,new,18,167,10,9
TRPSUR250826f301e493,2025-08-26,GJ01,repeated,10,99,7,5
TRPVIS2508260be2e6f3,2025-08-26,AP01,repeated,17,180,8,9
TRPLUC250826af71a858,2025-08-26,UP01,new,6,80,8,8
TRPIND2508262a62ad3f,2025-08-26,MP01,repeated,17,159,8,8
TRPVAD250826195b52da,2025-08-26,GJ02,repeated,14,130,5,6
TRPCOI2508262e6a5b55,2025-08-26,TN01,repeated,10,103,7,7
TRPMYS2508265670a6a2,2025-08-26,KA01,new,22,255,9,10
TRPJAI250826d35a6bb5,2025-08-26,RJ01,new,38,493,9,8
TRPKOC2508269a056a00,2025-08-26,KL01,new,36,427,9,9
TRPJAI25082673a18524,2025-08-26,RJ01,new,31,409,8,8
TRPSUR2508267e452377,2025-08-26,GJ01,new,6,67,8,8
TRPCOI2508267ab428f3,2025-08-26,TN01,new,21,191,10,9
TRPVIS2508267a555ff6,2025-08-26,AP01,new,13,144,10,9
TRPMYS2508264785dffb,2025-08-26,KA01,new,13,165,8,10
TRPSUR25082693cc8892,2025-08-26,GJ01,repeated,14,131,7,8
TRPJAI2508261abd6c65,2025-08-26,RJ01,repeated,37,481,9,8
TRPLUC250826fbefb67c,2025-08-26,UP01,repeated,15,161,6,8
TRPVIS2508264c0ed95e,2025-08-26,AP01,repeated,33,324,8,9
TRPMYS25082631ac9d4a,2025-08-26,KA01,new,10,135,8,10
TRPLUC2508269287f15e,2025-08-26,UP01,repeated,13,143,7,8
TRPKOC2508264ec4f4fd,2025-08-26,KL01,new,32,383,9,8
TRPLUC2508267d2dd68e,2025-08-26,UP01,repeated,12,134,5,5
TRPLUC2508263a5acd9d,2025-08-26,UP01,repeated,14,152,5,8
TRPLUC250826d0cfd3a9,2025-08-26,UP01,repeated,18,188,5,5
TRPJAI2508265f8d780a,2025-08-26,RJ01,repeated,23,313,9,8
TRPLUC250826bbdfd9c7,2025-08-26,UP01,repeated,10,116,7,5
TRPVAD2508264e1220d5,2025-08-26,GJ02,repeated,8,82,7,5
TRPCOI2508268c947609,2025-08-26,TN01,new,18,167,10,7
TRPVAD250826f6e024a1,2025-08-26,GJ02,new,10,98,9,7
TRPVAD250826ebc77c3a,2025-08-26,GJ02,repeated,7,74,6,8
TRPJAI250826e7945081,2025-08-26,RJ01,repeated,31,409,9,10
TRPJAI2508261d0016cc,2025-08-26,RJ01,new,31,409,9,8
TRPLUC250826fec4aa06,2025-08-26,UP01,repeated,11,125,5,8
TRPMYS250826e6b23dca,2025-08-26,KA01,new,17,205,9,10
TRPKOC2508269365ab6b,2025-08-26,KL01,new,29,350,8,8
TRPIND250826d13a044e,2025-08-26,MP01,repeated,18,167,7,8
TRPCOI2508262049bce8,2025-08-26,TN01,repeated,11,111,9,7
TRPCHA250826b71b266a,2025-08-26,CH01,new,13,143,7,8
TRPLUC250826a3340502,2025-08-26,UP01,repeated,13,143,5,5
TRPJAI250826fa1338a9,2025-08-26,RJ01,new,36,469,10,9
TRPLUC2508267dbeae96,2025-08-26,UP01,new,6,80,8,7
TRPLUC250826ec5f5405,2025-08-26,UP01,new,16,170,7,6
TRPJAI250826d8487009,2025-08-26,RJ01,new,31,409,8,8
TRPIND2508262f3c1949,2025-08-26,MP01,repeated,12,119,6,9
TRPLUC250826edc30ff5,2025-08-26,UP01,repeated,15,161,6,8
TRPLUC250826157381db,2025-08-26,UP01,repeated,8,98,5,5
TRPLUC250826c030a40a,2025-08-26,UP01,new,6,80,9,7
TRPLUC2508263d8c2401,2025-08-26,UP01,repeated,14,152,6,6
TRPMYS250826d5e8d4dd,2025-08-26,KA01,new,13,165,10,9
TRPLUC2508269dd00e1d,2025-08-26,UP01,repeated,10,116,7,7
TRPJAI250826e2ba4458,2025-08-26,RJ01,new,39,505,10,8
TRPIND2508264019d3c0,2025-08-26,MP01,new,16,151,10,9
TRPSUR250826fa37af0c,2025-08-26,GJ01,repeated,7,75,5,5
TRPSUR2508261ff6d155,2025-08-26,GJ01,repeated,11,107,7,6
TRPSUR25082671f5b99f,2025-08-26,GJ01,new,14,131,9,6
TRPKOC250826e1fd889e,2025-08-26,KL01,repeated,38,449,9,8
TRPLUC250826c6c2e83c,2025-08-26,UP01,repeated,9,107,5,7
TRPIND250826c2513282,2025-08-26,MP01,new,19,175,7,7
TRPSUR250826b055bd26,2025-08-26,GJ01,new,8,83,7,8
TRPIND2508262e11d6f7,2025-08-26,MP01,repeated,21,191,9,6
TRPCHA25082670962ca2,2025-08-26,CH01,repeated,30,296,7,8
TRPVAD250826fafbc1b5,2025-08-26,GJ02,repeated,13,122,6,8
TRPJAI2508263b73a262,2025-08-26,RJ01,new,19,265,10,8
TRPJAI2508261cf8e309,2025-08-26,RJ01,repeated,22,301,8,9
TRPCOI250826ad491e4e,2025-08-26,TN01,new,15,143,8,8
TRPVIS250826704a28d3,2025-08-26,AP01,repeated,29,288,8,8
TRPCHA2508267b433c0e,2025-08-26,CH01,new,24,242,8,7
TRPLUC250826eb994715,2025-08-26,UP01,new,11,125,9,8
TRPLUC250826aa86feaa,2025-08-26,UP01,repeated,11,125,7,5
TRPIND250826488767dc,2025-08-26,MP01,repeated,14,135,8,8
TRPVAD2508261eacdc8c,2025-08-26,GJ02,repeated,8,82,6,6
TRPCHA2508267d449665,2025-08-26,CH01,repeated,17,179,6,7
TRPVAD250826093b6a42,2025-08-26,GJ02,repeated,15,138,5,8
TRPSUR250826b09867c9,2025-08-26,GJ01,repeated,7,75,7,6
TRPLUC25082630d00844,2025-08-26,UP01,repeated,15,161,7,8
TRPLUC250826ab66465c,2025-08-26,UP01,repeated,9,107,5,5
TRPVIS250826a0a87d94,2025-08-26,AP01,repeated,30,297,8,8
TRPIND250826814bfcd4,2025-08-26,MP01,new,13,127,9,7
TRPVIS2508262349f811,2025-08-26,AP01,new,27,270,8,10
TRPKOC250826d54eada7,2025-08-26,KL01,new,22,273,8,10
TRPVAD250826da5c111f,2025-08-26,GJ02,repeated,7,74,5,7
TRPKOC250826bea21445,2025-08-26,KL01,new,25,306,8,9
TRPLUC25082699c976ad,2025-08-26,UP01,repeated,14,152,5,5
TRPJAI250826c3efd5c1,2025-08-26,RJ01,new,25,337,8,9
TRPCHA250826bb716f22,2025-08-26,CH01,new,20,206,9,7
TRPVAD2508263bb77234,2025-08-26,GJ02,repeated,10,98,5,6
TRPJAI25082603c343db,2025-08-26,RJ01,new,36,469,8,10
TRPVAD250826ca78b0a2,2025-08-26,GJ02,new,8,82,9,6
TRPSUR25082656695543,2025-08-26,GJ01,new,9,91,9,6
TRPJAI2508264cf3d304,2025-08-26,RJ01,new,28,373,9,9
TRPVAD250826527334d2,2025-08-26,GJ02,new,10,98,7,8
TRPSUR250826727cb7a6,2025-08-26,GJ01,repeated,17,155,6,8
TRPLUC2508260d87c7a6,2025-08-26,UP01,repeated,16,170,7,5
TRPJAI250826205c7870,2025-08-26,RJ01,new,26,349,9,9
TRPJAI2508263674ef5b,2025-08-26,RJ01,repeated,43,553,9,8
TRPJAI250826b624ad76,2025-08-26,RJ01,repeated,30,397,8,10
TRPKOC2508267a087166,2025-08-26,KL01,repeated,37,438,7,10
TRPMYS2508263cae7a78,2025-08-26,KA01,new,15,185,10,8
TRPLUC250826a6c224f6,2025-08-26,UP01,new,15,161,7,7
TRPJAI25082623156eb2,2025-08-26,RJ01,repeated,28,373,8,10
TRPIND250826be1ec565,2025-08-26,MP01,new,19,175,8,7
TRPSUR250826d225b0fe,2025-08-26,GJ01,repeated,10,99,5,7
TRPCHA2508263a671cb9,2025-08-26,CH01,repeated,18,188,8,9
TRPIND250826fc43fd21,2025-08-26,MP01,repeated,12,119,6,8
TRPLUC250826751e8757,2025-08-26,UP01,new,19,197,9,6
TRPSUR2508263d0651ed,2025-08-26,GJ01,repeated,9,91,7,8
TRPSUR250826bde371a0,2025-08-26,GJ01,new,5,59,7,7
TRPJAI25082635872d87,2025-08-26,RJ01,repeated,17,241,9,10
TRPSUR25082611eae4c8,2025-08-26,GJ01,repeated,8,83,5,7
TRPIND2508267fefbcb3,2025-08-26,MP01,repeated,12,119,7,8
TRPVAD250826a787b030,2025-08-26,GJ02,repeated,9,90,5,7
TRPLUC2508267673e5a3,2025-08-26,UP01,repeated,13,143,6,7
TRPKOC25082691de3526,2025-08-26,KL01,repeated,18,229,7,9
TRPKOC250826d6581f2a,2025-08-26,KL01,new,34,405,8,8
TRPLUC2508260787e3d4,2025-08-26,UP01,repeated,18,188,7,6
TRPVIS250826a017cbec,2025-08-26,AP01,new,11,126,9,8
TRPKOC2508261f3286c6,2025-08-26,KL01,repeated,30,361,9,8
TRPSUR250826f295a131,2025-08-26,GJ01,repeated,9,91,5,5
TRPCHA2508261c080aa1,2025-08-26,CH01,repeated,15,161,9,8
TRPSUR250826ca032198,2025-08-26,GJ01,new,9,91,7,7
TRPLUC2508261fbe18ff,2025-08-26,UP01,repeated,15,161,7,5
TRPIND2508263c987f88,2025-08-26,MP01,new,11,111,10,9
TRPVIS25082662952313,2025-08-26,AP01,repeated,24,243,9,9
TRPSUR25082667b5caea,2025-08-26,GJ01,repeated,13,123,7,5
TRPJAI25082690f0967e,2025-08-26,RJ01,new,18,253,8,8
TRPLUC250826de267c2f,2025-08-26,UP01,new,6,80,7,7
TRPCHA250826b4c85576,2025-08-26,CH01,repeated,31,305,9,8
TRPSUR25082667b4b61d,2025-08-26,GJ01,new,10,99,7,6
TRPCHA2508265873453a,2025-08-26,CH01,new,13,143,10,8
TRPVAD250826add3a8d5,2025-08-26,GJ02,repeated,8,82,5,8
TRPVAD25082675a766d4,2025-08-26,GJ02,repeated,8,82,6,6
TRPJAI250826e3d8b43b,2025-08-26,RJ01,repeated,15,217,8,9
TRPVAD250826f766a067,2025-08-26,GJ02,new,17,154,7,8
TRPIND250826819f667b,2025-08-26,MP01,repeated,13,127,6,8
TRPCOI25082608f5c32e,2025-08-26,TN01,repeated,19,175,9,9
TRPVAD250826f3ae1975,2025-08-26,GJ02,repeated,11,106,6,5
TRPSUR2508266a167e83,2025-08-26,GJ01,new,14,131,8,8
TRPCOI2508260d1ca9f8,2025-08-26,TN01,repeated,14,135,7,8
TRPCOI250826aa441641,2025-08-26,TN01,new,12,119,10,8
TRPJAI250826a07bce7f,2025-08-26,RJ01,repeated,20,277,7,8
TRPJAI250826de9aadb5,2025-08-26,RJ01,repeated,16,229,8,10
TRPLUC2508265b75c9f2,2025-08-26,UP01,repeated,6,80,5,6
TRPJAI2508262aada85e,2025-08-26,RJ01,repeated,30,397,8,10
TRPSUR250826b46f3309,2025-08-26,GJ01,repeated,12,115,5,7
TRPLUC25082683c6d5ea,2025-08-26,UP01,new,6,80,7,6
TRPKOC250826e6152d51,2025-08-26,KL01,new,22,273,10,8
TRPIND25082670ace36d,2025-08-26,MP01,repeated,22,199,7,7
TRPJAI25082640d18cca,2025-08-26,RJ01,new,41,529,8,8
TRPVAD250826f471aafc,2025-08-26,GJ02,repeated,16,146,5,7
TRPJAI250826d82d8988,2025-08-26,RJ01,new,45,577,8,8
TRPVIS25082634af8420,2025-08-26,AP01,new,11,126,8,8
TRPCHA250826f90b73ae,2025-08-26,CH01,repeated,35,341,9,7
TRPSUR2508268e42aad7,2025-08-26,GJ01,repeated,13,123,7,8
TRPVAD250826139c733e,2025-08-26,GJ02,repeated,10,98,6,5
TRPJAI250826f7407ce7,2025-08-26,RJ01,new,24,325,8,9
TRPSUR25082642f51d9c,2025-08-26,GJ01,repeated,16,147,7,8
TRPLUC2508261f6e7d4b,2025-08-26,UP01,repeated,15,161,7,6
TRPLUC250826a06da7ca,2025-08-26,UP01,repeated,9,107,7,5
TRPJAI250826590083b8,2025-08-26,RJ01,new,40,517,8,9
TRPSUR250826ec57d53b,2025-08-26,GJ01,new,13,123,7,8
TRPIND2508263760eab9,2025-08-26,MP01,repeated,16,151,8,6
TRPCHA250826b3b885d2,2025-08-26,CH01,new,30,296,9,7
TRPLUC250826e59b2582,2025-08-26,UP01,repeated,14,152,7,6
TRPLUC250826f4b2063b,2025-08-26,UP01,new,17,179,8,8
TRPJAI250826b3cf0bb8,2025-08-26,RJ01,repeated,37,481,7,9
TRPJAI250826a8db5478,2025-08-26,RJ01,repeated,23,313,9,10
TRPCOI250826f974e7c7,2025-08-26,TN01,new,19,175,8,9
TRPIND2508260bbabc40,2025-08-26,MP01,new,22,199,10,7
TRPCOI2508267029c444,2025-08-26,TN01,new,19,175,9,8
TRPCOI250826ec790bdf,2025-08-26,TN01,repeated,17,159,8,7
TRPJAI250826805fe837,2025-08-26,RJ01,new,18,253,8,10
TRPIND2508262ce5ad9a,2025-08-26,MP01,repeated,14,135,9,9
TRPJAI2508262eeef4b4,2025-08-26,RJ01,repeated,44,565,7,10
TRPLUC25082685260936,2025-08-26,UP01,repeated,19,197,7,7
TRPJAI250826b9a6abf3,2025-08-26,RJ01,repeated,36,469,8,9
TRPSUR250826fb6644e9,2025-08-26,GJ01,repeated,17,155,6,5
TRPSUR2508260874a57d,2025-08-26,GJ01,repeated,11,107,6,7
TRPVAD250826e69ee635,2025-08-26,GJ02,repeated,13,122,7,7
TRPMYS2508260a9600bd,2025-08-26,KA01,repeated,16,195,7,10
TRPJAI250826d7f6d1e6,2025-08-26,RJ01,new,44,565,8,8
TRPVAD250826ccf4e775,2025-08-26,GJ02,repeated,7,74,6,7
TRPKOC250826632e20bc,2025-08-26,KL01,repeated,27,328,9,8
TRPIND2508266a7714ba,2025-08-26,MP01,repeated,14,135,9,6
TRPCHA2508268b428b79,2025-08-26,CH01,repeated,19,197,9,6
TRPSUR2508267707832e,2025-08-26,GJ01,repeated,11,107,7,6
TRPSUR2508262dcb1af8,2025-08-26,GJ01,repeated,6,67,5,7
TRPKOC25082672307000,2025-08-26,KL01,new,12,163,9,8
TRPCHA250826866029ad,2025-08-26,CH01,new,17,179,9,7
TRPVIS250826b11c216d,2025-08-26,AP01,new,17,180,10,8
TRPLUC250826c9f2d795,2025-08-26,UP01,repeated,6,80,7,7
TRPJAI250826a342a97d,2025-08-26,RJ01,repeated,43,553,7,10
TRPJAI250826a1c64047,2025-08-26,RJ01,new,44,565,9,8
TRPLUC250826f7969f9e,2025-08-26,UP01,repeated,13,143,5,7
TRPIND25082620e7a1ea,2025-08-26,MP01,new,19,175,9,7
TRPLUC250826d777abda,2025-08-26,UP01,repeated,15,161,7,7
TRPLUC25082672f05056,2025-08-26,UP01,repeated,7,89,6,8
TRPIND2508267ce67e32,2025-08-26,MP01,repeated,11,111,7,7
TRPJAI250826ef934dfb,2025-08-26,RJ01,repeated,27,361,7,8
TRPCHA25082619a0b80d,2025-08-26,CH01,new,21,215,10,9
TRPKOC250826cba3f044,2025-08-26,KL01,repeated,20,251,8,9
TRPJAI2508264a417d64,2025-08-26,RJ01,new,19,265,8,10
TRPVAD25082632aff24c,2025-08-26,GJ02,repeated,11,106,6,6
TRPLUC250826645d888a,2025-08-26,UP01,new,11,125,9,8
TRPCHA250826bb86b83a,2025-08-26,CH01,repeated,19,197,6,6
TRPIND25082697bfd887,2025-08-26,MP01,repeated,11,111,8,7
TRPSUR2508269667b8cb,2025-08-26,GJ01,repeated,10,99,5,7
TRPKOC2508267e55a001,2025-08-26,KL01,new,11,152,8,8
TRPIND2508266927aa6e,2025-08-26,MP01,repeated,15,143,9,9
TRPLUC25082690b166fd,2025-08-26,UP01,repeated,15,161,7,5
TRPCHA250826e279271f,2025-08-26,CH01,new,30,296,8,9
TRPKOC250826c87ea20c,2025-08-26,KL01,repeated,15,196,7,8
TRPIND250826c9adfac7,2025-08-26,MP01,repeated,9,95,7,9
TRPLUC2508263388929b,2025-08-26,UP01,new,16,170,8,6
TRPCHA2508265dd31f53,2025-08-26,CH01,repeated,35,341,6,9
TRPKOC2508269a501f1d,2025-08-26,KL01,new,18,229,9,8
TRPCOI250826efa9deb7,2025-08-26,TN01,new,16,151,9,7
TRPLUC250826b0ed3876,2025-08-26,UP01,repeated,18,188,7,7
TRPLUC25082683db3b11,2025-08-26,UP01,new,15,161,8,6
TRPJAI2508266530c4a6,2025-08-26,RJ01,repeated,39,505,9,9
TRPLUC25082646a81a99,2025-08-26,UP01,repeated,7,89,6,7
TRPSUR250826814d31e2,2025-08-26,GJ01,new,5,59,9,6
TRPIND250826fca4ce94,2025-08-26,MP01,repeated,22,199,9,7
TRPVAD250826d4aa1988,2025-08-26,GJ02,repeated,8,82,7,6
TRPIND25082650f8e82e,2025-08-26,MP01,new,11,111,10,9
TRPKOC2508264fcc649f,2025-08-26,KL01,new,12,163,10,8
TRPJAI2508269a6c798e,2025-08-26,RJ01,new,33,433,10,9
TRPVAD250826c5337f05,2025-08-26,GJ02,new,14,130,8,8
TRPJAI2508265f2f5847,2025-08-26,RJ01,new,27,361,10,10
TRPVAD250826e40c946a,2025-08-26,GJ02,repeated,16,146,7,7
TRPLUC2508262d8f80cf,2025-08-26,UP01,new,10,116,9,8
TRPLUC2508264efb3b45,2025-08-26,UP01,new,17,179,9,7
TRPVIS250826a54b2b2a,2025-08-26,AP01,repeated,26,261,8,10
TRPSUR250826e8a2ed73,2025-08-26,GJ01,new,8,83,8,7
TRPCHA250826d01ae895,2025-08-26,CH01,repeated,21,215,7,6
TRPKOC250826cdb6931c,2025-08-26,KL01,repeated,20,251,7,9
TRPJAI25082674e40980,2025-08-26,RJ01,new,20,277,10,8
TRPJAI25082644eae01b,2025-08-26,RJ01,new,33,433,9,9
TRPCHA250826fcd924e3,2025-08-26,CH01,repeated,23,233,8,6
TRPIND2508261d54d4ca,2025-08-26,MP01,new,15,143,8,9
TRPLUC250826e09b783d,2025-08-26,UP01,repeated,9,107,5,5
TRPVAD250826d032f375,2025-08-26,GJ02,repeated,5,58,5,5
TRPSUR25082664c47792,2025-08-26,GJ01,repeated,11,107,7,6
TRPJAI2508264c99ba47,2025-08-26,RJ01,new,34,445,8,10
TRPKOC2508261f553d21,2025-08-26,KL01,new,23,284,10,9
TRPVAD2508263bc9c0be,2025-08-26,GJ02,repeated,11,106,5,8
TRPKOC250826c0de10dc,2025-08-26,KL01,new,18,229,8,9
TRPVAD2508260a455b47,2025-08-26,GJ02,new,5,58,7,8
TRPIND250826f3c10a84,2025-08-26,MP01,repeated,13,127,7,9
TRPLUC250826b802faec,2025-08-26,UP01,repeated,19,197,6,6
TRPIND250826dcca0090,2025-08-26,MP01,repeated,22,199,8,7
TRPLUC250826a8809239,2025-08-26,UP01,new,18,188,8,7
TRPVIS25082630669da6,2025-08-26,AP01,repeated,19,198,9,10
TRPLUC250826e4800a0d,2025-08-26,UP01,repeated,17,179,7,5
TRPCHA2508266a06b71e,2025-08-26,CH01,repeated,34,332,8,7
TRPVAD25082666a68929,2025-08-26,GJ02,new,18,162,8,8
TRPLUC25082600f2a704,2025-08-26,UP01,repeated,6,80,6,7
TRPSUR250826dbb0ab75,2025-08-26,GJ01,new,5,59,9,8
TRPJAI250826de8ef0ff,2025-08-26,RJ01,new,21,289,10,10
TRPKOC2508267bc42162,2025-08-26,KL01,repeated,30,361,8,9
TRPLUC2508261c0c91ec,2025-08-26,UP01,repeated,15,161,5,6
TRPSUR25082665b4e776,2025-08-26,GJ01,repeated,13,123,7,5
TRPLUC250826654914ba,2025-08-26,UP01,repeated,6,80,7,8
TRPKOC2508266bb4b543,2025-08-26,KL01,new,35,416,8,10
TRPJAI2508268fa0b711,2025-08-26,RJ01,repeated,18,253,9,10
TRPJAI250826ecbb9b6c,2025-08-26,RJ01,repeated,42,541,8,10
TRPIND2508268b4f4f65,2025-08-26,MP01,new,24,215,10,9
TRPSUR250826f79bf2f9,2025-08-26,GJ01,repeated,13,123,7,5
TRPSUR250826344b9095,2025-08-26,GJ01,new,11,107,9,8
TRPCOI250826438debd9,2025-08-26,TN01,repeated,10,103,7,7
TRPSUR2508268eb58e79,2025-08-26,GJ01,repeated,7,75,6,7
TRPIND250826f3155abe,2025-08-26,MP01,new,8,87,10,7
TRPJAI250826faa58a98,2025-08-26,RJ01,new,23,313,9,10
TRPCHA25082680186655,2025-08-26,CH01,new,24,242,10,8
TRPLUC2508260473e48a,2025-08-26,UP01,repeated,7,89,5,7
TRPJAI250826fd79d4e6,2025-08-26,RJ01,repeated,34,445,7,9
TRPSUR25082691b711c9,2025-08-26,GJ01,repeated,7,75,5,6
TRPLUC2508263b8934c9,2025-08-26,UP01,repeated,19,197,7,6
TRPCHA2508263b8e3856,2025-08-26,CH01,new,21,215,7,8
TRPLUC2508263123e49a,2025-08-26,UP01,new,11,125,7,7
TRPJAI25082692638665,2025-08-26,RJ01,new,42,541,8,10
TRPLUC2508261247e41e,2025-08-26,UP01,repeated,11,125,5,7
TRPJAI25082657a03ac6,2025-08-26,RJ01,new,45,577,9,10
TRPCOI250826d93eb453,2025-08-26,TN01,repeated,14,135,6,7
TRPSUR250826319dec43,2025-08-26,GJ01,repeated,8,83,5,6
TRPSUR250826e85756f2,2025-08-26,GJ01,repeated,10,99,7,5
TRPSUR2508260c22e2ee,2025-08-26,GJ01,repeated,9,91,7,5
TRPVAD2508262c80a175,2025-08-26,GJ02,repeated,17,154,5,7
TRPSUR2508268b18d286,2025-08-26,GJ01,repeated,16,147,5,7
TRPLUC250826561f46f4,2025-08-26,UP01,repeated,7,89,6,6
TRPJAI2508269d05d691,2025-08-26,RJ01,repeated,25,337,7,10
TRPVIS250826013a98ad,2025-08-26,AP01,new,32,315,9,10
TRPJAI250826af9a557f,2025-08-26,RJ01,repeated,44,565,7,10
TRPIND2508260788e20b,2025-08-26,MP01,repeated,8,87,7,6
TRPIND250826c0d9c092,2025-08-26,MP01,repeated,20,183,8,7
TRPIND250826ddd001c4,2025-08-26,MP01,new,8,87,7,7
TRPVAD250826209e867d,2025-08-26,GJ02,repeated,5,58,6,6
TRPLUC250826de3bca57,2025-08-26,UP01,new,18,188,8,8
TRPVAD2508260c4f40e3,2025-08-26,GJ02,new,10,98,9,7
TRPJAI2508269e887130,2025-08-26,RJ01,repeated,21,289,7,10
TRPLUC2508265fd5540c,2025-08-26,UP01,repeated,14,152,6,7
TRPSUR250826fe40197d,2025-08-26,GJ01,repeated,17,155,6,6
TRPSUR2508263c564540,2025-08-26,GJ01,repeated,11,107,5,7
TRPLUC250826283e2ef8,2025-08-26,UP01,new,7,89,8,8
TRPIND250826f444fe4f,2025-08-26,MP01,repeated,21,191,8,7
TRPSUR250826dc1e273c,2025-08-26,GJ01,repeated,10,99,7,5
TRPSUR250826e7b2c975,2025-08-26,GJ01,repeated,16,147,7,6
TRPLUC2508260167ecdf,2025-08-26,UP01,repeated,7,89,5,7
TRPJAI2508269d853b55,2025-08-26,RJ01,new,45,577,10,9
TRPLUC250826189424a1,2025-08-26,UP01,repeated,5,71,7,7
TRPJAI250826c2a4860c,2025-08-26,RJ01,new,34,445,8,8
TRPKOC2508267d3a39bd,2025-08-26,KL01,new,17,218,9,8
TRPVIS250826b2e10f9a,2025-08-26,AP01,repeated,32,315,8,10
TRPCHA2508265a67366b,2025-08-26,CH01,new,23,233,9,8
TRPKOC2508262155c522,2025-08-26,KL01,new,23,284,9,9
TRPVAD2508262239794d,2025-08-26,GJ02,repeated,5,58,7,6
TRPCOI250826a368c8b2,2025-08-26,TN01,new,17,159,8,7
TRPLUC250826cafc3697,2025-08-26,UP01,repeated,20,206,7,7
TRPMYS25082634d32c9b,2025-08-26,KA01,repeated,18,215,9,8
TRPKOC2508269927d712,2025-08-26,KL01,new,31,372,8,8
TRPLUC250826a3583293,2025-08-26,UP01,repeated,19,197,6,8
TRPLUC2508265f070ef6,2025-08-26,UP01,repeated,7,89,7,8
TRPLUC25082685f9fcab,2025-08-26,UP01,new,19,197,9,6
TRPSUR250826d6de0fb9,2025-08-26,GJ01,repeated,9,91,6,8
TRPVIS250826068e20b4,2025-08-26,AP01,new,32,315,8,9
TRPSUR25082627b0b2e0,2025-08-26,GJ01,repeated,16,147,7,7
TRPSUR250826bdb127c6,2025-08-26,GJ01,repeated,17,155,7,6
TRPJAI2508261b78988a,2025-08-26,RJ01,repeated,42,541,7,8
TRPSUR2508262dc45353,2025-08-26,GJ01,repeated,12,115,7,5
TRPKOC250826e684ba3c,2025-08-26,KL01,repeated,37,438,8,10
TRPVAD250826f58af2b7,2025-08-26,GJ02,repeated,8,82,6,8
TRPVIS250826413f39b5,2025-08-26,AP01,repeated,31,306,7,8
TRPCHA250826903b5150,2025-08-26,CH01,new,31,305,8,7
TRPJAI2508265f6993a4,2025-08-26,RJ01,repeated,21,289,9,8
TRPLUC250826db73b7a9,2025-08-26,UP01,new,11,125,7,7
TRPJAI2508266d0e8ca8,2025-08-26,RJ01,repeated,32,421,9,10
TRPLUC250826c3282e33,2025-08-26,UP01,new,19,197,7,8
TRPSUR25082614ff0de3,2025-08-26,GJ01,repeated,11,107,5,5
TRPSUR25082682f380fc,2025-08-26,GJ01,repeated,8,83,6,5
TRPLUC250826ff5dee8e,2025-08-26,UP01,new,16,170,8,7
TRPLUC2508265c9b545f,2025-08-26,UP01,new,8,98,9,8
TRPSUR25082670e05895,2025-08-26,GJ01,new,6,67,9,8
TRPVIS250826fb2fd938,2025-08-26,AP01,new,17,180,9,9
TRPVAD250826d94a89c7,2025-08-26,GJ02,repeated,13,122,5,6
TRPVAD250826a57c0f3e,2025-08-26,GJ02,new,17,154,8,8
TRPCOI250826fa90d777,2025-08-26,TN01,repeated,21,191,8,6
TRPLUC250826d451d08c,2025-08-26,UP01,repeated,19,197,6,7
TRPVIS2508262df4cf48,2025-08-26,AP01,repeated,28,279,9,9
TRPLUC250826c4645dcd,2025-08-26,UP01,repeated,14,152,7,7
TRPLUC25082662bacadc,2025-08-26,UP01,repeated,8,98,5,8
TRPSUR250826124bc7eb,2025-08-26,GJ01,repeated,6,67,6,6
TRPKOC2508269be04d9a,2025-08-26,KL01,new,27,328,9,8
TRPLUC250826552a7449,2025-08-26,UP01,repeated,17,179,7,7
TRPLUC25082675365838,2025-08-26,UP01,repeated,7,89,5,6
TRPJAI250826a17b35f0,2025-08-26,RJ01,new,37,481,9,9
TRPSUR250826d335e259,2025-08-26,GJ01,new,7,75,8,8
TRPLUC250826a1bcae89,2025-08-26,UP01,repeated,6,80,5,7
TRPLUC25082603832dc0,2025-08-26,UP01,repeated,13,143,7,7
TRPJAI250826781416e1,2025-08-26,RJ01,new,15,217,10,9
TRPJAI2508260ed1c3e3,2025-08-26,RJ01,repeated,21,289,9,8
TRPLUC250826d3bc5915,2025-08-26,UP01,repeated,5,71,5,5
TRPLUC250826dc525c69,2025-08-26,UP01,new,16,170,8,8
TRPCHA2508263b22948e,2025-08-26,CH01,new,18,188,10,7
TRPSUR250826cac224d6,2025-08-26,GJ01,repeated,8,83,7,5
TRPCHA250826dd09e10c,2025-08-26,CH01,new,23,233,9,8
TRPLUC250826dd17a3c5,2025-08-26,UP01,new,16,170,8,8
TRPJAI250826a407ab07,2025-08-26,RJ01,repeated,42,541,7,10
TRPLUC250826c4d4f3cc,2025-08-26,UP01,repeated,19,197,5,8
TRPCOI25082639874b7d,2025-08-26,TN01,repeated,12,119,6,8
TRPSUR2508268eb1ef73,2025-08-26,GJ01,repeated,17,155,7,6
TRPVIS2508262bde3294,2025-08-26,AP01,new,19,198,9,9
TRPLUC250826fd7053ea,2025-08-26,UP01,repeated,16,170,7,5
TRPSUR250826c6822755,2025-08-26,GJ01,repeated,14,131,7,8
TRPLUC2508268241cf8a,2025-08-26,UP01,new,9,107,8,6
TRPSUR250826296f5391,2025-08-26,GJ01,new,11,107,8,7
TRPCOI25082651a626a8,2025-08-26,TN01,repeated,9,95,7,9
TRPSUR250826ff23951a,2025-08-26,GJ01,new,14,131,8,6
TRPJAI25082640cb0bb2,2025-08-26,RJ01,new,38,493,8,9
TRPVAD25082627bda32d,2025-08-26,GJ02,repeated,13,122,6,5
TRPLUC250826fbb4f20b,2025-08-26,UP01,repeated,12,134,7,6
TRPJAI250826cf12e3a3,2025-08-26,RJ01,new,32,421,10,10
TRPIND250826ad30b592,2025-08-26,MP01,new,17,159,10,7
TRPVAD250826dba221c9,2025-08-26,GJ02,repeated,11,106,7,6
TRPJAI250826bb4a6eba,2025-08-26,RJ01,new,44,565,8,10
TRPVIS2508263fd3577e,2025-08-26,AP01,repeated,35,342,8,10
TRPCOI2508260c225721,2025-08-26,TN01,repeated,19,175,6,9
TRPJAI250826d86bb47c,2025-08-26,RJ01,new,35,457,8,8
TRPJAI2508262d47877e,2025-08-26,RJ01,repeated,29,385,8,8
TRPLUC250826619e0e92,2025-08-26,UP01,new,9,107,8,8
TRPVAD250826a7a22c6e,2025-08-26,GJ02,new,18,162,7,6
TRPKOC25082674a54d2b,2025-08-26,KL01,new,30,361,8,9
TRPJAI2508268cd4f2ce,2025-08-26,RJ01,repeated,45,577,9,8
TRPLUC2508261e4e8979,2025-08-26,UP01,repeated,13,143,7,7
TRPCHA2508268e8734a8,2025-08-26,CH01,new,18,188,9,8
TRPLUC2508265a292f24,2025-08-26,UP01,repeated,19,197,6,6
TRPJAI2508263f2149c0,2025-08-26,RJ01,new,37,481,9,9
TRPLUC2508265bb50ad5,2025-08-26,UP01,new,8,98,9,6
TRPSUR25082668cfb154,2025-08-26,GJ01,repeated,9,91,5,6
TRPVAD25082681eb4e62,2025-08-26,GJ02,new,14,130,8,8
TRPVIS250826ad6763b6,2025-08-26,AP01,repeated,16,171,9,8
TRPLUC250826bba08737,2025-08-26,UP01,new,20,206,7,8
TRPVIS250826b4fc9ac8,2025-08-26,AP01,new,12,135,8,9
TRPSUR2508264c671f50,2025-08-26,GJ01,repeated,9,91,6,5
TRPLUC250826eb01cb56,2025-08-26,UP01,new,14,152,7,7
TRPVIS2508269fe67be0,2025-08-26,AP01,repeated,31,306,8,9
TRPLUC250826f5d0ae3e,2025-08-26,UP01,new,18,188,8,8
TRPLUC250826259e2a45,2025-08-26,UP01,new,8,98,9,7
TRPJAI250826ed20488d,2025-08-26,RJ01,new,20,277,10,8
TRPSUR25082658c53a0c,2025-08-26,GJ01,new,11,107,9,8
TRPCHA2508264318c39d,2025-08-26,CH01,repeated,18,188,7,9
TRPSUR250826a2956c95,2025-08-26,GJ01,repeated,9,91,7,5
TRPLUC250826b99066e3,2025-08-26,UP01,repeated,8,98,6,5
TRPJAI25082619f94a0d,2025-08-26,RJ01,repeated,29,385,9,9
TRPLUC2508267cfec2ab,2025-08-26,UP01,repeated,5,71,7,6
TRPJAI2508267234ba8f,2025-08-26,RJ01,new,37,481,9,9
TRPVIS2508268d614354,2025-08-26,AP01,repeated,27,270,8,9
TRPSUR250826e52d64c2,2025-08-26,GJ01,repeated,14,131,5,5
TRPIND25082628a3f1f8,2025-08-26,MP01,repeated,21,191,9,6
TRPJAI250826e40d912b,2025-08-26,RJ01,new,34,445,8,10
TRPIND2508262baadbbe,2025-08-26,MP01,new,22,199,8,9
TRPLUC25082687949b08,2025-08-26,UP01,new,19,197,7,8
TRPLUC250826736d865b,2025-08-26,UP01,repeated,10,116,5,7
TRPJAI2508268ddcd682,2025-08-26,RJ01,repeated,36,469,7,8
TRPLUC250826fd8bf644,2025-08-26,UP01,repeated,7,89,6,7
TRPIND25082672ea8437,2025-08-26,MP01,new,10,103,8,7
TRPIND2508260a8227e4,2025-08-26,MP01,repeated,23,207,8,7
TRPCOI250826eb1d4d02,2025-08-26,TN01,repeated,22,199,9,8
TRPJAI2508260d05de7b,2025-08-26,RJ01,new,20,277,10,9
TRPIND250826be113205,2025-08-26,MP01,repeated,16,151,6,6
TRPLUC2508262781ea33,2025-08-26,UP01,new,18,188,7,6
TRPKOC250826c9e103d4,2025-08-26,KL01,new,24,295,9,9
TRPJAI250826cc21ce65,2025-08-26,RJ01,repeated,38,493,9,9
TRPLUC250826b4067061,2025-08-26,UP01,repeated,17,179,6,8
TRPIND250826658f1b74,2025-08-26,MP01,repeated,9,95,7,6
TRPJAI250826e073bdc9,2025-08-26,RJ01,repeated,43,553,9,10
TRPVIS2508266f9eb507,2025-08-26,AP01,repeated,10,117,9,10
TRPVAD25082634b8dd33,2025-08-26,GJ02,repeated,6,66,6,5
TRPKOC250826fb0de0aa,2025-08-26,KL01,new,27,328,8,10
TRPVAD250826fbcc1de7,2025-08-26,GJ02,new,11,106,9,7
TRPSUR250826b0784b9b,2025-08-26,GJ01,repeated,13,123,5,7
TRPSUR25082672e15a0d,2025-08-26,GJ01,new,17,155,8,6
TRPVIS250826fcd3d885,2025-08-26,AP01,repeated,13,144,9,9
TRPLUC25082681405f66,2025-08-26,UP01,repeated,16,170,7,5
TRPLUC250826fa44bf9b,2025-08-26,UP01,repeated,10,116,7,6
TRPVAD25082645b13840,2025-08-26,GJ02,new,8,82,7,6
TRPKOC250826cc5d3a20,2025-08-26,KL01,new,24,295,10,10
TRPIND25082641caccad,2025-08-26,MP01,repeated,19,175,6,7
TRPCHA250826d9155907,2025-08-26,CH01,repeated,30,296,8,9
TRPLUC25082666cf3418,2025-08-26,UP01,repeated,14,152,7,6
TRPMYS250826f3c3cf7d,2025-08-26,KA01,new,12,155,9,8
TRPSUR250826908932b5,2025-08-26,GJ01,repeated,9,91,7,6
TRPJAI2508261339063e,2025-08-26,RJ01,repeated,28,373,9,10
TRPIND2508269c4102d6,2025-08-26,MP01,new,20,183,10,9
TRPMYS2508260adc364b,2025-08-26,KA01,new,12,155,10,10
TRPVIS250826f3dbdfe7,2025-08-26,AP01,new,19,198,9,10
TRPJAI2508269d36c360,2025-08-26,RJ01,new,34,445,10,9
TRPVAD2508260727c8ae,2025-08-26,GJ02,new,7,74,8,7
TRPSUR250826e0f3deb9,2025-08-26,GJ01,repeated,14,131,6,7
TRPMYS25082686bea35d,2025-08-26,KA01,new,20,235,8,9
TRPVAD250826fd9fdfc6,2025-08-26,GJ02,repeated,16,146,6,8
TRPSUR25082672021b0b,2025-08-26,GJ01,repeated,17,155,6,6
TRPIND250826f4d6fa4b,2025-08-26,MP01,new,16,151,7,7
TRPIND250826d14ff56f,2025-08-26,MP01,repeated,24,215,6,8
TRPIND2508264a0021c3,2025-08-26,MP01,new,18,167,9,8
TRPJAI2508262cf6987c,2025-08-26,RJ01,repeated,37,481,9,10
TRPJAI250826256c9f16,2025-08-26,RJ01,new,17,241,9,8
TRPJAI2508260ba05944,2025-08-26,RJ01,repeated,28,373,7,10
TRPCOI2508266b4303a8,2025-08-26,TN01,new,18,167,10,8
TRPCOI2508262ebd793f,2025-08-26,TN01,repeated,8,87,7,8
TRPVIS2508263e604808,2025-08-26,AP01,repeated,19,198,8,10
TRPJAI25082623ec2df0,2025-08-26,RJ01,new,30,397,8,8
TRPSUR25082656282e22,2025-08-26,GJ01,repeated,6,67,6,5
TRPVAD250826e3abf039,2025-08-26,GJ02,repeated,17,154,6,7
TRPCOI250826dcafd1d8,2025-08-26,TN01,repeated,18,167,8,8
TRPSUR250826579e8343,2025-08-26,GJ01,new,15,139,9,6
TRPVAD2508268579fb0b,2025-08-26,GJ02,repeated,5,58,5,5
TRPLUC250826a00e0200,2025-08-26,UP01,repeated,20,206,5,8
TRPCHA2508264d9cd161,2025-08-26,CH01,new,19,197,10,9
TRPCHA250826c5524609,2025-08-26,CH01,repeated,19,197,6,9
TRPSUR250826b0220887,2025-08-26,GJ01,repeated,15,139,6,5
TRPCHA2508269f476597,2025-08-26,CH01,new,26,260,8,8
TRPIND25082672835bc4,2025-08-26,MP01,new,19,175,9,7
TRPJAI25082615978949,2025-08-26,RJ01,new,43,553,9,10
TRPSUR250826e9fd9365,2025-08-26,GJ01,repeated,10,99,6,5
TRPVIS250826fd514478,2025-08-26,AP01,repeated,18,189,9,10
TRPLUC250826b2fa946a,2025-08-26,UP01,repeated,13,143,7,7
TRPMYS25082616dea34c,2025-08-26,KA01,new,22,255,9,9
TRPSUR250826a7e78eae,2025-08-26,GJ01,repeated,15,139,6,7
TRPJAI2508266b2f7216,2025-08-26,RJ01,new,17,241,8,10
TRPLUC250826440663df,2025-08-26,UP01,new,5,71,8,8
TRPSUR250826d342d91e,2025-08-26,GJ01,repeated,11,107,7,5
TRPJAI250826964efd52,2025-08-26,RJ01,repeated,44,565,7,10
TRPLUC250826a5e736dd,2025-08-26,UP01,repeated,20,206,6,6
TRPIND250826ff82da6f,2025-08-26,MP01,new,17,159,7,8
TRPVAD250826f5a9d7dd,2025-08-26,GJ02,repeated,5,58,7,6
TRPVIS2508267837c1f2,2025-08-26,AP01,new,32,315,10,10
TRPVIS2508269da91eee,2025-08-26,AP01,new,30,297,8,10
TRPVAD25082651506ce7,2025-08-26,GJ02,repeated,6,66,7,8
TRPVAD250826a46513aa,2025-08-26,GJ02,new,7,74,8,8
TRPMYS2508261e4b2220,2025-08-26,KA01,new,25,285,10,10
TRPVAD25082683a074dc,2025-08-26,GJ02,repeated,15,138,7,5
TRPSUR250826abe41a02,2025-08-26,GJ01,repeated,7,75,6,7
TRPSUR250826af5754c3,2025-08-26,GJ01,repeated,14,131,7,8
TRPLUC2508262f9b7969,2025-08-26,UP01,repeated,14,152,7,5
TRPLUC2508260dab348f,2025-08-26,UP01,repeated,19,197,5,8
TRPSUR25082606945568,2025-08-26,GJ01,new,7,75,8,6
TRPJAI250826f8824b01,2025-08-26,RJ01,new,26,349,8,9
TRPCHA25082675db5895,2025-08-26,CH01,new,16,170,9,8
TRPVIS2508261abc664f,2025-08-26,AP01,repeated,13,144,7,10
TRPJAI25082675724c1d,2025-08-26,RJ01,repeated,21,289,9,10
TRPKOC250826b2715324,2025-08-26,KL01,repeated,25,306,9,10
TRPSUR250826251d36d9,2025-08-26,GJ01,new,10,99,9,7
TRPLUC25082631bc7d2d,2025-08-26,UP01,repeated,8,98,5,7
TRPCHA2508261f31e4f7,2025-08-26,CH01,repeated,17,179,8,6
TRPCHA250826fd293200,2025-08-26,CH01,repeated,18,188,8,8
TRPIND2508266b56d21f,2025-08-26,MP01,repeated,24,215,6,6
TRPLUC250826ed705a37,2025-08-26,UP01,new,16,170,8,8
TRPMYS250826b25f3bb1,2025-08-26,KA01,new,20,235,10,10
TRPCHA250826b5695e8d,2025-08-26,CH01,new,26,260,9,8
TRPIND25082677960602,2025-08-26,MP01,repeated,19,175,6,8
TRPVAD25082605e00dd9,2025-08-26,GJ02,new,8,82,8,8
TRPKOC250826f3efbbe1,2025-08-26,KL01,new,31,372,10,10
TRPLUC2508266e7b65b3,2025-08-26,UP01,repeated,19,197,7,5
TRPSUR2508269b42e59c,2025-08-26,GJ01,repeated,9,91,6,6
TRPVAD250826f5cc14a4,2025-08-26,GJ02,repeated,6,66,5,8
TRPLUC250826774dbe5a,2025-08-26,UP01,new,14,152,7,6
TRPJAI25082611f70b99,2025-08-26,RJ01,repeated,15,217,7,8
TRPSUR25082661ee4a8a,2025-08-26,GJ01,repeated,13,123,7,6
TRPIND250826944a6e23,2025-08-26,MP01,repeated,21,191,6,9
TRPSUR250826fd0f13ae,2025-08-26,GJ01,new,12,115,9,7
TRPSUR250826e0a591eb,2025-08-26,GJ01,repeated,17,155,5,6
TRPVIS2508267ed83c7d,2025-08-26,AP01,new,21,216,9,8
TRPSUR250826e1d89548,2025-08-26,GJ01,repeated,14,131,5,5
TRPVIS25082688b93eba,2025-08-26,AP01,repeated,19,198,7,8
TRPVAD250826ce9e8e08,2025-08-26,GJ02,repeated,12,114,5,8
TRPIND250826beb31807,2025-08-26,MP01,new,19,175,10,7
TRPJAI250826c7455a52,2025-08-26,RJ01,repeated,43,553,8,10
TRPLUC250826c8155fa8,2025-08-26,UP01,repeated,11,125,7,6
TRPJAI2508265a07d15c,2025-08-26,RJ01,new,44,565,8,9
TRPCHA25082637a4d5f5,2025-08-26,CH01,new,29,287,8,9
TRPJAI250826bfd5ecde,2025-08-26,RJ01,new,33,433,8,10
TRPKOC250826858c87e4,2025-08-26,KL01,repeated,23,284,8,10
TRPLUC2508264b54a8ed,2025-08-26,UP01,new,14,152,9,8
TRPLUC2508264172e3cd,2025-08-26,UP01,repeated,9,107,5,7
TRPIND25082674d487ee,2025-08-26,MP01,repeated,12,119,6,9
TRPVAD2508261a758109,2025-08-26,GJ02,repeated,16,146,6,5
TRPLUC250826b74dd3ba,2025-08-26,UP01,repeated,5,71,5,5
TRPCHA2508262b74c068,2025-08-26,CH01,repeated,27,269,8,8
TRPKOC25082665f5d3af,2025-08-26,KL01,new,10,141,10,10
TRPCHA250826041d5dc7,2025-08-26,CH01,new,24,242,9,8
TRPKOC2508265454800b,2025-08-26,KL01,repeated,15,196,9,10
TRPCHA250826ddeeac42,2025-08-26,CH01,new,35,341,8,9
TRPIND25082656c36eb2,2025-08-26,MP01,repeated,18,167,6,9
TRPMYS250826f33c741e,2025-08-26,KA01,new,11,145,9,9
TRPLUC2508260558c404,2025-08-26,UP01,repeated,19,197,6,6
TRPKOC2508269c3cacdd,2025-08-26,KL01,repeated,24,295,7,10
TRPLUC250826deaa226d,2025-08-26,UP01,repeated,5,71,7,6
TRPVAD2508263216857f,2025-08-26,GJ02,new,10,98,8,7
TRPIND250826734df1cd,2025-08-26,MP01,repeated,18,167,9,9
TRPIND2508268f34a871,2025-08-26,MP01,new,17,159,7,7
TRPSUR2508265d125e65,2025-08-26,GJ01,repeated,7,75,6,5
TRPSUR250826d652bb01,2025-08-26,GJ01,repeated,14,131,5,8
TRPVIS25082664b4978e,2025-08-26,AP01,new,25,252,9,8
TRPJAI250826c8c1b576,2025-08-26,RJ01,new,16,229,10,8
TRPLUC2508264f1a38d3,2025-08-26,UP01,repeated,17,179,7,8
TRPCOI25082659a5b56b,2025-08-26,TN01,new,15,143,8,7
TRPIND2508265ca8c3ed,2025-08-26,MP01,repeated,11,111,8,7
TRPMYS250826ec232b40,2025-08-26,KA01,new,23,265,8,10
TRPKOC250826e54aedcb,2025-08-26,KL01,new,29,350,8,9
TRPSUR2508260f2b642d,2025-08-26,GJ01,repeated,14,131,7,5
TRPKOC2508264fe06422,2025-08-26,KL01,repeated,11,152,9,10
TRPLUC25082685e0e69e,2025-08-26,UP01,repeated,17,179,5,5
TRPLUC250826e47cd835,2025-08-26,UP01,new,13,143,8,7
TRPLUC250826701c03ea,2025-08-26,UP01,new,15,161,7,7
TRPLUC25082600b243a4,2025-08-26,UP01,repeated,8,98,7,7
TRPKOC2508263d4ee08a,2025-08-26,KL01,repeated,23,284,7,10
TRPSUR2508264a27e2b4,2025-08-26,GJ01,repeated,5,59,6,8
TRPLUC25082628e10b0d,2025-08-26,UP01,repeated,9,107,6,7
TRPCHA2508269bb7546d,2025-08-26,CH01,repeated,29,287,6,9
TRPKOC250826592d1377,2025-08-26,KL01,repeated,10,141,9,9
TRPJAI2508266b2e3422,2025-08-26,RJ01,repeated,27,361,7,9
TRPLUC250826444a5f88,2025-08-26,UP01,new,15,161,9,8
TRPJAI2508261d355529,2025-08-26,RJ01,new,31,409,9,8
TRPIND2508260d1b7c7e,2025-08-26,MP01,repeated,10,103,9,9
TRPKOC2508261668e570,2025-08-26,KL01,repeated,22,273,9,8
TRPSUR250826b0166457,2025-08-26,GJ01,repeated,14,131,6,7
TRPKOC250826853cab9b,2025-08-26,KL01,new,34,405,9,9
TRPLUC250826b14d7d56,2025-08-26,UP01,new,11,125,7,6
TRPJAI250826ea4b63cf,2025-08-26,RJ01,new,23,313,9,9
TRPSUR250826760b8a0a,2025-08-26,GJ01,repeated,13,123,6,6
TRPLUC250826cf848f66,2025-08-26,UP01,repeated,17,179,5,6
TRPLUC250826efa98d31,2025-08-26,UP01,repeated,13,143,6,6
TRPSUR250826ff21cb39,2025-08-26,GJ01,repeated,9,91,5,6
TRPCHA250826c4e0ed9f,2025-08-26,CH01,repeated,29,287,7,7
TRPCHA25082662e3eaa3,2025-08-26,CH01,repeated,17,179,8,9
TRPJAI25082670673854,2025-08-26,RJ01,repeated,39,505,9,9
TRPJAI250826c118b705,2025-08-26,RJ01,repeated,35,457,7,10
TRPSUR2508269b490522,2025-08-26,GJ01,repeated,8,83,7,6
TRPLUC2508268b323801,2025-08-26,UP01,repeated,15,161,5,5
TRPIND25082605ae752f,2025-08-26,MP01,repeated,10,103,7,7
TRPSUR25082691a7b61a,2025-08-26,GJ01,repeated,16,147,5,6
TRPLUC250826840605fc,2025-08-26,UP01,repeated,16,170,6,6
TRPJAI2508264586ffa8,2025-08-26,RJ01,new,17,241,9,10
TRPJAI2508267350732d,2025-08-26,RJ01,new,30,397,8,8
TRPSUR250826dec5096c,2025-08-26,GJ01,new,17,155,7,7
TRPSUR25082625482afd,2025-08-26,GJ01,repeated,6,67,6,8
TRPSUR250826d573c1f0,2025-08-26,GJ01,repeated,14,131,3,4
TRPKOC250826cbf3b5b3,2025-08-26,KL01,new,24,295,10,9
TRPVIS250826a5b0fd5d,2025-08-26,AP01,repeated,22,225,9,9
TRPLUC250826ec602598,2025-08-26,UP01,repeated,10,116,7,6
TRPJAI2508263039e4c4,2025-08-26,RJ01,repeated,29,385,7,8
TRPLUC2508260eb36605,2025-08-26,UP01,repeated,8,98,7,7
TRPLUC25082685a45347,2025-08-26,UP01,repeated,13,143,5,6
TRPIND250826411e8e82,2025-08-26,MP01,repeated,10,103,7,6
TRPCOI250826b1f8d03a,2025-08-26,TN01,new,9,95,10,9
TRPVAD250826c054c68f,2025-08-26,GJ02,repeated,10,98,6,8
TRPJAI250826cecbb28a,2025-08-26,RJ01,new,43,553,9,9
TRPJAI25082692314aaa,2025-08-26,RJ01,repeated,42,541,9,9
TRPLUC250826a79347ae,2025-08-26,UP01,repeated,12,134,7,7
TRPKOC250826d2f8271e,2025-08-26,KL01,new,19,240,10,8
TRPKOC2508267ee357f0,2025-08-26,KL01,new,23,284,10,10
TRPJAI250826d7e51718,2025-08-26,RJ01,repeated,38,493,9,8
TRPIND2508266f5b1f3a,2025-08-26,MP01,new,15,143,9,9
TRPLUC250826fc445f0d,2025-08-26,UP01,repeated,16,170,7,7
TRPSUR2508260a8266e4,2025-08-26,GJ01,repeated,16,147,5,6
TRPCHA25082615bc0e1d,2025-08-26,CH01,repeated,27,269,6,6
TRPCOI250826e098a606,2025-08-26,TN01,repeated,12,119,6,8
TRPMYS2508260a86d881,2025-08-26,KA01,new,23,265,10,9
TRPVAD250826bcf975dc,2025-08-26,GJ02,new,16,146,8,7
TRPCHA250826e048cbf8,2025-08-26,CH01,repeated,13,143,9,8
TRPLUC250826ac625a6c,2025-08-26,UP01,repeated,8,98,6,8
TRPLUC250826774256d5,2025-08-26,UP01,new,17,179,9,6
TRPLUC250826e357e42d,2025-08-26,UP01,repeated,7,89,7,8
TRPLUC250826eaf6b5d8,2025-08-26,UP01,repeated,12,134,7,8
TRPCHA250826d5261635,2025-08-26,CH01,new,26,260,10,8
TRPJAI2508266dd98f3d,2025-08-26,RJ01,repeated,15,217,7,8
TRPSUR2508268f1012be,2025-08-26,GJ01,repeated,6,67,5,7
TRPJAI2508266c4967b7,2025-08-26,RJ01,new,27,361,10,9
TRPVIS25082680ae112f,2025-08-26,AP01,repeated,31,306,8,8
TRPJAI2508266cff456a,2025-08-26,RJ01,repeated,20,277,7,9
TRPCOI250826647dbde7,2025-08-26,TN01,new,18,167,9,9
TRPMYS250826d603f732,2025-08-26,KA01,new,14,175,9,10
TRPSUR25082699bdd95e,2025-08-26,GJ01,new,5,59,9,8
TRPLUC2508261a779ad8,2025-08-26,UP01,new,5,71,9,8
TRPJAI250826be9ca11c,2025-08-26,RJ01,new,44,565,8,8
TRPKOC2508264482fb54,2025-08-26,KL01,repeated,30,361,9,8
TRPSUR250826112b2bfc,2025-08-26,GJ01,repeated,7,75,7,7
TRPKOC2508266def6a77,2025-08-26,KL01,repeated,17,218,7,9
TRPVIS25082641a8b0e8,2025-08-26,AP01,repeated,14,153,9,8
TRPMYS250826427482b8,2025-08-26,KA01,new,8,115,9,9
TRPCHA250826d9456a6b,2025-08-26,CH01,new,26,260,9,7
TRPJAI25082640cb6990,2025-08-26,RJ01,new,29,385,10,10
TRPLUC2508263a931a26,2025-08-26,UP01,repeated,6,80,6,6
TRPIND2508263d31adea,2025-08-26,MP01,new,17,159,9,9
TRPJAI250826d3e54997,2025-08-26,RJ01,new,21,289,9,10
TRPLUC25082677000332,2025-08-26,UP01,repeated,10,116,7,8
TRPLUC250826454bbe78,2025-08-26,UP01,repeated,5,71,7,8
TRPLUC2508260edd66b5,2025-08-26,UP01,repeated,15,161,6,7
TRPLUC2508263b624a88,2025-08-26,UP01,repeated,15,161,5,6
TRPSUR250826542b5bba,2025-08-26,GJ01,repeated,17,155,6,6
TRPSUR25082695d1a862,2025-08-26,GJ01,repeated,17,155,5,7
TRPSUR2508262c04aa3b,2025-08-26,GJ01,repeated,13,123,6,5
TRPSUR2508266258e9dc,2025-08-26,GJ01,repeated,8,83,7,8
TRPJAI2508264ad30ea8,2025-08-26,RJ01,new,35,457,8,9
TRPJAI250826c412396c,2025-08-26,RJ01,new,45,577,9,9
TRPVAD250826906a3e01,2025-08-26,GJ02,new,10,98,9,7
TRPIND250826fdbd5115,2025-08-26,MP01,repeated,18,167,7,6
TRPLUC250826d8bb8ee1,2025-08-26,UP01,repeated,10,116,6,7
TRPLUC2508267e4452c6,2025-08-26,UP01,repeated,17,179,5,8
TRPCHA250826d57f712c,2025-08-26,CH01,new,31,305,8,8
TRPIND25082648726c1c,2025-08-26,MP01,new,17,159,9,7
TRPCHA2508265cd34df0,2025-08-26,CH01,repeated,22,224,9,7
TRPSUR250826b3564627,2025-08-26,GJ01,repeated,15,139,5,5
TRPIND25082690b112df,2025-08-26,MP01,new,9,95,8,9
TRPLUC250826de7438c7,2025-08-26,UP01,repeated,14,152,7,8
TRPLUC25082655c9b265,2025-08-26,UP01,repeated,7,89,7,6
TRPMYS250826af29d86c,2025-08-26,KA01,new,19,225,4,4
TRPJAI2508268b0952ec,2025-08-26,RJ01,repeated,40,517,7,8
TRPIND2508268a59b8e7,2025-08-26,MP01,new,18,167,9,8
TRPJAI250826676d551d,2025-08-26,RJ01,new,31,409,9,8
TRPCOI250826c3ccb14d,2025-08-26,TN01,repeated,20,183,6,6
TRPKOC2508267d272939,2025-08-26,KL01,repeated,16,207,9,8
TRPJAI2508262628cd8b,2025-08-26,RJ01,new,31,409,8,8
TRPLUC250826d8966280,2025-08-26,UP01,repeated,7,89,7,6
TRPSUR2508262f175717,2025-08-26,GJ01,new,6,67,8,8
TRPJAI25082660a43789,2025-08-26,RJ01,new,45,577,8,8
TRPCHA2508264c956f37,2025-08-26,CH01,new,27,269,8,8
TRPJAI250826d50067d2,2025-08-26,RJ01,new,37,481,8,10
TRPMYS250826b0287de3,2025-08-26,KA01,new,25,285,8,10
TRPLUC2508266294ae87,2025-08-26,UP01,repeated,16,170,6,8
TRPJAI25082620344255,2025-08-26,RJ01,repeated,15,217,9,9
TRPCOI250826a3a6e023,2025-08-26,TN01,repeated,11,111,6,7
TRPIND2508267fefc8c9,2025-08-26,MP01,repeated,13,127,6,8
TRPVIS250826c35b0398,2025-08-26,AP01,repeated,17,180,9,8
TRPLUC25082674bac2bc,2025-08-26,UP01,repeated,17,179,5,5
TRPLUC250826952ec8b1,2025-08-26,UP01,repeated,8,98,5,5
TRPCHA2508262b656765,2025-08-26,CH01,repeated,26,260,8,7
TRPSUR250826c90fc24e,2025-08-26,GJ01,repeated,17,155,6,7
TRPIND25082680d22c81,2025-08-26,MP01,repeated,8,87,6,6
TRPCOI25082691754231,2025-08-26,TN01,new,8,87,8,8
TRPVAD250826570cdc66,2025-08-26,GJ02,new,5,58,8,6
TRPVAD25082620c4a9fa,2025-08-26,GJ02,new,15,138,8,6
TRPLUC2508268d2984d0,2025-08-26,UP01,repeated,10,116,6,6
TRPSUR250826a370b622,2025-08-26,GJ01,repeated,6,67,7,5
TRPJAI2508262a72ae80,2025-08-26,RJ01,new,24,325,10,8
TRPLUC250826e65153d4,2025-08-26,UP01,new,16,170,9,8
TRPLUC250826758a9168,2025-08-26,UP01,new,11,125,9,6
TRPJAI250826286e7205,2025-08-26,RJ01,new,25,337,9,9
TRPKOC25082639fd1951,2025-08-26,KL01,repeated,10,141,8,9
TRPJAI250826a12cc26e,2025-08-26,RJ01,repeated,24,325,8,9
TRPLUC25082637c5810b,2025-08-26,UP01,repeated,8,98,6,6
TRPJAI250826c830db94,2025-08-26,RJ01,repeated,27,361,9,8
TRPLUC250826b254c4e4,2025-08-26,UP01,repeated,12,134,6,7
TRPJAI250826bbb1dc6e,2025-08-26,RJ01,new,30,397,10,9
TRPLUC25082654ea5f92,2025-08-26,UP01,repeated,19,197,7,6
TRPSUR250826ab9abd35,2025-08-26,GJ01,repeated,10,99,7,5
TRPLUC250826f56c4b83,2025-08-26,UP01,new,8,98,8,7
TRPSUR250826f9321399,2025-08-26,GJ01,repeated,9,91,5,5
TRPSUR25082665516443,2025-08-26,GJ01,repeated,16,147,6,6
TRPVIS250826ccc04e54,2025-08-26,AP01,repeated,25,252,8,9
TRPVAD250826df133c42,2025-08-26,GJ02,repeated,18,162,6,5
TRPMYS250826daf61c72,2025-08-26,KA01,new,8,115,9,9
TRPCOI25082647681e0c,2025-08-26,TN01,new,21,191,9,8
TRPJAI250826aad2afbe,2025-08-26,RJ01,new,44,565,8,9
TRPSUR250826f5cef3e3,2025-08-26,GJ01,new,15,139,7,7
TRPJAI250826709122b6,2025-08-26,RJ01,new,38,493,8,9
TRPCHA2508264c085819,2025-08-26,CH01,repeated,26,260,8,7
TRPJAI2508269ffe16ba,2025-08-26,RJ01,new,33,433,9,10
TRPMYS250826f1abf210,2025-08-26,KA01,repeated,17,205,8,8
TRPCOI2508268c716e2c,2025-08-26,TN01,repeated,19,175,9,7
TRPSUR250826bb6a4625,2025-08-26,GJ01,repeated,14,131,7,6
TRPVAD25082625768a6d,2025-08-26,GJ02,repeated,12,114,7,7
TRPJAI2508261aab35cf,2025-08-26,RJ01,repeated,21,289,9,8
TRPJAI250826dd76397e,2025-08-26,RJ01,new,15,217,10,10
TRPCHA250826fc03fbda,2025-08-26,CH01,repeated,32,314,7,6
TRPCHA2508265c0549a3,2025-08-26,CH01,repeated,12,134,8,6
TRPCHA25082616eac154,2025-08-26,CH01,new,19,197,10,7
TRPLUC2508261e3a6611,2025-08-26,UP01,repeated,10,116,7,7
TRPSUR2508267ca5d3f3,2025-08-26,GJ01,repeated,15,139,7,6
TRPSUR250826b74c32e3,2025-08-26,GJ01,new,11,107,7,6
TRPJAI250826709dbd8a,2025-08-26,RJ01,new,25,337,9,9
TRPKOC2508267f5a2062,2025-08-26,KL01,new,24,295,8,8
TRPLUC2508262e60e3ef,2025-08-26,UP01,new,10,116,9,8
TRPVIS2508262002684a,2025-08-26,AP01,repeated,34,333,9,9
TRPJAI2508263978455c,2025-08-26,RJ01,new,42,541,8,10
TRPCOI250826b08cf279,2025-08-26,TN01,repeated,12,119,7,7
TRPCHA2508267d52bf19,2025-08-26,CH01,new,14,152,8,8
TRPCOI25082644fa52ba,2025-08-26,TN01,new,15,143,7,9
TRPCOI2508262c7064ec,2025-08-26,TN01,new,21,191,10,8
TRPLUC250826d13df5b4,2025-08-26,UP01,repeated,19,197,5,6
TRPCOI250826a954e859,2025-08-26,TN01,repeated,16,151,7,7
TRPSUR2508264779f7bc,2025-08-26,GJ01,new,9,91,7,8
TRPVAD2508267d51fb6d,2025-08-26,GJ02,repeated,17,154,6,6
TRPLUC2508262ddb0d20,2025-08-26,UP01,repeated,18,188,7,7
TRPJAI250826499f54da,2025-08-26,RJ01,new,42,541,10,10
TRPSUR250826fc9c2fd2,2025-08-26,GJ01,repeated,11,107,7,5
TRPJAI2508269b4a2f57,2025-08-26,RJ01,new,24,325,10,9
TRPVIS250826b06eff59,2025-08-26,AP01,repeated,16,171,9,8
TRPSUR250826707a25f9,2025-08-26,GJ01,new,14,131,9,8
TRPLUC250826243c72cb,2025-08-26,UP01,repeated,9,107,7,6
TRPJAI250826eb2a0f43,2025-08-26,RJ01,repeated,45,577,8,10
TRPSUR2508267fd33e4f,2025-08-26,GJ01,repeated,13,123,6,6
TRPVAD25082648b8bedc,2025-08-26,GJ02,repeated,7,74,7,5
TRPVAD2508265db887b6,2025-08-26,GJ02,repeated,14,130,7,7
TRPJAI2508265b13f959,2025-08-26,RJ01,new,18,253,8,8
TRPCHA25082661f8df3e,2025-08-26,CH01,repeated,27,269,9,7
TRPLUC2508268a08afe0,2025-08-26,UP01,repeated,17,179,6,5
TRPCOI2508264179a49a,2025-08-26,TN01,repeated,11,111,7,6
TRPLUC2508266683cf60,2025-08-26,UP01,repeated,9,107,5,8
TRPVAD2508263ed96da2,2025-08-26,GJ02,repeated,12,114,6,5
TRPLUC250826068aaa1e,2025-08-26,UP01,repeated,13,143,7,6
TRPJAI2508267ef811da,2025-08-26,RJ01,repeated,30,397,7,10
TRPKOC2508268660aa17,2025-08-26,KL01,repeated,12,163,7,9
TRPJAI2508268757245b,2025-08-26,RJ01,repeated,17,241,9,9
TRPVAD250826c52c6e3a,2025-08-26,GJ02,repeated,18,162,6,7
TRPJAI250826de1dabc2,2025-08-26,RJ01,repeated,38,493,8,10
TRPJAI250826553fd837,2025-08-26,RJ01,repeated,19,265,7,9
TRPLUC25082624c8ee0c,2025-08-26,UP01,repeated,7,89,5,6
TRPCHA250826f34e60e7,2025-08-26,CH01,new,16,170,8,9
TRPLUC250826a861c0fd,2025-08-26,UP01,repeated,13,143,5,8
TRPKOC250826da091ab8,2025-08-26,KL01,repeated,16,207,9,9
TRPIND250826054c93a0,2025-08-26,MP01,new,20,183,7,8
TRPLUC250826c4b3e585,2025-08-26,UP01,repeated,6,80,6,8
TRPSUR2508264f313cf3,2025-08-26,GJ01,repeated,8,83,5,7
TRPSUR25082654601217,2025-08-26,GJ01,new,14,131,9,7
TRPKOC250826dc0459e7,2025-08-26,KL01,new,20,251,10,9
TRPLUC2508266ff35679,2025-08-26,UP01,new,14,152,9,8
TRPLUC2508267c97d04f,2025-08-26,UP01,repeated,13,143,6,8
TRPLUC2508263b61dcb2,2025-08-26,UP01,new,6,80,8,6
TRPVAD25082611d24db7,2025-08-26,GJ02,new,15,138,9,8
TRPCHA250826256d8ed5,2025-08-26,CH01,repeated,23,233,9,9
TRPIND2508260e602f19,2025-08-26,MP01,repeated,14,135,6,8
TRPLUC25082685440893,2025-08-26,UP01,repeated,16,170,7,6
TRPVAD2508261c20354a,2025-08-26,GJ02,repeated,10,98,6,8
TRPVAD2508269e6a02d8,2025-08-26,GJ02,repeated,13,122,5,8
TRPSUR250826d8e23fa9,2025-08-26,GJ01,repeated,5,59,6,8
TRPCHA250826c0da7879,2025-08-26,CH01,new,22,224,10,7
TRPCOI25082630f3a751,2025-08-26,TN01,new,21,191,10,7
TRPSUR2508267d0bf594,2025-08-26,GJ01,new,8,83,9,6
TRPCHA25082624fe0709,2025-08-26,CH01,repeated,27,269,9,9
TRPIND250826f88bfe21,2025-08-26,MP01,new,15,143,10,7
TRPVIS25082601421c75,2025-08-26,AP01,new,34,333,9,10
TRPIND2508260b6f1f9b,2025-08-26,MP01,new,10,103,8,7
TRPVAD2508263545752e,2025-08-26,GJ02,repeated,14,130,5,6
TRPCOI25082682b50937,2025-08-26,TN01,new,13,127,9,8
TRPMYS250826bd5cecb3,2025-08-26,KA01,new,18,215,8,8
TRPLUC250826bf4dfac4,2025-08-26,UP01,repeated,19,197,7,6
TRPSUR250826294136ea,2025-08-26,GJ01,repeated,13,123,6,8
TRPSUR250826d25621ce,2025-08-26,GJ01,repeated,17,155,7,5
TRPJAI250826ce508450,2025-08-26,RJ01,new,27,361,9,10
TRPVAD250826e6ab7298,2025-08-26,GJ02,repeated,15,138,6,8
TRPLUC25082691078664,2025-08-26,UP01,new,5,71,9,8
TRPJAI250826917b8825,2025-08-26,RJ01,new,30,397,9,10
TRPSUR2508261c70df8a,2025-08-26,GJ01,repeated,7,75,5,7
TRPSUR2508269e300356,2025-08-26,GJ01,repeated,9,91,6,6
TRPKOC25082638a3a5dd,2025-08-26,KL01,new,14,185,10,10
TRPLUC250826c1222554,2025-08-26,UP01,repeated,12,134,7,7
TRPJAI2508262a7ed5cd,2025-08-26,RJ01,repeated,44,565,9,10
TRPVAD250826789c6d5a,2025-08-26,GJ02,repeated,5,58,6,6
TRPLUC250826b6d1135f,2025-08-26,UP01,repeated,11,125,6,7
TRPVIS250826a59c3b01,2025-08-26,AP01,repeated,19,198,7,8
TRPJAI250826ba03031a,2025-08-26,RJ01,new,36,469,9,8
TRPIND2508260922a93f,2025-08-26,MP01,new,20,183,8,8
TRPJAI250826499c4249,2025-08-26,RJ01,new,41,529,8,9
TRPVAD25082684db6b16,2025-08-26,GJ02,new,5,58,9,7
TRPKOC25082678b10d91,2025-08-26,KL01,repeated,21,262,9,10
TRPLUC2508262145c2d8,2025-08-26,UP01,repeated,9,107,7,6
TRPVAD2508266ac118c7,2025-08-26,GJ02,repeated,6,66,5,8
TRPLUC250826015a588d,2025-08-26,UP01,repeated,11,125,6,7
TRPIND250826af426aeb,2025-08-26,MP01,new,8,87,8,9
TRPJAI250826da560f41,2025-08-26,RJ01,repeated,19,265,8,10
TRPLUC2508264b7b0219,2025-08-26,UP01,repeated,12,134,5,7
TRPCOI250826763d0472,2025-08-26,TN01,new,13,127,9,9
TRPSUR2508261bef0cfd,2025-08-26,GJ01,repeated,6,67,6,8
TRPJAI250826f9f49c34,2025-08-26,RJ01,new,33,433,10,8
TRPLUC250826575a0474,2025-08-26,UP01,repeated,10,116,7,8
TRPKOC2508264d82474a,2025-08-26,KL01,repeated,24,295,7,9
TRPIND25082652dc8536,2025-08-26,MP01,new,14,135,10,9
TRPMYS25082679b37d15,2025-08-26,KA01,new,16,195,8,10
TRPLUC2508264a9fbd95,2025-08-26,UP01,repeated,10,116,5,5
TRPCHA250826e09eed4b,2025-08-26,CH01,new,24,242,10,8
TRPIND250826a36c1cd5,2025-08-26,MP01,new,12,119,9,9
TRPCHA250826e1044e5f,2025-08-26,CH01,repeated,28,278,6,8
TRPCHA250826b9409306,2025-08-26,CH01,new,15,161,8,9
TRPVIS250826f6440f76,2025-08-26,AP01,repeated,30,297,9,10
TRPCOI250826f9dfb5a1,2025-08-26,TN01,repeated,13,127,7,6
TRPCHA2508267a654a74,2025-08-26,CH01,new,31,305,9,9
TRPKOC2508265494dbaa,2025-08-26,KL01,new,15,196,10,9
TRPSUR2508264e9fa2a3,2025-08-26,GJ01,new,13,123,3,4
TRPJAI250826f38d1eca,2025-08-26,RJ01,new,39,505,10,8
TRPCOI250826e6422386,2025-08-26,TN01,new,18,167,9,7
TRPLUC2508265723557a,2025-08-26,UP01,repeated,8,98,5,5
TRPLUC250826e1454b01,2025-08-26,UP01,repeated,18,188,5,7
TRPCHA2508269abd6c3b,2025-08-26,CH01,new,29,287,8,9
TRPCOI250826e06b5776,2025-08-26,TN01,new,9,95,9,8
TRPSUR25082613675c5c,2025-08-26,GJ01,repeated,5,59,6,5
TRPKOC250826661f9577,2025-08-26,KL01,new,37,438,10,9
TRPLUC250826c737cdca,2025-08-26,UP01,repeated,7,89,5,7
TRPJAI25082666ed96f3,2025-08-26,RJ01,new,30,397,9,10
TRPSUR250826bbf64a42,2025-08-26,GJ01,new,7,75,7,7
TRPSUR2508261a6b29c9,2025-08-26,GJ01,repeated,16,147,7,6
TRPLUC25082692b5d0c3,2025-08-26,UP01,repeated,16,170,5,8
TRPSUR2508266b15699a,2025-08-26,GJ01,repeated,13,123,7,5
TRPJAI250826735badbd,2025-08-26,RJ01,new,32,421,10,8
TRPSUR250826d2cdf48d,2025-08-26,GJ01,new,17,155,7,6
TRPSUR2508266f233f82,2025-08-26,GJ01,repeated,16,147,6,8
TRPIND25082628107c1a,2025-08-26,MP01,repeated,18,167,6,9
TRPLUC2508265d53bf56,2025-08-26,UP01,repeated,10,116,7,5
TRPJAI2508267cf8dc8e,2025-08-26,RJ01,new,38,493,10,8
TRPCHA2508260eff40f9,2025-08-26,CH01,repeated,25,251,9,6
TRPLUC250826e3bc51c4,2025-08-26,UP01,repeated,6,80,6,7
TRPSUR25082639a6bed8,2025-08-26,GJ01,repeated,5,59,6,6
TRPIND25082658ab0c19,2025-08-26,MP01,new,23,207,10,7
TRPVAD25082692ef8ac2,2025-08-26,GJ02,repeated,11,106,6,8
TRPJAI2508267538feba,2025-08-26,RJ01,new,33,433,10,10
TRPJAI25082654ab6257,2025-08-26,RJ01,new,39,505,9,9
TRPJAI250826dfd6cb93,2025-08-26,RJ01,new,41,529,10,9
TRPJAI250826f39c57cc,2025-08-26,RJ01,repeated,18,253,8,9
TRPLUC250826bf4fd8c1,2025-08-26,UP01,new,12,134,7,7
TRPLUC250826ebf814e6,2025-08-26,UP01,new,13,143,7,8
TRPJAI250826e85eef32,2025-08-26,RJ01,new,43,553,9,10
TRPLUC2508267b3ea40a,2025-08-26,UP01,repeated,15,161,7,8
TRPCHA250826c63d7ae7,2025-08-26,CH01,new,28,278,10,7
TRPLUC2508262d9dbe01,2025-08-26,UP01,new,11,125,8,8
TRPJAI2508264e352a99,2025-08-26,RJ01,repeated,32,421,9,9
TRPIND250826d376192f,2025-08-26,MP01,repeated,8,87,6,7
TRPMYS250826228c3b38,2025-08-26,KA01,new,9,125,10,9
TRPIND250826b2a0a34a,2025-08-26,MP01,new,16,151,10,7
TRPKOC25082668ac1dde,2025-08-26,KL01,repeated,37,438,8,9
TRPCHA250826266690d5,2025-08-26,CH01,new,33,323,7,8
TRPMYS2508264bb99624,2025-08-26,KA01,new,20,235,10,8
TRPIND25082627d58658,2025-08-26,MP01,new,18,167,9,8
TRPSUR2508265d2b9113,2025-08-26,GJ01,repeated,5,59,7,5
TRPJAI2508264f8c13e6,2025-08-26,RJ01,repeated,16,229,7,9
TRPVAD25082645a20fcc,2025-08-26,GJ02,repeated,11,106,5,8
TRPLUC250826a51c584f,2025-08-26,UP01,repeated,16,170,7,8
TRPJAI250826bf287698,2025-08-26,RJ01,repeated,42,541,8,9
TRPLUC25082637d1b7c2,2025-08-26,UP01,repeated,17,179,7,7
TRPCHA25082673ce4402,2025-08-26,CH01,repeated,28,278,8,6
TRPVAD250826dfd44a91,2025-08-26,GJ02,new,6,66,9,7
TRPJAI250826ac8d026e,2025-08-26,RJ01,repeated,22,301,9,10
TRPVIS25082637da61da,2025-08-26,AP01,new,11,126,8,10
TRPJAI2508265ae57432,2025-08-26,RJ01,repeated,35,457,8,10
TRPCOI25082603a7ef6b,2025-08-26,TN01,new,19,175,10,8
TRPVIS2508269264de64,2025-08-26,AP01,new,34,333,9,8
TRPKOC250826dc698d0c,2025-08-26,KL01,repeated,13,174,9,9
TRPJAI250826b83834af,2025-08-26,RJ01,repeated,37,481,9,8
TRPSUR25082666e860d9,2025-08-26,GJ01,repeated,8,83,7,8
TRPCHA2508265a9299d9,2025-08-26,CH01,new,27,269,8,7
TRPJAI2508264ed34782,2025-08-26,RJ01,new,35,457,9,8
TRPSUR250826ae77facb,2025-08-26,GJ01,repeated,8,83,7,7
TRPLUC2508269e78891a,2025-08-26,UP01,repeated,7,89,7,7
TRPCHA250826f12695c0,2025-08-26,CH01,new,33,323,7,8
