trip_id,date,city_id,passenger_type,distance_travelled(km),fare_amount,passenger_rating,driver_rating
TRPJAI2508045a6be623,2025-08-04,RJ01,repeated,34,445,7,8
TRPJAI250804749b7cae,2025-08-04,RJ01,new,37,481,9,8
TRPVAD2508047d441710,2025-08-04,GJ02,new,17,154,7,7
TRPIND2508049ca81e01,2025-08-04,MP01,repeated,14,135,7,7
TRPSUR250804cae6338a,2025-08-04,GJ01,repeated,14,131,7,7
TRPVIS250804b455f826,2025-08-04,AP01,new,34,333,8,8
TRPKOC2508046c108ad1,2025-08-04,KL01,repeated,33,394,8,9
TRPCHA250804f7b5684b,2025-08-04,CH01,repeated,34,332,9,6
TRPVAD2508048b95f88c,2025-08-04,GJ02,repeated,15,138,7,6
TRPVIS25080480f1013b,2025-08-04,AP01,repeated,22,225,9,10
TRPJAI2508041aa540b9,2025-08-04,RJ01,new,26,349,9,10
TRPLUC250804095eab27,2025-08-04,UP01,repeated,16,170,5,8
TRPJAI2508049c828b23,2025-08-04,RJ01,new,40,517,10,8
TRPVIS2508044c64f9eb,2025-08-04,AP01,new,10,117,9,9
TRPJAI2508047cad7c3b,2025-08-04,RJ01,repeated,42,541,8,9
TRPVAD250804b354a777,2025-08-04,GJ02,repeated,16,146,6,8
TRPLUC250804d2d1d456,2025-08-04,UP01,repeated,17,179,7,8
TRPCOI2508048b5c9c00,2025-08-04,TN01,repeated,11,111,6,6
TRPJAI25080406f6a552,2025-08-04,RJ01,new,36,469,8,9
TRPJAI2508048e8cc615,2025-08-04,RJ01,new,26,349,10,9
TRPCHA250804ddcb6ef6,2025-08-04,CH01,repeated,20,206,8,8
TRPLUC2508048155b49e,2025-08-04,UP01,repeated,6,80,5,7
TRPIND25080433d8481f,2025-08-04,MP01,new,15,143,8,9
TRPCHA25080448660790,2025-08-04,CH01,new,30,296,10,9
TRPJAI2508049d967948,2025-08-04,RJ01,new,16,229,10,9
TRPVAD250804bf879424,2025-08-04,GJ02,repeated,14,130,5,5
TRPLUC250804721d30d3,2025-08-04,UP01,repeated,17,179,7,8
TRPCOI2508046b40c9e4,2025-08-04,TN01,repeated,18,167,9,7
TRPLUC2508047ba09bf7,2025-08-04,UP01,repeated,17,179,5,7
TRPLUC250804fec59db6,2025-08-04,UP01,new,18,188,8,6
TRPKOC250804e06e937f,2025-08-04,KL01,repeated,23,284,9,10
TRPLUC250804f84d6146,2025-08-04,UP01,repeated,11,125,5,5
TRPVIS250804996d7871,2025-08-04,AP01,new,34,333,8,10
TRPLUC250804e815918f,2025-08-04,UP01,repeated,20,206,5,6
TRPKOC25080435ffb645,2025-08-04,KL01,new,18,229,10,9
TRPJAI25080434357caa,2025-08-04,RJ01,new,34,445,8,9
TRPSUR250804f2ce70d1,2025-08-04,GJ01,new,8,83,9,8
TRPSUR2508042ab7ee94,2025-08-04,GJ01,repeated,8,83,5,6
TRPSUR25080448dbfbd6,2025-08-04,GJ01,repeated,16,147,6,7
TRPLUC250804c5721c98,2025-08-04,UP01,new,8,98,9,6
TRPCHA250804c362e48f,2025-08-04,CH01,new,19,197,7,7
TRPLUC250804423614b4,2025-08-04,UP01,repeated,20,206,5,6
TRPCOI250804bc56f456,2025-08-04,TN01,new,16,151,9,8
TRPJAI2508045b399881,2025-08-04,RJ01,new,16,229,8,8
TRPLUC2508043c7d8d06,2025-08-04,UP01,repeated,8,98,7,6
TRPSUR2508040ffefd41,2025-08-04,GJ01,repeated,17,155,6,7
TRPVIS2508045733cb2d,2025-08-04,AP01,repeated,31,306,7,10
TRPVAD250804ec457b17,2025-08-04,GJ02,new,5,58,7,8
TRPLUC250804a76f95cf,2025-08-04,UP01,repeated,20,206,7,6
TRPVIS25080456016f48,2025-08-04,AP01,new,33,324,10,8
TRPLUC250804c6e7220a,2025-08-04,UP01,new,5,71,8,8
TRPLUC25080407674bb8,2025-08-04,UP01,repeated,8,98,6,7
TRPVAD250804d2729ca5,2025-08-04,GJ02,new,15,138,9,7
TRPJAI250804810a1eb4,2025-08-04,RJ01,repeated,27,361,8,9
TRPLUC250804239b2937,2025-08-04,UP01,repeated,20,206,7,7
TRPSUR250804ed555772,2025-08-04,GJ01,repeated,5,59,7,7
TRPJAI250804385e9e5f,2025-08-04,RJ01,repeated,19,265,7,8
TRPSUR25080471e033cb,2025-08-04,GJ01,repeated,12,115,5,7
TRPKOC250804e6427eff,2025-08-04,KL01,new,38,449,8,9
TRPJAI250804266dac85,2025-08-04,RJ01,repeated,21,289,8,8
TRPCHA250804cc693ba7,2025-08-04,CH01,new,13,143,8,7
TRPLUC250804fa598684,2025-08-04,UP01,new,12,134,8,6
TRPVIS2508040d2c61ba,2025-08-04,AP01,new,24,243,10,10
TRPJAI250804a9b018b7,2025-08-04,RJ01,repeated,23,313,9,9
TRPLUC2508049a0db267,2025-08-04,UP01,repeated,8,98,5,5
TRPJAI2508045ea089ec,2025-08-04,RJ01,repeated,41,529,9,8
TRPJAI250804fcc0c074,2025-08-04,RJ01,new,43,553,10,10
TRPSUR250804878eb381,2025-08-04,GJ01,repeated,16,147,6,8
TRPSUR25080470bc16af,2025-08-04,GJ01,repeated,10,99,5,7
TRPLUC25080436ee283f,2025-08-04,UP01,new,10,116,8,8
TRPVAD25080487bf9d2b,2025-08-04,GJ02,new,6,66,8,8
TRPVAD250804a8eed40a,2025-08-04,GJ02,repeated,14,130,6,7
TRPJAI250804a89b2a3a,2025-08-04,RJ01,new,37,481,8,8
TRPSUR2508043eabab8c,2025-08-04,GJ01,repeated,14,131,5,5
TRPIND2508045906af26,2025-08-04,MP01,repeated,16,151,6,9
TRPIND2508043dbda16e,2025-08-04,MP01,repeated,15,143,8,6
TRPJAI250804613d0d9b,2025-08-04,RJ01,new,24,325,9,8
TRPJAI25080450dc0c74,2025-08-04,RJ01,repeated,25,337,7,8
TRPCOI25080418399996,2025-08-04,TN01,repeated,14,135,7,6
TRPCOI25080448e9f1fa,2025-08-04,TN01,repeated,8,87,7,7
TRPCHA250804ea451047,2025-08-04,CH01,new,13,143,9,7
TRPJAI2508043837d66b,2025-08-04,RJ01,new,15,217,9,9
TRPVIS250804acc6afbe,2025-08-04,AP01,new,33,324,10,10
TRPLUC250804fb554276,2025-08-04,UP01,new,6,80,9,8
TRPLUC250804b16f82a8,2025-08-04,UP01,repeated,11,125,7,8
TRPSUR250804e2730475,2025-08-04,GJ01,new,12,115,9,8
TRPLUC2508049f31c027,2025-08-04,UP01,repeated,20,206,7,8
TRPVIS250804535731b0,2025-08-04,AP01,new,14,153,9,8
TRPLUC250804c000f00f,2025-08-04,UP01,repeated,19,197,6,5
TRPJAI2508044c534ee2,2025-08-04,RJ01,new,18,253,8,8
TRPMYS250804b4c859b2,2025-08-04,KA01,new,22,255,10,9
TRPJAI2508042967e178,2025-08-04,RJ01,repeated,45,577,8,9
TRPCHA2508040d130152,2025-08-04,CH01,repeated,15,161,9,6
TRPIND250804c2238cad,2025-08-04,MP01,repeated,16,151,6,9
TRPCHA25080498f6acbc,2025-08-04,CH01,repeated,31,305,7,9
TRPIND250804c1ba61d3,2025-08-04,MP01,new,12,119,10,9
TRPLUC250804fbc650d8,2025-08-04,UP01,repeated,16,170,5,8
TRPCHA2508043a1477ef,2025-08-04,CH01,repeated,35,341,7,6
TRPVAD2508045d91bc76,2025-08-04,GJ02,new,14,130,7,6
TRPVAD25080430a1ae5b,2025-08-04,GJ02,new,12,114,9,6
TRPCOI250804c79a2565,2025-08-04,TN01,repeated,14,135,8,6
TRPVIS25080490979b21,2025-08-04,AP01,repeated,14,153,8,9
TRPSUR2508043dccfd28,2025-08-04,GJ01,repeated,14,131,7,6
TRPLUC2508047a834746,2025-08-04,UP01,new,9,107,7,8
TRPKOC2508043c46c5d3,2025-08-04,KL01,repeated,37,438,8,9
TRPJAI25080429b7ab2e,2025-08-04,RJ01,new,28,373,10,8
TRPSUR2508044f19b355,2025-08-04,GJ01,repeated,15,139,6,7
TRPSUR25080439be9726,2025-08-04,GJ01,new,6,67,7,7
TRPCHA25080436588a72,2025-08-04,CH01,repeated,34,332,8,6
TRPVIS250804179e4030,2025-08-04,AP01,new,15,162,9,8
TRPJAI25080436b5c22c,2025-08-04,RJ01,new,42,541,10,8
TRPCOI250804dcbc90c4,2025-08-04,TN01,new,13,127,8,7
TRPSUR2508044663d393,2025-08-04,GJ01,repeated,14,131,7,8
TRPIND2508041fabd5cf,2025-08-04,MP01,repeated,18,167,6,7
TRPJAI2508043c403ba7,2025-08-04,RJ01,new,31,409,8,8
TRPLUC250804316f94fb,2025-08-04,UP01,new,16,170,9,6
TRPKOC25080446c23275,2025-08-04,KL01,repeated,20,251,7,9
TRPLUC250804690d2c81,2025-08-04,UP01,new,10,116,8,7
TRPCHA2508040ea82219,2025-08-04,CH01,new,22,224,10,8
TRPLUC250804eade89a5,2025-08-04,UP01,repeated,19,197,5,6
TRPJAI250804796fb5e2,2025-08-04,RJ01,repeated,40,517,7,9
TRPMYS250804d18b665f,2025-08-04,KA01,repeated,15,185,8,10
TRPJAI2508040cf76af3,2025-08-04,RJ01,repeated,28,373,7,8
TRPVIS2508047180968b,2025-08-04,AP01,repeated,10,117,7,10
TRPLUC250804ca558a07,2025-08-04,UP01,new,9,107,8,8
TRPSUR250804506c1e5c,2025-08-04,GJ01,repeated,12,115,7,5
TRPVAD2508048593ff6b,2025-08-04,GJ02,new,16,146,9,7
TRPJAI250804b67593e6,2025-08-04,RJ01,repeated,15,217,8,10
TRPSUR2508045629ce4f,2025-08-04,GJ01,repeated,13,123,5,6
TRPJAI250804f4c41b7b,2025-08-04,RJ01,new,33,433,9,8
TRPCOI25080434aeaa37,2025-08-04,TN01,repeated,21,191,6,7
TRPJAI250804a7656a0a,2025-08-04,RJ01,new,43,553,9,10
TRPLUC2508044b97b6e8,2025-08-04,UP01,new,18,188,8,7
TRPCHA250804614bf3e5,2025-08-04,CH01,repeated,16,170,6,7
TRPCOI25080494494c6f,2025-08-04,TN01,repeated,8,87,9,9
TRPCHA250804f672c683,2025-08-04,CH01,repeated,12,134,9,8
TRPLUC2508048781017d,2025-08-04,UP01,repeated,17,179,6,7
TRPLUC2508042613ad2d,2025-08-04,UP01,repeated,18,188,7,6
TRPKOC2508044e1f98a0,2025-08-04,KL01,new,19,240,8,9
TRPLUC250804e989a74d,2025-08-04,UP01,repeated,5,71,6,6
TRPCOI25080409d8e6c5,2025-08-04,TN01,new,19,175,8,7
TRPLUC2508048995cf75,2025-08-04,UP01,repeated,19,197,7,7
TRPJAI250804300d4a43,2025-08-04,RJ01,new,42,541,9,9
TRPIND250804e823478e,2025-08-04,MP01,repeated,19,175,9,9
TRPVIS250804c17b5cdc,2025-08-04,AP01,repeated,25,252,8,8
TRPVIS25080431d22e5b,2025-08-04,AP01,new,19,198,10,8
TRPSUR2508043df5c8e5,2025-08-04,GJ01,repeated,16,147,7,7
TRPKOC250804948526ff,2025-08-04,KL01,new,19,240,8,10
TRPCHA25080437b238ec,2025-08-04,CH01,repeated,29,287,7,6
TRPSUR25080440a9cbf1,2025-08-04,GJ01,new,11,107,8,8
TRPCHA25080468591d7b,2025-08-04,CH01,new,31,305,7,9
TRPLUC250804198a4cb0,2025-08-04,UP01,repeated,20,206,5,5
TRPJAI250804f7d121e9,2025-08-04,RJ01,repeated,37,481,8,10
TRPCOI25080450e86cd9,2025-08-04,TN01,repeated,9,95,9,8
TRPLUC250804f9ff174c,2025-08-04,UP01,repeated,11,125,7,8
TRPCOI25080463201647,2025-08-04,TN01,repeated,11,111,6,9
TRPLUC250804425035c1,2025-08-04,UP01,repeated,5,71,7,7
TRPLUC250804a2a898fc,2025-08-04,UP01,repeated,8,98,6,6
TRPCHA250804ac4ae70c,2025-08-04,CH01,new,34,332,7,7
TRPLUC250804d87f3222,2025-08-04,UP01,repeated,10,116,6,8
TRPLUC250804be363c15,2025-08-04,UP01,repeated,12,134,5,5
TRPSUR2508040fd371e5,2025-08-04,GJ01,repeated,8,83,7,5
TRPCHA25080454a304a4,2025-08-04,CH01,new,22,224,7,9
TRPSUR250804577aaa31,2025-08-04,GJ01,repeated,13,123,6,6
TRPCHA25080430f73bdc,2025-08-04,CH01,repeated,28,278,7,8
TRPIND250804a1248c1f,2025-08-04,MP01,repeated,10,103,6,8
TRPJAI2508041ee899cf,2025-08-04,RJ01,new,30,397,9,9
TRPJAI250804b6eb3859,2025-08-04,RJ01,new,21,289,9,10
TRPLUC250804c9a2c8ff,2025-08-04,UP01,new,16,170,9,7
TRPCHA2508049c3d1ea1,2025-08-04,CH01,repeated,22,224,6,6
TRPMYS2508048f03aeb6,2025-08-04,KA01,new,9,125,8,10
TRPMYS2508043d1a21e3,2025-08-04,KA01,new,11,145,8,9
TRPVIS25080460c20e48,2025-08-04,AP01,new,19,198,10,9
TRPJAI25080473b81c86,2025-08-04,RJ01,new,38,493,9,10
TRPJAI2508044e19e334,2025-08-04,RJ01,repeated,35,457,8,9
TRPIND250804895cb8af,2025-08-04,MP01,repeated,16,151,8,8
TRPLUC2508045de1690e,2025-08-04,UP01,repeated,15,161,5,5
TRPSUR2508044948e007,2025-08-04,GJ01,new,6,67,9,7
TRPCOI2508048973c939,2025-08-04,TN01,new,18,167,7,7
TRPKOC2508049bc7d607,2025-08-04,KL01,new,18,229,9,10
TRPLUC2508049bdf7c86,2025-08-04,UP01,new,6,80,8,7
TRPLUC250804762a1c6a,2025-08-04,UP01,new,8,98,7,6
TRPLUC2508040ccb6f1e,2025-08-04,UP01,repeated,6,80,5,6
TRPCHA250804e2d27441,2025-08-04,CH01,repeated,27,269,8,9
TRPLUC250804feccae13,2025-08-04,UP01,repeated,11,125,7,6
TRPLUC250804bae5c2d1,2025-08-04,UP01,repeated,12,134,6,8
TRPJAI2508044ea6ca3a,2025-08-04,RJ01,new,27,361,8,9
TRPCHA250804725a52be,2025-08-04,CH01,repeated,26,260,6,8
TRPJAI25080434b95bea,2025-08-04,RJ01,new,32,421,8,9
TRPKOC25080474e21daa,2025-08-04,KL01,repeated,37,438,8,8
TRPVAD25080455a8e8ad,2025-08-04,GJ02,repeated,8,82,5,6
TRPKOC250804bc788a41,2025-08-04,KL01,repeated,30,361,7,8
TRPIND25080408653b43,2025-08-04,MP01,new,12,119,7,8
TRPCOI25080472a8ac5f,2025-08-04,TN01,new,16,151,7,9
TRPSUR25080415a10dd0,2025-08-04,GJ01,repeated,7,75,5,7
TRPLUC250804fc887f05,2025-08-04,UP01,repeated,11,125,5,6
TRPLUC2508042481fa6d,2025-08-04,UP01,repeated,12,134,6,8
TRPCHA250804b930076b,2025-08-04,CH01,repeated,17,179,7,7
TRPVAD2508043390c6b2,2025-08-04,GJ02,repeated,11,106,7,6
TRPJAI2508048b68bd30,2025-08-04,RJ01,new,38,493,10,8
TRPIND250804da9addad,2025-08-04,MP01,new,12,119,8,9
TRPSUR250804529d7366,2025-08-04,GJ01,new,14,131,8,7
TRPVIS2508046ce565c0,2025-08-04,AP01,new,16,171,8,10
TRPJAI25080421b34422,2025-08-04,RJ01,repeated,16,229,7,10
TRPLUC2508048fffc0c6,2025-08-04,UP01,repeated,18,188,5,8
TRPIND2508047222cbc8,2025-08-04,MP01,repeated,8,87,9,9
TRPJAI250804c9188fed,2025-08-04,RJ01,new,16,229,10,10
TRPSUR250804013a6c11,2025-08-04,GJ01,repeated,17,155,5,5
TRPLUC25080415ce726f,2025-08-04,UP01,repeated,17,179,7,6
TRPJAI250804f94a6ddb,2025-08-04,RJ01,new,31,409,10,8
TRPKOC2508043f898560,2025-08-04,KL01,repeated,23,284,9,9
TRPJAI2508048c3cd492,2025-08-04,RJ01,repeated,15,217,9,10
TRPIND2508047b652907,2025-08-04,MP01,repeated,22,199,9,6
TRPVAD250804cdf406eb,2025-08-04,GJ02,repeated,17,154,5,6
TRPLUC2508044dd70a5d,2025-08-04,UP01,repeated,15,161,6,5
TRPSUR250804ec0eaf32,2025-08-04,GJ01,repeated,7,75,7,8
TRPCHA250804f9270b34,2025-08-04,CH01,new,23,233,7,7
TRPLUC250804df52b5c6,2025-08-04,UP01,repeated,14,152,7,5
TRPSUR250804c5b4e643,2025-08-04,GJ01,new,9,91,9,7
TRPJAI250804c15161c0,2025-08-04,RJ01,new,22,301,8,8
TRPJAI250804844e4b7b,2025-08-04,RJ01,new,36,469,8,9
TRPSUR250804055dbe91,2025-08-04,GJ01,repeated,17,155,7,5
TRPJAI2508049a055238,2025-08-04,RJ01,repeated,26,349,8,8
TRPJAI250804019998d3,2025-08-04,RJ01,repeated,43,553,7,9
TRPVIS2508040f6a051d,2025-08-04,AP01,repeated,32,315,8,8
TRPLUC250804f73c25b0,2025-08-04,UP01,repeated,11,125,7,5
TRPCHA250804051ba6a9,2025-08-04,CH01,new,13,143,10,8
TRPVAD250804dcee5c47,2025-08-04,GJ02,repeated,14,130,5,8
TRPLUC250804c93b2579,2025-08-04,UP01,repeated,20,206,4,4
TRPCHA2508047334f2a4,2025-08-04,CH01,new,15,161,9,8
TRPLUC250804734cb997,2025-08-04,UP01,repeated,18,188,6,6
TRPJAI250804474259a3,2025-08-04,RJ01,new,31,409,9,10
TRPJAI25080410bc1f99,2025-08-04,RJ01,repeated,29,385,7,10
TRPCHA25080420cb0b88,2025-08-04,CH01,new,29,287,10,8
TRPKOC250804e49b8c01,2025-08-04,KL01,new,17,218,9,8
TRPSUR250804f1e7d226,2025-08-04,GJ01,repeated,8,83,5,8
TRPIND250804452af7f2,2025-08-04,MP01,new,17,159,9,9
TRPLUC25080488cce2a1,2025-08-04,UP01,repeated,13,143,5,7
TRPLUC250804773ee942,2025-08-04,UP01,repeated,8,98,5,5
TRPLUC25080416e3480d,2025-08-04,UP01,repeated,14,152,5,8
TRPLUC250804395bd39b,2025-08-04,UP01,repeated,10,116,5,8
TRPJAI250804dfa924f9,2025-08-04,RJ01,repeated,16,229,7,9
TRPSUR250804cfa1425b,2025-08-04,GJ01,repeated,17,155,7,8
TRPCOI25080411a5f54b,2025-08-04,TN01,new,20,183,10,7
TRPMYS25080465ae5f3c,2025-08-04,KA01,new,18,215,10,9
TRPLUC2508041d3cced6,2025-08-04,UP01,repeated,9,107,6,7
TRPLUC2508043dd7bb16,2025-08-04,UP01,new,13,143,8,6
TRPLUC250804cb8e0132,2025-08-04,UP01,new,6,80,8,7
TRPKOC2508049436bf94,2025-08-04,KL01,new,36,427,9,8
TRPSUR2508040bc7329a,2025-08-04,GJ01,repeated,9,91,6,7
TRPCOI250804a59e24e8,2025-08-04,TN01,new,15,143,7,7
TRPVIS250804c5e23d7c,2025-08-04,AP01,new,18,189,9,8
TRPLUC25080419bbb6be,2025-08-04,UP01,repeated,5,71,7,7
TRPLUC250804e81aab0c,2025-08-04,UP01,new,12,134,7,7
TRPSUR250804b39784c8,2025-08-04,GJ01,repeated,13,123,6,6
TRPLUC250804bbc4d01c,2025-08-04,UP01,new,5,71,7,6
TRPLUC2508045f2535e8,2025-08-04,UP01,repeated,19,197,6,5
TRPCHA250804acde5707,2025-08-04,CH01,new,32,314,7,8
TRPLUC250804e8695666,2025-08-04,UP01,repeated,6,80,6,6
TRPJAI2508041487033d,2025-08-04,RJ01,repeated,31,409,7,9
TRPIND25080446d35b8b,2025-08-04,MP01,repeated,20,183,7,7
TRPJAI250804f80b074e,2025-08-04,RJ01,repeated,33,433,8,8
TRPLUC2508046fbf19f2,2025-08-04,UP01,repeated,14,152,5,8
TRPSUR2508045923c7c1,2025-08-04,GJ01,repeated,5,59,5,8
TRPLUC2508049c0d0537,2025-08-04,UP01,repeated,5,71,7,6
TRPLUC250804d585fc96,2025-08-04,UP01,new,13,143,8,7
TRPLUC250804455e6c04,2025-08-04,UP01,repeated,9,107,7,5
TRPSUR2508046a4d1ace,2025-08-04,GJ01,repeated,5,59,5,6
TRPIND2508042c72fbbb,2025-08-04,MP01,repeated,18,167,8,6
TRPKOC250804820bbc4c,2025-08-04,KL01,new,19,240,8,10
TRPKOC2508047544cc3c,2025-08-04,KL01,repeated,25,306,7,8
TRPLUC250804d9719a59,2025-08-04,UP01,repeated,19,197,6,7
TRPVIS2508046efb2890,2025-08-04,AP01,new,34,333,8,8
TRPCHA25080435d5b186,2025-08-04,CH01,new,28,278,8,9
TRPLUC250804d65e2db9,2025-08-04,UP01,new,5,71,9,7
TRPKOC250804c0c02d34,2025-08-04,KL01,repeated,28,339,9,10
TRPKOC25080455c7bc53,2025-08-04,KL01,repeated,34,405,8,9
TRPVAD2508042e02c01e,2025-08-04,GJ02,repeated,17,154,6,7
TRPIND25080422175832,2025-08-04,MP01,new,15,143,10,8
TRPVAD250804f97c415f,2025-08-04,GJ02,new,5,58,7,8
TRPLUC25080462eb7539,2025-08-04,UP01,repeated,9,107,7,8
TRPVAD250804a9ef3624,2025-08-04,GJ02,repeated,11,106,7,5
TRPJAI250804faebb1ce,2025-08-04,RJ01,repeated,23,313,9,9
TRPKOC250804961344ea,2025-08-04,KL01,repeated,23,284,8,9
TRPVAD250804a17d6edf,2025-08-04,GJ02,repeated,6,66,5,7
TRPIND250804964548da,2025-08-04,MP01,repeated,13,127,8,7
TRPSUR250804c7681fa9,2025-08-04,GJ01,new,11,107,8,6
TRPSUR250804c262f145,2025-08-04,GJ01,repeated,14,131,5,6
TRPVAD25080494b60927,2025-08-04,GJ02,repeated,18,162,6,8
TRPLUC25080459071013,2025-08-04,UP01,repeated,9,107,5,6
TRPJAI250804a9b5115b,2025-08-04,RJ01,repeated,17,241,8,9
TRPSUR2508041bd64f88,2025-08-04,GJ01,repeated,7,75,5,5
TRPSUR2508043d363e46,2025-08-04,GJ01,repeated,8,83,5,6
TRPLUC250804ee635eec,2025-08-04,UP01,repeated,16,170,5,6
TRPCOI25080412e2ae85,2025-08-04,TN01,repeated,20,183,6,7
TRPJAI25080423b31af6,2025-08-04,RJ01,new,23,313,8,9
TRPKOC250804c8705ed5,2025-08-04,KL01,new,30,361,10,8
TRPCHA250804af19ffe8,2025-08-04,CH01,new,32,314,8,7
TRPVIS2508047228e4bf,2025-08-04,AP01,new,29,288,10,10
TRPJAI250804d8f24c29,2025-08-04,RJ01,new,21,289,10,8
TRPLUC2508041580b561,2025-08-04,UP01,repeated,19,197,7,8
TRPIND250804d8013cbf,2025-08-04,MP01,repeated,16,151,9,6
TRPKOC250804ad8895f3,2025-08-04,KL01,new,35,416,10,8
TRPIND25080440dcbe9a,2025-08-04,MP01,new,8,87,8,7
TRPSUR250804214ba8be,2025-08-04,GJ01,repeated,17,155,6,6
TRPJAI25080446fd1955,2025-08-04,RJ01,new,31,409,9,9
TRPCHA250804991cb8c0,2025-08-04,CH01,repeated,33,323,6,6
TRPKOC2508047fe2cf1a,2025-08-04,KL01,new,14,185,8,10
TRPKOC25080418d07824,2025-08-04,KL01,new,33,394,9,9
TRPVIS250804fe821ffa,2025-08-04,AP01,repeated,21,216,7,8
TRPVAD2508042d5858e0,2025-08-04,GJ02,new,6,66,8,6
TRPLUC250804ceffc34a,2025-08-04,UP01,repeated,9,107,7,8
TRPSUR250804768d6c24,2025-08-04,GJ01,repeated,5,59,5,7
TRPVIS2508048a98ce58,2025-08-04,AP01,repeated,15,162,8,9
TRPCOI250804cbbe1d52,2025-08-04,TN01,new,10,103,8,9
TRPKOC250804f686487e,2025-08-04,KL01,new,38,449,10,9
TRPSUR250804cdc5374f,2025-08-04,GJ01,repeated,11,107,7,5
TRPSUR250804f69b0aa4,2025-08-04,GJ01,repeated,14,131,5,5
TRPSUR2508047d62de25,2025-08-04,GJ01,repeated,9,91,7,7
TRPJAI2508043f889659,2025-08-04,RJ01,repeated,40,517,7,9
TRPVIS250804cf74885f,2025-08-04,AP01,new,24,243,10,9
TRPLUC25080432c16487,2025-08-04,UP01,repeated,11,125,6,7
TRPSUR250804c1fba7ef,2025-08-04,GJ01,repeated,14,131,6,8
TRPKOC2508047c2f35c0,2025-08-04,KL01,repeated,26,317,9,8
TRPCOI2508045fb86b6e,2025-08-04,TN01,repeated,11,111,8,7
TRPSUR2508049e5b2110,2025-08-04,GJ01,repeated,10,99,5,6
TRPJAI250804a2fd92f6,2025-08-04,RJ01,new,26,349,10,10
TRPKOC2508043a4c5d7d,2025-08-04,KL01,new,27,328,8,10
TRPKOC2508043e681b6e,2025-08-04,KL01,new,11,152,9,8
TRPCHA250804a8487ada,2025-08-04,CH01,new,21,215,9,9
TRPSUR250804e38aa5db,2025-08-04,GJ01,repeated,9,91,6,8
TRPCHA250804630879d9,2025-08-04,CH01,repeated,12,134,9,6
TRPVIS25080494de3100,2025-08-04,AP01,new,25,252,8,9
TRPJAI2508041716de2a,2025-08-04,RJ01,new,21,289,8,8
TRPSUR25080473d7458d,2025-08-04,GJ01,repeated,7,75,6,7
TRPKOC250804e393770e,2025-08-04,KL01,new,31,372,9,10
TRPJAI25080474cb99a5,2025-08-04,RJ01,repeated,18,253,9,8
TRPCOI250804b1b5021a,2025-08-04,TN01,repeated,20,183,6,8
TRPLUC250804162e57bd,2025-08-04,UP01,repeated,17,179,7,6
TRPSUR250804b83ec013,2025-08-04,GJ01,repeated,13,123,6,6
TRPJAI25080406faee63,2025-08-04,RJ01,new,28,373,10,9
TRPCOI2508043a4950a4,2025-08-04,TN01,repeated,15,143,9,9
TRPLUC250804bb03f360,2025-08-04,UP01,repeated,14,152,6,6
TRPLUC250804d843ba4d,2025-08-04,UP01,new,5,71,8,8
TRPSUR250804f6f79c47,2025-08-04,GJ01,new,8,83,8,8
TRPJAI25080460467d9d,2025-08-04,RJ01,repeated,45,577,9,8
TRPJAI2508044bd3f97a,2025-08-04,RJ01,new,35,457,10,10
TRPCHA250804bdcf764a,2025-08-04,CH01,repeated,29,287,9,7
TRPIND25080432c0859c,2025-08-04,MP01,repeated,24,215,7,6
TRPCHA2508040e1f5b7d,2025-08-04,CH01,new,26,260,10,8
TRPLUC250804c4d985f3,2025-08-04,UP01,repeated,5,71,7,8
TRPMYS250804e026adea,2025-08-04,KA01,new,15,185,8,8
TRPJAI250804715c465c,2025-08-04,RJ01,new,26,349,9,10
TRPJAI2508040e536cec,2025-08-04,RJ01,new,39,505,10,10
TRPVAD250804fce976fe,2025-08-04,GJ02,new,9,90,7,6
TRPSUR25080485f01bd5,2025-08-04,GJ01,repeated,9,91,6,5
TRPLUC2508047a706c8f,2025-08-04,UP01,repeated,7,89,6,5
TRPCHA250804b489a698,2025-08-04,CH01,repeated,17,179,7,7
TRPLUC25080438480ab3,2025-08-04,UP01,new,20,206,7,8
TRPKOC2508041e1e47e2,2025-08-04,KL01,new,38,449,8,10
TRPVIS250804503febeb,2025-08-04,AP01,new,19,198,10,9
TRPCHA2508041cb9089b,2025-08-04,CH01,new,29,287,7,7
TRPCOI250804e1304f95,2025-08-04,TN01,repeated,8,87,6,9
TRPVIS250804f5b3cf37,2025-08-04,AP01,new,30,297,8,8
TRPLUC250804c598ba78,2025-08-04,UP01,new,12,134,7,8
TRPCHA250804286f385b,2025-08-04,CH01,new,26,260,10,9
TRPVAD250804f1d7e7f6,2025-08-04,GJ02,repeated,7,74,7,8
TRPIND25080454a9f5b7,2025-08-04,MP01,repeated,21,191,8,8
TRPSUR250804ad73c064,2025-08-04,GJ01,repeated,12,115,7,5
TRPIND2508047e6a388b,2025-08-04,MP01,repeated,24,215,7,6
TRPCHA2508041d8c187f,2025-08-04,CH01,repeated,13,143,6,6
TRPSUR250804bf9d3016,2025-08-04,GJ01,repeated,11,107,5,8
TRPVIS250804b8e30b8e,2025-08-04,AP01,repeated,24,243,9,9
TRPIND250804b901ee6c,2025-08-04,MP01,new,8,87,7,8
TRPJAI2508044f507f8e,2025-08-04,RJ01,repeated,26,349,9,8
TRPCOI250804d0611eb7,2025-08-04,TN01,repeated,14,135,9,8
TRPVAD250804530b9443,2025-08-04,GJ02,repeated,14,130,7,5
TRPJAI250804ac461aff,2025-08-04,RJ01,repeated,28,373,8,10
TRPVAD2508043c4eefab,2025-08-04,GJ02,repeated,15,138,7,7
TRPVIS250804da1e94ce,2025-08-04,AP01,repeated,11,126,7,8
TRPLUC2508048e00b112,2025-08-04,UP01,repeated,15,161,6,7
TRPLUC250804a98d0664,2025-08-04,UP01,repeated,11,125,6,6
TRPKOC2508041e61dcc4,2025-08-04,KL01,new,12,163,8,8
TRPKOC250804db089567,2025-08-04,KL01,new,30,361,9,10
TRPCHA250804cc45b0b7,2025-08-04,CH01,new,33,323,10,7
TRPJAI2508046417d3ef,2025-08-04,RJ01,repeated,28,373,7,8
TRPIND250804c3129fdc,2025-08-04,MP01,new,23,207,7,8
TRPCHA250804a79f7e79,2025-08-04,CH01,repeated,26,260,9,8
TRPJAI2508047efd5c6d,2025-08-04,RJ01,repeated,25,337,9,10
TRPSUR250804fbac9fae,2025-08-04,GJ01,new,8,83,8,7
TRPVAD250804b1ccdc54,2025-08-04,GJ02,repeated,6,66,5,7
TRPJAI25080427cf9bb7,2025-08-04,RJ01,new,16,229,9,9
TRPLUC2508049e46769c,2025-08-04,UP01,repeated,12,134,5,5
TRPSUR250804879289fe,2025-08-04,GJ01,new,7,75,8,7
TRPLUC250804e4d9e54b,2025-08-04,UP01,new,6,80,7,6
TRPSUR250804ca043d86,2025-08-04,GJ01,new,10,99,8,8
TRPLUC2508041b3cf5f6,2025-08-04,UP01,repeated,16,170,6,5
TRPLUC2508042b2b0e63,2025-08-04,UP01,repeated,19,197,6,6
TRPIND25080453937531,2025-08-04,MP01,repeated,16,151,7,7
TRPCOI2508049a9a7a56,2025-08-04,TN01,repeated,12,119,7,9
TRPJAI25080468ab4567,2025-08-04,RJ01,new,42,541,10,9
TRPLUC250804e97e01e8,2025-08-04,UP01,repeated,12,134,5,8
TRPJAI2508044175202c,2025-08-04,RJ01,repeated,31,409,8,10
TRPMYS250804bab4bf3c,2025-08-04,KA01,new,11,145,9,9
TRPCOI25080415222e1c,2025-08-04,TN01,repeated,8,87,8,7
TRPLUC2508041a6c7f03,2025-08-04,UP01,new,13,143,7,6
TRPSUR2508043c339241,2025-08-04,GJ01,repeated,12,115,7,8
TRPKOC250804477b726e,2025-08-04,KL01,new,18,229,9,9
TRPSUR250804f33e558f,2025-08-04,GJ01,repeated,13,123,6,6
TRPJAI250804907f9ddc,2025-08-04,RJ01,repeated,29,385,8,10
TRPLUC25080431116041,2025-08-04,UP01,repeated,17,179,7,7
TRPCOI25080468415c05,2025-08-04,TN01,repeated,9,95,6,7
TRPSUR250804492b5473,2025-08-04,GJ01,repeated,6,67,6,7
TRPJAI250804dc25bc5b,2025-08-04,RJ01,new,44,565,8,9
TRPVAD250804949f8072,2025-08-04,GJ02,new,8,82,7,7
TRPJAI25080496df373b,2025-08-04,RJ01,new,29,385,8,9
TRPVIS2508047eccb139,2025-08-04,AP01,new,20,207,9,9
TRPIND2508047c28aabb,2025-08-04,MP01,new,25,223,8,7
TRPKOC2508044e200081,2025-08-04,KL01,new,11,152,10,8
TRPJAI25080415d47999,2025-08-04,RJ01,new,34,445,8,8
TRPKOC250804a8ab10d0,2025-08-04,KL01,repeated,28,339,9,9
TRPVAD2508041e254dc4,2025-08-04,GJ02,new,10,98,7,7
TRPSUR250804aa7d3ab3,2025-08-04,GJ01,new,13,123,8,7
TRPLUC2508048c189129,2025-08-04,UP01,repeated,18,188,5,7
TRPLUC25080485796e02,2025-08-04,UP01,repeated,12,134,6,8
TRPSUR2508046b117e33,2025-08-04,GJ01,repeated,15,139,7,7
TRPJAI250804cb72b0f8,2025-08-04,RJ01,new,26,349,9,8
TRPVAD25080401bde554,2025-08-04,GJ02,repeated,7,74,7,6
TRPJAI250804897877e3,2025-08-04,RJ01,new,25,337,8,10
TRPSUR250804399267b9,2025-08-04,GJ01,repeated,5,59,5,5
TRPLUC250804d9bf9b61,2025-08-04,UP01,repeated,7,89,5,7
TRPCHA250804dd6c8489,2025-08-04,CH01,new,32,314,9,9
TRPIND250804cc6a4267,2025-08-04,MP01,repeated,15,143,9,7
TRPCOI2508049d06909e,2025-08-04,TN01,new,21,191,10,8
TRPSUR2508045523f0ce,2025-08-04,GJ01,new,7,75,9,6
TRPCHA2508044d1e40cd,2025-08-04,CH01,new,17,179,10,8
TRPIND250804166466a9,2025-08-04,MP01,new,22,199,9,9
TRPCHA25080477553fa0,2025-08-04,CH01,repeated,29,287,6,8
TRPJAI250804dbeb0826,2025-08-04,RJ01,new,33,433,9,9
TRPKOC2508044e3a9f80,2025-08-04,KL01,repeated,15,196,8,8
TRPCOI250804609d5eec,2025-08-04,TN01,new,14,135,8,8
TRPLUC250804aaa6718a,2025-08-04,UP01,repeated,6,80,7,6
TRPVIS250804b68d78a1,2025-08-04,AP01,repeated,30,297,9,8
TRPKOC2508048f8a12f0,2025-08-04,KL01,new,33,394,9,8
TRPKOC2508041b8716b8,2025-08-04,KL01,new,33,394,8,8
TRPVIS250804f8d4fe13,2025-08-04,AP01,repeated,18,189,8,10
TRPCOI25080450df840a,2025-08-04,TN01,repeated,18,167,6,8
TRPIND250804173b4ec9,2025-08-04,MP01,new,10,103,9,9
TRPJAI250804d867dcf0,2025-08-04,RJ01,repeated,31,409,9,10
TRPLUC25080419965c48,2025-08-04,UP01,repeated,7,89,5,8
TRPCOI250804b69260cb,2025-08-04,TN01,repeated,14,135,8,7
TRPLUC250804e096760b,2025-08-04,UP01,repeated,8,98,7,7
TRPJAI25080445ed3cf1,2025-08-04,RJ01,repeated,19,265,7,9
TRPLUC250804bbda19cc,2025-08-04,UP01,new,20,206,7,7
TRPVAD250804f2c11173,2025-08-04,GJ02,repeated,17,154,6,8
TRPLUC25080486d59417,2025-08-04,UP01,repeated,15,161,6,7
TRPVIS250804500d6e5f,2025-08-04,AP01,new,25,252,10,8
TRPJAI250804ad9190a7,2025-08-04,RJ01,repeated,43,553,9,9
TRPMYS250804b95ef8a6,2025-08-04,KA01,new,14,175,10,8
TRPJAI250804360fe890,2025-08-04,RJ01,new,38,493,10,8
TRPLUC250804a8833535,2025-08-04,UP01,repeated,18,188,7,6
TRPLUC25080454de2cfb,2025-08-04,UP01,repeated,16,170,5,6
TRPCOI2508042508dac2,2025-08-04,TN01,repeated,21,191,6,6
TRPVAD25080475705330,2025-08-04,GJ02,repeated,16,146,7,6
TRPCOI250804ca7851a2,2025-08-04,TN01,repeated,21,191,7,9
TRPSUR250804935fcee5,2025-08-04,GJ01,repeated,16,147,6,5
TRPLUC250804a92f980d,2025-08-04,UP01,repeated,12,134,6,6
TRPVIS2508044647cad2,2025-08-04,AP01,new,35,342,9,9
TRPJAI2508046257d938,2025-08-04,RJ01,new,33,433,10,10
TRPSUR25080422cecd31,2025-08-04,GJ01,new,17,155,8,7
TRPMYS250804e909e3dc,2025-08-04,KA01,new,23,265,10,8
TRPLUC25080406ee37e1,2025-08-04,UP01,repeated,10,116,7,8
TRPLUC2508047adb6c15,2025-08-04,UP01,new,16,170,9,6
TRPVAD250804fa362833,2025-08-04,GJ02,repeated,13,122,6,5
TRPSUR250804e18b73c3,2025-08-04,GJ01,new,7,75,8,8
TRPKOC250804ec6a61a6,2025-08-04,KL01,new,25,306,9,8
TRPCHA250804953d5db8,2025-08-04,CH01,new,26,260,7,7
TRPSUR25080480eb3adc,2025-08-04,GJ01,repeated,17,155,5,6
TRPKOC2508040733b926,2025-08-04,KL01,repeated,29,350,7,10
TRPCHA250804ba2b0bc0,2025-08-04,CH01,repeated,19,197,6,6
TRPSUR250804e8ccc606,2025-08-04,GJ01,repeated,10,99,7,5
TRPIND2508042fb1ad14,2025-08-04,MP01,repeated,13,127,9,9
TRPCOI2508041335b283,2025-08-04,TN01,repeated,18,167,6,7
TRPSUR25080498338006,2025-08-04,GJ01,repeated,14,131,6,8
TRPLUC250804b9a104e1,2025-08-04,UP01,new,17,179,7,8
TRPJAI2508049418873e,2025-08-04,RJ01,repeated,21,289,8,10
TRPSUR250804fe73f39b,2025-08-04,GJ01,repeated,14,131,6,7
TRPCHA25080446f3c705,2025-08-04,CH01,new,20,206,7,8
TRPLUC2508048e725fe4,2025-08-04,UP01,repeated,12,134,7,8
TRPVAD2508042ebb8cfc,2025-08-04,GJ02,repeated,11,106,5,7
TRPSUR250804dfa9d918,2025-08-04,GJ01,repeated,13,123,5,8
TRPSUR2508042b383ac3,2025-08-04,GJ01,repeated,15,139,7,5
TRPSUR250804680cb155,2025-08-04,GJ01,repeated,10,99,6,6
TRPSUR250804fc0a83f2,2025-08-04,GJ01,repeated,12,115,7,5
TRPVAD25080444fd1463,2025-08-04,GJ02,new,6,66,9,8
TRPLUC25080496e2e02c,2025-08-04,UP01,repeated,9,107,5,8
TRPSUR250804a24af0c0,2025-08-04,GJ01,repeated,15,139,5,6
TRPCHA2508049e42d8b1,2025-08-04,CH01,new,19,197,9,7
TRPJAI250804abd5de3c,2025-08-04,RJ01,new,18,253,8,10
TRPVIS250804abb16a3d,2025-08-04,AP01,repeated,19,198,9,9
TRPSUR250804e123589a,2025-08-04,GJ01,repeated,11,107,7,8
TRPIND2508047031189f,2025-08-04,MP01,repeated,24,215,9,7
TRPLUC2508041347f1ca,2025-08-04,UP01,repeated,9,107,5,5
TRPJAI2508046baa2d54,2025-08-04,RJ01,repeated,22,301,9,9
TRPLUC2508044c7a7009,2025-08-04,UP01,repeated,13,143,5,8
TRPCHA25080461bd2554,2025-08-04,CH01,repeated,15,161,6,7
TRPLUC25080402a757b5,2025-08-04,UP01,repeated,19,197,7,8
TRPVIS2508049f6519a9,2025-08-04,AP01,repeated,14,153,9,9
TRPKOC250804305a567c,2025-08-04,KL01,repeated,36,427,9,8
TRPCHA250804c8b4e184,2025-08-04,CH01,repeated,20,206,8,8
TRPCOI25080428b609d4,2025-08-04,TN01,repeated,16,151,6,9
TRPLUC250804b48148f8,2025-08-04,UP01,new,20,206,8,8
TRPKOC250804bf6f55b4,2025-08-04,KL01,repeated,32,383,8,9
TRPCOI2508041eb02f1e,2025-08-04,TN01,repeated,20,183,8,9
TRPCOI25080442e83264,2025-08-04,TN01,repeated,12,119,8,6
TRPLUC250804ae67c67d,2025-08-04,UP01,new,11,125,8,6
TRPMYS250804bfb7c0c4,2025-08-04,KA01,new,9,125,8,9
TRPSUR250804212cd08a,2025-08-04,GJ01,repeated,10,99,7,8
TRPCOI2508048935b550,2025-08-04,TN01,repeated,10,103,7,7
TRPIND2508043c72d7d3,2025-08-04,MP01,repeated,19,175,9,7
TRPJAI250804e7bb15d7,2025-08-04,RJ01,repeated,32,421,9,8
TRPLUC2508041c5c0255,2025-08-04,UP01,new,11,125,9,7
TRPSUR25080459554080,2025-08-04,GJ01,repeated,14,131,6,7
TRPVIS250804cb34da87,2025-08-04,AP01,new,20,207,8,10
TRPCHA25080454ac5ef2,2025-08-04,CH01,new,27,269,9,8
TRPLUC250804fe506d74,2025-08-04,UP01,repeated,12,134,7,5
TRPLUC2508047644247a,2025-08-04,UP01,repeated,9,107,7,5
TRPVAD250804136fd23c,2025-08-04,GJ02,new,18,162,9,6
TRPLUC250804deb61128,2025-08-04,UP01,repeated,19,197,6,7
TRPJAI2508045f99a354,2025-08-04,RJ01,new,31,409,8,9
TRPMYS250804b2c8e896,2025-08-04,KA01,new,11,145,10,10
TRPLUC250804af6e19a8,2025-08-04,UP01,repeated,16,170,5,8
TRPJAI2508045d4840df,2025-08-04,RJ01,new,41,529,9,10
TRPKOC25080481439d08,2025-08-04,KL01,new,27,328,8,8
TRPJAI250804718f2a3a,2025-08-04,RJ01,new,30,397,8,10
TRPIND2508047281c5f5,2025-08-04,MP01,repeated,12,119,6,9
TRPKOC25080466a236f3,2025-08-04,KL01,repeated,36,427,9,8
TRPJAI2508040ec65f60,2025-08-04,RJ01,new,25,337,10,10
TRPJAI2508045f76461f,2025-08-04,RJ01,repeated,22,301,8,8
TRPIND250804c7799162,2025-08-04,MP01,new,9,95,8,9
TRPSUR250804c5d9084b,2025-08-04,GJ01,repeated,5,59,6,6
TRPJAI250804e339b328,2025-08-04,RJ01,new,44,565,9,10
TRPKOC2508047884b170,2025-08-04,KL01,repeated,21,262,7,9
TRPKOC2508046b471200,2025-08-04,KL01,new,23,284,10,9
TRPIND2508046402f984,2025-08-04,MP01,new,12,119,9,7
TRPLUC250804533ce67a,2025-08-04,UP01,repeated,18,188,7,7
TRPIND25080447e68d36,2025-08-04,MP01,repeated,11,111,6,6
TRPLUC250804adc6cbec,2025-08-04,UP01,new,20,206,8,7
TRPJAI250804d973c7ef,2025-08-04,RJ01,new,36,469,8,9
TRPLUC250804dd4227b0,2025-08-04,UP01,repeated,17,179,6,5
TRPKOC250804af4f2b0f,2025-08-04,KL01,repeated,12,163,9,10
TRPMYS25080469b969e3,2025-08-04,KA01,repeated,22,255,7,10
TRPSUR2508046b03b5d4,2025-08-04,GJ01,new,5,59,8,7
TRPLUC250804b8005c87,2025-08-04,UP01,repeated,18,188,5,7
TRPLUC250804a5e4b7ff,2025-08-04,UP01,new,13,143,8,8
TRPLUC250804add0f612,2025-08-04,UP01,repeated,20,206,6,7
TRPVAD250804f500ff4e,2025-08-04,GJ02,repeated,13,122,6,7
TRPKOC25080476fc74a0,2025-08-04,KL01,new,11,152,9,9
TRPJAI25080425d46a82,2025-08-04,RJ01,new,34,445,10,10
TRPLUC2508048ac10586,2025-08-04,UP01,repeated,20,206,5,7
TRPVAD25080464c4515c,2025-08-04,GJ02,repeated,12,114,5,8
TRPJAI25080434ab21ca,2025-08-04,RJ01,repeated,23,313,7,10
TRPJAI25080463c1c7d8,2025-08-04,RJ01,repeated,24,325,7,8
TRPCHA250804c9b4d0b2,2025-08-04,CH01,repeated,24,242,7,9
TRPJAI2508041cad1fcf,2025-08-04,RJ01,repeated,24,325,7,10
TRPVAD2508040340036c,2025-08-04,GJ02,repeated,14,130,6,6
TRPJAI250804e64a6e60,2025-08-04,RJ01,repeated,44,565,8,9
TRPMYS2508046a4224d4,2025-08-04,KA01,new,20,235,8,8
TRPKOC2508046d665c71,2025-08-04,KL01,new,14,185,9,9
TRPKOC25080427a3cb48,2025-08-04,KL01,new,30,361,8,9
TRPLUC250804ffdd60b6,2025-08-04,UP01,repeated,14,152,5,8
TRPIND2508043d2c3257,2025-08-04,MP01,repeated,9,95,9,8
TRPIND250804791bc260,2025-08-04,MP01,repeated,14,135,7,9
TRPIND25080447257c5c,2025-08-04,MP01,repeated,17,159,8,7
TRPJAI2508049762de21,2025-08-04,RJ01,new,16,229,8,10
TRPLUC250804ad224d19,2025-08-04,UP01,repeated,17,179,6,6
TRPLUC2508042652718c,2025-08-04,UP01,repeated,16,170,7,8
TRPLUC250804a677e896,2025-08-04,UP01,new,8,98,8,8
TRPSUR250804b7c40432,2025-08-04,GJ01,repeated,7,75,6,6
TRPJAI2508048fe8ead4,2025-08-04,RJ01,new,27,361,8,8
TRPLUC2508043e97d77d,2025-08-04,UP01,repeated,16,170,5,7
TRPSUR250804c7f01366,2025-08-04,GJ01,repeated,6,67,6,6
TRPCOI25080463198ecd,2025-08-04,TN01,repeated,10,103,8,9
TRPSUR2508048d95c802,2025-08-04,GJ01,repeated,7,75,7,6
TRPVIS25080483bd6126,2025-08-04,AP01,new,10,117,10,9
TRPLUC2508043be97593,2025-08-04,UP01,repeated,5,71,6,8
TRPJAI250804bad04f0d,2025-08-04,RJ01,new,17,241,10,8
TRPKOC250804d56e9147,2025-08-04,KL01,repeated,35,416,8,9
TRPCHA250804293564aa,2025-08-04,CH01,new,19,197,10,7
TRPLUC250804ed2000a9,2025-08-04,UP01,new,7,89,8,7
TRPSUR250804de46acc4,2025-08-04,GJ01,repeated,7,75,5,7
TRPIND250804b53118e9,2025-08-04,MP01,repeated,17,159,9,9
TRPLUC250804ccf7a8d2,2025-08-04,UP01,repeated,14,152,5,7
TRPCHA2508044da2abc0,2025-08-04,CH01,new,21,215,7,8
TRPSUR2508043a822973,2025-08-04,GJ01,repeated,7,75,5,7
TRPVIS250804592139a2,2025-08-04,AP01,repeated,34,333,7,8
TRPSUR25080442802689,2025-08-04,GJ01,repeated,15,139,7,5
TRPKOC25080466f8772b,2025-08-04,KL01,repeated,32,383,9,10
TRPLUC250804e5cb256c,2025-08-04,UP01,new,18,188,8,8
TRPSUR25080443c15ca2,2025-08-04,GJ01,repeated,15,139,7,5
TRPLUC2508049d726734,2025-08-04,UP01,repeated,19,197,5,7
TRPIND25080485bd1af7,2025-08-04,MP01,repeated,11,111,6,7
TRPCHA250804594557f5,2025-08-04,CH01,new,27,269,7,7
TRPSUR25080494ea043c,2025-08-04,GJ01,repeated,14,131,7,7
TRPLUC250804b74dfcd9,2025-08-04,UP01,repeated,16,170,6,6
TRPSUR250804d01a198e,2025-08-04,GJ01,repeated,17,155,5,8
TRPCOI25080451240529,2025-08-04,TN01,repeated,10,103,6,7
TRPSUR2508042b2354ad,2025-08-04,GJ01,new,15,139,8,6
TRPKOC250804d5d0571b,2025-08-04,KL01,repeated,17,218,8,8
TRPIND25080487f9a3ae,2025-08-04,MP01,new,17,159,8,7
TRPLUC250804c53b9456,2025-08-04,UP01,repeated,5,71,6,8
TRPJAI250804e8783b49,2025-08-04,RJ01,new,26,349,8,10
TRPVAD2508040509541b,2025-08-04,GJ02,new,10,98,7,7
TRPCOI250804fe0d95fc,2025-08-04,TN01,new,20,183,9,7
TRPCHA25080442bbd0e6,2025-08-04,CH01,new,33,323,1,1
TRPCHA25080469ae6b67,2025-08-04,CH01,repeated,14,152,7,9
TRPMYS250804e1a0fac4,2025-08-04,KA01,new,22,255,9,10
TRPCOI2508042457b286,2025-08-04,TN01,repeated,9,95,8,7
TRPJAI250804c735ccba,2025-08-04,RJ01,repeated,25,337,8,10
TRPCHA2508041b693ef8,2025-08-04,CH01,repeated,19,197,8,9
TRPJAI250804539220ab,2025-08-04,RJ01,new,16,229,8,9
TRPJAI25080495fc8acc,2025-08-04,RJ01,new,41,529,10,9
TRPCOI2508040c43f50a,2025-08-04,TN01,repeated,13,127,7,6
TRPLUC25080478f9c21e,2025-08-04,UP01,repeated,20,206,7,7
TRPJAI250804a5de7693,2025-08-04,RJ01,repeated,27,361,9,9
TRPLUC2508046a06847d,2025-08-04,UP01,repeated,10,116,5,7
TRPIND25080489e1b8ff,2025-08-04,MP01,repeated,16,151,6,9
TRPLUC25080409dd20e4,2025-08-04,UP01,repeated,9,107,5,5
TRPJAI25080432901421,2025-08-04,RJ01,repeated,31,409,8,10
TRPLUC25080454c1ec41,2025-08-04,UP01,repeated,17,179,5,5
TRPJAI250804e82c0640,2025-08-04,RJ01,repeated,28,373,9,9
TRPVAD250804db276b67,2025-08-04,GJ02,repeated,12,114,5,5
TRPSUR25080414996237,2025-08-04,GJ01,repeated,17,155,5,7
TRPLUC25080428156de5,2025-08-04,UP01,repeated,20,206,6,5
TRPSUR2508047f0541de,2025-08-04,GJ01,new,13,123,7,7
TRPIND25080478fc3ca7,2025-08-04,MP01,repeated,18,167,8,6
TRPJAI250804cc40909c,2025-08-04,RJ01,repeated,15,217,7,9
TRPJAI250804e23901c2,2025-08-04,RJ01,repeated,19,265,9,8
TRPCOI2508046687ff4f,2025-08-04,TN01,repeated,13,127,7,8
TRPLUC25080422208d20,2025-08-04,UP01,repeated,11,125,5,5
TRPSUR250804eb8c6b14,2025-08-04,GJ01,repeated,12,115,7,6
TRPKOC250804c27b475f,2025-08-04,KL01,new,11,152,8,8
TRPCHA25080492dff16a,2025-08-04,CH01,new,28,278,7,9
TRPJAI2508044aebdcc9,2025-08-04,RJ01,new,36,469,10,9
TRPLUC250804382e8319,2025-08-04,UP01,repeated,6,80,6,5
TRPIND250804db369d9f,2025-08-04,MP01,new,23,207,8,7
TRPKOC250804d45c7070,2025-08-04,KL01,new,38,449,10,9
TRPSUR25080444d92730,2025-08-04,GJ01,new,10,99,8,8
TRPVAD25080440d3a77a,2025-08-04,GJ02,repeated,9,90,7,5
TRPCHA250804261f75f8,2025-08-04,CH01,new,13,143,8,9
TRPIND25080480140ebf,2025-08-04,MP01,repeated,20,183,6,6
TRPIND250804f45fcd1d,2025-08-04,MP01,repeated,18,167,9,8
TRPJAI2508041ce1938e,2025-08-04,RJ01,repeated,45,577,9,9
TRPVAD250804f6cdaf9d,2025-08-04,GJ02,new,5,58,8,8
TRPJAI250804756a3907,2025-08-04,RJ01,repeated,15,217,8,9
TRPLUC25080496652454,2025-08-04,UP01,repeated,17,179,6,5
TRPSUR250804b80adc8f,2025-08-04,GJ01,repeated,15,139,6,5
TRPJAI2508040bdc5552,2025-08-04,RJ01,new,41,529,8,8
TRPCOI25080447c25403,2025-08-04,TN01,repeated,8,87,7,6
TRPCOI250804d10c9755,2025-08-04,TN01,new,16,151,10,9
TRPKOC25080460498b92,2025-08-04,KL01,new,27,328,10,9
TRPJAI250804f411851b,2025-08-04,RJ01,new,43,553,8,9
TRPVAD250804ea43641c,2025-08-04,GJ02,new,5,58,7,8
TRPIND25080427593672,2025-08-04,MP01,repeated,23,207,7,7
TRPSUR250804fb457675,2025-08-04,GJ01,repeated,9,91,6,8
TRPSUR250804588d4680,2025-08-04,GJ01,repeated,6,67,6,6
TRPCOI2508041eee1bb6,2025-08-04,TN01,repeated,9,95,8,6
TRPIND2508045bbc7243,2025-08-04,MP01,repeated,8,87,9,9
TRPLUC250804f7241652,2025-08-04,UP01,repeated,20,206,7,8
TRPCOI250804e091fa93,2025-08-04,TN01,repeated,10,103,9,9
TRPJAI250804c0f911ca,2025-08-04,RJ01,repeated,17,241,8,10
TRPLUC250804f3f500a5,2025-08-04,UP01,new,18,188,7,8
TRPIND25080490111af3,2025-08-04,MP01,new,24,215,10,7
TRPLUC2508047efa1923,2025-08-04,UP01,repeated,11,125,6,6
TRPLUC2508040cd5ddfa,2025-08-04,UP01,repeated,10,116,6,8
TRPJAI2508048ba3a5dd,2025-08-04,RJ01,repeated,27,361,7,10
TRPCOI250804c046b7bf,2025-08-04,TN01,repeated,18,167,6,9
TRPJAI25080465dada74,2025-08-04,RJ01,new,40,517,10,9
TRPCHA2508047488474b,2025-08-04,CH01,repeated,29,287,7,6
TRPJAI250804737746e3,2025-08-04,RJ01,new,32,421,8,8
TRPSUR2508043cb03c17,2025-08-04,GJ01,new,5,59,8,7
TRPIND250804bdc5ea9b,2025-08-04,MP01,new,19,175,7,8
TRPLUC2508041a505c7a,2025-08-04,UP01,repeated,12,134,5,7
TRPCHA2508041a78475d,2025-08-04,CH01,repeated,29,287,7,7
TRPKOC2508046b636941,2025-08-04,KL01,new,25,306,10,10
TRPKOC250804421890a0,2025-08-04,KL01,repeated,36,427,8,8
TRPVAD250804b95686a8,2025-08-04,GJ02,new,16,146,9,6
TRPSUR250804bccb8c9d,2025-08-04,GJ01,repeated,5,59,6,7
TRPKOC25080434e63798,2025-08-04,KL01,new,16,207,10,9
TRPSUR250804417c8f7f,2025-08-04,GJ01,repeated,12,115,5,8
TRPLUC25080429af203c,2025-08-04,UP01,repeated,18,188,7,7
TRPJAI250804d9591d4b,2025-08-04,RJ01,repeated,19,265,7,9
TRPVIS25080453185780,2025-08-04,AP01,new,13,144,9,8
TRPCOI250804409d8d19,2025-08-04,TN01,new,13,127,8,7
TRPJAI2508045a3375ab,2025-08-04,RJ01,repeated,21,289,9,10
TRPLUC25080415fa090c,2025-08-04,UP01,new,14,152,9,6
TRPCHA2508045fd3b0b9,2025-08-04,CH01,repeated,21,215,6,8
TRPLUC250804861bfa52,2025-08-04,UP01,new,13,143,8,7
TRPCHA2508044456e021,2025-08-04,CH01,new,16,170,10,8
TRPJAI25080489829e46,2025-08-04,RJ01,repeated,40,517,8,9
TRPJAI2508045720aae7,2025-08-04,RJ01,new,36,469,9,10
TRPSUR2508046ce596ff,2025-08-04,GJ01,new,10,99,8,7
TRPCHA250804f8538556,2025-08-04,CH01,repeated,24,242,6,6
TRPJAI250804b137665a,2025-08-04,RJ01,repeated,37,481,8,8
TRPMYS25080474d8e1c2,2025-08-04,KA01,repeated,24,275,7,8
TRPJAI250804b56cba7d,2025-08-04,RJ01,repeated,34,445,7,10
TRPCHA2508047a77c2eb,2025-08-04,CH01,new,18,188,8,9
TRPVIS250804486b9474,2025-08-04,AP01,repeated,28,279,9,8
TRPLUC2508048997ed69,2025-08-04,UP01,new,19,197,9,7
TRPJAI25080409b7b6e6,2025-08-04,RJ01,repeated,44,565,9,9
TRPIND250804257064bf,2025-08-04,MP01,repeated,12,119,8,8
TRPLUC250804fe215681,2025-08-04,UP01,new,18,188,8,7
TRPJAI2508042e029d39,2025-08-04,RJ01,repeated,15,217,9,8
TRPVAD2508049d595e5c,2025-08-04,GJ02,new,13,122,8,6
TRPVAD2508046d47b723,2025-08-04,GJ02,repeated,16,146,5,6
TRPSUR2508043ff32c16,2025-08-04,GJ01,repeated,17,155,6,5
TRPCHA250804186cdff0,2025-08-04,CH01,new,30,296,8,7
TRPVAD250804814e3e10,2025-08-04,GJ02,new,10,98,8,7
TRPIND250804f3176280,2025-08-04,MP01,new,13,127,9,8
TRPLUC250804335f52a1,2025-08-04,UP01,repeated,9,107,5,7
TRPVAD25080443766257,2025-08-04,GJ02,repeated,13,122,6,5
TRPJAI2508043a996313,2025-08-04,RJ01,new,23,313,8,10
TRPLUC25080404f11e95,2025-08-04,UP01,repeated,13,143,5,7
TRPVIS250804d2db75a4,2025-08-04,AP01,new,21,216,8,8
TRPCHA250804a777b55c,2025-08-04,CH01,repeated,31,305,6,7
TRPJAI250804a236e81b,2025-08-04,RJ01,repeated,38,493,9,10
TRPCHA250804d4ce1f2d,2025-08-04,CH01,repeated,12,134,7,9
TRPIND2508043df5119e,2025-08-04,MP01,repeated,24,215,6,7
TRPVIS250804cf332e04,2025-08-04,AP01,new,26,261,8,8
TRPJAI250804f57d202a,2025-08-04,RJ01,repeated,37,481,9,10
TRPCHA2508044e5b62ed,2025-08-04,CH01,repeated,19,197,8,9
TRPLUC250804d44dc181,2025-08-04,UP01,new,19,197,9,8
TRPVAD2508042092e4a8,2025-08-04,GJ02,repeated,17,154,5,6
TRPLUC2508045a214b53,2025-08-04,UP01,new,18,188,8,8
TRPIND250804c996a99f,2025-08-04,MP01,repeated,14,135,7,9
TRPVIS250804c2fed6eb,2025-08-04,AP01,repeated,28,279,8,9
TRPLUC250804e4bb3711,2025-08-04,UP01,repeated,18,188,6,5
TRPIND250804bdc085c8,2025-08-04,MP01,repeated,24,215,8,8
TRPJAI250804771cad51,2025-08-04,RJ01,new,31,409,9,9
TRPLUC250804dd3cf38f,2025-08-04,UP01,repeated,9,107,7,6
TRPCHA25080403f1d8b8,2025-08-04,CH01,repeated,14,152,7,8
TRPSUR25080439f43884,2025-08-04,GJ01,repeated,7,75,5,7
TRPSUR2508049fd30751,2025-08-04,GJ01,repeated,12,115,6,7
TRPJAI25080421464f08,2025-08-04,RJ01,repeated,36,469,8,9
TRPKOC25080498733721,2025-08-04,KL01,repeated,13,174,8,8
TRPSUR25080409205399,2025-08-04,GJ01,repeated,14,131,5,6
TRPLUC2508048c8e07a4,2025-08-04,UP01,new,5,71,7,7
TRPIND2508045070953a,2025-08-04,MP01,repeated,23,207,6,8
TRPVAD250804bb58ecd7,2025-08-04,GJ02,repeated,9,90,5,6
TRPJAI250804aab501cf,2025-08-04,RJ01,new,16,229,8,8
TRPCHA2508047a3738aa,2025-08-04,CH01,repeated,34,332,8,8
TRPIND250804cd337d4a,2025-08-04,MP01,repeated,11,111,6,7
TRPLUC25080443c436ea,2025-08-04,UP01,repeated,5,71,5,6
TRPVAD250804e7ad817f,2025-08-04,GJ02,new,6,66,8,7
TRPVAD2508048ce8ab39,2025-08-04,GJ02,repeated,5,58,7,6
TRPJAI25080408eab5bb,2025-08-04,RJ01,repeated,23,313,8,10
TRPVIS250804a68f24cf,2025-08-04,AP01,new,15,162,10,9
TRPKOC2508049da34d62,2025-08-04,KL01,repeated,36,427,7,9
TRPKOC25080457c46659,2025-08-04,KL01,new,28,339,10,9
TRPLUC250804cab4f34b,2025-08-04,UP01,repeated,14,152,5,5
TRPLUC250804523b5e13,2025-08-04,UP01,repeated,6,80,7,6
TRPCHA2508046211e694,2025-08-04,CH01,new,24,242,7,7
TRPLUC2508044d1483b2,2025-08-04,UP01,repeated,7,89,5,6
TRPKOC25080497268384,2025-08-04,KL01,repeated,33,394,9,8
TRPJAI250804aaa96193,2025-08-04,RJ01,new,45,577,10,8
TRPVIS2508046add6e9c,2025-08-04,AP01,repeated,35,342,7,9
TRPVIS2508041963e110,2025-08-04,AP01,repeated,18,189,8,8
TRPSUR250804637ffb7b,2025-08-04,GJ01,repeated,17,155,6,6
TRPLUC250804d9167a3e,2025-08-04,UP01,repeated,10,116,6,7
TRPKOC2508045704a9ad,2025-08-04,KL01,new,32,383,9,9
TRPVAD2508045a27c374,2025-08-04,GJ02,repeated,18,162,5,7
TRPCOI250804ab47d5b4,2025-08-04,TN01,new,20,183,10,8
TRPVIS250804989e45a4,2025-08-04,AP01,new,33,324,8,10
TRPCHA2508040d7b2f81,2025-08-04,CH01,new,32,314,9,8
TRPSUR250804fe947285,2025-08-04,GJ01,repeated,15,139,7,7
TRPSUR25080484f54796,2025-08-04,GJ01,repeated,8,83,7,6
TRPSUR250804e0052ff9,2025-08-04,GJ01,repeated,6,67,5,5
TRPLUC250804c8bd0dd0,2025-08-04,UP01,new,12,134,8,6
TRPJAI25080449024631,2025-08-04,RJ01,repeated,35,457,8,9
TRPCHA250804cd27f177,2025-08-04,CH01,new,20,206,8,8
TRPCHA250804db3ed722,2025-08-04,CH01,repeated,29,287,8,6
TRPLUC2508044d5fd300,2025-08-04,UP01,repeated,11,125,6,7
TRPCOI25080427211202,2025-08-04,TN01,new,22,199,9,9
TRPJAI250804174c18c6,2025-08-04,RJ01,new,18,253,9,8
TRPCHA25080423b1d032,2025-08-04,CH01,repeated,19,197,8,7
TRPCHA250804f9e15c6f,2025-08-04,CH01,repeated,34,332,8,7
TRPLUC250804e0751785,2025-08-04,UP01,repeated,14,152,5,5
TRPVIS250804ca74b6e3,2025-08-04,AP01,repeated,26,261,7,10
TRPJAI250804c9062734,2025-08-04,RJ01,new,15,217,10,10
TRPLUC250804156e5de8,2025-08-04,UP01,repeated,12,134,6,8
TRPLUC250804afee630a,2025-08-04,UP01,new,13,143,9,8
TRPIND250804de9ba374,2025-08-04,MP01,repeated,18,167,6,7
TRPMYS250804935b3b0b,2025-08-04,KA01,new,19,225,10,9
TRPIND250804d7cbdf08,2025-08-04,MP01,repeated,15,143,6,8
TRPJAI2508044b4d405f,2025-08-04,RJ01,repeated,35,457,9,9
TRPCHA25080499fb6299,2025-08-04,CH01,repeated,26,260,7,8
TRPVIS2508042d9dcc8a,2025-08-04,AP01,repeated,21,216,9,10
TRPJAI250804e8d95643,2025-08-04,RJ01,repeated,31,409,9,10
TRPLUC250804937e4c80,2025-08-04,UP01,repeated,15,161,7,8
TRPJAI250804c1d9bc2e,2025-08-04,RJ01,repeated,29,385,7,10
TRPIND2508041f2fb614,2025-08-04,MP01,repeated,9,95,9,6
TRPIND2508049e96cca6,2025-08-04,MP01,repeated,24,215,7,7
TRPSUR2508048a5574d7,2025-08-04,GJ01,repeated,15,139,6,7
TRPSUR2508045b35553f,2025-08-04,GJ01,new,6,67,9,7
TRPVAD25080429deedf5,2025-08-04,GJ02,repeated,16,146,6,7
TRPJAI250804101f1665,2025-08-04,RJ01,new,22,301,8,10
TRPKOC250804fad33618,2025-08-04,KL01,new,24,295,8,10
TRPVIS2508048a180311,2025-08-04,AP01,repeated,24,243,8,10
TRPIND250804d665d344,2025-08-04,MP01,new,18,167,7,9
TRPKOC250804a94a087a,2025-08-04,KL01,new,34,405,10,9
TRPLUC2508041259506c,2025-08-04,UP01,repeated,9,107,6,5
TRPMYS250804939827c1,2025-08-04,KA01,new,8,115,8,10
TRPVIS25080461d6bb87,2025-08-04,AP01,new,10,117,9,8
TRPIND250804b47b08e9,2025-08-04,MP01,repeated,25,223,8,7
TRPJAI250804c37ba0df,2025-08-04,RJ01,repeated,37,481,7,8
TRPIND250804b367cbee,2025-08-04,MP01,repeated,17,159,6,6
TRPSUR25080419200216,2025-08-04,GJ01,repeated,14,131,7,8
TRPKOC2508045088faf4,2025-08-04,KL01,new,26,317,10,10
TRPVAD25080481e4857a,2025-08-04,GJ02,repeated,7,74,6,6
TRPVAD25080460d5d9de,2025-08-04,GJ02,new,6,66,9,8
TRPLUC2508042ee47fd3,2025-08-04,UP01,repeated,11,125,7,7
TRPSUR250804d7f5091c,2025-08-04,GJ01,repeated,16,147,7,8
TRPJAI250804e2634345,2025-08-04,RJ01,new,16,229,10,9
TRPJAI2508045b555721,2025-08-04,RJ01,new,25,337,8,8
TRPCHA250804a1fb6948,2025-08-04,CH01,new,14,152,10,8
TRPKOC250804003ce45d,2025-08-04,KL01,repeated,34,405,9,8
TRPCHA250804b3476219,2025-08-04,CH01,repeated,22,224,9,7
TRPSUR25080499e1b5e5,2025-08-04,GJ01,repeated,9,91,5,8
TRPCHA2508048a698296,2025-08-04,CH01,repeated,15,161,8,7
TRPCOI250804096c5974,2025-08-04,TN01,repeated,22,199,7,8
TRPSUR250804f6bee670,2025-08-04,GJ01,repeated,14,131,5,7
TRPKOC2508049a6c87e4,2025-08-04,KL01,repeated,24,295,7,10
TRPCOI2508049176091e,2025-08-04,TN01,new,22,199,8,7
TRPLUC2508042cdc35f9,2025-08-04,UP01,repeated,5,71,5,7
TRPKOC250804407cd697,2025-08-04,KL01,new,16,207,8,8
TRPSUR250804b30dd5f4,2025-08-04,GJ01,repeated,8,83,5,7
TRPJAI250804525b6b8b,2025-08-04,RJ01,repeated,21,289,7,9
TRPLUC250804b048a75f,2025-08-04,UP01,repeated,10,116,7,7
TRPVAD2508040c314c78,2025-08-04,GJ02,repeated,9,90,5,6
TRPCHA250804a40e3204,2025-08-04,CH01,new,12,134,8,9
TRPJAI250804a67027c2,2025-08-04,RJ01,repeated,33,433,8,8
TRPJAI2508044d942942,2025-08-04,RJ01,repeated,23,313,7,9
TRPKOC250804503223a2,2025-08-04,KL01,repeated,29,350,8,8
TRPLUC250804e493d4bb,2025-08-04,UP01,repeated,6,80,5,8
TRPIND250804f9c99f09,2025-08-04,MP01,repeated,12,119,8,7
TRPLUC2508040ef9a6f5,2025-08-04,UP01,repeated,18,188,5,6
TRPSUR250804760b7e3d,2025-08-04,GJ01,repeated,11,107,7,6
TRPVIS250804939520a8,2025-08-04,AP01,repeated,26,261,8,8
TRPLUC25080421fcce42,2025-08-04,UP01,repeated,17,179,6,8
TRPSUR25080438f37b6f,2025-08-04,GJ01,repeated,5,59,6,6
TRPJAI250804bba68b26,2025-08-04,RJ01,repeated,34,445,9,10
TRPLUC25080415c988fb,2025-08-04,UP01,new,10,116,9,6
TRPVAD2508040058a71e,2025-08-04,GJ02,repeated,17,154,7,6
TRPLUC2508048621f326,2025-08-04,UP01,new,12,134,9,7
TRPVIS25080409561173,2025-08-04,AP01,new,25,252,10,9
TRPCHA25080487598e6f,2025-08-04,CH01,new,21,215,10,8
TRPIND25080488b35e9c,2025-08-04,MP01,repeated,15,143,8,7
TRPJAI2508044cde978d,2025-08-04,RJ01,new,36,469,10,8
TRPLUC25080471fbf574,2025-08-04,UP01,new,19,197,8,7
TRPLUC2508049fad763b,2025-08-04,UP01,repeated,20,206,7,7
TRPKOC250804c6f3e24c,2025-08-04,KL01,new,37,438,8,9
TRPVIS250804e34b895b,2025-08-04,AP01,new,18,189,10,9
TRPLUC250804ab75f744,2025-08-04,UP01,repeated,17,179,7,5
TRPLUC250804324a68c4,2025-08-04,UP01,repeated,19,197,7,5
TRPLUC250804370de7c9,2025-08-04,UP01,repeated,10,116,7,6
TRPJAI250804fc0236fc,2025-08-04,RJ01,new,28,373,10,8
TRPLUC250804fbf354c4,2025-08-04,UP01,repeated,13,143,7,8
TRPMYS25080447a46586,2025-08-04,KA01,new,8,115,8,10
TRPVAD2508040492aa45,2025-08-04,GJ02,repeated,9,90,7,7
TRPLUC2508041ea151cf,2025-08-04,UP01,repeated,7,89,6,5
TRPCHA2508045e14df4c,2025-08-04,CH01,new,15,161,7,7
TRPVAD2508042ac0e022,2025-08-04,GJ02,repeated,5,58,7,8
TRPJAI2508043c048456,2025-08-04,RJ01,new,44,565,9,9
TRPLUC25080416179030,2025-08-04,UP01,repeated,19,197,6,8
TRPMYS2508044bd7437b,2025-08-04,KA01,repeated,13,165,8,10
TRPIND250804ab5c5754,2025-08-04,MP01,repeated,18,167,6,8
TRPVAD2508045f95ce22,2025-08-04,GJ02,repeated,6,66,5,7
TRPSUR2508048a8c732f,2025-08-04,GJ01,repeated,5,59,6,6
TRPJAI2508042e6ca10e,2025-08-04,RJ01,new,40,517,10,9
TRPKOC2508043a84efc2,2025-08-04,KL01,new,33,394,10,10
TRPJAI2508049ec12fce,2025-08-04,RJ01,new,39,505,8,9
TRPLUC250804130858d7,2025-08-04,UP01,repeated,19,197,6,8
TRPLUC250804c1abc41e,2025-08-04,UP01,new,10,116,8,7
TRPKOC2508047e638910,2025-08-04,KL01,repeated,12,163,9,8
TRPVAD250804d263a3a2,2025-08-04,GJ02,new,10,98,8,7
TRPIND250804145ddcb4,2025-08-04,MP01,repeated,24,215,9,6
TRPJAI250804e0dc48a6,2025-08-04,RJ01,new,33,433,10,10
TRPLUC2508046e7d454a,2025-08-04,UP01,new,18,188,9,6
TRPVAD25080474457ffb,2025-08-04,GJ02,repeated,17,154,6,7
TRPKOC250804bc5819bc,2025-08-04,KL01,new,18,229,8,10
TRPJAI250804da5b1f7d,2025-08-04,RJ01,new,15,217,8,8
TRPVAD2508047b4355fe,2025-08-04,GJ02,new,17,154,8,6
TRPKOC250804390ac15f,2025-08-04,KL01,repeated,12,163,7,10
TRPCHA2508047d5048df,2025-08-04,CH01,repeated,34,332,7,9
TRPJAI2508044db91011,2025-08-04,RJ01,repeated,19,265,9,9
TRPLUC250804ed287a74,2025-08-04,UP01,repeated,15,161,7,6
TRPLUC25080443cc63cf,2025-08-04,UP01,repeated,12,134,5,8
TRPKOC2508047f166082,2025-08-04,KL01,repeated,32,383,7,9
TRPLUC2508046d2b6cc5,2025-08-04,UP01,repeated,15,161,6,5
TRPVIS250804c7fd5f9c,2025-08-04,AP01,new,25,252,10,8
TRPIND250804a87f1a73,2025-08-04,MP01,repeated,9,95,7,6
TRPCHA25080460fa1c18,2025-08-04,CH01,new,16,170,8,7
TRPCOI250804d2a29a46,2025-08-04,TN01,new,16,151,10,7
TRPLUC2508047d3dad66,2025-08-04,UP01,repeated,10,116,5,6
TRPJAI25080468590072,2025-08-04,RJ01,repeated,42,541,9,9
TRPIND2508044b7e9159,2025-08-04,MP01,new,18,167,10,9
TRPCHA25080406547c7b,2025-08-04,CH01,new,19,197,7,7
TRPCHA250804ba360da6,2025-08-04,CH01,repeated,19,197,9,7
TRPIND2508040467f805,2025-08-04,MP01,new,18,167,8,7
TRPCOI250804b7a29fec,2025-08-04,TN01,repeated,10,103,6,8
TRPLUC250804e67f39d9,2025-08-04,UP01,new,11,125,9,6
TRPSUR250804d6a98c6e,2025-08-04,GJ01,repeated,11,107,5,7
TRPVAD250804e8f967d3,2025-08-04,GJ02,repeated,18,162,6,6
TRPCOI2508040176817c,2025-08-04,TN01,repeated,22,199,8,8
TRPJAI250804fe8a0de4,2025-08-04,RJ01,repeated,30,397,9,9
TRPMYS250804d139ebdb,2025-08-04,KA01,new,20,235,9,8
TRPVIS250804edea5e0c,2025-08-04,AP01,repeated,11,126,8,9
TRPLUC25080475b3133d,2025-08-04,UP01,new,5,71,8,6
TRPVIS25080468785377,2025-08-04,AP01,repeated,19,198,8,8
TRPVIS25080476979911,2025-08-04,AP01,new,33,324,9,9
TRPIND2508046806ca65,2025-08-04,MP01,repeated,16,151,8,9
TRPIND250804e623fb9f,2025-08-04,MP01,repeated,10,103,6,8
TRPCOI250804dbf0accd,2025-08-04,TN01,repeated,13,127,8,9
TRPKOC2508045a7eefb0,2025-08-04,KL01,repeated,17,218,9,9
TRPJAI2508040565dff0,2025-08-04,RJ01,repeated,37,481,9,10
TRPVAD250804e8f8f6bc,2025-08-04,GJ02,repeated,13,122,6,8
TRPJAI250804a9b6b97f,2025-08-04,RJ01,new,35,457,8,10
TRPCHA2508047974c2d9,2025-08-04,CH01,new,27,269,10,8
TRPKOC250804ea5b706b,2025-08-04,KL01,new,33,394,9,10
TRPSUR250804d096bea8,2025-08-04,GJ01,repeated,15,139,5,5
TRPKOC250804b9ecfa2b,2025-08-04,KL01,new,17,218,9,10
TRPSUR25080460ff769b,2025-08-04,GJ01,new,11,107,7,7
TRPJAI2508042c21c8d2,2025-08-04,RJ01,new,42,541,8,9
TRPVAD2508041fcbc7fc,2025-08-04,GJ02,repeated,7,74,6,8
TRPCHA250804df201d68,2025-08-04,CH01,repeated,13,143,8,9
TRPLUC2508043838de66,2025-08-04,UP01,repeated,12,134,7,5
TRPSUR250804c7a48b83,2025-08-04,GJ01,repeated,13,123,5,6
TRPLUC2508046abec70c,2025-08-04,UP01,repeated,9,107,5,7
TRPSUR25080403d0a981,2025-08-04,GJ01,repeated,16,147,5,8
TRPLUC25080495682eba,2025-08-04,UP01,new,19,197,9,6
TRPIND25080460c77e94,2025-08-04,MP01,repeated,18,167,6,7
TRPLUC2508044844a3b3,2025-08-04,UP01,repeated,11,125,7,7
TRPVIS25080403060cd7,2025-08-04,AP01,repeated,18,189,8,9
TRPIND25080428f1cdb4,2025-08-04,MP01,repeated,17,159,6,7
TRPKOC250804a7566fc2,2025-08-04,KL01,new,31,372,8,8
TRPVIS250804b1a71bca,2025-08-04,AP01,new,10,117,10,10
TRPLUC2508043d916857,2025-08-04,UP01,repeated,20,206,7,5
TRPSUR250804c16cdc4d,2025-08-04,GJ01,repeated,7,75,6,7
TRPLUC250804e4807690,2025-08-04,UP01,new,7,89,9,7
TRPLUC250804e89ebb6f,2025-08-04,UP01,repeated,19,197,5,7
TRPVAD250804678390eb,2025-08-04,GJ02,repeated,18,162,7,7
TRPMYS25080476597ff7,2025-08-04,KA01,new,25,285,8,9
TRPCHA25080474402f77,2025-08-04,CH01,repeated,31,305,7,8
TRPLUC25080454aac6fe,2025-08-04,UP01,repeated,10,116,7,8
TRPVAD25080433a7566a,2025-08-04,GJ02,repeated,7,74,6,5
TRPLUC2508046f4ff645,2025-08-04,UP01,repeated,15,161,5,7
TRPCHA2508049e067b43,2025-08-04,CH01,new,22,224,10,9
TRPJAI250804f5e735d4,2025-08-04,RJ01,new,40,517,9,9
TRPLUC250804a5346aa2,2025-08-04,UP01,repeated,13,143,6,7
TRPKOC25080497279223,2025-08-04,KL01,repeated,38,449,8,8
TRPVIS25080454a63434,2025-08-04,AP01,repeated,24,243,7,9
TRPJAI2508046784db15,2025-08-04,RJ01,repeated,29,385,8,9
TRPVAD2508043c324ea8,2025-08-04,GJ02,new,17,154,8,8
TRPVIS250804c46f00fc,2025-08-04,AP01,new,14,153,9,8
TRPIND250804b639e277,2025-08-04,MP01,repeated,17,159,8,9
TRPCHA250804b456e398,2025-08-04,CH01,new,21,215,7,8
TRPKOC25080441e983bf,2025-08-04,KL01,new,19,240,10,10
TRPLUC250804360a279f,2025-08-04,UP01,repeated,7,89,5,6
TRPVIS250804125b0633,2025-08-04,AP01,new,32,315,8,8
TRPCHA250804583f9527,2025-08-04,CH01,repeated,25,251,9,8
TRPJAI250804748019e8,2025-08-04,RJ01,repeated,43,553,8,10
TRPMYS2508047732b060,2025-08-04,KA01,new,21,245,10,9
TRPIND25080402610dff,2025-08-04,MP01,repeated,17,159,6,7
TRPCHA2508046e9ba1fc,2025-08-04,CH01,repeated,24,242,7,9
TRPKOC25080426624425,2025-08-04,KL01,new,33,394,8,10
TRPKOC250804116684e0,2025-08-04,KL01,new,24,295,10,9
TRPKOC250804c5aa27d1,2025-08-04,KL01,new,17,218,10,10
TRPJAI250804e7f811de,2025-08-04,RJ01,new,24,325,10,8
TRPCHA2508046a1aed25,2025-08-04,CH01,new,13,143,8,9
TRPLUC2508047f9ad1ba,2025-08-04,UP01,repeated,17,179,5,7
TRPVAD2508043811eaea,2025-08-04,GJ02,new,15,138,7,8
TRPCHA250804356eea4a,2025-08-04,CH01,repeated,19,197,9,9
TRPSUR250804693ec622,2025-08-04,GJ01,repeated,5,59,5,5
TRPCOI250804681f9f0c,2025-08-04,TN01,new,22,199,9,9
TRPSUR250804a1d30044,2025-08-04,GJ01,repeated,8,83,6,8
TRPSUR2508041eb9f243,2025-08-04,GJ01,new,6,67,7,7
TRPSUR250804c3f96331,2025-08-04,GJ01,repeated,9,91,5,6
TRPIND250804fb6b806f,2025-08-04,MP01,repeated,13,127,8,8
TRPVIS250804d50d51a2,2025-08-04,AP01,new,20,207,10,9
TRPCHA25080402b1bd25,2025-08-04,CH01,new,12,134,10,9
TRPLUC250804dd25de57,2025-08-04,UP01,repeated,15,161,5,7
TRPLUC250804c55b143e,2025-08-04,UP01,new,18,188,8,8
TRPLUC2508043809d43a,2025-08-04,UP01,repeated,16,170,7,5
TRPJAI250804d669f7f9,2025-08-04,RJ01,repeated,40,517,9,8
TRPLUC250804ff2e060a,2025-08-04,UP01,repeated,17,179,6,8
TRPVIS2508047cd5f45e,2025-08-04,AP01,repeated,21,216,9,8
TRPKOC25080452924d31,2025-08-04,KL01,repeated,29,350,9,10
TRPSUR250804a1eb3f7c,2025-08-04,GJ01,repeated,10,99,5,7
TRPLUC25080433c7c397,2025-08-04,UP01,repeated,5,71,5,5
TRPCHA250804c9560fc4,2025-08-04,CH01,new,15,161,8,7
TRPLUC250804cf588576,2025-08-04,UP01,repeated,20,206,5,5
TRPCHA250804662c86f9,2025-08-04,CH01,repeated,14,152,8,9
TRPIND250804070acb0a,2025-08-04,MP01,repeated,19,175,9,8
TRPLUC250804311ecb14,2025-08-04,UP01,new,12,134,8,6
TRPJAI25080426da7156,2025-08-04,RJ01,new,27,361,10,8
TRPKOC250804a99bd506,2025-08-04,KL01,repeated,23,284,8,8
TRPSUR250804f930de52,2025-08-04,GJ01,repeated,16,147,7,5
TRPVIS2508043803aa89,2025-08-04,AP01,repeated,18,189,9,9
TRPLUC2508044b142ba2,2025-08-04,UP01,repeated,9,107,5,7
TRPJAI250804fb30d548,2025-08-04,RJ01,new,19,265,9,8
TRPCHA250804d35c3779,2025-08-04,CH01,new,18,188,8,8
TRPIND250804c0f01111,2025-08-04,MP01,repeated,12,119,8,6
TRPLUC25080469a1f6f2,2025-08-04,UP01,repeated,12,134,7,8
TRPJAI250804ac736361,2025-08-04,RJ01,repeated,33,433,8,8
TRPSUR250804dcd6af22,2025-08-04,GJ01,repeated,13,123,7,5
TRPJAI250804a39c243c,2025-08-04,RJ01,repeated,31,409,9,8
TRPJAI2508047e291616,2025-08-04,RJ01,new,29,385,9,9
TRPLUC25080444b3cb0b,2025-08-04,UP01,repeated,11,125,7,8
TRPKOC2508049b77c40e,2025-08-04,KL01,repeated,19,240,9,8
TRPLUC250804f9fdefa9,2025-08-04,UP01,repeated,6,80,6,5
TRPMYS2508046181739e,2025-08-04,KA01,repeated,10,135,7,9
TRPMYS250804771c271a,2025-08-04,KA01,new,9,125,9,9
TRPSUR250804fe120034,2025-08-04,GJ01,repeated,15,139,5,6
TRPLUC250804efa64a5e,2025-08-04,UP01,repeated,16,170,7,6
TRPKOC2508040a986b34,2025-08-04,KL01,new,34,405,10,9
TRPSUR250804f44d4877,2025-08-04,GJ01,repeated,8,83,7,5
TRPVIS250804b2b7ab38,2025-08-04,AP01,new,14,153,9,10
TRPJAI25080443b584fd,2025-08-04,RJ01,repeated,20,277,7,9
TRPLUC250804cbd0bba5,2025-08-04,UP01,new,12,134,8,8
TRPSUR250804fadaf40c,2025-08-04,GJ01,new,15,139,8,8
TRPIND25080491b13503,2025-08-04,MP01,repeated,20,183,7,7
TRPLUC250804ea320407,2025-08-04,UP01,new,6,80,9,7
TRPJAI250804f1905df6,2025-08-04,RJ01,new,44,565,9,8
TRPCOI250804c7d880cd,2025-08-04,TN01,new,19,175,7,9
TRPJAI2508048d469932,2025-08-04,RJ01,repeated,33,433,7,10
TRPLUC25080451576ab6,2025-08-04,UP01,repeated,13,143,6,5
TRPIND2508045a250b88,2025-08-04,MP01,repeated,23,207,9,7
TRPSUR2508043a45a307,2025-08-04,GJ01,repeated,13,123,7,7
TRPVAD250804bdb2b4a4,2025-08-04,GJ02,new,6,66,9,6
TRPSUR250804e7ffcf74,2025-08-04,GJ01,repeated,16,147,7,8
TRPSUR250804e4859227,2025-08-04,GJ01,new,14,131,7,6
TRPLUC250804ec18909e,2025-08-04,UP01,repeated,9,107,7,6
TRPCHA2508043b5ea9ab,2025-08-04,CH01,repeated,15,161,8,8
TRPSUR250804579e15a8,2025-08-04,GJ01,repeated,5,59,7,7
TRPKOC2508041840eb87,2025-08-04,KL01,repeated,13,174,9,9
TRPSUR25080488f07b92,2025-08-04,GJ01,repeated,6,67,6,5
TRPLUC250804496fe13f,2025-08-04,UP01,repeated,16,170,6,7
TRPVAD250804359a08d4,2025-08-04,GJ02,repeated,7,74,5,6
TRPVAD250804f70a456d,2025-08-04,GJ02,new,17,154,8,7
TRPVIS250804d9960744,2025-08-04,AP01,repeated,20,207,8,9
TRPVAD2508044433c22f,2025-08-04,GJ02,repeated,9,90,7,7
TRPMYS25080441f1f3bc,2025-08-04,KA01,new,23,265,9,8
TRPVIS250804281980b4,2025-08-04,AP01,repeated,29,288,8,9
TRPSUR250804004db324,2025-08-04,GJ01,repeated,16,147,5,5
TRPKOC2508048afc807f,2025-08-04,KL01,new,22,273,10,8
TRPSUR2508044a7bfc44,2025-08-04,GJ01,repeated,15,139,7,8
TRPLUC2508049a05e8b3,2025-08-04,UP01,repeated,16,170,5,6
TRPIND25080417569da2,2025-08-04,MP01,repeated,9,95,6,9
TRPJAI2508043c86b11d,2025-08-04,RJ01,new,27,361,10,10
TRPCHA250804e5d1cd67,2025-08-04,CH01,new,18,188,10,9
TRPJAI25080489d38b9d,2025-08-04,RJ01,new,34,445,8,8
TRPCHA250804485dab4e,2025-08-04,CH01,repeated,18,188,9,9
TRPJAI250804f0a2f499,2025-08-04,RJ01,repeated,45,577,7,9
TRPKOC250804a9f2eb19,2025-08-04,KL01,new,21,262,9,8
TRPIND250804d89eddf7,2025-08-04,MP01,repeated,9,95,9,9
TRPSUR2508048dc7b52a,2025-08-04,GJ01,repeated,5,59,7,7
TRPLUC2508047f14c282,2025-08-04,UP01,repeated,14,152,6,6
TRPSUR25080480e258db,2025-08-04,GJ01,repeated,16,147,6,6
TRPCOI250804cf2891ec,2025-08-04,TN01,repeated,19,175,7,8
TRPCOI2508049afea233,2025-08-04,TN01,new,20,183,10,9
TRPLUC25080488d9beb4,2025-08-04,UP01,repeated,20,206,7,8
TRPLUC25080480f91729,2025-08-04,UP01,repeated,15,161,5,8
TRPVIS2508044f3b9e8e,2025-08-04,AP01,repeated,23,234,8,9
TRPLUC250804e12acd05,2025-08-04,UP01,repeated,5,71,7,7
TRPCOI250804e79050e9,2025-08-04,TN01,new,21,191,10,7
TRPJAI250804732e5839,2025-08-04,RJ01,repeated,34,445,7,10
TRPLUC250804c7518e5d,2025-08-04,UP01,repeated,16,170,6,8
TRPLUC2508045f23aeb8,2025-08-04,UP01,repeated,19,197,7,6
TRPLUC250804bb9cc385,2025-08-04,UP01,new,20,206,8,8
TRPSUR2508049b2d06a9,2025-08-04,GJ01,repeated,15,139,6,6
TRPSUR25080423df8576,2025-08-04,GJ01,repeated,15,139,6,7
TRPLUC25080429c260d3,2025-08-04,UP01,repeated,19,197,6,8
TRPLUC250804ff49a3ee,2025-08-04,UP01,repeated,8,98,5,7
TRPIND2508048710347c,2025-08-04,MP01,new,19,175,9,8
TRPCOI25080489c0931e,2025-08-04,TN01,repeated,20,183,6,7
TRPSUR2508044ae46cbd,2025-08-04,GJ01,repeated,8,83,5,7
TRPCHA25080411bf126e,2025-08-04,CH01,repeated,34,332,7,8
TRPLUC250804f32074f4,2025-08-04,UP01,repeated,9,107,6,6
TRPSUR2508040b0df173,2025-08-04,GJ01,repeated,14,131,7,6
TRPIND2508040770a3d5,2025-08-04,MP01,repeated,25,223,6,9
TRPLUC250804838754b9,2025-08-04,UP01,repeated,15,161,6,5
TRPKOC25080460319a05,2025-08-04,KL01,new,11,152,9,10
TRPJAI2508049c260f61,2025-08-04,RJ01,new,43,553,9,8
TRPSUR25080460b3487a,2025-08-04,GJ01,repeated,15,139,6,5
TRPJAI2508049dded81d,2025-08-04,RJ01,repeated,43,553,7,10
TRPLUC250804fd0e69ea,2025-08-04,UP01,new,7,89,7,7
TRPSUR25080480c30252,2025-08-04,GJ01,repeated,8,83,5,7
TRPVIS2508042385846f,2025-08-04,AP01,repeated,24,243,8,8
TRPSUR2508047dad7399,2025-08-04,GJ01,repeated,9,91,7,8
TRPVAD250804f1921f03,2025-08-04,GJ02,repeated,9,90,5,8
TRPJAI250804ce7d175f,2025-08-04,RJ01,repeated,33,433,9,8
TRPKOC250804b807c073,2025-08-04,KL01,repeated,30,361,7,9
TRPVIS25080478b86959,2025-08-04,AP01,repeated,25,252,8,10
TRPIND2508041c3770cd,2025-08-04,MP01,repeated,19,175,7,9
TRPSUR2508046811ff48,2025-08-04,GJ01,repeated,7,75,7,8
TRPCHA250804e309ee23,2025-08-04,CH01,new,31,305,10,7
TRPSUR25080436a5f093,2025-08-04,GJ01,new,8,83,8,8
TRPLUC2508043d329f86,2025-08-04,UP01,new,14,152,8,7
TRPSUR250804303b6227,2025-08-04,GJ01,repeated,17,155,5,7
TRPCHA250804845e873d,2025-08-04,CH01,repeated,32,314,6,7
TRPJAI2508041c507348,2025-08-04,RJ01,new,43,553,9,8
TRPCHA250804f3512dba,2025-08-04,CH01,new,20,206,9,8
TRPJAI250804a5624d52,2025-08-04,RJ01,new,18,253,10,9
TRPJAI250804381c7795,2025-08-04,RJ01,new,41,529,8,8
TRPLUC250804a6cf01e3,2025-08-04,UP01,repeated,11,125,6,8
TRPSUR2508043ae8ae75,2025-08-04,GJ01,new,13,123,8,8
TRPLUC250804c8104a19,2025-08-04,UP01,new,10,116,9,7
TRPJAI2508049d2b2ca5,2025-08-04,RJ01,new,18,253,9,8
TRPKOC250804f1701300,2025-08-04,KL01,repeated,16,207,7,8
TRPIND250804c18de310,2025-08-04,MP01,repeated,10,103,9,6
TRPCOI250804e8de84e0,2025-08-04,TN01,new,11,111,9,7
TRPIND25080487e5daf9,2025-08-04,MP01,repeated,24,215,9,6
TRPSUR2508048535e37e,2025-08-04,GJ01,repeated,7,75,5,6
TRPLUC25080462149737,2025-08-04,UP01,new,20,206,7,6
TRPVAD250804494ac7d1,2025-08-04,GJ02,repeated,12,114,6,7
TRPLUC250804d12b15a4,2025-08-04,UP01,new,8,98,8,7
TRPCHA2508046b957dec,2025-08-04,CH01,repeated,33,323,6,6
TRPVAD25080480ef4269,2025-08-04,GJ02,repeated,9,90,5,7
TRPKOC2508040142969f,2025-08-04,KL01,repeated,29,350,7,10
TRPSUR25080420ee4a72,2025-08-04,GJ01,repeated,8,83,5,7
TRPVIS250804b0be34ad,2025-08-04,AP01,repeated,19,198,9,8
TRPJAI2508043c3b3696,2025-08-04,RJ01,new,18,253,8,9
TRPVAD25080432c5ecf5,2025-08-04,GJ02,new,10,98,8,7
TRPVAD2508047afd7dd1,2025-08-04,GJ02,repeated,11,106,7,6
TRPJAI2508045b25785f,2025-08-04,RJ01,new,28,373,9,8
TRPSUR2508049808ec38,2025-08-04,GJ01,repeated,16,147,5,7
TRPCOI2508041744c576,2025-08-04,TN01,repeated,17,159,9,9
TRPSUR250804b1bfd9cd,2025-08-04,GJ01,repeated,17,155,6,6
TRPMYS250804bb16ace6,2025-08-04,KA01,new,16,195,9,10
TRPLUC25080413f2c740,2025-08-04,UP01,repeated,16,170,7,5
TRPSUR25080463f7bf17,2025-08-04,GJ01,repeated,6,67,5,8
TRPLUC250804518c733c,2025-08-04,UP01,repeated,6,80,7,5
TRPSUR25080475545d5e,2025-08-04,GJ01,repeated,12,115,5,8
TRPLUC25080494cbbd74,2025-08-04,UP01,new,20,206,8,6
TRPJAI25080413b0621c,2025-08-04,RJ01,repeated,26,349,7,10
TRPMYS250804f971625d,2025-08-04,KA01,new,13,165,9,9
TRPIND250804457f121f,2025-08-04,MP01,repeated,11,111,8,8
TRPSUR2508040a459bd4,2025-08-04,GJ01,repeated,14,131,6,5
TRPVIS25080400309273,2025-08-04,AP01,new,24,243,8,9
TRPLUC2508042f4b3b40,2025-08-04,UP01,repeated,9,107,6,6
TRPLUC250804301f9bbf,2025-08-04,UP01,repeated,5,71,5,7
TRPLUC2508040fdb7781,2025-08-04,UP01,repeated,19,197,5,6
TRPLUC2508047cbd29f1,2025-08-04,UP01,new,18,188,9,6
TRPIND250804e19592ba,2025-08-04,MP01,repeated,15,143,6,8
TRPLUC250804024938f8,2025-08-04,UP01,repeated,18,188,5,6
TRPCOI25080457f3f81e,2025-08-04,TN01,repeated,20,183,8,6
TRPJAI250804e49db211,2025-08-04,RJ01,repeated,33,433,9,10
TRPVAD250804c933348a,2025-08-04,GJ02,new,7,74,8,7
TRPCOI2508048aae54e6,2025-08-04,TN01,new,18,167,10,8
TRPCHA250804784b40af,2025-08-04,CH01,repeated,31,305,9,7
TRPLUC2508042e2ae2a7,2025-08-04,UP01,new,17,179,9,6
TRPLUC25080473bc1c36,2025-08-04,UP01,new,14,152,9,6
TRPCHA2508043b1a43fe,2025-08-04,CH01,repeated,22,224,7,6
TRPCHA250804fff1adb0,2025-08-04,CH01,repeated,33,323,7,9
TRPJAI2508047522d798,2025-08-04,RJ01,new,37,481,10,9
TRPJAI250804bfa93379,2025-08-04,RJ01,repeated,33,433,7,9
TRPVAD25080478947825,2025-08-04,GJ02,new,7,74,9,8
TRPMYS250804a103eba6,2025-08-04,KA01,new,10,135,9,8
TRPVAD2508041e84faeb,2025-08-04,GJ02,new,18,162,8,8
TRPLUC250804e335e45f,2025-08-04,UP01,repeated,18,188,7,8
TRPJAI250804b95c277c,2025-08-04,RJ01,new,28,373,9,9
TRPIND25080405259139,2025-08-04,MP01,repeated,9,95,8,6
TRPKOC250804bc2a3fe3,2025-08-04,KL01,new,13,174,9,9
TRPSUR25080494c53dfc,2025-08-04,GJ01,repeated,17,155,5,6
TRPVAD250804cfc2cbb9,2025-08-04,GJ02,repeated,6,66,6,6
TRPVIS250804f4a0b866,2025-08-04,AP01,repeated,11,126,8,10
TRPCOI250804bc617306,2025-08-04,TN01,repeated,16,151,7,8
TRPJAI2508042b07f645,2025-08-04,RJ01,new,30,397,10,10
TRPSUR250804070a318a,2025-08-04,GJ01,repeated,13,123,5,8
TRPLUC250804d2f3327a,2025-08-04,UP01,repeated,9,107,6,6
TRPJAI25080402dac840,2025-08-04,RJ01,new,17,241,8,8
TRPLUC250804d5d25566,2025-08-04,UP01,repeated,20,206,5,6
TRPSUR25080467916752,2025-08-04,GJ01,repeated,6,67,7,6
TRPJAI25080478c9b132,2025-08-04,RJ01,new,45,577,10,10
TRPSUR250804b33cc802,2025-08-04,GJ01,repeated,5,59,6,6
TRPLUC2508040911eeb8,2025-08-04,UP01,new,13,143,8,7
TRPLUC250804470020d3,2025-08-04,UP01,new,13,143,7,8
TRPSUR250804afa0bd8d,2025-08-04,GJ01,new,12,115,7,8
TRPLUC250804d7e0e69c,2025-08-04,UP01,new,19,197,8,8
TRPKOC250804084d338b,2025-08-04,KL01,repeated,13,174,9,9
TRPSUR2508045d74451f,2025-08-04,GJ01,repeated,15,139,5,7
TRPJAI250804e1915f00,2025-08-04,RJ01,repeated,40,517,7,8
TRPCOI250804d0387417,2025-08-04,TN01,new,20,183,7,9
TRPLUC250804ecb777c2,2025-08-04,UP01,repeated,9,107,5,5
TRPLUC250804170f0a57,2025-08-04,UP01,repeated,16,170,5,6
TRPVIS25080465b10646,2025-08-04,AP01,repeated,35,342,9,10
TRPJAI25080430494269,2025-08-04,RJ01,new,29,385,9,10
TRPVIS25080421f7b2cc,2025-08-04,AP01,new,34,333,8,9
TRPLUC250804fda21df1,2025-08-04,UP01,repeated,12,134,5,7
TRPSUR250804f150afd1,2025-08-04,GJ01,new,10,99,7,7
TRPSUR2508048e0b0793,2025-08-04,GJ01,repeated,16,147,5,5
TRPCHA250804049c4f89,2025-08-04,CH01,repeated,26,260,6,6
TRPLUC250804b25c9617,2025-08-04,UP01,new,13,143,8,8
TRPJAI25080453cb17be,2025-08-04,RJ01,repeated,31,409,9,10
TRPJAI2508042eb8e50c,2025-08-04,RJ01,new,33,433,10,8
TRPCOI25080470c74618,2025-08-04,TN01,repeated,19,175,7,9
TRPVAD25080490e460b2,2025-08-04,GJ02,repeated,10,98,7,6
TRPIND250804577333d3,2025-08-04,MP01,repeated,24,215,9,6
TRPSUR250804453692e5,2025-08-04,GJ01,repeated,12,115,5,6
TRPJAI250804d38f203b,2025-08-04,RJ01,new,42,541,8,8
TRPIND250804713258b7,2025-08-04,MP01,new,21,191,7,7
TRPLUC250804680eb200,2025-08-04,UP01,new,19,197,8,6
TRPJAI250804d1445a29,2025-08-04,RJ01,new,18,253,9,8
TRPVAD2508044a17dc1d,2025-08-04,GJ02,new,6,66,7,8
TRPVAD25080497955eae,2025-08-04,GJ02,new,14,130,7,6
TRPJAI250804037d422e,2025-08-04,RJ01,new,28,373,10,8
TRPLUC250804eb5ff3ac,2025-08-04,UP01,repeated,8,98,5,7
TRPLUC250804e9689ac3,2025-08-04,UP01,repeated,6,80,6,8
TRPKOC25080458234ed5,2025-08-04,KL01,repeated,15,196,9,10
TRPLUC2508049f557f74,2025-08-04,UP01,new,16,170,9,7
TRPCHA25080443100046,2025-08-04,CH01,repeated,20,206,6,6
TRPCOI2508042b5a991b,2025-08-04,TN01,new,16,151,9,7
TRPCHA25080439eabe68,2025-08-04,CH01,repeated,30,296,9,7
TRPIND250804592074aa,2025-08-04,MP01,repeated,15,143,8,8
TRPKOC250804891a201d,2025-08-04,KL01,new,13,174,8,10
TRPLUC250804bd73d94c,2025-08-04,UP01,repeated,9,107,6,8
TRPMYS2508043b240758,2025-08-04,KA01,new,23,265,9,8
TRPVAD25080453f1985b,2025-08-04,GJ02,repeated,16,146,6,6
TRPSUR250804fe48e1aa,2025-08-04,GJ01,repeated,9,91,7,6
TRPVIS2508049a23095b,2025-08-04,AP01,new,29,288,10,8
TRPJAI250804aba73cba,2025-08-04,RJ01,repeated,42,541,7,10
TRPVIS2508046d3686e9,2025-08-04,AP01,new,23,234,10,9
TRPIND250804ec413e80,2025-08-04,MP01,new,13,127,10,7
TRPCHA25080402419591,2025-08-04,CH01,repeated,23,233,7,6
TRPLUC2508043f2ef24d,2025-08-04,UP01,repeated,5,71,7,8
TRPJAI250804b561c8cc,2025-08-04,RJ01,repeated,37,481,7,8
TRPVAD250804c55b727e,2025-08-04,GJ02,repeated,15,138,6,8
TRPSUR25080477ffab1f,2025-08-04,GJ01,repeated,7,75,7,5
TRPJAI2508048e63961e,2025-08-04,RJ01,repeated,33,433,7,9
TRPKOC25080409f8637d,2025-08-04,KL01,repeated,27,328,8,9
TRPLUC250804c65dc485,2025-08-04,UP01,repeated,20,206,5,6
TRPIND250804c3d5e6f1,2025-08-04,MP01,repeated,19,175,7,9
TRPSUR25080465a20988,2025-08-04,GJ01,repeated,15,139,5,7
TRPCHA2508042cf04169,2025-08-04,CH01,repeated,29,287,6,9
TRPKOC25080460520f85,2025-08-04,KL01,new,37,438,9,10
TRPKOC2508042e2e0791,2025-08-04,KL01,repeated,15,196,8,9
TRPJAI25080445f19154,2025-08-04,RJ01,new,41,529,8,10
TRPSUR250804dadc3663,2025-08-04,GJ01,repeated,8,83,6,6
TRPIND250804db53ab84,2025-08-04,MP01,new,16,151,10,8
TRPJAI2508047b6c8277,2025-08-04,RJ01,new,16,229,8,10
TRPVIS2508046d81b0d1,2025-08-04,AP01,new,19,198,9,10
TRPLUC2508048588dd0a,2025-08-04,UP01,new,9,107,8,8
TRPIND2508049bfc2503,2025-08-04,MP01,new,17,159,10,9
TRPJAI250804a88cdce4,2025-08-04,RJ01,new,42,541,10,10
TRPLUC2508045fd1106a,2025-08-04,UP01,repeated,5,71,5,8
TRPIND250804141e04ed,2025-08-04,MP01,new,8,87,10,9
TRPIND250804d6aa14fb,2025-08-04,MP01,repeated,15,143,8,6
TRPIND25080456eb9c17,2025-08-04,MP01,repeated,19,175,8,9
TRPLUC250804cff83403,2025-08-04,UP01,repeated,15,161,7,6
TRPVIS250804b148e46c,2025-08-04,AP01,new,33,324,9,8
TRPLUC2508044c0b8ded,2025-08-04,UP01,repeated,20,206,7,6
TRPKOC2508045b48026f,2025-08-04,KL01,new,14,185,8,9
TRPCHA250804698c4f63,2025-08-04,CH01,new,30,296,9,8
TRPSUR250804c9182614,2025-08-04,GJ01,repeated,16,147,7,8
TRPIND25080423b64039,2025-08-04,MP01,repeated,19,175,6,8
TRPVAD2508048c49fc1c,2025-08-04,GJ02,repeated,5,58,6,7
TRPKOC2508049d8c32b2,2025-08-04,KL01,new,18,229,8,9
TRPSUR250804bd934628,2025-08-04,GJ01,repeated,12,115,5,8
TRPCHA250804a7363a2c,2025-08-04,CH01,new,21,215,8,9
TRPSUR25080498fbffad,2025-08-04,GJ01,new,9,91,9,7
TRPLUC250804aeac6001,2025-08-04,UP01,repeated,16,170,5,7
TRPLUC2508046717b7ed,2025-08-04,UP01,repeated,7,89,5,6
TRPLUC2508044bfb9435,2025-08-04,UP01,new,16,170,9,7
TRPJAI2508044341c42d,2025-08-04,RJ01,repeated,24,325,7,10
TRPJAI25080484ad151e,2025-08-04,RJ01,new,23,313,9,10
TRPIND250804814afd39,2025-08-04,MP01,repeated,23,207,8,6
TRPJAI2508046c61dd51,2025-08-04,RJ01,new,22,301,9,8
TRPKOC2508049d62aec2,2025-08-04,KL01,new,12,163,8,8
TRPCOI250804b42c663c,2025-08-04,TN01,repeated,19,175,8,6
TRPLUC2508040e251d59,2025-08-04,UP01,repeated,17,179,5,6
TRPCHA2508044a766890,2025-08-04,CH01,new,33,323,10,9
TRPSUR2508048a786c93,2025-08-04,GJ01,repeated,6,67,5,6
TRPMYS25080419b981f5,2025-08-04,KA01,new,22,255,10,8
TRPSUR2508046006e404,2025-08-04,GJ01,repeated,8,83,5,5
TRPVIS250804d7b9202b,2025-08-04,AP01,new,26,261,9,8
TRPCHA250804bdac1413,2025-08-04,CH01,repeated,22,224,8,9
TRPCHA250804a66df383,2025-08-04,CH01,repeated,19,197,6,7
TRPSUR250804a236d264,2025-08-04,GJ01,repeated,6,67,6,6
TRPCOI2508045441c629,2025-08-04,TN01,repeated,19,175,6,6
TRPVAD250804081e5463,2025-08-04,GJ02,repeated,5,58,7,5
TRPMYS250804467631ac,2025-08-04,KA01,new,16,195,8,10
TRPLUC25080495a2ec22,2025-08-04,UP01,repeated,12,134,5,5
TRPCOI2508046358ed92,2025-08-04,TN01,repeated,16,151,7,9
TRPVAD250804b52c4e44,2025-08-04,GJ02,new,13,122,9,8
TRPLUC2508040199d2c1,2025-08-04,UP01,repeated,17,179,5,7
TRPVIS2508044a03babd,2025-08-04,AP01,repeated,21,216,9,10
TRPCOI2508049280370f,2025-08-04,TN01,new,20,183,8,7
TRPJAI250804b0ad8b4a,2025-08-04,RJ01,new,42,541,10,8
TRPCHA250804ba08bc62,2025-08-04,CH01,repeated,18,188,6,8
TRPVAD250804ba2978eb,2025-08-04,GJ02,repeated,11,106,6,8
TRPCHA2508045780747c,2025-08-04,CH01,repeated,23,233,6,8
TRPIND250804ccedf1af,2025-08-04,MP01,new,24,215,7,7
TRPCHA250804acc60064,2025-08-04,CH01,repeated,29,287,8,6
TRPVIS2508046cbe4736,2025-08-04,AP01,new,30,297,10,8
TRPLUC2508042bee0bb5,2025-08-04,UP01,repeated,20,206,5,5
TRPLUC250804cf198bc9,2025-08-04,UP01,repeated,15,161,5,8
TRPJAI25080459238c49,2025-08-04,RJ01,new,24,325,9,10
TRPJAI250804de2857ec,2025-08-04,RJ01,repeated,45,577,9,8
TRPSUR2508042c8adbd1,2025-08-04,GJ01,repeated,9,91,6,6
TRPSUR2508044b529757,2025-08-04,GJ01,repeated,12,115,6,5
TRPLUC250804858c97fe,2025-08-04,UP01,repeated,14,152,6,8
TRPVAD250804f834a741,2025-08-04,GJ02,repeated,12,114,7,5
TRPSUR250804146b5d4f,2025-08-04,GJ01,repeated,7,75,7,8
TRPJAI2508048098ae70,2025-08-04,RJ01,new,21,289,8,8
TRPVIS25080459e010d4,2025-08-04,AP01,new,16,171,8,8
TRPVAD250804a6254fe1,2025-08-04,GJ02,repeated,5,58,7,5
TRPSUR250804dee88794,2025-08-04,GJ01,repeated,7,75,7,5
TRPJAI25080433d602b5,2025-08-04,RJ01,repeated,44,565,7,9
TRPJAI250804c27e8d15,2025-08-04,RJ01,repeated,30,397,8,8
TRPIND25080496553feb,2025-08-04,MP01,repeated,25,223,9,8
TRPJAI25080428604750,2025-08-04,RJ01,new,33,433,8,10
TRPLUC2508041639571f,2025-08-04,UP01,new,20,206,9,6
TRPJAI2508048cf2eb78,2025-08-04,RJ01,repeated,17,241,9,8
TRPCOI25080467044fde,2025-08-04,TN01,repeated,11,111,7,6
TRPJAI2508049da0d3a2,2025-08-04,RJ01,new,42,541,8,9
TRPJAI250804775f16be,2025-08-04,RJ01,new,43,553,8,8
TRPVIS25080486b58009,2025-08-04,AP01,new,26,261,9,9
TRPSUR2508049767942a,2025-08-04,GJ01,repeated,17,155,6,5
TRPIND250804d4663bc5,2025-08-04,MP01,new,18,167,10,8
TRPKOC2508048ecb0a86,2025-08-04,KL01,new,34,405,10,9
TRPLUC250804c4771697,2025-08-04,UP01,repeated,11,125,7,6
TRPMYS2508046c48b6eb,2025-08-04,KA01,new,9,125,8,9
TRPSUR250804b927e020,2025-08-04,GJ01,repeated,9,91,6,5
TRPKOC250804c9d81958,2025-08-04,KL01,new,24,295,10,9
TRPJAI2508046507060e,2025-08-04,RJ01,new,43,553,10,8
TRPJAI2508049dd416c9,2025-08-04,RJ01,repeated,23,313,7,8
TRPIND250804886b2472,2025-08-04,MP01,repeated,13,127,7,8
TRPVAD2508046a8b6b24,2025-08-04,GJ02,new,15,138,8,7
TRPCHA25080433c4d494,2025-08-04,CH01,new,35,341,7,9
TRPLUC2508041c80c774,2025-08-04,UP01,repeated,16,170,6,7
TRPSUR250804015b6cbb,2025-08-04,GJ01,repeated,17,155,7,6
TRPCHA250804cb58cf62,2025-08-04,CH01,repeated,28,278,6,9
TRPSUR250804ff77d61a,2025-08-04,GJ01,repeated,10,99,5,8
TRPLUC250804c5dc684f,2025-08-04,UP01,repeated,11,125,5,7
TRPVIS250804f51dca19,2025-08-04,AP01,new,32,315,9,10
TRPLUC2508043d56faac,2025-08-04,UP01,new,18,188,8,7
TRPJAI2508041f88ba1e,2025-08-04,RJ01,new,41,529,9,9
TRPJAI2508040acc5775,2025-08-04,RJ01,new,45,577,10,8
TRPCOI25080405d32975,2025-08-04,TN01,new,9,95,9,8
TRPKOC250804041f79a0,2025-08-04,KL01,new,20,251,10,8
TRPJAI2508049ed2d996,2025-08-04,RJ01,repeated,29,385,7,8
TRPKOC250804dc8d4b60,2025-08-04,KL01,repeated,29,350,7,9
TRPIND2508047ee598fb,2025-08-04,MP01,new,22,199,8,8
TRPLUC2508040b85b76b,2025-08-04,UP01,repeated,15,161,7,8
TRPIND250804cff6d946,2025-08-04,MP01,new,20,183,7,9
TRPSUR250804a2497ca2,2025-08-04,GJ01,repeated,5,59,5,5
TRPCOI250804860c6d28,2025-08-04,TN01,repeated,20,183,9,8
TRPSUR2508046f2054b1,2025-08-04,GJ01,new,15,139,8,8
TRPLUC250804f83962da,2025-08-04,UP01,new,6,80,9,7
TRPJAI25080432b918ca,2025-08-04,RJ01,new,28,373,10,9
TRPVAD2508045f939818,2025-08-04,GJ02,repeated,10,98,6,8
TRPCHA250804ba02eac3,2025-08-04,CH01,repeated,26,260,7,6
TRPCHA250804fd5c2e1c,2025-08-04,CH01,repeated,28,278,7,8
TRPIND250804266b4910,2025-08-04,MP01,repeated,23,207,6,7
TRPSUR250804ca61f958,2025-08-04,GJ01,repeated,14,131,1,3
TRPCHA2508044308a3c2,2025-08-04,CH01,new,18,188,8,7
TRPIND250804f19a64fd,2025-08-04,MP01,repeated,19,175,7,9
TRPVIS250804f0006088,2025-08-04,AP01,repeated,28,279,8,9
TRPCHA25080409404fb1,2025-08-04,CH01,repeated,31,305,9,6
TRPJAI250804f53797c8,2025-08-04,RJ01,new,22,301,10,8
TRPVAD2508047327901a,2025-08-04,GJ02,repeated,15,138,5,6
TRPKOC25080471452a9e,2025-08-04,KL01,new,29,350,9,8
TRPCHA2508049e613d25,2025-08-04,CH01,new,21,215,10,9
TRPLUC25080494c64c54,2025-08-04,UP01,repeated,8,98,5,7
TRPIND25080478df796d,2025-08-04,MP01,repeated,22,199,9,6
TRPLUC250804e83e3a22,2025-08-04,UP01,repeated,6,80,5,7
TRPSUR25080433463895,2025-08-04,GJ01,repeated,5,59,7,6
TRPCHA250804c0628f0e,2025-08-04,CH01,new,22,224,9,7
TRPKOC2508044e7f2a2d,2025-08-04,KL01,new,30,361,9,10
TRPKOC250804825c957b,2025-08-04,KL01,repeated,32,383,9,10
TRPLUC250804400bc342,2025-08-04,UP01,repeated,18,188,6,6
TRPIND250804f47dcded,2025-08-04,MP01,repeated,24,215,6,6
TRPLUC250804d9388f59,2025-08-04,UP01,repeated,13,143,7,5
TRPJAI25080429dd30c2,2025-08-04,RJ01,new,45,577,10,9
TRPVAD250804357688e9,2025-08-04,GJ02,repeated,6,66,7,8
TRPJAI250804d8715307,2025-08-04,RJ01,repeated,43,553,8,10
TRPCOI250804f26ac7a3,2025-08-04,TN01,repeated,16,151,7,9
TRPJAI25080452ca9b07,2025-08-04,RJ01,repeated,22,301,7,10
TRPJAI25080405a5df1b,2025-08-04,RJ01,repeated,15,217,8,10
TRPSUR2508043162045b,2025-08-04,GJ01,repeated,9,91,5,8
TRPIND2508041f35f1ae,2025-08-04,MP01,repeated,12,119,9,7
TRPCHA250804fced76ff,2025-08-04,CH01,repeated,26,260,9,9
TRPKOC2508040936ac3d,2025-08-04,KL01,repeated,10,141,7,8
TRPIND2508043c7ea5b7,2025-08-04,MP01,repeated,8,87,9,8
TRPLUC250804565d4972,2025-08-04,UP01,repeated,17,179,6,5
TRPJAI25080424e2ddcf,2025-08-04,RJ01,new,37,481,8,9
TRPCHA2508046adcf08a,2025-08-04,CH01,repeated,32,314,9,7
TRPLUC250804933dbcf2,2025-08-04,UP01,repeated,17,179,6,6
TRPJAI250804ed7cb9f6,2025-08-04,RJ01,repeated,22,301,9,10
TRPKOC250804d328fab2,2025-08-04,KL01,new,24,295,10,9
TRPLUC25080459d3a9a0,2025-08-04,UP01,repeated,12,134,7,7
TRPJAI25080415610d1d,2025-08-04,RJ01,repeated,44,565,8,9
TRPCHA250804b093f89e,2025-08-04,CH01,repeated,33,323,6,7
TRPIND250804a361534e,2025-08-04,MP01,repeated,10,103,7,9
TRPJAI250804f00c8ced,2025-08-04,RJ01,new,17,241,8,9
TRPLUC250804b2332bb4,2025-08-04,UP01,repeated,8,98,6,6
TRPLUC250804b600ab4e,2025-08-04,UP01,repeated,9,107,7,6
TRPSUR25080431314936,2025-08-04,GJ01,repeated,8,83,7,5
TRPVAD25080437cfb8b1,2025-08-04,GJ02,repeated,18,162,5,6
TRPSUR250804b9a9bc6c,2025-08-04,GJ01,new,8,83,8,7
TRPLUC250804f3b1eb16,2025-08-04,UP01,repeated,5,71,7,6
TRPCHA250804b4777328,2025-08-04,CH01,repeated,28,278,9,7
TRPSUR250804952c52d5,2025-08-04,GJ01,repeated,13,123,7,6
TRPCOI250804f98b685e,2025-08-04,TN01,new,9,95,7,9
TRPSUR250804fbf30296,2025-08-04,GJ01,repeated,14,131,6,5
TRPLUC2508049995b779,2025-08-04,UP01,new,13,143,7,8
TRPJAI2508045fb784de,2025-08-04,RJ01,new,33,433,8,10
TRPJAI250804188a2244,2025-08-04,RJ01,new,43,553,10,9
TRPIND250804b9a32ec3,2025-08-04,MP01,new,16,151,9,7
TRPJAI2508042c8ecfe2,2025-08-04,RJ01,new,31,409,8,10
TRPVAD250804e2387f15,2025-08-04,GJ02,repeated,7,74,7,8
TRPIND2508044cc16380,2025-08-04,MP01,repeated,24,215,8,7
TRPVIS250804e4fa417f,2025-08-04,AP01,repeated,24,243,9,9
TRPCHA250804f4921ae1,2025-08-04,CH01,new,27,269,8,8
TRPCOI25080403c977b5,2025-08-04,TN01,repeated,19,175,7,7
TRPJAI2508046f4b0212,2025-08-04,RJ01,repeated,18,253,8,10
TRPLUC250804722a1e47,2025-08-04,UP01,repeated,10,116,6,8
TRPVIS25080475a040bd,2025-08-04,AP01,new,25,252,10,10
TRPIND250804fa78f86c,2025-08-04,MP01,repeated,17,159,7,6
TRPVIS250804f8ed493d,2025-08-04,AP01,new,28,279,8,10
TRPIND250804ebc87579,2025-08-04,MP01,repeated,12,119,6,6
TRPCHA250804452627e0,2025-08-04,CH01,repeated,22,224,8,7
TRPCOI250804f569acad,2025-08-04,TN01,repeated,10,103,6,7
TRPVIS25080403642072,2025-08-04,AP01,repeated,17,180,8,10
TRPLUC2508049b0e6876,2025-08-04,UP01,repeated,15,161,6,6
TRPSUR2508045a1af5d1,2025-08-04,GJ01,repeated,6,67,5,6
TRPLUC25080474768765,2025-08-04,UP01,new,6,80,8,8
TRPLUC25080421952d5a,2025-08-04,UP01,repeated,14,152,5,5
TRPLUC2508046ec0557d,2025-08-04,UP01,new,5,71,7,8
TRPJAI2508047db9bfbf,2025-08-04,RJ01,repeated,41,529,7,9
TRPCHA250804ba94a3a6,2025-08-04,CH01,new,22,224,9,8
TRPLUC25080456539f3d,2025-08-04,UP01,repeated,9,107,5,5
TRPIND25080421d5b124,2025-08-04,MP01,new,9,95,8,8
TRPCOI2508041b099cbc,2025-08-04,TN01,new,16,151,7,9
TRPKOC25080415067a23,2025-08-04,KL01,new,19,240,9,8
TRPCOI250804c6003417,2025-08-04,TN01,repeated,16,151,6,9
TRPKOC25080471519521,2025-08-04,KL01,repeated,15,196,8,9
TRPKOC250804772e69b8,2025-08-04,KL01,repeated,23,284,8,9
TRPKOC2508046778098a,2025-08-04,KL01,repeated,18,229,8,9
TRPSUR250804f01bfd47,2025-08-04,GJ01,repeated,5,59,6,8
TRPIND250804144f011d,2025-08-04,MP01,repeated,23,207,7,6
TRPLUC250804be950e0b,2025-08-04,UP01,repeated,13,143,7,5
TRPLUC2508040502c47e,2025-08-04,UP01,repeated,5,71,7,8
TRPKOC2508048ac76c34,2025-08-04,KL01,new,13,174,8,10
TRPLUC250804cf78780a,2025-08-04,UP01,new,16,170,9,7
TRPJAI250804c969aace,2025-08-04,RJ01,repeated,44,565,7,10
TRPJAI25080489eb504e,2025-08-04,RJ01,repeated,43,553,7,9
TRPJAI2508048039246b,2025-08-04,RJ01,new,28,373,9,8
TRPIND250804158a8c52,2025-08-04,MP01,repeated,21,191,6,7
TRPSUR250804a2cb8970,2025-08-04,GJ01,repeated,8,83,6,5
TRPJAI25080447358245,2025-08-04,RJ01,repeated,15,217,9,10
TRPJAI2508044985c092,2025-08-04,RJ01,repeated,38,493,7,8
TRPSUR2508041aa7fc23,2025-08-04,GJ01,repeated,11,107,7,5
TRPSUR2508049ad8897d,2025-08-04,GJ01,new,9,91,7,6
TRPCHA2508041c35b2c4,2025-08-04,CH01,new,24,242,7,7
TRPSUR25080466c14974,2025-08-04,GJ01,repeated,5,59,7,6
TRPVAD250804c7cf1418,2025-08-04,GJ02,repeated,11,106,5,6
TRPCHA2508047ac27cc4,2025-08-04,CH01,new,12,134,9,7
TRPIND25080419238d9c,2025-08-04,MP01,new,10,103,7,7
TRPLUC250804c97c2472,2025-08-04,UP01,new,19,197,9,7
TRPIND250804913df411,2025-08-04,MP01,repeated,17,159,8,8
TRPCHA2508046e204852,2025-08-04,CH01,new,19,197,7,9
TRPCOI250804bc92a95c,2025-08-04,TN01,new,22,199,8,8
TRPVIS250804dd565027,2025-08-04,AP01,new,34,333,9,10
TRPCHA250804605b493d,2025-08-04,CH01,new,28,278,7,8
TRPJAI250804b8d5f4e3,2025-08-04,RJ01,repeated,39,505,8,9
TRPJAI2508042e54d537,2025-08-04,RJ01,repeated,40,517,8,8
TRPSUR250804f377f0cc,2025-08-04,GJ01,repeated,10,99,5,5
TRPJAI25080464b030dd,2025-08-04,RJ01,new,19,265,9,9
TRPJAI25080469eb3eb3,2025-08-04,RJ01,new,45,577,9,8
TRPLUC2508044e77f52a,2025-08-04,UP01,repeated,15,161,5,6
TRPKOC250804eff9561b,2025-08-04,KL01,repeated,16,207,7,10
TRPKOC250804b7b29bf3,2025-08-04,KL01,new,15,196,10,8
TRPCOI250804edfb0102,2025-08-04,TN01,repeated,20,183,8,8
TRPLUC250804af5630d6,2025-08-04,UP01,new,13,143,7,6
TRPLUC250804b124d629,2025-08-04,UP01,repeated,8,98,7,5
TRPLUC2508044ba7e215,2025-08-04,UP01,repeated,18,188,7,6
TRPMYS250804ee9813b0,2025-08-04,KA01,repeated,18,215,9,9
TRPJAI250804e25e9b11,2025-08-04,RJ01,new,45,577,10,8
TRPCHA250804ab103a05,2025-08-04,CH01,repeated,23,233,6,8
TRPCOI25080440f94f42,2025-08-04,TN01,new,21,191,8,8
TRPLUC250804accf2df9,2025-08-04,UP01,new,6,80,9,6
TRPIND2508049cd6828e,2025-08-04,MP01,new,18,167,7,9
TRPJAI250804c374e7c2,2025-08-04,RJ01,new,42,541,9,10
TRPSUR250804f1214541,2025-08-04,GJ01,new,5,59,9,7
TRPCOI25080432244309,2025-08-04,TN01,repeated,16,151,9,7
TRPCHA2508047d9fbfe1,2025-08-04,CH01,new,13,143,7,9
TRPJAI2508044d3cb7fc,2025-08-04,RJ01,repeated,17,241,8,8
TRPJAI25080423ae504b,2025-08-04,RJ01,new,34,445,9,9
TRPKOC2508042e5e6fab,2025-08-04,KL01,new,18,229,8,10
TRPSUR250804b4d36d10,2025-08-04,GJ01,repeated,14,131,7,5
TRPKOC25080436c06502,2025-08-04,KL01,repeated,31,372,8,9
TRPKOC250804b6220c20,2025-08-04,KL01,repeated,32,383,7,9
TRPVAD250804dc3974c2,2025-08-04,GJ02,repeated,12,114,6,5
TRPIND250804e4c41bfd,2025-08-04,MP01,new,9,95,7,8
TRPJAI2508049bb37639,2025-08-04,RJ01,repeated,43,553,8,8
TRPCOI25080496d7d178,2025-08-04,TN01,new,15,143,10,9
TRPSUR2508044a6dfcb7,2025-08-04,GJ01,repeated,6,67,5,8
TRPVIS250804dffed764,2025-08-04,AP01,new,24,243,10,9
TRPCHA250804e3cd0f92,2025-08-04,CH01,new,35,341,7,7
TRPLUC2508040f3ddf86,2025-08-04,UP01,new,8,98,8,7
TRPCOI250804544a0590,2025-08-04,TN01,repeated,18,167,6,9
TRPSUR250804f25b51f6,2025-08-04,GJ01,new,16,147,9,6
TRPLUC25080419724c19,2025-08-04,UP01,repeated,5,71,7,7
TRPIND250804672bcbfe,2025-08-04,MP01,repeated,8,87,7,8
TRPJAI250804bd970a4a,2025-08-04,RJ01,new,28,373,10,8
TRPMYS2508044b3f97bb,2025-08-04,KA01,new,11,145,9,8
TRPLUC25080469cd7efd,2025-08-04,UP01,repeated,18,188,5,5
TRPLUC2508044d1ac8f6,2025-08-04,UP01,repeated,19,197,5,7
TRPCHA2508044d229061,2025-08-04,CH01,repeated,29,287,8,7
TRPJAI250804aea6f3e1,2025-08-04,RJ01,new,42,541,10,8
TRPCOI250804f2508077,2025-08-04,TN01,repeated,16,151,9,6
TRPSUR2508042ee9570c,2025-08-04,GJ01,repeated,9,91,6,8
TRPCHA25080441dd1b7d,2025-08-04,CH01,new,20,206,7,7
TRPJAI250804b622fd8d,2025-08-04,RJ01,new,31,409,9,8
TRPJAI250804d2ad3bd3,2025-08-04,RJ01,repeated,28,373,7,8
TRPLUC2508046ea6401f,2025-08-04,UP01,new,10,116,9,6
TRPVIS250804ba4330a5,2025-08-04,AP01,repeated,34,333,8,8
TRPVIS2508043ac6976b,2025-08-04,AP01,new,14,153,10,10
TRPLUC250804c59f0324,2025-08-04,UP01,repeated,9,107,5,5
TRPKOC250804119499ea,2025-08-04,KL01,new,11,152,8,10
TRPJAI2508042018f9e0,2025-08-04,RJ01,repeated,32,421,7,8
TRPVAD250804d9405593,2025-08-04,GJ02,repeated,17,154,6,5
TRPVIS2508048756d966,2025-08-04,AP01,repeated,22,225,9,9
TRPSUR2508048a845539,2025-08-04,GJ01,repeated,12,115,5,5
TRPSUR2508046e4c6f15,2025-08-04,GJ01,repeated,15,139,5,6
TRPKOC250804d49118bd,2025-08-04,KL01,new,30,361,10,9
TRPLUC250804031ca9e7,2025-08-04,UP01,repeated,20,206,5,6
TRPSUR250804e3be83ea,2025-08-04,GJ01,repeated,6,67,6,5
TRPCOI250804a9ba8a51,2025-08-04,TN01,repeated,17,159,6,6
TRPJAI2508047da73418,2025-08-04,RJ01,repeated,25,337,9,8
TRPSUR250804a9a5a74f,2025-08-04,GJ01,new,8,83,8,8
TRPCHA250804428e3adf,2025-08-04,CH01,repeated,27,269,8,7
TRPJAI250804d522b09c,2025-08-04,RJ01,new,19,265,9,8
TRPIND2508043f4f2eab,2025-08-04,MP01,new,22,199,7,7
TRPSUR25080481360434,2025-08-04,GJ01,new,9,91,9,7
TRPLUC250804ecad0f57,2025-08-04,UP01,repeated,9,107,6,7
TRPJAI250804961f2876,2025-08-04,RJ01,repeated,35,457,8,8
TRPSUR25080483db3313,2025-08-04,GJ01,repeated,7,75,5,5
TRPLUC250804fcd0f2f1,2025-08-04,UP01,repeated,17,179,6,6
TRPCHA2508046e56dbe5,2025-08-04,CH01,repeated,35,341,8,6
TRPLUC25080460399dbf,2025-08-04,UP01,repeated,16,170,6,5
TRPLUC2508047cc4fbe1,2025-08-04,UP01,repeated,20,206,7,6
TRPVAD250804ab903d9c,2025-08-04,GJ02,repeated,18,162,7,6
TRPSUR25080491b41128,2025-08-04,GJ01,repeated,9,91,7,6
TRPCOI2508042dda1e59,2025-08-04,TN01,repeated,17,159,9,6
TRPSUR2508046e5cb87f,2025-08-04,GJ01,repeated,5,59,6,7
TRPSUR250804fe4fa9ef,2025-08-04,GJ01,new,12,115,7,6
TRPJAI2508044c241a3e,2025-08-04,RJ01,repeated,45,577,9,10
TRPLUC250804423e65fa,2025-08-04,UP01,repeated,15,161,6,5
TRPLUC2508048514935d,2025-08-04,UP01,repeated,13,143,7,7
TRPLUC2508046322cdd4,2025-08-04,UP01,repeated,9,107,7,5
TRPKOC2508048602df5e,2025-08-04,KL01,new,33,394,8,8
TRPVIS250804ddd1a0db,2025-08-04,AP01,repeated,26,261,7,8
TRPJAI2508046f624dea,2025-08-04,RJ01,new,20,277,8,9
TRPCOI2508043afa662e,2025-08-04,TN01,repeated,11,111,8,8
TRPLUC250804ea474424,2025-08-04,UP01,repeated,16,170,6,7
TRPIND2508040a0b7cfa,2025-08-04,MP01,repeated,21,191,6,8
TRPKOC250804974c859a,2025-08-04,KL01,repeated,27,328,9,10
TRPJAI250804bc7a19f9,2025-08-04,RJ01,new,21,289,8,9
TRPSUR2508046145526c,2025-08-04,GJ01,repeated,17,155,7,6
TRPLUC2508042827a343,2025-08-04,UP01,repeated,5,71,5,5
TRPSUR2508049f36036c,2025-08-04,GJ01,repeated,8,83,5,6
TRPCHA250804fda74475,2025-08-04,CH01,new,20,206,10,7
TRPSUR2508046f7a37e1,2025-08-04,GJ01,repeated,16,147,5,8
TRPCOI25080418a5bde1,2025-08-04,TN01,repeated,21,191,6,6
TRPIND250804fcc5ab9b,2025-08-04,MP01,new,11,111,8,9
TRPCHA2508044faf0407,2025-08-04,CH01,new,20,206,9,8
TRPCHA250804f0c87023,2025-08-04,CH01,repeated,15,161,6,7
TRPLUC2508045900340d,2025-08-04,UP01,new,17,179,7,8
TRPJAI25080421f1b82b,2025-08-04,RJ01,new,15,217,8,9
TRPIND2508045ff80075,2025-08-04,MP01,new,22,199,7,7
TRPLUC250804c015ff5d,2025-08-04,UP01,repeated,5,71,7,8
TRPVAD2508040461d5de,2025-08-04,GJ02,new,13,122,9,8
TRPSUR250804f7038f44,2025-08-04,GJ01,new,5,59,9,7
TRPLUC25080485829ab6,2025-08-04,UP01,repeated,18,188,5,7
TRPCOI25080471d4805b,2025-08-04,TN01,new,10,103,8,8
TRPJAI250804c4415186,2025-08-04,RJ01,new,28,373,9,10
TRPKOC2508044266d751,2025-08-04,KL01,new,15,196,10,9
TRPCHA250804332abc93,2025-08-04,CH01,new,16,170,7,8
TRPIND2508045bbf9a65,2025-08-04,MP01,repeated,12,119,8,7
TRPIND2508047f7d6c55,2025-08-04,MP01,new,25,223,7,9
TRPSUR2508045db7b7d2,2025-08-04,GJ01,repeated,8,83,5,6
TRPJAI250804a3ebcfb4,2025-08-04,RJ01,new,22,301,10,8
TRPLUC250804b623bad9,2025-08-04,UP01,repeated,13,143,5,5
TRPSUR250804cef3ba45,2025-08-04,GJ01,new,13,123,7,7
TRPLUC250804d30869cf,2025-08-04,UP01,repeated,10,116,6,7
TRPLUC25080442f3f614,2025-08-04,UP01,repeated,9,107,6,5
TRPCOI2508048b1ca344,2025-08-04,TN01,repeated,15,143,6,9
TRPSUR250804a279cbeb,2025-08-04,GJ01,repeated,6,67,5,6
TRPIND250804c8eb0ee3,2025-08-04,MP01,new,10,103,8,7
TRPLUC25080454105a0c,2025-08-04,UP01,repeated,16,170,5,6
TRPCHA250804199f82aa,2025-08-04,CH01,new,23,233,8,9
TRPKOC2508048137de7e,2025-08-04,KL01,repeated,17,218,9,9
TRPSUR250804c2bea9d5,2025-08-04,GJ01,repeated,16,147,5,8
TRPCHA25080435be455a,2025-08-04,CH01,repeated,19,197,9,6
TRPVAD2508042f522e19,2025-08-04,GJ02,repeated,12,114,5,6
TRPJAI250804f178c092,2025-08-04,RJ01,new,17,241,9,8
TRPJAI2508043ecf5f62,2025-08-04,RJ01,repeated,35,457,7,8
TRPJAI25080468d32071,2025-08-04,RJ01,new,27,361,8,8
TRPIND250804baafcea5,2025-08-04,MP01,new,12,119,10,7
TRPSUR250804b4ff8b50,2025-08-04,GJ01,new,9,91,7,6
TRPJAI2508041c036a83,2025-08-04,RJ01,new,19,265,9,9
TRPLUC250804f1dd4fb2,2025-08-04,UP01,repeated,15,161,5,5
TRPIND250804ba0c239e,2025-08-04,MP01,new,20,183,8,9
TRPLUC25080434158454,2025-08-04,UP01,new,8,98,9,7
TRPJAI2508043994a469,2025-08-04,RJ01,new,28,373,9,10
TRPLUC250804a2022db5,2025-08-04,UP01,repeated,18,188,7,5
TRPJAI25080462b18bd8,2025-08-04,RJ01,repeated,18,253,9,10
TRPLUC2508047e5e1018,2025-08-04,UP01,new,20,206,9,7
TRPJAI2508046556d3f2,2025-08-04,RJ01,repeated,45,577,9,8
TRPSUR250804f169dad8,2025-08-04,GJ01,repeated,6,67,5,8
TRPLUC25080411dc0ce1,2025-08-04,UP01,repeated,5,71,7,7
TRPCOI2508046a0da2b7,2025-08-04,TN01,repeated,19,175,6,7
TRPCOI2508049a77fb70,2025-08-04,TN01,new,11,111,10,8
TRPJAI250804fb22bc50,2025-08-04,RJ01,repeated,24,325,9,9
TRPVIS250804aba6e0d9,2025-08-04,AP01,repeated,30,297,8,10
TRPLUC250804e86f224f,2025-08-04,UP01,repeated,13,143,5,6
TRPSUR250804465609ab,2025-08-04,GJ01,repeated,12,115,5,7
TRPMYS250804a2a22102,2025-08-04,KA01,new,11,145,8,8
TRPVAD250804dbf9adc9,2025-08-04,GJ02,repeated,17,154,6,7
TRPVAD250804e7ca7469,2025-08-04,GJ02,repeated,15,138,6,6
TRPLUC25080456125a80,2025-08-04,UP01,repeated,15,161,5,5
TRPLUC2508049c9ad798,2025-08-04,UP01,new,10,116,7,8
TRPSUR25080431cfc84a,2025-08-04,GJ01,repeated,10,99,7,6
TRPLUC2508048d72692f,2025-08-04,UP01,repeated,20,206,7,5
TRPJAI25080420f8d873,2025-08-04,RJ01,repeated,45,577,8,10
TRPJAI2508043327fa72,2025-08-04,RJ01,repeated,35,457,8,9
TRPLUC2508042dcde485,2025-08-04,UP01,repeated,7,89,6,7
TRPJAI250804c328d7c8,2025-08-04,RJ01,new,28,373,9,9
TRPLUC25080453e431e4,2025-08-04,UP01,repeated,12,134,5,7
TRPVIS25080492344e57,2025-08-04,AP01,new,19,198,8,9
TRPVIS25080489743fd3,2025-08-04,AP01,new,18,189,10,9
TRPLUC250804bdd61e5f,2025-08-04,UP01,repeated,8,98,6,6
TRPSUR250804754c02f2,2025-08-04,GJ01,new,12,115,7,7
TRPIND250804aac7bcb3,2025-08-04,MP01,new,23,207,9,8
TRPVAD2508048d745e9c,2025-08-04,GJ02,new,16,146,9,7
TRPIND250804a91f7c4d,2025-08-04,MP01,new,18,167,8,7
TRPKOC25080444e91397,2025-08-04,KL01,new,15,196,8,8
TRPVAD25080485022ff8,2025-08-04,GJ02,repeated,9,90,7,8
TRPLUC250804556a1c6b,2025-08-04,UP01,repeated,19,197,6,8
TRPJAI250804df883f40,2025-08-04,RJ01,repeated,29,385,8,8
TRPLUC25080493891883,2025-08-04,UP01,new,5,71,8,6
TRPJAI2508047765e339,2025-08-04,RJ01,new,33,433,10,9
TRPSUR2508049fbf2b1d,2025-08-04,GJ01,repeated,12,115,6,8
TRPJAI250804a4c172fa,2025-08-04,RJ01,new,23,313,9,9
TRPLUC250804bed4c22a,2025-08-04,UP01,repeated,16,170,6,6
TRPJAI25080466568454,2025-08-04,RJ01,new,17,241,8,8
TRPJAI250804fff72714,2025-08-04,RJ01,repeated,26,349,8,8
TRPIND250804a6c66da4,2025-08-04,MP01,repeated,17,159,8,6
TRPIND25080411d4ded0,2025-08-04,MP01,repeated,18,167,7,6
TRPVAD25080400c62925,2025-08-04,GJ02,repeated,10,98,6,6
TRPLUC250804b0a39156,2025-08-04,UP01,repeated,19,197,7,5
TRPKOC2508049aa4d940,2025-08-04,KL01,repeated,31,372,8,9
TRPSUR25080483bb18fb,2025-08-04,GJ01,new,17,155,7,8
TRPCHA2508045978697d,2025-08-04,CH01,new,17,179,10,9
TRPLUC250804299e5572,2025-08-04,UP01,repeated,18,188,5,8
TRPJAI25080412af8e14,2025-08-04,RJ01,repeated,38,493,9,10
TRPJAI250804932bb3e2,2025-08-04,RJ01,repeated,29,385,7,10
TRPLUC2508042791a519,2025-08-04,UP01,new,19,197,7,6
TRPLUC250804d18b8e22,2025-08-04,UP01,repeated,16,170,6,8
TRPSUR2508043eae52ed,2025-08-04,GJ01,new,8,83,9,8
TRPLUC2508042e7dbc8e,2025-08-04,UP01,new,14,152,9,8
TRPIND2508046413d1fc,2025-08-04,MP01,repeated,8,87,8,7
TRPLUC250804b09f357e,2025-08-04,UP01,repeated,15,161,5,7
TRPLUC2508044b71c842,2025-08-04,UP01,repeated,20,206,7,7
TRPCOI2508046a10a578,2025-08-04,TN01,repeated,10,103,6,6
TRPLUC250804b9951583,2025-08-04,UP01,repeated,12,134,7,5
TRPIND250804531a0845,2025-08-04,MP01,new,16,151,10,9
TRPSUR250804525610a6,2025-08-04,GJ01,new,6,67,8,8
TRPLUC250804138c5c72,2025-08-04,UP01,new,6,80,8,8
TRPCHA250804875a4168,2025-08-04,CH01,new,32,314,8,8
TRPLUC250804c68f6764,2025-08-04,UP01,repeated,8,98,7,6
TRPMYS25080402b42f16,2025-08-04,KA01,repeated,18,215,8,9
TRPCOI250804c4e44b3f,2025-08-04,TN01,repeated,19,175,6,6
TRPJAI25080469661c9c,2025-08-04,RJ01,new,30,397,9,10
TRPVAD250804f7b91a16,2025-08-04,GJ02,new,9,90,9,7
TRPIND250804bb9943e7,2025-08-04,MP01,repeated,24,215,6,8
TRPJAI2508043abef3aa,2025-08-04,RJ01,repeated,38,493,7,10
TRPCHA250804fd7e580d,2025-08-04,CH01,new,15,161,9,9
TRPLUC250804e6583f04,2025-08-04,UP01,new,7,89,8,7
TRPJAI250804443511ac,2025-08-04,RJ01,new,19,265,10,8
TRPLUC2508043f744e8e,2025-08-04,UP01,repeated,14,152,7,5
TRPLUC250804801c6f1f,2025-08-04,UP01,repeated,8,98,7,7
TRPKOC250804dae2793d,2025-08-04,KL01,new,15,196,10,8
TRPSUR2508049046e91f,2025-08-04,GJ01,repeated,12,115,5,8
TRPJAI250804095125e9,2025-08-04,RJ01,new,31,409,10,8
TRPLUC250804f838f20e,2025-08-04,UP01,repeated,17,179,7,7
TRPVIS2508049dcc4635,2025-08-04,AP01,new,12,135,10,10
TRPJAI2508043efc1aab,2025-08-04,RJ01,repeated,19,265,9,10
TRPKOC250804c41fe761,2025-08-04,KL01,repeated,37,438,7,9
TRPCHA250804119c2b54,2025-08-04,CH01,repeated,27,269,7,6
TRPSUR250804226078ba,2025-08-04,GJ01,repeated,8,83,5,7
TRPSUR250804dbae4bd9,2025-08-04,GJ01,repeated,11,107,5,5
TRPSUR250804c3c3384e,2025-08-04,GJ01,repeated,15,139,6,7
TRPVAD250804c7dc3836,2025-08-04,GJ02,repeated,12,114,7,7
TRPCOI2508048629ed07,2025-08-04,TN01,repeated,14,135,8,9
TRPVAD2508043c3f47ec,2025-08-04,GJ02,repeated,14,130,5,6
TRPSUR250804f2973b93,2025-08-04,GJ01,repeated,16,147,5,6
TRPCHA250804d65b0ad3,2025-08-04,CH01,repeated,16,170,6,8
TRPJAI2508040b9bb87b,2025-08-04,RJ01,new,30,397,9,10
TRPVAD2508047c0068ab,2025-08-04,GJ02,repeated,12,114,6,5
TRPCHA25080423951eee,2025-08-04,CH01,repeated,18,188,7,7
TRPCHA25080456439b27,2025-08-04,CH01,new,30,296,9,9
TRPIND25080499af8113,2025-08-04,MP01,repeated,17,159,8,9
TRPKOC2508041ff8f965,2025-08-04,KL01,repeated,34,405,7,10
TRPVIS2508040310bc41,2025-08-04,AP01,repeated,20,207,7,10
TRPJAI250804ddbacaf5,2025-08-04,RJ01,new,44,565,10,8
TRPSUR250804af668425,2025-08-04,GJ01,repeated,12,115,7,5
TRPVAD250804eae277b3,2025-08-04,GJ02,new,6,66,7,7
TRPJAI2508048bd86e20,2025-08-04,RJ01,new,22,301,10,10
TRPVAD250804bba2d43b,2025-08-04,GJ02,repeated,9,90,7,7
TRPKOC25080444a8c226,2025-08-04,KL01,repeated,33,394,7,8
TRPLUC250804b1d8878f,2025-08-04,UP01,repeated,14,152,7,7
TRPJAI2508041838eab8,2025-08-04,RJ01,new,35,457,9,9
TRPVAD250804bd7d52cd,2025-08-04,GJ02,repeated,6,66,6,8
TRPCHA250804702fc3c7,2025-08-04,CH01,new,12,134,8,7
TRPJAI250804023c866a,2025-08-04,RJ01,new,31,409,8,9
TRPKOC2508049130b1f3,2025-08-04,KL01,repeated,17,218,7,8
TRPIND2508049492ebe7,2025-08-04,MP01,new,13,127,9,8
TRPJAI2508045a55897f,2025-08-04,RJ01,repeated,43,553,7,8
TRPIND2508044b59f5c4,2025-08-04,MP01,repeated,14,135,8,7
TRPCHA250804b2dd24aa,2025-08-04,CH01,new,33,323,10,7
TRPSUR250804e3df3bb4,2025-08-04,GJ01,repeated,9,91,7,5
TRPVAD2508041163b2b2,2025-08-04,GJ02,repeated,8,82,7,5
TRPSUR250804be61be30,2025-08-04,GJ01,repeated,11,107,5,6
TRPJAI25080472f643ee,2025-08-04,RJ01,new,40,517,8,9
TRPMYS2508049b310b27,2025-08-04,KA01,new,15,185,8,9
TRPVAD25080498a7a842,2025-08-04,GJ02,repeated,5,58,5,5
TRPJAI25080463742b7b,2025-08-04,RJ01,new,23,313,9,10
TRPVAD250804b6b9d8e9,2025-08-04,GJ02,repeated,5,58,7,5
TRPKOC250804fb4d2a86,2025-08-04,KL01,new,10,141,10,9
TRPLUC250804efde628a,2025-08-04,UP01,repeated,13,143,7,8
TRPCOI2508042fab327c,2025-08-04,TN01,new,10,103,9,8
TRPIND2508043c1dea71,2025-08-04,MP01,repeated,15,143,7,9
