trip_id,date,city_id,passenger_type,distance_travelled(km),fare_amount,passenger_rating,driver_rating
TRPSUR25111470ece53b,2025-11-14,GJ01,repeated,16,147,6,6
TRPIND25111434fb7907,2025-11-14,MP01,new,21,191,10,8
TRPLUC2511149d44f45b,2025-11-14,UP01,repeated,10,116,6,8
TRPJAI2511145675109d,2025-11-14,RJ01,repeated,43,553,7,10
TRPIND251114f6756afc,2025-11-14,MP01,new,14,135,9,9
TRPJAI25111407cce300,2025-11-14,RJ01,new,21,289,10,8
TRPJAI251114557037a5,2025-11-14,RJ01,new,32,421,8,8
TRPIND25111423d6b122,2025-11-14,MP01,repeated,18,167,8,9
TRPJAI251114905223a4,2025-11-14,RJ01,new,31,409,10,9
TRPSUR2511147d18e5c7,2025-11-14,GJ01,repeated,17,155,7,5
TRPVAD251114ffdb00b0,2025-11-14,GJ02,repeated,17,154,7,7
TRPSUR2511141cac834b,2025-11-14,GJ01,repeated,16,147,7,7
TRPCOI2511147a9a9bf4,2025-11-14,TN01,repeated,15,143,8,6
TRPJAI2511149b168a6f,2025-11-14,RJ01,repeated,27,361,8,8
TRPJAI25111482babc81,2025-11-14,RJ01,new,25,337,10,10
TRPJAI2511145e7fac75,2025-11-14,RJ01,repeated,29,385,7,9
TRPCHA251114d880c23c,2025-11-14,CH01,repeated,13,143,7,9
TRPJAI251114d68f33f3,2025-11-14,RJ01,new,21,289,8,9
TRPIND2511147e3c074c,2025-11-14,MP01,repeated,9,95,8,9
TRPVIS25111410b9d61e,2025-11-14,AP01,repeated,19,198,9,10
TRPMYS2511141df00fac,2025-11-14,KA01,repeated,23,265,8,9
TRPLUC251114ef010810,2025-11-14,UP01,repeated,18,188,7,7
TRPJAI2511147b29b0ef,2025-11-14,RJ01,new,22,301,8,10
TRPLUC251114343bf61c,2025-11-14,UP01,repeated,11,125,6,6
TRPLUC251114fa3e6813,2025-11-14,UP01,repeated,6,80,7,7
TRPVAD25111472d1464a,2025-11-14,GJ02,repeated,6,66,6,5
TRPIND2511148b3b794a,2025-11-14,MP01,new,19,175,3,1
TRPLUC251114fe7414ce,2025-11-14,UP01,new,13,143,8,7
TRPLUC251114c5d45ead,2025-11-14,UP01,repeated,11,125,7,6
TRPJAI251114e1a7522c,2025-11-14,RJ01,new,26,349,10,8
TRPLUC25111407983c26,2025-11-14,UP01,repeated,19,197,7,7
TRPVIS251114c4f22353,2025-11-14,AP01,repeated,20,207,8,9
TRPSUR251114da81c649,2025-11-14,GJ01,repeated,17,155,5,7
TRPCHA251114536eef95,2025-11-14,CH01,repeated,12,134,8,8
TRPCOI2511141d84b2ba,2025-11-14,TN01,new,15,143,7,8
TRPSUR2511144f5f1058,2025-11-14,GJ01,repeated,8,83,7,5
TRPSUR25111434fa7fe0,2025-11-14,GJ01,repeated,7,75,7,5
TRPLUC251114eb0ef1a5,2025-11-14,UP01,new,5,71,9,6
TRPLUC251114f0a12d50,2025-11-14,UP01,repeated,7,89,6,6
TRPVAD251114dc370c80,2025-11-14,GJ02,new,11,106,9,6
TRPVAD2511144e4a1d1a,2025-11-14,GJ02,new,18,162,8,6
TRPLUC2511145e055e14,2025-11-14,UP01,repeated,9,107,7,7
TRPMYS2511146632f6c2,2025-11-14,KA01,new,9,125,10,8
TRPSUR251114c572a00b,2025-11-14,GJ01,new,12,115,8,8
TRPCHA251114a81df0f8,2025-11-14,CH01,repeated,27,269,6,7
TRPVAD251114c80da908,2025-11-14,GJ02,repeated,15,138,6,5
TRPCHA251114697a92d7,2025-11-14,CH01,repeated,21,215,9,9
TRPKOC25111432451fad,2025-11-14,KL01,new,12,163,8,9
TRPCOI251114d0ecda37,2025-11-14,TN01,repeated,17,159,9,7
TRPLUC251114c8d25ac0,2025-11-14,UP01,repeated,6,80,5,6
TRPJAI251114f226c3ce,2025-11-14,RJ01,repeated,40,517,7,8
TRPVAD25111476c06ffd,2025-11-14,GJ02,new,16,146,7,7
TRPCHA25111402eaec85,2025-11-14,CH01,new,32,314,10,9
TRPLUC251114f0a28c5c,2025-11-14,UP01,repeated,12,134,5,6
TRPIND2511148598d5e1,2025-11-14,MP01,repeated,8,87,7,7
TRPJAI2511148d1c3ef1,2025-11-14,RJ01,new,44,565,8,9
TRPVAD2511141401a1dc,2025-11-14,GJ02,repeated,5,58,5,6
TRPMYS251114d5b97a43,2025-11-14,KA01,new,23,265,10,10
TRPKOC25111443d02adb,2025-11-14,KL01,repeated,18,229,7,8
TRPSUR2511144b88c6d2,2025-11-14,GJ01,repeated,12,115,7,7
TRPSUR251114bd3e8ced,2025-11-14,GJ01,repeated,10,99,7,5
TRPVAD251114d8973f94,2025-11-14,GJ02,repeated,17,154,5,6
TRPLUC251114582b12ad,2025-11-14,UP01,repeated,14,152,6,5
TRPLUC2511145e7110dc,2025-11-14,UP01,repeated,5,71,6,6
TRPSUR2511141760661e,2025-11-14,GJ01,repeated,6,67,5,8
TRPJAI25111481f01288,2025-11-14,RJ01,new,43,553,8,9
TRPJAI251114c97a20d8,2025-11-14,RJ01,repeated,22,301,8,8
TRPSUR25111419a942f0,2025-11-14,GJ01,repeated,13,123,5,8
TRPSUR2511149e10fcc9,2025-11-14,GJ01,repeated,15,139,5,5
TRPCHA251114b327c642,2025-11-14,CH01,new,35,341,9,9
TRPIND251114cd3e2948,2025-11-14,MP01,repeated,24,215,6,7
TRPCHA251114cf5e6a33,2025-11-14,CH01,repeated,34,332,8,9
TRPCOI2511149b074e98,2025-11-14,TN01,repeated,15,143,9,6
TRPIND25111482c34969,2025-11-14,MP01,repeated,11,111,7,9
TRPSUR25111422e03944,2025-11-14,GJ01,repeated,9,91,7,7
TRPJAI251114dee7f712,2025-11-14,RJ01,new,28,373,10,8
TRPJAI251114757cd33c,2025-11-14,RJ01,repeated,32,421,8,9
TRPLUC251114898ed333,2025-11-14,UP01,repeated,5,71,7,6
TRPJAI251114d6fe6c2d,2025-11-14,RJ01,repeated,15,217,7,9
TRPJAI25111449781e6a,2025-11-14,RJ01,new,27,361,10,9
TRPLUC251114eaaace45,2025-11-14,UP01,repeated,11,125,7,5
TRPSUR25111476fecb02,2025-11-14,GJ01,repeated,7,75,6,7
TRPJAI251114b032fea3,2025-11-14,RJ01,repeated,24,325,7,8
TRPMYS2511141a74188d,2025-11-14,KA01,new,11,145,8,8
TRPLUC2511145d7e7a46,2025-11-14,UP01,repeated,8,98,5,7
TRPVAD251114ccc1d48c,2025-11-14,GJ02,repeated,8,82,6,8
TRPSUR251114c1e7721a,2025-11-14,GJ01,repeated,5,59,5,5
TRPCHA2511144db2b65d,2025-11-14,CH01,new,32,314,9,9
TRPKOC251114cec522b0,2025-11-14,KL01,repeated,33,394,7,10
TRPIND251114c6cc6af0,2025-11-14,MP01,repeated,15,143,7,6
TRPKOC251114508d4232,2025-11-14,KL01,repeated,31,372,9,9
TRPSUR25111464be960b,2025-11-14,GJ01,repeated,13,123,5,7
TRPLUC251114bb4322f7,2025-11-14,UP01,repeated,9,107,5,7
TRPIND25111446dd580d,2025-11-14,MP01,repeated,25,223,8,9
TRPLUC251114385316a0,2025-11-14,UP01,repeated,13,143,7,8
TRPIND2511142ccc5ce9,2025-11-14,MP01,new,15,143,9,8
TRPJAI251114c4a1a8ae,2025-11-14,RJ01,repeated,26,349,7,9
TRPVAD2511144808361e,2025-11-14,GJ02,repeated,8,82,7,8
TRPLUC2511145a56164e,2025-11-14,UP01,repeated,9,107,5,8
TRPKOC251114b177ec94,2025-11-14,KL01,new,19,240,8,9
TRPIND2511146aa65757,2025-11-14,MP01,new,9,95,8,9
TRPJAI2511146c800dc4,2025-11-14,RJ01,repeated,25,337,8,10
TRPCHA251114a485b3c1,2025-11-14,CH01,repeated,22,224,7,7
TRPVIS251114b9e1e6ba,2025-11-14,AP01,repeated,12,135,7,8
TRPVIS2511142a9523d7,2025-11-14,AP01,repeated,16,171,7,10
TRPLUC25111466150bec,2025-11-14,UP01,repeated,8,98,7,7
TRPVIS251114ca6a0b1c,2025-11-14,AP01,repeated,15,162,7,10
TRPIND2511145ae304ba,2025-11-14,MP01,repeated,8,87,8,7
TRPKOC251114fe2dc398,2025-11-14,KL01,repeated,36,427,9,8
TRPVIS2511140dba4129,2025-11-14,AP01,new,12,135,9,10
TRPSUR2511144d254249,2025-11-14,GJ01,repeated,17,155,6,5
TRPLUC2511146974fc14,2025-11-14,UP01,repeated,11,125,6,6
TRPSUR251114023dba87,2025-11-14,GJ01,repeated,17,155,5,7
TRPLUC251114f8b239b7,2025-11-14,UP01,repeated,16,170,5,5
TRPVAD25111453fec10a,2025-11-14,GJ02,repeated,15,138,7,7
TRPKOC2511145f95962c,2025-11-14,KL01,repeated,30,361,9,9
TRPVAD25111480c7e67f,2025-11-14,GJ02,repeated,14,130,6,7
TRPVAD251114e70462bb,2025-11-14,GJ02,repeated,13,122,5,7
TRPJAI251114e7e632df,2025-11-14,RJ01,repeated,41,529,9,9
TRPIND2511141e4aec2e,2025-11-14,MP01,repeated,12,119,9,8
TRPVAD251114ffdabb08,2025-11-14,GJ02,new,5,58,8,6
TRPVAD2511146f0acc31,2025-11-14,GJ02,new,12,114,8,7
TRPVIS2511143dd2c989,2025-11-14,AP01,repeated,35,342,8,10
TRPKOC251114aaab6265,2025-11-14,KL01,new,35,416,8,9
TRPVAD2511141709dfec,2025-11-14,GJ02,new,11,106,7,7
TRPJAI2511147272ccf7,2025-11-14,RJ01,repeated,19,265,9,8
TRPLUC25111441c1b324,2025-11-14,UP01,repeated,5,71,7,8
TRPLUC25111413b49793,2025-11-14,UP01,repeated,9,107,5,5
TRPJAI251114003e87ef,2025-11-14,RJ01,repeated,39,505,7,8
TRPCHA2511144e794ef8,2025-11-14,CH01,repeated,28,278,8,9
TRPLUC251114b352cf30,2025-11-14,UP01,repeated,18,188,7,7
TRPKOC2511149d33198d,2025-11-14,KL01,repeated,34,405,7,8
TRPCOI251114993c79ae,2025-11-14,TN01,new,20,183,9,8
TRPLUC2511149f7ade92,2025-11-14,UP01,new,12,134,9,7
TRPLUC2511143ef627c8,2025-11-14,UP01,repeated,6,80,7,5
TRPSUR25111469d8d830,2025-11-14,GJ01,new,5,59,8,6
TRPJAI251114a173fb28,2025-11-14,RJ01,new,36,469,8,8
TRPIND2511141e155b9a,2025-11-14,MP01,new,17,159,8,8
TRPJAI25111492232324,2025-11-14,RJ01,new,27,361,8,8
TRPVAD251114b7a19683,2025-11-14,GJ02,repeated,18,162,7,8
TRPIND251114ccdb95f6,2025-11-14,MP01,repeated,20,183,7,9
TRPVAD251114efbaa062,2025-11-14,GJ02,repeated,17,154,7,6
TRPVAD25111416b6b4a6,2025-11-14,GJ02,repeated,8,82,7,8
TRPLUC251114bdfe9a18,2025-11-14,UP01,repeated,10,116,6,8
TRPSUR251114c74acee7,2025-11-14,GJ01,repeated,16,147,7,5
TRPKOC25111462a0de0e,2025-11-14,KL01,repeated,13,174,8,8
TRPKOC251114f98eb226,2025-11-14,KL01,new,36,427,9,10
TRPIND2511144c09f2af,2025-11-14,MP01,repeated,13,127,6,9
TRPLUC2511144ef8d9dc,2025-11-14,UP01,repeated,10,116,6,6
TRPCHA251114fa62b40d,2025-11-14,CH01,repeated,22,224,8,9
TRPVIS2511149e64bac8,2025-11-14,AP01,repeated,28,279,9,10
TRPVAD2511147290aa99,2025-11-14,GJ02,repeated,6,66,5,6
TRPJAI251114d0f935e9,2025-11-14,RJ01,repeated,23,313,9,9
TRPLUC251114c5d6f349,2025-11-14,UP01,repeated,18,188,7,8
TRPIND251114e43d0e20,2025-11-14,MP01,new,22,199,8,7
TRPLUC251114739f5a86,2025-11-14,UP01,repeated,6,80,7,7
TRPLUC251114aa83f548,2025-11-14,UP01,new,6,80,9,8
TRPKOC251114a95f6a13,2025-11-14,KL01,repeated,18,229,7,8
TRPLUC2511144ad421f0,2025-11-14,UP01,repeated,12,134,6,5
TRPLUC25111434af0f0a,2025-11-14,UP01,repeated,11,125,7,5
TRPLUC2511146ac7bd91,2025-11-14,UP01,new,18,188,9,8
TRPLUC25111433dfcaa1,2025-11-14,UP01,repeated,6,80,6,6
TRPJAI2511143e7e2ba3,2025-11-14,RJ01,new,45,577,8,9
TRPJAI2511140ed2a207,2025-11-14,RJ01,new,39,505,9,9
TRPIND2511147dd41a2b,2025-11-14,MP01,repeated,25,223,9,8
TRPKOC251114c7246479,2025-11-14,KL01,repeated,38,449,7,10
TRPLUC2511144ea1b043,2025-11-14,UP01,repeated,8,98,7,6
TRPCHA2511149eb6d2eb,2025-11-14,CH01,new,17,179,9,8
TRPLUC2511144a2cc122,2025-11-14,UP01,new,5,71,7,7
TRPSUR2511142b3b3f44,2025-11-14,GJ01,repeated,17,155,7,5
TRPVAD251114512b7f06,2025-11-14,GJ02,repeated,16,146,5,7
TRPKOC2511149dcfeb26,2025-11-14,KL01,new,28,339,10,9
TRPKOC251114a815bdd6,2025-11-14,KL01,repeated,25,306,7,9
TRPLUC251114cb50c46e,2025-11-14,UP01,repeated,13,143,5,6
TRPIND2511147537cd5f,2025-11-14,MP01,repeated,14,135,6,8
TRPCOI251114f7417360,2025-11-14,TN01,new,21,191,10,7
TRPJAI2511142dd97a64,2025-11-14,RJ01,new,34,445,10,9
TRPJAI251114e85fe4fa,2025-11-14,RJ01,new,25,337,8,8
TRPVIS251114a275730b,2025-11-14,AP01,repeated,18,189,9,9
TRPMYS25111402b09a4d,2025-11-14,KA01,new,18,215,9,8
TRPLUC25111445250db3,2025-11-14,UP01,repeated,13,143,7,8
TRPSUR251114ea2b893b,2025-11-14,GJ01,repeated,5,59,5,8
TRPSUR25111497f89f99,2025-11-14,GJ01,repeated,16,147,5,6
TRPLUC2511142b906e73,2025-11-14,UP01,repeated,10,116,6,6
TRPIND251114cb6bd9b4,2025-11-14,MP01,repeated,12,119,7,9
TRPSUR25111426ca092d,2025-11-14,GJ01,repeated,9,91,7,5
TRPVIS251114c8760fb8,2025-11-14,AP01,new,30,297,10,10
TRPKOC2511142e328934,2025-11-14,KL01,repeated,25,306,9,9
TRPVAD251114a0aa207c,2025-11-14,GJ02,repeated,15,138,7,8
TRPLUC251114e8cc083c,2025-11-14,UP01,repeated,10,116,6,5
TRPLUC2511149dfa6503,2025-11-14,UP01,repeated,6,80,6,7
TRPIND2511145bfea82e,2025-11-14,MP01,repeated,25,223,6,7
TRPVAD25111482cd4671,2025-11-14,GJ02,repeated,7,74,5,8
TRPKOC251114776c49ae,2025-11-14,KL01,new,15,196,10,8
TRPJAI251114752d5575,2025-11-14,RJ01,repeated,35,457,9,10
TRPVAD251114810104d3,2025-11-14,GJ02,new,12,114,9,8
TRPJAI251114c6b38d66,2025-11-14,RJ01,new,38,493,8,10
TRPVIS25111403e238cb,2025-11-14,AP01,repeated,32,315,8,9
TRPSUR2511147a4dc705,2025-11-14,GJ01,repeated,11,107,7,5
TRPJAI25111419f346e5,2025-11-14,RJ01,new,45,577,8,9
TRPJAI251114dff5a21b,2025-11-14,RJ01,repeated,22,301,8,9
TRPIND2511149b7688ee,2025-11-14,MP01,new,9,95,7,8
TRPLUC2511149c32eb86,2025-11-14,UP01,repeated,5,71,6,7
TRPIND25111484f35804,2025-11-14,MP01,repeated,18,167,6,6
TRPVAD251114e84680c4,2025-11-14,GJ02,repeated,7,74,5,7
TRPJAI251114ec34e855,2025-11-14,RJ01,new,29,385,8,10
TRPLUC251114a6535f85,2025-11-14,UP01,repeated,10,116,6,5
TRPSUR2511144a0f5864,2025-11-14,GJ01,repeated,10,99,7,8
TRPLUC2511143f568c54,2025-11-14,UP01,new,15,161,8,8
TRPCOI25111455e95689,2025-11-14,TN01,new,18,167,8,9
TRPSUR251114adbe8b11,2025-11-14,GJ01,repeated,15,139,7,8
TRPSUR25111429739daa,2025-11-14,GJ01,repeated,9,91,6,6
TRPLUC25111438d0ad84,2025-11-14,UP01,repeated,8,98,6,5
TRPLUC25111432b1c67c,2025-11-14,UP01,repeated,18,188,7,7
TRPCHA251114c9c224eb,2025-11-14,CH01,repeated,17,179,7,6
TRPLUC25111479741b5b,2025-11-14,UP01,repeated,6,80,6,8
TRPLUC25111457ba9dc9,2025-11-14,UP01,repeated,10,116,7,6
TRPJAI251114214a885e,2025-11-14,RJ01,new,40,517,10,8
TRPVIS2511141d120520,2025-11-14,AP01,repeated,13,144,7,10
TRPSUR2511144881e0b2,2025-11-14,GJ01,repeated,9,91,5,7
TRPSUR251114e56a14c4,2025-11-14,GJ01,repeated,9,91,5,6
TRPVAD251114da2cd21d,2025-11-14,GJ02,repeated,18,162,5,5
TRPIND2511141978598a,2025-11-14,MP01,repeated,17,159,8,7
TRPJAI251114c8f91e2b,2025-11-14,RJ01,new,44,565,10,9
TRPSUR25111437c89fa8,2025-11-14,GJ01,repeated,14,131,7,7
TRPCOI25111459794c74,2025-11-14,TN01,repeated,11,111,6,9
TRPVIS251114fcbc15d5,2025-11-14,AP01,repeated,11,126,8,8
TRPCHA251114e889b52b,2025-11-14,CH01,repeated,14,152,7,9
TRPVAD251114698e3e5e,2025-11-14,GJ02,repeated,7,74,6,7
TRPCHA251114ee2b88cb,2025-11-14,CH01,new,20,206,9,7
TRPSUR2511147c34f879,2025-11-14,GJ01,repeated,16,147,7,7
TRPLUC251114bef31d92,2025-11-14,UP01,repeated,15,161,6,6
TRPCOI251114985b5c9d,2025-11-14,TN01,repeated,19,175,8,6
TRPLUC251114793a0998,2025-11-14,UP01,repeated,5,71,7,5
TRPSUR251114e708cb87,2025-11-14,GJ01,repeated,5,59,7,6
TRPIND2511142f36463e,2025-11-14,MP01,repeated,9,95,6,8
TRPKOC25111477e02f5a,2025-11-14,KL01,repeated,19,240,7,9
TRPKOC251114132ff061,2025-11-14,KL01,repeated,30,361,9,9
TRPCHA25111474e9ed49,2025-11-14,CH01,repeated,26,260,6,9
TRPKOC2511143c9a7505,2025-11-14,KL01,repeated,10,141,9,9
TRPJAI2511149aae9179,2025-11-14,RJ01,repeated,26,349,7,8
TRPCOI251114e510c388,2025-11-14,TN01,new,8,87,7,7
TRPVAD251114cb7c70f0,2025-11-14,GJ02,repeated,6,66,7,5
TRPSUR251114ad2f27bc,2025-11-14,GJ01,repeated,8,83,7,5
TRPKOC251114ff0c2229,2025-11-14,KL01,new,24,295,9,10
TRPKOC2511143c18b4ca,2025-11-14,KL01,repeated,17,218,9,10
TRPKOC251114630c8c29,2025-11-14,KL01,repeated,24,295,9,10
TRPIND25111446a7a9d5,2025-11-14,MP01,repeated,10,103,6,7
TRPLUC251114d693fe86,2025-11-14,UP01,repeated,15,161,5,5
TRPSUR25111437590c67,2025-11-14,GJ01,repeated,8,83,5,5
TRPKOC2511148fc45e2f,2025-11-14,KL01,new,27,328,10,10
TRPSUR2511149876a30e,2025-11-14,GJ01,repeated,9,91,7,5
TRPKOC2511141a496f7d,2025-11-14,KL01,new,29,350,9,9
TRPLUC251114aa9d4ae1,2025-11-14,UP01,new,19,197,9,7
TRPKOC251114488fc7e5,2025-11-14,KL01,new,24,295,10,8
TRPLUC251114a78379fa,2025-11-14,UP01,repeated,12,134,7,7
TRPKOC2511143aba0699,2025-11-14,KL01,repeated,32,383,9,10
TRPSUR251114299bcc55,2025-11-14,GJ01,repeated,17,155,6,8
TRPIND251114b20ed82d,2025-11-14,MP01,repeated,16,151,8,7
TRPKOC251114c7967a36,2025-11-14,KL01,repeated,24,295,9,8
TRPVAD2511149a35aeee,2025-11-14,GJ02,repeated,15,138,7,5
TRPIND25111444c20b87,2025-11-14,MP01,repeated,21,191,8,8
TRPVAD251114bee7b466,2025-11-14,GJ02,repeated,18,162,7,6
TRPLUC251114933799b4,2025-11-14,UP01,repeated,18,188,5,7
TRPVAD251114448522ff,2025-11-14,GJ02,repeated,14,130,5,7
TRPCHA251114458c4f5d,2025-11-14,CH01,repeated,22,224,7,6
TRPKOC251114644d7a9b,2025-11-14,KL01,new,33,394,8,8
TRPVIS251114339febbb,2025-11-14,AP01,repeated,35,342,8,10
TRPJAI25111414795fb2,2025-11-14,RJ01,repeated,15,217,9,9
TRPLUC2511148ef760ed,2025-11-14,UP01,repeated,9,107,7,8
TRPLUC2511148384fbb2,2025-11-14,UP01,repeated,19,197,6,5
TRPJAI2511145c6e5a0e,2025-11-14,RJ01,new,27,361,8,9
TRPJAI251114c1e10a22,2025-11-14,RJ01,new,24,325,10,8
TRPLUC25111435ec3fa1,2025-11-14,UP01,repeated,9,107,7,6
TRPLUC251114b3af4318,2025-11-14,UP01,repeated,16,170,6,7
TRPSUR251114e26fd5e8,2025-11-14,GJ01,repeated,17,155,6,8
TRPVAD251114211426f0,2025-11-14,GJ02,repeated,8,82,5,8
TRPVAD25111430a7220c,2025-11-14,GJ02,repeated,18,162,7,8
TRPLUC251114537e17d8,2025-11-14,UP01,repeated,17,179,7,8
TRPLUC251114fff18f86,2025-11-14,UP01,repeated,14,152,5,7
TRPSUR2511142f9b8956,2025-11-14,GJ01,repeated,10,99,7,6
TRPLUC25111487c2edc9,2025-11-14,UP01,repeated,18,188,6,6
TRPKOC25111454ca904b,2025-11-14,KL01,repeated,34,405,7,8
TRPSUR2511144653788e,2025-11-14,GJ01,new,12,115,9,7
TRPCHA25111422014e22,2025-11-14,CH01,repeated,29,287,7,6
TRPVAD25111488adb318,2025-11-14,GJ02,new,10,98,9,8
TRPVIS251114b918beb2,2025-11-14,AP01,new,27,270,8,9
TRPVIS25111456dd1f7d,2025-11-14,AP01,repeated,31,306,7,9
TRPKOC25111485772e82,2025-11-14,KL01,repeated,21,262,7,10
TRPJAI251114618d14e3,2025-11-14,RJ01,repeated,39,505,7,8
TRPJAI2511145c8773b5,2025-11-14,RJ01,repeated,39,505,8,9
TRPLUC25111423b95fc3,2025-11-14,UP01,repeated,7,89,7,8
TRPIND2511140909326b,2025-11-14,MP01,repeated,8,87,6,8
TRPCOI2511146620cc9f,2025-11-14,TN01,repeated,8,87,8,6
TRPKOC251114f6b5c1a0,2025-11-14,KL01,repeated,10,141,9,10
TRPLUC2511146115c5e4,2025-11-14,UP01,repeated,5,71,6,8
TRPKOC25111401ba2a72,2025-11-14,KL01,repeated,28,339,8,8
TRPKOC251114a217959b,2025-11-14,KL01,repeated,18,229,7,9
TRPCOI251114aa8d4f9b,2025-11-14,TN01,new,10,103,7,8
TRPKOC2511148563f88b,2025-11-14,KL01,repeated,24,295,7,10
TRPCHA251114855819e7,2025-11-14,CH01,new,28,278,7,9
TRPLUC2511145a123648,2025-11-14,UP01,repeated,14,152,5,7
TRPKOC251114af9c3365,2025-11-14,KL01,repeated,21,262,8,10
TRPVIS2511144abf41c5,2025-11-14,AP01,new,29,288,9,8
TRPCHA251114cf6c17cd,2025-11-14,CH01,repeated,18,188,9,6
TRPCOI2511142544e5b8,2025-11-14,TN01,repeated,19,175,8,9
TRPKOC2511147cb05354,2025-11-14,KL01,new,18,229,9,8
TRPJAI251114a50a7306,2025-11-14,RJ01,repeated,21,289,8,9
TRPSUR2511143d462972,2025-11-14,GJ01,repeated,13,123,6,8
TRPSUR251114b30903ad,2025-11-14,GJ01,repeated,5,59,5,6
TRPJAI25111432b988e7,2025-11-14,RJ01,new,29,385,8,8
TRPKOC2511146aa9454f,2025-11-14,KL01,repeated,10,141,8,9
TRPSUR2511149dc12336,2025-11-14,GJ01,repeated,10,99,7,5
TRPSUR25111495f323ec,2025-11-14,GJ01,repeated,10,99,7,5
TRPKOC251114852315ca,2025-11-14,KL01,repeated,20,251,9,8
TRPLUC25111445cd2999,2025-11-14,UP01,repeated,11,125,5,5
TRPKOC251114c322a71d,2025-11-14,KL01,new,17,218,8,9
TRPLUC25111472a23e2e,2025-11-14,UP01,new,16,170,9,7
TRPIND251114517389f9,2025-11-14,MP01,repeated,14,135,8,7
TRPCOI251114d9c9eb56,2025-11-14,TN01,repeated,13,127,7,7
TRPVAD251114d4518fff,2025-11-14,GJ02,repeated,15,138,6,6
TRPVAD2511146ae9b5b4,2025-11-14,GJ02,repeated,5,58,7,5
TRPVIS251114501ab3fd,2025-11-14,AP01,new,26,261,8,10
TRPCOI251114aef9ebec,2025-11-14,TN01,repeated,18,167,8,8
TRPJAI251114ece210cd,2025-11-14,RJ01,repeated,41,529,8,10
TRPVAD2511147c00839c,2025-11-14,GJ02,repeated,5,58,7,6
TRPKOC251114f333c82f,2025-11-14,KL01,new,21,262,10,8
TRPIND251114c54dc880,2025-11-14,MP01,repeated,23,207,9,6
TRPMYS251114931bcbde,2025-11-14,KA01,new,25,285,9,8
TRPSUR25111401e9b77a,2025-11-14,GJ01,repeated,6,67,6,5
TRPKOC2511144ebe089f,2025-11-14,KL01,repeated,35,416,7,10
TRPIND25111453c26c9b,2025-11-14,MP01,repeated,21,191,7,6
TRPSUR251114ce3661e3,2025-11-14,GJ01,repeated,8,83,7,8
TRPLUC251114efe7ed3f,2025-11-14,UP01,repeated,16,170,5,8
TRPLUC2511144c6cccf8,2025-11-14,UP01,repeated,5,71,7,7
TRPJAI25111412a8fc75,2025-11-14,RJ01,new,15,217,8,8
TRPSUR251114958e638f,2025-11-14,GJ01,repeated,5,59,6,7
TRPKOC25111497a5bc40,2025-11-14,KL01,new,30,361,10,9
TRPKOC25111420b25e7a,2025-11-14,KL01,repeated,14,185,8,8
TRPSUR2511144c20c9bb,2025-11-14,GJ01,new,15,139,9,6
TRPLUC251114ce71bbdb,2025-11-14,UP01,repeated,7,89,7,8
TRPVAD25111467469a73,2025-11-14,GJ02,new,8,82,8,8
TRPJAI25111473956d7f,2025-11-14,RJ01,new,25,337,10,8
TRPJAI251114a96e4c55,2025-11-14,RJ01,new,16,229,8,10
TRPVAD2511146b7d695e,2025-11-14,GJ02,repeated,6,66,5,5
TRPJAI2511143ec9d72b,2025-11-14,RJ01,repeated,20,277,7,9
TRPJAI251114bb465374,2025-11-14,RJ01,repeated,26,349,9,10
TRPJAI251114544ef9bd,2025-11-14,RJ01,new,34,445,9,10
TRPLUC2511144a23e2e0,2025-11-14,UP01,repeated,14,152,7,5
TRPMYS2511143a180aef,2025-11-14,KA01,repeated,14,175,8,9
TRPKOC2511146755147c,2025-11-14,KL01,repeated,17,218,9,10
TRPCHA25111492db5e2d,2025-11-14,CH01,repeated,24,242,7,9
TRPKOC2511145121c806,2025-11-14,KL01,repeated,14,185,7,9
TRPLUC2511140f6f508a,2025-11-14,UP01,repeated,9,107,5,7
TRPLUC251114b5970b30,2025-11-14,UP01,repeated,19,197,6,8
TRPLUC25111483634ba6,2025-11-14,UP01,repeated,14,152,7,8
TRPJAI2511144e7cf554,2025-11-14,RJ01,repeated,33,433,7,9
TRPSUR251114d47a75fd,2025-11-14,GJ01,repeated,16,147,5,5
TRPSUR251114bef2f762,2025-11-14,GJ01,repeated,7,75,6,7
TRPSUR25111452754c73,2025-11-14,GJ01,repeated,6,67,6,6
TRPLUC251114fc66b763,2025-11-14,UP01,repeated,12,134,7,6
TRPLUC25111421666eea,2025-11-14,UP01,repeated,12,134,5,7
TRPLUC251114a3429186,2025-11-14,UP01,repeated,20,206,7,8
TRPKOC251114cbfe4b16,2025-11-14,KL01,new,14,185,9,9
TRPVAD25111483c6f1ff,2025-11-14,GJ02,repeated,8,82,5,8
TRPLUC251114f02336a6,2025-11-14,UP01,repeated,6,80,6,8
TRPLUC251114225fec19,2025-11-14,UP01,repeated,18,188,5,6
TRPVIS2511143d209365,2025-11-14,AP01,repeated,28,279,7,10
TRPSUR25111420b94742,2025-11-14,GJ01,new,12,115,7,6
TRPLUC2511145f84f2d3,2025-11-14,UP01,new,14,152,7,7
TRPLUC251114f6285b85,2025-11-14,UP01,repeated,14,152,5,8
TRPJAI251114f0b149f2,2025-11-14,RJ01,repeated,41,529,9,8
TRPLUC25111404027750,2025-11-14,UP01,new,19,197,7,7
TRPCOI2511146a6ffe0b,2025-11-14,TN01,repeated,19,175,8,7
TRPKOC251114e75f038d,2025-11-14,KL01,repeated,26,317,7,10
TRPVAD251114ef8f3b88,2025-11-14,GJ02,new,9,90,8,6
TRPMYS251114669e31b5,2025-11-14,KA01,new,8,115,9,8
TRPCOI2511142567dfec,2025-11-14,TN01,repeated,16,151,8,8
TRPSUR251114d415c956,2025-11-14,GJ01,repeated,14,131,5,6
TRPJAI251114e324a395,2025-11-14,RJ01,new,23,313,9,9
TRPKOC2511148df7f5ae,2025-11-14,KL01,new,35,416,10,9
TRPJAI25111456bb0886,2025-11-14,RJ01,repeated,16,229,8,8
TRPIND251114d205d608,2025-11-14,MP01,repeated,18,167,9,8
TRPSUR2511140cf81545,2025-11-14,GJ01,repeated,12,115,7,6
TRPCHA251114313c814a,2025-11-14,CH01,repeated,33,323,9,9
TRPLUC251114db69249b,2025-11-14,UP01,new,19,197,9,7
TRPCHA25111480acf591,2025-11-14,CH01,repeated,19,197,6,9
TRPIND2511146f6989cb,2025-11-14,MP01,new,20,183,9,9
TRPCHA2511141ef0dd68,2025-11-14,CH01,repeated,30,296,6,6
TRPIND25111417038349,2025-11-14,MP01,repeated,14,135,8,8
TRPJAI2511148990be67,2025-11-14,RJ01,new,21,289,10,9
TRPVAD2511146305efd3,2025-11-14,GJ02,repeated,18,162,5,6
TRPVAD251114bb7bfd35,2025-11-14,GJ02,repeated,15,138,7,7
TRPSUR251114c6be7c56,2025-11-14,GJ01,repeated,13,123,6,7
TRPLUC25111424ebb850,2025-11-14,UP01,repeated,14,152,7,7
TRPLUC251114e44800a7,2025-11-14,UP01,repeated,13,143,5,5
TRPIND25111461113a5d,2025-11-14,MP01,new,12,119,7,8
TRPVIS251114f854a466,2025-11-14,AP01,new,13,144,9,10
TRPVIS251114b0c080fb,2025-11-14,AP01,repeated,28,279,9,8
TRPCHA251114babc2448,2025-11-14,CH01,new,32,314,8,9
TRPKOC251114469c1a8b,2025-11-14,KL01,new,29,350,9,9
TRPIND251114daaafd07,2025-11-14,MP01,repeated,15,143,9,9
TRPJAI25111479ad4e35,2025-11-14,RJ01,repeated,31,409,9,8
TRPVIS251114fcd811eb,2025-11-14,AP01,repeated,27,270,9,8
TRPJAI251114d5ce08bc,2025-11-14,RJ01,repeated,28,373,9,9
TRPLUC251114941ffd4d,2025-11-14,UP01,repeated,7,89,5,6
TRPCOI251114eeca4c23,2025-11-14,TN01,repeated,19,175,6,7
TRPSUR251114a12a09c5,2025-11-14,GJ01,repeated,15,139,6,8
TRPSUR251114e2e7240c,2025-11-14,GJ01,repeated,16,147,6,5
TRPLUC251114bd0ac91f,2025-11-14,UP01,repeated,8,98,7,5
TRPKOC251114f6cea13f,2025-11-14,KL01,repeated,30,361,8,9
TRPSUR2511141c0e7e35,2025-11-14,GJ01,repeated,11,107,7,5
TRPVAD251114d2a34589,2025-11-14,GJ02,new,6,66,8,6
TRPVIS2511149315599d,2025-11-14,AP01,repeated,23,234,7,10
TRPCOI25111460a270ea,2025-11-14,TN01,repeated,14,135,7,9
TRPVAD25111406ea4695,2025-11-14,GJ02,new,5,58,7,6
TRPJAI251114094a5f75,2025-11-14,RJ01,repeated,27,361,7,10
TRPCHA25111454f1f0d6,2025-11-14,CH01,repeated,31,305,9,9
TRPJAI251114633f1574,2025-11-14,RJ01,new,36,469,8,8
TRPSUR2511145e148fa7,2025-11-14,GJ01,repeated,13,123,6,5
TRPSUR251114413a7006,2025-11-14,GJ01,repeated,17,155,7,5
TRPLUC251114a4dfc80c,2025-11-14,UP01,repeated,9,107,6,8
TRPVIS251114222ac543,2025-11-14,AP01,new,18,189,8,9
TRPKOC251114db3c63b8,2025-11-14,KL01,repeated,29,350,7,9
TRPKOC25111424897642,2025-11-14,KL01,new,35,416,9,10
TRPVAD251114c9a80173,2025-11-14,GJ02,repeated,12,114,6,8
TRPVIS251114c0cd2b87,2025-11-14,AP01,repeated,18,189,7,8
TRPLUC2511149eb701f4,2025-11-14,UP01,repeated,12,134,6,7
TRPVIS251114c9e0b11f,2025-11-14,AP01,repeated,32,315,7,10
TRPSUR2511142b0fae85,2025-11-14,GJ01,new,5,59,8,7
TRPCOI2511148e33f866,2025-11-14,TN01,repeated,12,119,8,8
TRPLUC251114f2e44d08,2025-11-14,UP01,repeated,6,80,5,5
TRPVIS25111406f90baf,2025-11-14,AP01,repeated,15,162,7,9
TRPVAD251114d73d741a,2025-11-14,GJ02,repeated,13,122,5,7
TRPCHA2511143594ccf1,2025-11-14,CH01,repeated,27,269,7,6
TRPLUC2511143df3006d,2025-11-14,UP01,new,20,206,7,6
TRPLUC251114fbd35785,2025-11-14,UP01,repeated,14,152,6,6
TRPLUC251114e7c0ef5d,2025-11-14,UP01,repeated,11,125,5,5
TRPLUC25111455d3af86,2025-11-14,UP01,repeated,14,152,7,8
TRPSUR251114b6a869dd,2025-11-14,GJ01,repeated,17,155,7,7
TRPVAD251114902811e8,2025-11-14,GJ02,new,5,58,9,6
TRPSUR251114e85c5275,2025-11-14,GJ01,repeated,11,107,5,5
TRPKOC25111420aff5fe,2025-11-14,KL01,repeated,37,438,9,9
TRPCHA251114284e9284,2025-11-14,CH01,repeated,21,215,8,9
TRPVAD251114901e6f28,2025-11-14,GJ02,repeated,14,130,7,7
TRPKOC2511141f48abee,2025-11-14,KL01,repeated,15,196,9,9
TRPLUC251114ed73ff1f,2025-11-14,UP01,repeated,6,80,5,5
TRPLUC251114a829deca,2025-11-14,UP01,repeated,16,170,5,5
TRPLUC2511144f752152,2025-11-14,UP01,repeated,20,206,6,8
TRPSUR2511149da019d1,2025-11-14,GJ01,repeated,5,59,6,8
TRPJAI251114c7763290,2025-11-14,RJ01,repeated,35,457,7,9
TRPIND25111484bb012f,2025-11-14,MP01,repeated,21,191,7,6
TRPJAI251114e309ea9d,2025-11-14,RJ01,repeated,21,289,9,9
TRPJAI251114a9b7c0db,2025-11-14,RJ01,new,45,577,8,10
TRPVAD251114a66fa6e3,2025-11-14,GJ02,repeated,15,138,7,7
TRPJAI251114b7663b02,2025-11-14,RJ01,repeated,24,325,7,8
TRPCHA251114223ae0c7,2025-11-14,CH01,new,22,224,10,7
TRPSUR251114d896b5d7,2025-11-14,GJ01,repeated,12,115,7,8
TRPVAD2511149b0406dd,2025-11-14,GJ02,repeated,17,154,6,6
TRPKOC2511140c8d21c0,2025-11-14,KL01,new,14,185,8,10
TRPLUC2511142935d2b2,2025-11-14,UP01,repeated,16,170,5,7
TRPIND251114643d65fc,2025-11-14,MP01,repeated,12,119,8,9
TRPVIS2511140521efb8,2025-11-14,AP01,new,17,180,9,8
TRPSUR251114d1908168,2025-11-14,GJ01,new,16,147,8,7
TRPCOI25111414b1f2dc,2025-11-14,TN01,repeated,22,199,8,6
TRPVIS2511148ef7fd27,2025-11-14,AP01,new,24,243,8,9
TRPIND251114928ef686,2025-11-14,MP01,new,10,103,10,9
TRPLUC251114615964f0,2025-11-14,UP01,repeated,12,134,7,7
TRPJAI251114056a570e,2025-11-14,RJ01,repeated,22,301,7,10
TRPCOI251114f05faf93,2025-11-14,TN01,repeated,22,199,8,6
TRPIND25111498973aeb,2025-11-14,MP01,new,17,159,10,9
TRPSUR25111440da0c2d,2025-11-14,GJ01,repeated,15,139,6,8
TRPKOC2511146dde7f62,2025-11-14,KL01,repeated,28,339,7,9
TRPJAI251114622c8bf2,2025-11-14,RJ01,repeated,27,361,9,9
TRPVAD2511149d054aaf,2025-11-14,GJ02,repeated,12,114,5,8
TRPSUR2511144f0060c8,2025-11-14,GJ01,repeated,12,115,2,4
TRPIND2511142dedd718,2025-11-14,MP01,repeated,11,111,7,9
TRPCHA2511141869cff1,2025-11-14,CH01,new,22,224,9,9
TRPLUC251114f4ec63d8,2025-11-14,UP01,repeated,13,143,6,6
TRPSUR251114af4b70e6,2025-11-14,GJ01,repeated,9,91,6,5
TRPCHA2511144038ddb9,2025-11-14,CH01,new,12,134,8,9
TRPVIS2511140391ca3b,2025-11-14,AP01,new,19,198,10,9
TRPCHA25111431e82b20,2025-11-14,CH01,repeated,14,152,6,6
TRPLUC251114e4e16d1b,2025-11-14,UP01,repeated,18,188,5,7
TRPLUC251114eec68220,2025-11-14,UP01,repeated,17,179,7,8
TRPIND2511143eb29d03,2025-11-14,MP01,repeated,20,183,6,9
TRPLUC2511149b25d6c0,2025-11-14,UP01,repeated,6,80,5,8
TRPSUR251114598911bb,2025-11-14,GJ01,repeated,7,75,7,6
TRPJAI251114367293cf,2025-11-14,RJ01,repeated,35,457,8,10
TRPKOC251114dde9883f,2025-11-14,KL01,new,35,416,8,9
TRPVIS251114b6dbabeb,2025-11-14,AP01,repeated,34,333,9,9
TRPSUR251114a44f237a,2025-11-14,GJ01,repeated,8,83,5,5
TRPVIS251114b43b552a,2025-11-14,AP01,repeated,24,243,7,9
TRPKOC2511144c95975a,2025-11-14,KL01,repeated,26,317,9,9
TRPLUC251114d8cc5f1b,2025-11-14,UP01,repeated,18,188,5,6
TRPSUR25111423148645,2025-11-14,GJ01,repeated,8,83,7,7
TRPVAD2511149c249981,2025-11-14,GJ02,repeated,14,130,6,8
TRPCHA25111417440054,2025-11-14,CH01,repeated,25,251,9,6
TRPLUC2511146cd2b4ae,2025-11-14,UP01,repeated,19,197,7,6
TRPLUC25111483ff23ff,2025-11-14,UP01,repeated,8,98,6,8
TRPLUC251114aef02f2d,2025-11-14,UP01,repeated,7,89,7,8
TRPKOC2511144a5c237b,2025-11-14,KL01,repeated,36,427,8,10
TRPIND2511141cbd7127,2025-11-14,MP01,repeated,20,183,7,7
TRPSUR25111499432823,2025-11-14,GJ01,repeated,17,155,6,5
TRPSUR251114ab467f38,2025-11-14,GJ01,repeated,10,99,5,6
TRPCHA251114f12c4a52,2025-11-14,CH01,new,23,233,9,9
TRPVIS251114c3d4a662,2025-11-14,AP01,repeated,31,306,7,10
TRPLUC2511149730d1ed,2025-11-14,UP01,repeated,11,125,7,7
TRPSUR251114a12040e7,2025-11-14,GJ01,repeated,11,107,7,5
TRPLUC25111484c7fe08,2025-11-14,UP01,repeated,17,179,5,5
TRPSUR251114507b180d,2025-11-14,GJ01,repeated,11,107,6,6
TRPKOC251114413e3e28,2025-11-14,KL01,repeated,21,262,7,8
TRPIND251114d0323831,2025-11-14,MP01,new,11,111,9,9
TRPMYS25111424a0e8c7,2025-11-14,KA01,new,14,175,10,9
TRPVAD251114daaf4e3d,2025-11-14,GJ02,repeated,16,146,5,5
TRPCHA2511143c3eb55d,2025-11-14,CH01,repeated,35,341,8,8
TRPVAD251114e4650fc5,2025-11-14,GJ02,repeated,13,122,6,5
TRPVAD25111490c46a4b,2025-11-14,GJ02,repeated,17,154,5,8
TRPSUR251114675c6a6c,2025-11-14,GJ01,repeated,5,59,5,7
TRPSUR251114235e4b1b,2025-11-14,GJ01,repeated,9,91,5,6
TRPLUC251114b5ae4ab0,2025-11-14,UP01,repeated,15,161,6,7
TRPIND25111499006fd6,2025-11-14,MP01,repeated,11,111,7,9
TRPJAI251114c075acd6,2025-11-14,RJ01,repeated,45,577,8,10
TRPCHA25111420d22d6d,2025-11-14,CH01,new,30,296,8,7
TRPKOC2511145e63a672,2025-11-14,KL01,new,16,207,9,10
TRPVIS251114027e43da,2025-11-14,AP01,repeated,26,261,7,8
TRPKOC251114cf46147c,2025-11-14,KL01,new,29,350,10,8
TRPJAI2511143ac4abb9,2025-11-14,RJ01,repeated,39,505,8,9
TRPLUC251114487d6744,2025-11-14,UP01,repeated,9,107,6,8
TRPJAI2511140696ca92,2025-11-14,RJ01,repeated,38,493,9,8
TRPVIS251114db462675,2025-11-14,AP01,new,21,216,9,10
TRPLUC2511141edae0de,2025-11-14,UP01,new,8,98,8,7
TRPKOC2511143cc3a7ba,2025-11-14,KL01,new,26,317,10,9
TRPSUR251114b92b0f8f,2025-11-14,GJ01,new,5,59,8,8
TRPLUC251114660899ac,2025-11-14,UP01,repeated,15,161,6,5
TRPLUC251114683b7e0b,2025-11-14,UP01,new,8,98,9,8
TRPLUC2511142bb8423e,2025-11-14,UP01,repeated,12,134,5,8
TRPLUC2511141cffa2c7,2025-11-14,UP01,repeated,16,170,6,6
TRPSUR2511141464a906,2025-11-14,GJ01,repeated,13,123,6,7
TRPCHA2511144c988313,2025-11-14,CH01,new,16,170,7,7
TRPSUR2511143d8d64a2,2025-11-14,GJ01,repeated,14,131,6,7
TRPVIS2511148b11d8a2,2025-11-14,AP01,new,16,171,10,9
TRPSUR25111478304a30,2025-11-14,GJ01,repeated,8,83,5,6
TRPIND251114cf9b1b5d,2025-11-14,MP01,repeated,18,167,8,9
TRPSUR2511141cb7176c,2025-11-14,GJ01,repeated,16,147,6,6
TRPLUC251114222aef46,2025-11-14,UP01,repeated,10,116,7,8
TRPSUR251114f8629bce,2025-11-14,GJ01,repeated,12,115,7,5
TRPJAI2511140ff8804b,2025-11-14,RJ01,repeated,24,325,9,9
TRPKOC251114e99762f3,2025-11-14,KL01,repeated,32,383,7,8
TRPMYS251114b0241ad0,2025-11-14,KA01,repeated,13,165,8,9
TRPLUC251114fba4be41,2025-11-14,UP01,repeated,9,107,5,5
TRPKOC251114736d5672,2025-11-14,KL01,repeated,20,251,7,10
TRPCHA2511148d26160c,2025-11-14,CH01,repeated,14,152,6,8
TRPJAI2511149ef463f1,2025-11-14,RJ01,new,37,481,9,10
TRPJAI251114a16bd178,2025-11-14,RJ01,repeated,38,493,8,9
TRPLUC2511143ab562f0,2025-11-14,UP01,repeated,19,197,5,5
TRPVIS25111433835b22,2025-11-14,AP01,repeated,32,315,8,10
TRPSUR25111473ee0b5a,2025-11-14,GJ01,repeated,5,59,5,8
TRPMYS251114a8704c90,2025-11-14,KA01,new,10,135,9,8
TRPMYS25111480acbbcd,2025-11-14,KA01,new,25,285,9,10
TRPKOC251114ccd16ff4,2025-11-14,KL01,repeated,35,416,9,10
TRPJAI25111483a5e96a,2025-11-14,RJ01,new,39,505,10,9
TRPJAI251114c1bf7f7b,2025-11-14,RJ01,new,27,361,8,8
TRPVAD2511142063e681,2025-11-14,GJ02,repeated,10,98,7,7
TRPLUC251114e4d76a9c,2025-11-14,UP01,repeated,15,161,6,5
TRPJAI251114def892d6,2025-11-14,RJ01,new,22,301,10,10
TRPVAD251114d661eaa3,2025-11-14,GJ02,new,8,82,7,6
TRPKOC25111480e13d5f,2025-11-14,KL01,new,19,240,8,10
TRPLUC251114975a657f,2025-11-14,UP01,repeated,12,134,6,7
TRPJAI251114ba583a93,2025-11-14,RJ01,repeated,24,325,8,10
TRPVAD2511141183b42b,2025-11-14,GJ02,new,14,130,9,7
TRPVAD2511143bab9e62,2025-11-14,GJ02,new,16,146,7,8
TRPVAD251114d1b27764,2025-11-14,GJ02,repeated,11,106,7,6
TRPLUC251114b4020d10,2025-11-14,UP01,repeated,6,80,7,5
TRPSUR2511145677fe13,2025-11-14,GJ01,repeated,6,67,6,7
TRPJAI2511141880646b,2025-11-14,RJ01,new,45,577,9,10
TRPJAI25111422576497,2025-11-14,RJ01,new,31,409,9,10
TRPMYS2511144b63baff,2025-11-14,KA01,repeated,12,155,7,8
TRPSUR251114a0bb41d9,2025-11-14,GJ01,new,14,131,7,6
TRPCOI251114d6d341be,2025-11-14,TN01,repeated,21,191,9,6
TRPCHA25111421f05e62,2025-11-14,CH01,new,26,260,9,7
TRPSUR25111455f110cf,2025-11-14,GJ01,repeated,17,155,7,7
TRPKOC251114dfd5ab70,2025-11-14,KL01,repeated,36,427,7,9
TRPLUC251114cc391a23,2025-11-14,UP01,repeated,5,71,5,5
TRPCOI251114428f9dda,2025-11-14,TN01,repeated,12,119,7,6
TRPLUC251114abb9f973,2025-11-14,UP01,new,10,116,8,6
TRPLUC2511143834d6b4,2025-11-14,UP01,repeated,19,197,7,7
TRPCHA25111478754b86,2025-11-14,CH01,new,14,152,8,9
TRPLUC251114b264c8f5,2025-11-14,UP01,new,19,197,8,8
TRPSUR25111464fac0fd,2025-11-14,GJ01,repeated,9,91,7,5
TRPVIS251114a488f637,2025-11-14,AP01,new,19,198,10,10
TRPVAD2511141209072b,2025-11-14,GJ02,repeated,10,98,7,6
TRPJAI251114e1313b23,2025-11-14,RJ01,new,35,457,10,8
TRPCHA251114df8f7543,2025-11-14,CH01,new,27,269,8,7
TRPLUC251114e8f99ab2,2025-11-14,UP01,new,9,107,9,8
TRPMYS251114daba6008,2025-11-14,KA01,repeated,21,245,9,9
TRPSUR251114e61ffa3c,2025-11-14,GJ01,repeated,7,75,5,7
TRPCOI251114d39251a6,2025-11-14,TN01,repeated,16,151,6,9
TRPIND25111460f1d95f,2025-11-14,MP01,repeated,17,159,8,9
TRPCHA25111403a5f912,2025-11-14,CH01,repeated,23,233,9,6
TRPIND251114e535417e,2025-11-14,MP01,repeated,25,223,8,7
TRPLUC25111466b4df09,2025-11-14,UP01,repeated,11,125,7,5
TRPLUC251114832ab1d6,2025-11-14,UP01,repeated,8,98,7,7
TRPKOC25111493cc78cd,2025-11-14,KL01,new,14,185,10,10
TRPVAD2511142d7b99ae,2025-11-14,GJ02,repeated,13,122,6,6
TRPLUC251114065a955f,2025-11-14,UP01,repeated,19,197,7,7
TRPSUR25111439882f9e,2025-11-14,GJ01,repeated,5,59,5,8
TRPSUR251114b59910ac,2025-11-14,GJ01,repeated,6,67,7,5
TRPLUC2511146c933c4a,2025-11-14,UP01,repeated,8,98,7,7
TRPIND25111410fcb646,2025-11-14,MP01,repeated,19,175,6,8
TRPJAI2511140daae8bf,2025-11-14,RJ01,repeated,16,229,7,8
TRPVIS2511149164ab4b,2025-11-14,AP01,repeated,27,270,8,10
TRPLUC25111429aa4686,2025-11-14,UP01,repeated,8,98,6,7
TRPSUR2511143fa74f0d,2025-11-14,GJ01,repeated,12,115,6,7
TRPLUC251114b84561b2,2025-11-14,UP01,repeated,15,161,5,8
TRPSUR2511143fcb716f,2025-11-14,GJ01,repeated,14,131,7,5
TRPIND251114bf07ea00,2025-11-14,MP01,repeated,16,151,9,8
TRPCHA251114caa9e6e6,2025-11-14,CH01,repeated,27,269,6,8
TRPLUC2511147c6ac93c,2025-11-14,UP01,repeated,17,179,7,7
TRPJAI251114f579964e,2025-11-14,RJ01,repeated,25,337,7,9
TRPSUR2511148a6db8a9,2025-11-14,GJ01,repeated,5,59,5,8
TRPLUC2511145855fd80,2025-11-14,UP01,new,16,170,8,6
TRPCOI25111466ec32a1,2025-11-14,TN01,repeated,12,119,9,9
TRPIND251114a6ba5861,2025-11-14,MP01,new,8,87,1,4
TRPLUC2511149c6e7ea0,2025-11-14,UP01,new,19,197,9,7
TRPLUC25111430b68599,2025-11-14,UP01,repeated,10,116,7,6
TRPSUR251114baa9c7cd,2025-11-14,GJ01,repeated,10,99,5,8
TRPKOC25111471d85f98,2025-11-14,KL01,new,18,229,8,9
TRPCHA251114d7025106,2025-11-14,CH01,repeated,31,305,7,6
TRPLUC25111448740225,2025-11-14,UP01,repeated,14,152,6,7
TRPLUC251114d79b4d49,2025-11-14,UP01,repeated,13,143,7,7
TRPJAI2511146deca688,2025-11-14,RJ01,repeated,41,529,9,9
TRPCOI251114a98148c5,2025-11-14,TN01,repeated,21,191,8,9
TRPLUC2511147e8894a2,2025-11-14,UP01,repeated,13,143,6,6
TRPCOI25111460658870,2025-11-14,TN01,repeated,11,111,6,7
TRPIND251114e8bbf5f1,2025-11-14,MP01,repeated,20,183,7,9
TRPVIS251114659e5545,2025-11-14,AP01,repeated,21,216,7,10
TRPKOC251114415d4cc9,2025-11-14,KL01,new,14,185,8,10
TRPKOC2511147848f82f,2025-11-14,KL01,new,37,438,10,9
TRPVAD2511145b20b638,2025-11-14,GJ02,repeated,14,130,5,7
TRPSUR251114d1973e6b,2025-11-14,GJ01,repeated,13,123,6,5
TRPSUR25111476d28034,2025-11-14,GJ01,repeated,6,67,5,6
TRPLUC2511144b9e5385,2025-11-14,UP01,repeated,10,116,7,5
TRPLUC2511140390d25a,2025-11-14,UP01,repeated,8,98,6,7
TRPVIS251114e21e57ac,2025-11-14,AP01,repeated,12,135,8,8
TRPLUC2511148a135e7c,2025-11-14,UP01,repeated,19,197,7,8
TRPIND251114981cd670,2025-11-14,MP01,repeated,18,167,9,9
TRPKOC2511145ce41853,2025-11-14,KL01,repeated,32,383,9,9
TRPIND2511149a006c13,2025-11-14,MP01,repeated,25,223,7,7
TRPLUC2511147d3ffd25,2025-11-14,UP01,repeated,15,161,6,7
TRPJAI2511143b073db7,2025-11-14,RJ01,repeated,22,301,7,8
TRPIND25111458d7c875,2025-11-14,MP01,new,9,95,9,9
TRPLUC25111483ec8ff9,2025-11-14,UP01,repeated,5,71,6,5
TRPSUR251114b0741cb0,2025-11-14,GJ01,repeated,8,83,5,5
TRPCOI25111453e1bc3e,2025-11-14,TN01,new,22,199,9,8
TRPKOC251114a0e1112b,2025-11-14,KL01,repeated,28,339,8,8
TRPLUC2511141a798f39,2025-11-14,UP01,new,17,179,8,7
TRPIND25111499f5c4f8,2025-11-14,MP01,repeated,12,119,9,8
TRPIND2511149108caaf,2025-11-14,MP01,repeated,20,183,6,9
TRPLUC2511145ae24f61,2025-11-14,UP01,repeated,6,80,6,8
TRPSUR2511143dde1cea,2025-11-14,GJ01,repeated,8,83,5,6
TRPVIS2511141b9b75c9,2025-11-14,AP01,repeated,11,126,8,9
TRPCHA251114057a4718,2025-11-14,CH01,repeated,16,170,7,6
TRPSUR2511143bbb72d4,2025-11-14,GJ01,repeated,17,155,5,8
TRPLUC251114e609871c,2025-11-14,UP01,repeated,10,116,5,5
TRPIND25111434bc5d16,2025-11-14,MP01,new,8,87,10,9
TRPKOC25111420445f7f,2025-11-14,KL01,new,33,394,9,8
TRPLUC251114e406c6f0,2025-11-14,UP01,repeated,9,107,5,8
TRPLUC25111479aef4e5,2025-11-14,UP01,new,8,98,8,7
TRPJAI251114c745731c,2025-11-14,RJ01,repeated,39,505,9,10
TRPLUC251114f88425c8,2025-11-14,UP01,repeated,13,143,7,7
TRPLUC2511147cf08e45,2025-11-14,UP01,repeated,9,107,5,6
TRPSUR25111499de482d,2025-11-14,GJ01,repeated,5,59,7,6
TRPIND2511149ac6c069,2025-11-14,MP01,repeated,14,135,9,6
TRPKOC251114b6a0fba6,2025-11-14,KL01,repeated,19,240,7,10
TRPKOC2511149177fcd0,2025-11-14,KL01,repeated,28,339,7,8
TRPVAD2511142f10b581,2025-11-14,GJ02,repeated,17,154,6,7
TRPKOC251114904b3caa,2025-11-14,KL01,repeated,15,196,8,10
TRPLUC2511143ffc77d1,2025-11-14,UP01,repeated,8,98,6,6
TRPSUR2511148aaf9a5d,2025-11-14,GJ01,repeated,9,91,5,5
TRPSUR251114cf054f09,2025-11-14,GJ01,repeated,8,83,5,8
TRPIND25111400cea7c2,2025-11-14,MP01,repeated,18,167,9,6
TRPIND251114a93bfde1,2025-11-14,MP01,new,22,199,7,9
TRPLUC251114080fc3bf,2025-11-14,UP01,repeated,9,107,7,6
TRPJAI251114096092ff,2025-11-14,RJ01,new,42,541,10,8
TRPIND251114b3cc9a15,2025-11-14,MP01,repeated,19,175,7,9
TRPIND2511144395adab,2025-11-14,MP01,new,15,143,8,8
TRPLUC2511144d047ec5,2025-11-14,UP01,repeated,18,188,7,6
TRPCHA2511149d58c5e1,2025-11-14,CH01,repeated,22,224,8,6
TRPJAI2511144ed565f8,2025-11-14,RJ01,new,28,373,9,8
TRPLUC251114a9e004d7,2025-11-14,UP01,new,13,143,9,7
TRPKOC251114ef4d7345,2025-11-14,KL01,repeated,13,174,8,10
TRPSUR2511148ddbf0c0,2025-11-14,GJ01,repeated,5,59,5,5
TRPKOC2511144d7243ac,2025-11-14,KL01,repeated,28,339,9,9
TRPKOC2511149d879748,2025-11-14,KL01,new,37,438,9,8
TRPJAI251114dbfa601a,2025-11-14,RJ01,repeated,29,385,8,8
TRPSUR251114dd6ba8fd,2025-11-14,GJ01,repeated,17,155,6,6
TRPLUC251114b9432efb,2025-11-14,UP01,repeated,16,170,7,8
TRPKOC25111494469b1e,2025-11-14,KL01,repeated,15,196,7,10
TRPLUC251114f161d829,2025-11-14,UP01,new,19,197,8,8
TRPCHA251114669c1f01,2025-11-14,CH01,new,22,224,7,8
TRPVAD251114a3d17eb2,2025-11-14,GJ02,new,13,122,9,8
TRPSUR25111446e1692e,2025-11-14,GJ01,repeated,13,123,5,8
TRPJAI25111420866dfe,2025-11-14,RJ01,repeated,16,229,9,8
TRPLUC251114c375627e,2025-11-14,UP01,repeated,19,197,7,8
TRPSUR251114cd4824a3,2025-11-14,GJ01,repeated,7,75,7,6
TRPVAD2511143c7a7627,2025-11-14,GJ02,repeated,5,58,7,6
TRPLUC25111494122e92,2025-11-14,UP01,new,19,197,7,6
TRPVAD2511147bc4736e,2025-11-14,GJ02,repeated,5,58,5,7
TRPCOI2511148812ba14,2025-11-14,TN01,new,17,159,10,9
TRPIND251114c236653b,2025-11-14,MP01,repeated,13,127,6,8
TRPVAD2511140f227de7,2025-11-14,GJ02,repeated,13,122,5,8
TRPSUR25111493f6d220,2025-11-14,GJ01,repeated,10,99,6,7
TRPCHA25111420d1bc4c,2025-11-14,CH01,new,25,251,9,7
TRPJAI251114a0b0e4ae,2025-11-14,RJ01,new,17,241,9,8
TRPLUC251114df83337e,2025-11-14,UP01,repeated,13,143,6,6
TRPVIS2511144c751a69,2025-11-14,AP01,repeated,31,306,9,9
TRPSUR25111489a42321,2025-11-14,GJ01,repeated,12,115,7,6
TRPLUC251114ad267dc1,2025-11-14,UP01,repeated,16,170,5,6
TRPKOC251114d7885a3c,2025-11-14,KL01,repeated,11,152,9,8
TRPLUC2511140a5af6b2,2025-11-14,UP01,repeated,15,161,6,7
TRPKOC251114efc7ac3c,2025-11-14,KL01,new,26,317,10,10
TRPKOC251114c7971664,2025-11-14,KL01,repeated,36,427,7,8
TRPIND251114acad26f3,2025-11-14,MP01,new,14,135,7,7
TRPVAD2511146ffdb5c1,2025-11-14,GJ02,repeated,7,74,5,6
TRPLUC251114ee342559,2025-11-14,UP01,repeated,9,107,5,8
TRPCOI25111429db0d2b,2025-11-14,TN01,new,8,87,9,9
TRPIND251114e4af6fef,2025-11-14,MP01,repeated,10,103,9,7
TRPVAD251114836f3dd6,2025-11-14,GJ02,repeated,5,58,5,7
TRPSUR2511149416e8a8,2025-11-14,GJ01,repeated,13,123,6,7
TRPVAD2511140e2818ac,2025-11-14,GJ02,repeated,5,58,7,5
TRPSUR25111464412ddb,2025-11-14,GJ01,repeated,16,147,7,7
TRPCHA251114c3ae5fea,2025-11-14,CH01,repeated,24,242,6,9
TRPCHA251114244d211b,2025-11-14,CH01,new,34,332,8,9
TRPJAI25111482cb030d,2025-11-14,RJ01,repeated,22,301,9,8
TRPKOC2511144cb7b621,2025-11-14,KL01,new,14,185,10,9
TRPVAD251114f7e5a359,2025-11-14,GJ02,repeated,16,146,7,5
TRPSUR25111493bc0fab,2025-11-14,GJ01,new,8,83,7,6
TRPJAI251114cca150e4,2025-11-14,RJ01,new,39,505,9,10
TRPSUR251114e0b49fc8,2025-11-14,GJ01,repeated,16,147,6,5
TRPSUR251114b538c1b8,2025-11-14,GJ01,new,8,83,9,6
TRPVIS2511142d82b155,2025-11-14,AP01,repeated,19,198,7,8
TRPJAI25111431486a1b,2025-11-14,RJ01,new,30,397,8,8
TRPIND251114c87e33ba,2025-11-14,MP01,new,8,87,9,9
TRPKOC2511145f13fd42,2025-11-14,KL01,new,14,185,8,10
TRPKOC251114d726140f,2025-11-14,KL01,repeated,37,438,8,10
TRPLUC2511143fac91a1,2025-11-14,UP01,new,20,206,7,7
TRPLUC2511148270d6ee,2025-11-14,UP01,repeated,11,125,6,7
TRPLUC251114961724b7,2025-11-14,UP01,repeated,12,134,7,7
TRPSUR2511147057d01a,2025-11-14,GJ01,new,7,75,8,7
TRPCHA251114e7b1d283,2025-11-14,CH01,repeated,24,242,6,7
TRPLUC251114f3495798,2025-11-14,UP01,repeated,8,98,6,5
TRPCHA251114d248f7f2,2025-11-14,CH01,new,27,269,7,9
TRPLUC25111402d72d09,2025-11-14,UP01,repeated,17,179,6,6
TRPCHA251114225b2005,2025-11-14,CH01,repeated,18,188,9,7
TRPKOC251114bb428134,2025-11-14,KL01,new,15,196,8,10
TRPKOC25111409a3d138,2025-11-14,KL01,repeated,24,295,7,8
TRPLUC251114840dbabb,2025-11-14,UP01,new,20,206,8,7
TRPSUR25111438785228,2025-11-14,GJ01,repeated,17,155,5,7
TRPJAI251114d7325322,2025-11-14,RJ01,repeated,17,241,9,10
TRPIND251114672f469e,2025-11-14,MP01,repeated,24,215,8,7
TRPJAI25111414020a3a,2025-11-14,RJ01,new,21,289,8,10
TRPKOC25111493a2e3ba,2025-11-14,KL01,new,16,207,8,8
TRPCHA251114e50aede0,2025-11-14,CH01,new,25,251,7,9
TRPVIS2511142bdc851a,2025-11-14,AP01,repeated,30,297,7,8
TRPVAD25111402d1c284,2025-11-14,GJ02,repeated,6,66,5,8
TRPLUC251114d6c967de,2025-11-14,UP01,new,8,98,7,7
TRPLUC251114e91a4836,2025-11-14,UP01,repeated,16,170,6,8
TRPJAI251114ff9d94f2,2025-11-14,RJ01,repeated,17,241,9,10
TRPSUR2511140459ef64,2025-11-14,GJ01,repeated,13,123,7,8
TRPLUC251114b31dee4f,2025-11-14,UP01,new,5,71,9,8
TRPVAD251114c173b571,2025-11-14,GJ02,repeated,7,74,6,7
TRPSUR25111497a37830,2025-11-14,GJ01,repeated,14,131,5,8
TRPKOC2511143ce0888f,2025-11-14,KL01,repeated,19,240,7,8
TRPVIS25111480ea4d30,2025-11-14,AP01,new,31,306,9,9
TRPLUC2511149d1da9b8,2025-11-14,UP01,repeated,9,107,7,7
TRPVIS25111462f9eb3c,2025-11-14,AP01,repeated,25,252,8,8
TRPJAI251114308781a9,2025-11-14,RJ01,repeated,36,469,8,8
TRPLUC251114cc3d76ed,2025-11-14,UP01,repeated,14,152,5,6
TRPLUC251114fbe88017,2025-11-14,UP01,repeated,9,107,5,7
TRPSUR2511143fa5876a,2025-11-14,GJ01,repeated,16,147,7,5
TRPVAD251114794144a7,2025-11-14,GJ02,repeated,7,74,6,5
TRPLUC25111431b92d8b,2025-11-14,UP01,new,10,116,9,8
TRPLUC251114aa7574a1,2025-11-14,UP01,repeated,7,89,5,7
TRPSUR25111479169277,2025-11-14,GJ01,repeated,13,123,5,6
TRPJAI251114232b868a,2025-11-14,RJ01,repeated,44,565,7,8
TRPIND251114cf243ca8,2025-11-14,MP01,repeated,19,175,6,6
TRPVIS2511147fc21222,2025-11-14,AP01,repeated,31,306,9,9
TRPIND251114a8f33c15,2025-11-14,MP01,repeated,18,167,7,8
TRPCHA251114a9a1fc50,2025-11-14,CH01,new,35,341,9,9
TRPIND251114d3ed74e9,2025-11-14,MP01,repeated,9,95,9,8
TRPCOI2511145f9ac616,2025-11-14,TN01,new,8,87,10,8
TRPJAI251114471b39c7,2025-11-14,RJ01,new,40,517,9,9
TRPIND2511144862a0e1,2025-11-14,MP01,new,15,143,10,8
TRPIND2511141b9d31da,2025-11-14,MP01,repeated,15,143,8,6
TRPSUR251114fb674d7b,2025-11-14,GJ01,repeated,9,91,6,7
TRPKOC2511145234687e,2025-11-14,KL01,new,31,372,8,10
TRPCOI251114d1feb1d4,2025-11-14,TN01,repeated,18,167,7,9
TRPJAI25111473180647,2025-11-14,RJ01,new,23,313,10,10
TRPCHA25111432a72290,2025-11-14,CH01,repeated,22,224,8,8
TRPVAD2511144d5ae532,2025-11-14,GJ02,repeated,14,130,7,5
TRPCOI2511141dc1cc97,2025-11-14,TN01,repeated,10,103,9,8
TRPKOC2511141b39fb27,2025-11-14,KL01,repeated,35,416,8,10
TRPIND251114c7672703,2025-11-14,MP01,repeated,24,215,7,8
TRPVAD2511148de7dc66,2025-11-14,GJ02,repeated,15,138,6,8
TRPKOC251114375f1db5,2025-11-14,KL01,new,33,394,9,9
TRPCOI25111477fca2f8,2025-11-14,TN01,new,10,103,7,8
TRPMYS251114a4f0f524,2025-11-14,KA01,new,22,255,9,9
TRPJAI2511149d99f688,2025-11-14,RJ01,repeated,25,337,7,10
TRPSUR2511149ad583d5,2025-11-14,GJ01,repeated,11,107,6,8
TRPVIS2511141295c0cf,2025-11-14,AP01,repeated,23,234,9,8
TRPVAD25111481877454,2025-11-14,GJ02,new,13,122,7,6
TRPVAD251114e7d0749d,2025-11-14,GJ02,repeated,5,58,7,6
TRPLUC25111432724896,2025-11-14,UP01,repeated,8,98,5,5
TRPVAD251114e96b75e2,2025-11-14,GJ02,new,11,106,8,7
TRPSUR251114557230e5,2025-11-14,GJ01,repeated,11,107,6,7
TRPCHA251114ec06e58b,2025-11-14,CH01,new,24,242,8,7
TRPIND25111422634528,2025-11-14,MP01,repeated,12,119,7,8
TRPJAI251114d094fc70,2025-11-14,RJ01,new,25,337,10,10
TRPCOI251114fe7856f0,2025-11-14,TN01,new,21,191,7,9
TRPIND251114d65a903c,2025-11-14,MP01,repeated,8,87,6,7
TRPSUR251114d495ae66,2025-11-14,GJ01,repeated,5,59,7,7
TRPLUC2511140c0e6323,2025-11-14,UP01,repeated,10,116,5,5
TRPCOI251114e5203060,2025-11-14,TN01,repeated,18,167,7,6
TRPVAD251114a276b8ed,2025-11-14,GJ02,repeated,8,82,6,6
TRPIND2511144ffe2e84,2025-11-14,MP01,new,21,191,8,7
TRPVIS2511149c3343ba,2025-11-14,AP01,repeated,25,252,7,8
TRPKOC2511141b7d16bb,2025-11-14,KL01,repeated,33,394,7,8
TRPLUC2511147860a3ff,2025-11-14,UP01,repeated,6,80,6,8
TRPLUC251114b7ed41e4,2025-11-14,UP01,repeated,18,188,5,8
TRPCHA2511143baffd54,2025-11-14,CH01,repeated,16,170,8,6
TRPCHA2511149e75f282,2025-11-14,CH01,repeated,20,206,7,7
TRPSUR2511148e6c2ea9,2025-11-14,GJ01,repeated,17,155,6,7
TRPVIS2511148184256d,2025-11-14,AP01,repeated,25,252,7,9
TRPVAD2511145200d22c,2025-11-14,GJ02,repeated,11,106,7,5
TRPSUR2511145c0d9740,2025-11-14,GJ01,repeated,15,139,7,6
TRPKOC251114573ec91e,2025-11-14,KL01,repeated,19,240,8,8
TRPJAI25111454c67b80,2025-11-14,RJ01,new,27,361,10,10
TRPSUR251114f3fdd34a,2025-11-14,GJ01,repeated,16,147,5,8
TRPLUC2511147356a798,2025-11-14,UP01,new,16,170,8,7
TRPSUR251114f2eef0ad,2025-11-14,GJ01,repeated,17,155,7,7
TRPLUC25111493a191e4,2025-11-14,UP01,repeated,17,179,5,7
TRPVIS2511141c6d9a8d,2025-11-14,AP01,repeated,23,234,7,8
TRPKOC251114c8fe5ea0,2025-11-14,KL01,repeated,26,317,9,9
TRPLUC25111405766bbb,2025-11-14,UP01,new,13,143,7,6
TRPSUR2511140d2d7e80,2025-11-14,GJ01,repeated,14,131,5,6
TRPCOI251114082ebec4,2025-11-14,TN01,repeated,17,159,7,9
TRPSUR2511145f5302ea,2025-11-14,GJ01,repeated,7,75,5,8
TRPKOC251114be660330,2025-11-14,KL01,repeated,27,328,7,10
TRPCHA251114e687356e,2025-11-14,CH01,repeated,27,269,9,6
TRPKOC251114db47da4b,2025-11-14,KL01,repeated,21,262,9,8
TRPSUR2511144376e43c,2025-11-14,GJ01,repeated,7,75,6,7
TRPCOI25111493ae0940,2025-11-14,TN01,repeated,14,135,6,9
TRPSUR2511140cd3b506,2025-11-14,GJ01,repeated,11,107,6,6
TRPLUC251114e78dc51e,2025-11-14,UP01,new,12,134,7,6
TRPCOI2511141c9edad8,2025-11-14,TN01,repeated,16,151,6,7
TRPSUR251114704189e5,2025-11-14,GJ01,repeated,9,91,5,7
TRPSUR251114a061f02f,2025-11-14,GJ01,repeated,15,139,7,7
TRPKOC25111462591bc2,2025-11-14,KL01,new,38,449,10,8
TRPCHA2511141780cf1b,2025-11-14,CH01,repeated,24,242,6,8
TRPVAD251114d050070c,2025-11-14,GJ02,repeated,6,66,5,5
TRPLUC251114c60beba6,2025-11-14,UP01,repeated,9,107,7,8
TRPJAI2511146ef3aee4,2025-11-14,RJ01,repeated,32,421,9,8
TRPLUC2511144c798e08,2025-11-14,UP01,new,18,188,9,7
TRPMYS251114d4b6e7f0,2025-11-14,KA01,repeated,9,125,9,10
TRPSUR2511142b6b99d4,2025-11-14,GJ01,repeated,14,131,5,6
TRPCOI25111471fb58a0,2025-11-14,TN01,repeated,9,95,7,6
TRPLUC25111484346b5f,2025-11-14,UP01,repeated,7,89,6,7
TRPLUC2511140e4e8106,2025-11-14,UP01,repeated,5,71,6,7
TRPLUC251114dff859a4,2025-11-14,UP01,repeated,9,107,7,7
TRPKOC2511146efd4dca,2025-11-14,KL01,new,27,328,9,10
TRPJAI2511142ce18460,2025-11-14,RJ01,new,35,457,9,10
TRPVIS251114a9093b89,2025-11-14,AP01,repeated,22,225,7,9
TRPVAD251114cc4829a5,2025-11-14,GJ02,repeated,15,138,5,6
TRPLUC2511148a0cf530,2025-11-14,UP01,repeated,7,89,6,8
TRPJAI25111454e3fa09,2025-11-14,RJ01,repeated,18,253,7,9
TRPKOC251114e7fedf4f,2025-11-14,KL01,repeated,28,339,8,8
TRPJAI2511145ce22fda,2025-11-14,RJ01,repeated,22,301,7,8
TRPLUC251114ddf0de67,2025-11-14,UP01,repeated,7,89,6,7
TRPSUR2511149e771820,2025-11-14,GJ01,repeated,13,123,6,7
TRPVAD251114d2cddc3b,2025-11-14,GJ02,new,18,162,8,6
TRPSUR2511148c4734b7,2025-11-14,GJ01,repeated,5,59,7,7
TRPSUR251114ea5056d1,2025-11-14,GJ01,repeated,12,115,6,5
TRPVIS2511146f5bbac1,2025-11-14,AP01,repeated,33,324,9,9
TRPKOC251114c7121e96,2025-11-14,KL01,new,13,174,9,10
TRPVAD25111470310ed7,2025-11-14,GJ02,repeated,14,130,5,8
TRPLUC251114cda078a2,2025-11-14,UP01,repeated,5,71,5,6
TRPVAD2511149dc578fe,2025-11-14,GJ02,repeated,6,66,6,8
TRPVIS251114cda6a552,2025-11-14,AP01,repeated,19,198,8,10
TRPVIS251114054b3db1,2025-11-14,AP01,repeated,22,225,7,8
TRPKOC25111475e9c0cc,2025-11-14,KL01,repeated,20,251,8,9
TRPVIS25111412fd9227,2025-11-14,AP01,repeated,23,234,8,10
TRPJAI25111404d952e9,2025-11-14,RJ01,repeated,39,505,7,8
TRPVAD2511143fb349ff,2025-11-14,GJ02,repeated,9,90,5,8
TRPSUR25111458fb2c81,2025-11-14,GJ01,repeated,6,67,5,7
TRPSUR251114369f72ee,2025-11-14,GJ01,new,5,59,7,8
TRPLUC251114d5d7fede,2025-11-14,UP01,repeated,10,116,6,5
TRPLUC2511146a375763,2025-11-14,UP01,repeated,7,89,7,7
TRPVIS251114ac17c37b,2025-11-14,AP01,repeated,11,126,9,10
TRPVIS25111424521a76,2025-11-14,AP01,repeated,35,342,9,10
TRPCOI251114bc437361,2025-11-14,TN01,new,8,87,8,9
TRPLUC2511148262ce83,2025-11-14,UP01,new,7,89,9,8
TRPCOI25111489d87d3e,2025-11-14,TN01,repeated,19,175,6,6
TRPVAD251114bbc2a699,2025-11-14,GJ02,repeated,18,162,6,6
TRPMYS251114bb4611d9,2025-11-14,KA01,new,14,175,8,10
TRPLUC2511142204367c,2025-11-14,UP01,new,9,107,8,6
TRPSUR25111477433ed2,2025-11-14,GJ01,repeated,8,83,6,8
TRPJAI251114264c681b,2025-11-14,RJ01,new,20,277,10,8
TRPSUR2511142b81968f,2025-11-14,GJ01,repeated,11,107,5,6
TRPIND25111478b2e456,2025-11-14,MP01,repeated,18,167,6,6
TRPSUR25111487d29e28,2025-11-14,GJ01,repeated,9,91,7,5
TRPKOC251114eb0c0533,2025-11-14,KL01,repeated,25,306,8,8
TRPIND251114c0a48b71,2025-11-14,MP01,new,12,119,9,8
TRPSUR2511144e452bfb,2025-11-14,GJ01,new,13,123,8,8
TRPJAI25111432939261,2025-11-14,RJ01,repeated,17,241,7,10
TRPIND25111440dfda1a,2025-11-14,MP01,repeated,15,143,8,7
TRPSUR251114ce0dad87,2025-11-14,GJ01,repeated,5,59,5,7
TRPVAD2511149c8c4afa,2025-11-14,GJ02,repeated,6,66,7,5
TRPVAD2511147f275c16,2025-11-14,GJ02,repeated,11,106,5,6
TRPJAI2511147aa24707,2025-11-14,RJ01,repeated,31,409,7,8
TRPSUR25111437279829,2025-11-14,GJ01,repeated,7,75,6,7
TRPLUC2511141399864b,2025-11-14,UP01,repeated,16,170,6,5
TRPLUC25111451c516da,2025-11-14,UP01,new,15,161,7,6
TRPSUR251114e491ebc8,2025-11-14,GJ01,repeated,10,99,5,7
TRPJAI2511147e8cb2b7,2025-11-14,RJ01,repeated,17,241,8,9
TRPVIS2511145b609ae7,2025-11-14,AP01,repeated,33,324,8,8
TRPVIS25111432cce375,2025-11-14,AP01,repeated,29,288,9,10
TRPKOC251114e48821de,2025-11-14,KL01,repeated,36,427,7,9
TRPLUC2511149dbe16ed,2025-11-14,UP01,repeated,5,71,5,5
TRPLUC251114bdcfc8fa,2025-11-14,UP01,repeated,13,143,7,8
TRPJAI251114a82101b4,2025-11-14,RJ01,repeated,25,337,7,8
TRPCHA2511148962f805,2025-11-14,CH01,repeated,26,260,7,6
TRPLUC251114f21048cb,2025-11-14,UP01,repeated,12,134,7,7
TRPKOC251114bdb7fe7b,2025-11-14,KL01,repeated,29,350,7,9
TRPVAD25111472a1afdf,2025-11-14,GJ02,repeated,12,114,6,5
TRPLUC251114ad157685,2025-11-14,UP01,repeated,19,197,5,8
TRPJAI25111433652f60,2025-11-14,RJ01,new,27,361,10,10
TRPIND2511140bfffe93,2025-11-14,MP01,repeated,18,167,6,9
TRPKOC251114929e53fa,2025-11-14,KL01,new,38,449,10,10
TRPCHA2511144458e734,2025-11-14,CH01,repeated,34,332,7,6
TRPLUC2511146acfcf28,2025-11-14,UP01,repeated,14,152,5,5
TRPIND251114ae146724,2025-11-14,MP01,repeated,8,87,9,8
TRPJAI2511148294905a,2025-11-14,RJ01,new,19,265,8,10
TRPKOC251114217ff5e1,2025-11-14,KL01,repeated,32,383,8,10
TRPVIS2511149045da22,2025-11-14,AP01,new,11,126,8,10
TRPSUR251114c151197b,2025-11-14,GJ01,repeated,17,155,7,7
TRPMYS251114bcae17c4,2025-11-14,KA01,new,17,205,8,10
TRPVIS25111429f7bf36,2025-11-14,AP01,new,23,234,10,8
TRPLUC251114d7404f37,2025-11-14,UP01,repeated,11,125,5,5
TRPCHA251114e13c9b92,2025-11-14,CH01,repeated,19,197,8,9
TRPLUC2511148a54a53c,2025-11-14,UP01,repeated,6,80,5,5
TRPJAI251114925f1e21,2025-11-14,RJ01,new,16,229,10,8
TRPVAD251114e1b9cc28,2025-11-14,GJ02,repeated,17,154,5,5
TRPSUR251114993c20ec,2025-11-14,GJ01,repeated,7,75,6,7
TRPKOC2511148e7b3acc,2025-11-14,KL01,repeated,13,174,7,10
TRPSUR2511148b3177e6,2025-11-14,GJ01,repeated,17,155,5,7
TRPIND2511140485742c,2025-11-14,MP01,repeated,20,183,6,8
TRPKOC2511148b3507db,2025-11-14,KL01,new,14,185,9,10
TRPKOC2511141fd11b52,2025-11-14,KL01,repeated,12,163,8,8
TRPCHA251114c4477aba,2025-11-14,CH01,repeated,21,215,6,7
TRPCOI25111492c5e9b7,2025-11-14,TN01,repeated,10,103,8,9
TRPIND251114f4e0617e,2025-11-14,MP01,repeated,13,127,8,8
TRPCOI2511140ec223ff,2025-11-14,TN01,repeated,15,143,7,7
TRPSUR251114a72d3cef,2025-11-14,GJ01,repeated,8,83,6,6
TRPJAI25111477ae4db6,2025-11-14,RJ01,repeated,28,373,8,10
TRPKOC2511143b5cb712,2025-11-14,KL01,new,36,427,9,8
TRPVAD251114018f7bc0,2025-11-14,GJ02,new,10,98,9,8
TRPJAI2511146f6f5af0,2025-11-14,RJ01,repeated,18,253,8,8
TRPCHA2511143f669afc,2025-11-14,CH01,repeated,13,143,9,8
TRPKOC25111457f8010a,2025-11-14,KL01,repeated,18,229,9,10
TRPMYS25111454bae2c7,2025-11-14,KA01,new,23,265,10,10
TRPSUR2511149036a55b,2025-11-14,GJ01,repeated,9,91,6,6
TRPCHA2511145c71e36c,2025-11-14,CH01,repeated,21,215,7,9
TRPLUC251114b1194b05,2025-11-14,UP01,repeated,11,125,6,7
TRPLUC25111430cc38c0,2025-11-14,UP01,repeated,15,161,6,6
TRPVIS2511141d949f74,2025-11-14,AP01,repeated,31,306,8,9
TRPVAD251114864540b3,2025-11-14,GJ02,repeated,5,58,6,5
TRPCHA251114759d6df7,2025-11-14,CH01,repeated,22,224,7,9
TRPCOI2511142f1460fa,2025-11-14,TN01,repeated,11,111,7,9
TRPKOC251114cbad7f1c,2025-11-14,KL01,new,24,295,10,10
TRPMYS251114da785943,2025-11-14,KA01,new,9,125,9,8
TRPSUR2511143d4c9c4d,2025-11-14,GJ01,repeated,10,99,5,7
TRPLUC251114eb925310,2025-11-14,UP01,repeated,5,71,5,7
TRPLUC251114e1d3724f,2025-11-14,UP01,repeated,16,170,7,7
TRPCOI2511147bfa9204,2025-11-14,TN01,repeated,11,111,7,7
TRPVIS25111446f21215,2025-11-14,AP01,repeated,23,234,9,10
TRPIND251114a850c133,2025-11-14,MP01,repeated,16,151,8,6
TRPVIS251114dba7ba01,2025-11-14,AP01,new,20,207,9,8
TRPSUR251114494092e1,2025-11-14,GJ01,repeated,7,75,5,5
TRPCHA2511149969bce1,2025-11-14,CH01,new,33,323,10,7
TRPVAD251114bcf25c34,2025-11-14,GJ02,new,13,122,8,7
TRPLUC251114420b87d8,2025-11-14,UP01,repeated,18,188,7,6
TRPLUC2511148d136310,2025-11-14,UP01,new,15,161,7,8
TRPLUC251114b1fab087,2025-11-14,UP01,new,17,179,9,8
TRPJAI251114ca6be7a4,2025-11-14,RJ01,new,19,265,9,9
TRPSUR2511145bedd06d,2025-11-14,GJ01,repeated,8,83,5,6
TRPLUC251114ac2fd796,2025-11-14,UP01,repeated,7,89,7,6
TRPJAI251114caaa8360,2025-11-14,RJ01,repeated,45,577,8,8
TRPCOI251114e78730a0,2025-11-14,TN01,new,15,143,8,8
TRPJAI2511147c9db3a9,2025-11-14,RJ01,repeated,38,493,8,8
TRPKOC251114ce326343,2025-11-14,KL01,repeated,15,196,9,8
TRPIND2511145e2d4e45,2025-11-14,MP01,repeated,11,111,6,8
TRPCOI2511143206de1f,2025-11-14,TN01,repeated,12,119,9,8
TRPCHA25111402fa8776,2025-11-14,CH01,repeated,15,161,7,8
TRPKOC251114d7dfff00,2025-11-14,KL01,repeated,14,185,9,10
TRPKOC251114ba70a283,2025-11-14,KL01,new,28,339,10,10
TRPCHA251114c4ceed16,2025-11-14,CH01,repeated,13,143,8,9
TRPCOI251114739f0ee3,2025-11-14,TN01,repeated,20,183,6,6
TRPSUR25111459cde6c1,2025-11-14,GJ01,new,8,83,7,8
TRPCHA251114fb349aac,2025-11-14,CH01,repeated,23,233,9,6
TRPCHA251114c98b266e,2025-11-14,CH01,repeated,25,251,6,7
TRPCHA25111404d1377f,2025-11-14,CH01,repeated,27,269,6,9
TRPIND251114d2841c6d,2025-11-14,MP01,new,19,175,9,8
TRPJAI2511148671c0e3,2025-11-14,RJ01,repeated,22,301,9,8
TRPLUC2511141c961591,2025-11-14,UP01,repeated,14,152,6,7
TRPVAD251114a336d8b8,2025-11-14,GJ02,repeated,8,82,5,7
TRPSUR251114246a7e0b,2025-11-14,GJ01,repeated,11,107,6,8
TRPIND251114ad361f87,2025-11-14,MP01,repeated,12,119,6,9
TRPKOC251114e36188a6,2025-11-14,KL01,repeated,17,218,8,10
TRPJAI251114ba555628,2025-11-14,RJ01,new,23,313,9,9
TRPVIS25111428f72bd7,2025-11-14,AP01,new,16,171,9,10
TRPSUR251114b24ed0fe,2025-11-14,GJ01,repeated,11,107,5,8
TRPJAI251114694aba51,2025-11-14,RJ01,repeated,36,469,9,10
TRPLUC251114efcc01a3,2025-11-14,UP01,repeated,8,98,6,6
TRPLUC2511145fe28322,2025-11-14,UP01,new,11,125,7,8
TRPMYS25111468f8a4ab,2025-11-14,KA01,new,14,175,9,10
TRPJAI251114f4432a5f,2025-11-14,RJ01,repeated,38,493,7,10
TRPKOC2511142b6098a8,2025-11-14,KL01,repeated,18,229,7,9
TRPSUR251114a8a1e05c,2025-11-14,GJ01,repeated,9,91,7,6
TRPJAI251114bc55e5bc,2025-11-14,RJ01,new,27,361,9,8
TRPLUC251114d7d7d4b1,2025-11-14,UP01,repeated,14,152,7,8
TRPSUR2511148c7c0b2a,2025-11-14,GJ01,new,10,99,8,8
TRPIND251114d2e9bfea,2025-11-14,MP01,new,13,127,8,8
TRPLUC251114ee692b43,2025-11-14,UP01,repeated,7,89,5,5
TRPLUC251114ba39a4ba,2025-11-14,UP01,repeated,7,89,6,8
TRPKOC251114b594126e,2025-11-14,KL01,repeated,23,284,7,8
TRPSUR2511146f9e0a6c,2025-11-14,GJ01,repeated,5,59,7,7
TRPKOC251114c443d925,2025-11-14,KL01,new,27,328,10,8
TRPIND251114a3fbc2e6,2025-11-14,MP01,repeated,11,111,7,7
TRPIND251114f1ea570a,2025-11-14,MP01,new,15,143,7,8
TRPVAD251114f3216887,2025-11-14,GJ02,repeated,8,82,7,7
TRPKOC2511144408f662,2025-11-14,KL01,new,26,317,9,8
TRPIND251114fabba146,2025-11-14,MP01,repeated,18,167,7,7
TRPKOC251114cdfc9788,2025-11-14,KL01,new,37,438,9,9
TRPLUC25111427aed7a2,2025-11-14,UP01,repeated,15,161,7,6
TRPKOC2511148e00db36,2025-11-14,KL01,repeated,12,163,9,10
TRPIND251114f5141489,2025-11-14,MP01,repeated,9,95,7,7
TRPLUC25111469818683,2025-11-14,UP01,repeated,11,125,7,7
TRPCOI251114595daab0,2025-11-14,TN01,new,8,87,9,9
TRPSUR251114ac1fbc1d,2025-11-14,GJ01,repeated,8,83,6,7
TRPCHA251114bfdb46a1,2025-11-14,CH01,new,30,296,8,9
TRPVAD25111444f4b242,2025-11-14,GJ02,new,14,130,8,8
TRPCOI25111460d8c9e3,2025-11-14,TN01,new,19,175,9,8
TRPSUR251114f2e774df,2025-11-14,GJ01,repeated,14,131,6,5
TRPSUR2511143b056587,2025-11-14,GJ01,repeated,14,131,5,6
TRPCOI251114446a21a2,2025-11-14,TN01,new,10,103,10,7
TRPLUC25111436c8bd26,2025-11-14,UP01,repeated,5,71,7,5
TRPLUC251114909351c8,2025-11-14,UP01,repeated,7,89,6,6
TRPLUC251114606c1cf9,2025-11-14,UP01,new,18,188,8,8
TRPSUR25111402fb0fbe,2025-11-14,GJ01,repeated,7,75,7,5
TRPVAD251114c29caf5e,2025-11-14,GJ02,repeated,5,58,7,5
TRPIND25111473ff0670,2025-11-14,MP01,repeated,23,207,6,8
TRPLUC251114f2a89865,2025-11-14,UP01,new,18,188,9,7
TRPJAI251114d7f68c73,2025-11-14,RJ01,repeated,32,421,8,8
TRPVIS251114f8210f08,2025-11-14,AP01,repeated,14,153,8,9
TRPLUC2511148334a8e2,2025-11-14,UP01,repeated,10,116,7,5
TRPSUR251114f79e9e56,2025-11-14,GJ01,new,7,75,9,6
TRPIND251114fa23697e,2025-11-14,MP01,repeated,25,223,9,8
TRPSUR2511143e910923,2025-11-14,GJ01,repeated,14,131,7,8
TRPKOC25111439e572e4,2025-11-14,KL01,repeated,15,196,7,9
TRPJAI251114680d5fbf,2025-11-14,RJ01,repeated,44,565,8,8
TRPSUR2511144be40b92,2025-11-14,GJ01,repeated,5,59,5,5
TRPVAD251114a4868e29,2025-11-14,GJ02,new,6,66,7,7
TRPKOC25111438fc7719,2025-11-14,KL01,new,16,207,10,8
TRPCOI251114e73f6ff0,2025-11-14,TN01,repeated,13,127,9,7
TRPVAD251114b7168c07,2025-11-14,GJ02,repeated,12,114,7,7
TRPIND251114b9c424cd,2025-11-14,MP01,repeated,16,151,6,9
TRPCHA251114668c561c,2025-11-14,CH01,repeated,31,305,6,6
TRPJAI2511141a479f35,2025-11-14,RJ01,repeated,44,565,8,10
TRPIND251114f0262281,2025-11-14,MP01,repeated,16,151,7,7
TRPKOC251114d75b3f4a,2025-11-14,KL01,repeated,29,350,7,9
TRPJAI251114d7a52e65,2025-11-14,RJ01,repeated,37,481,8,8
TRPLUC251114cb57d342,2025-11-14,UP01,repeated,5,71,7,7
TRPLUC251114bc41d788,2025-11-14,UP01,repeated,10,116,7,5
TRPSUR251114afb54623,2025-11-14,GJ01,new,8,83,9,6
TRPIND25111417206859,2025-11-14,MP01,repeated,9,95,9,7
TRPVIS251114d71bc781,2025-11-14,AP01,repeated,16,171,7,8
TRPMYS2511143428c066,2025-11-14,KA01,new,20,235,10,8
TRPCHA25111467985a37,2025-11-14,CH01,repeated,23,233,9,7
TRPJAI2511149d6bf327,2025-11-14,RJ01,repeated,29,385,9,8
TRPIND251114371b81e5,2025-11-14,MP01,new,25,223,10,9
TRPKOC25111405c967c1,2025-11-14,KL01,new,24,295,9,8
TRPJAI2511147a309808,2025-11-14,RJ01,repeated,16,229,7,8
TRPLUC251114532dd79c,2025-11-14,UP01,repeated,9,107,7,8
TRPKOC2511146dd7a16f,2025-11-14,KL01,repeated,23,284,9,8
TRPKOC25111468b92115,2025-11-14,KL01,new,21,262,10,8
TRPSUR25111490d8632e,2025-11-14,GJ01,repeated,13,123,7,8
TRPSUR25111462b143ff,2025-11-14,GJ01,new,17,155,9,7
TRPJAI2511147022008e,2025-11-14,RJ01,repeated,24,325,9,8
TRPLUC2511148da97c7d,2025-11-14,UP01,repeated,12,134,5,7
TRPKOC251114fdb36066,2025-11-14,KL01,repeated,26,317,7,9
TRPJAI2511143a513be3,2025-11-14,RJ01,new,17,241,8,8
TRPCHA2511146b5883ea,2025-11-14,CH01,repeated,20,206,6,7
TRPSUR2511144c09727f,2025-11-14,GJ01,new,13,123,9,6
TRPMYS251114394318fd,2025-11-14,KA01,new,24,275,8,10
TRPKOC2511141608e58a,2025-11-14,KL01,new,19,240,10,9
TRPMYS25111499d0c788,2025-11-14,KA01,new,15,185,8,8
TRPVAD251114bbd0cd0f,2025-11-14,GJ02,repeated,7,74,5,8
TRPLUC2511143894241c,2025-11-14,UP01,repeated,10,116,7,8
TRPCHA251114bedaeb25,2025-11-14,CH01,repeated,13,143,6,9
TRPIND2511149165e396,2025-11-14,MP01,repeated,17,159,7,9
TRPCHA251114da2bd062,2025-11-14,CH01,new,34,332,10,7
TRPLUC2511147e550ed0,2025-11-14,UP01,new,10,116,7,8
TRPCHA251114bc340c90,2025-11-14,CH01,repeated,27,269,8,7
TRPMYS251114de443ee6,2025-11-14,KA01,new,8,115,9,8
TRPJAI251114219a8cda,2025-11-14,RJ01,new,44,565,10,9
TRPKOC251114b55fe430,2025-11-14,KL01,repeated,31,372,8,8
TRPSUR251114a6818b3f,2025-11-14,GJ01,repeated,15,139,7,7
TRPJAI2511148223635d,2025-11-14,RJ01,repeated,45,577,7,10
TRPVIS251114d1c32ddc,2025-11-14,AP01,repeated,35,342,7,9
TRPSUR251114fab577ff,2025-11-14,GJ01,repeated,8,83,5,5
TRPSUR251114011efc58,2025-11-14,GJ01,repeated,11,107,5,7
TRPJAI251114cab2f158,2025-11-14,RJ01,new,42,541,9,9
TRPKOC251114d81a68cf,2025-11-14,KL01,repeated,16,207,9,9
TRPKOC251114dcb5f0b7,2025-11-14,KL01,repeated,37,438,9,9
TRPLUC251114862eca9e,2025-11-14,UP01,repeated,5,71,5,7
TRPSUR25111458328b94,2025-11-14,GJ01,repeated,16,147,7,6
TRPLUC251114d3af6d7c,2025-11-14,UP01,repeated,6,80,6,7
TRPMYS251114df86d3ce,2025-11-14,KA01,new,18,215,9,10
TRPCHA2511140e2b2acc,2025-11-14,CH01,repeated,23,233,9,9
TRPSUR2511141a1f43cb,2025-11-14,GJ01,repeated,17,155,7,7
TRPCHA25111487e09f51,2025-11-14,CH01,repeated,12,134,7,9
TRPVAD2511145005639e,2025-11-14,GJ02,repeated,11,106,5,8
TRPLUC251114e06752a2,2025-11-14,UP01,new,10,116,8,7
TRPLUC251114fda1b9ea,2025-11-14,UP01,repeated,11,125,7,7
TRPIND2511144e2a42d6,2025-11-14,MP01,repeated,11,111,7,6
TRPVAD2511148da262c8,2025-11-14,GJ02,new,7,74,8,7
TRPJAI251114ed82160c,2025-11-14,RJ01,repeated,30,397,9,8
TRPVAD251114e42072af,2025-11-14,GJ02,new,7,74,9,8
TRPIND2511146f2626e0,2025-11-14,MP01,repeated,8,87,6,6
TRPVAD251114e29b9931,2025-11-14,GJ02,repeated,7,74,6,5
TRPIND2511145ebf3b51,2025-11-14,MP01,repeated,25,223,9,8
TRPSUR25111415b6f087,2025-11-14,GJ01,new,7,75,8,6
TRPLUC251114bc771efc,2025-11-14,UP01,repeated,19,197,5,6
TRPJAI2511146d82862e,2025-11-14,RJ01,repeated,29,385,7,10
TRPSUR2511142e2b0f30,2025-11-14,GJ01,repeated,13,123,7,5
TRPCOI25111463982f4b,2025-11-14,TN01,repeated,21,191,8,7
TRPCOI2511141bb84512,2025-11-14,TN01,new,9,95,10,8
TRPLUC2511141550361a,2025-11-14,UP01,repeated,5,71,5,5
TRPJAI25111415c251b6,2025-11-14,RJ01,new,27,361,10,8
TRPIND251114e35f1877,2025-11-14,MP01,repeated,24,215,6,6
TRPVAD251114fa02185d,2025-11-14,GJ02,repeated,6,66,6,7
TRPVAD251114bed5b2b0,2025-11-14,GJ02,repeated,18,162,7,6
TRPJAI25111495614be5,2025-11-14,RJ01,new,44,565,10,9
TRPSUR2511143c5460ef,2025-11-14,GJ01,repeated,13,123,5,7
TRPMYS25111431501259,2025-11-14,KA01,repeated,19,225,8,8
TRPLUC251114484b2b10,2025-11-14,UP01,repeated,10,116,7,6
TRPLUC251114f785300a,2025-11-14,UP01,repeated,14,152,7,7
TRPSUR251114e59d0030,2025-11-14,GJ01,new,8,83,8,8
TRPCOI2511143ca36616,2025-11-14,TN01,repeated,15,143,6,6
TRPSUR251114620bf429,2025-11-14,GJ01,repeated,9,91,7,7
TRPCOI251114dc015470,2025-11-14,TN01,repeated,12,119,9,6
TRPCHA251114d8040430,2025-11-14,CH01,repeated,27,269,9,8
TRPIND2511147a58c3ba,2025-11-14,MP01,repeated,15,143,9,9
TRPKOC25111472992de3,2025-11-14,KL01,repeated,26,317,9,9
TRPCOI251114f745be88,2025-11-14,TN01,new,16,151,7,7
TRPLUC251114894db604,2025-11-14,UP01,repeated,16,170,6,8
TRPLUC2511149707d40c,2025-11-14,UP01,repeated,11,125,5,8
TRPMYS2511147e532807,2025-11-14,KA01,new,17,205,8,10
TRPIND251114d8aca947,2025-11-14,MP01,repeated,18,167,6,7
TRPLUC25111456e018e5,2025-11-14,UP01,repeated,19,197,5,7
TRPSUR251114f60ab118,2025-11-14,GJ01,repeated,9,91,7,7
TRPVIS2511146cb2852b,2025-11-14,AP01,repeated,16,171,8,10
TRPJAI251114bdeb3d6c,2025-11-14,RJ01,new,19,265,10,10
TRPIND2511149ec9735e,2025-11-14,MP01,new,18,167,8,8
TRPCHA251114efb27ce0,2025-11-14,CH01,repeated,24,242,9,9
TRPVIS251114f07e78c2,2025-11-14,AP01,repeated,22,225,8,10
TRPKOC25111492ba323a,2025-11-14,KL01,repeated,30,361,9,9
TRPCHA251114d91714a5,2025-11-14,CH01,repeated,27,269,8,6
TRPVIS25111476f79c28,2025-11-14,AP01,new,17,180,9,10
TRPIND251114e3700de2,2025-11-14,MP01,repeated,15,143,7,9
TRPKOC25111472af3341,2025-11-14,KL01,new,22,273,10,8
TRPKOC251114911cdaea,2025-11-14,KL01,new,38,449,8,10
TRPCHA25111426f123e0,2025-11-14,CH01,repeated,30,296,6,8
TRPJAI251114fbf97d4d,2025-11-14,RJ01,new,16,229,8,9
TRPJAI2511143e81bb90,2025-11-14,RJ01,new,24,325,10,10
TRPCOI251114d04fb9b0,2025-11-14,TN01,repeated,14,135,7,6
TRPVAD2511146828466e,2025-11-14,GJ02,repeated,8,82,5,7
TRPSUR251114585d7a83,2025-11-14,GJ01,repeated,8,83,6,5
TRPSUR2511146b8efafc,2025-11-14,GJ01,new,17,155,7,6
TRPJAI2511140ae24158,2025-11-14,RJ01,new,40,517,8,8
TRPCOI25111416f31610,2025-11-14,TN01,repeated,20,183,9,7
TRPLUC2511147dfa8eba,2025-11-14,UP01,repeated,15,161,7,8
TRPCOI2511142a379bc5,2025-11-14,TN01,new,9,95,10,7
TRPLUC25111404afb9d5,2025-11-14,UP01,repeated,7,89,5,7
TRPCHA251114d56e4827,2025-11-14,CH01,repeated,16,170,7,7
TRPCHA251114cc65e05f,2025-11-14,CH01,new,35,341,9,8
TRPJAI251114248c781a,2025-11-14,RJ01,new,43,553,8,9
TRPCHA251114f32c6a58,2025-11-14,CH01,repeated,32,314,8,9
TRPSUR251114c3d241c8,2025-11-14,GJ01,new,17,155,8,6
TRPJAI2511147d6668ea,2025-11-14,RJ01,repeated,20,277,7,10
TRPKOC25111437a8c40d,2025-11-14,KL01,repeated,31,372,7,10
TRPLUC2511148e72aa59,2025-11-14,UP01,repeated,14,152,5,6
TRPVIS251114353f6b2c,2025-11-14,AP01,new,14,153,9,8
TRPVIS2511143a2834ac,2025-11-14,AP01,repeated,31,306,7,10
TRPSUR25111456c66d74,2025-11-14,GJ01,repeated,7,75,5,8
TRPVIS251114e72fa98b,2025-11-14,AP01,repeated,34,333,7,8
TRPJAI251114e80876ee,2025-11-14,RJ01,repeated,17,241,7,10
TRPJAI25111437989a60,2025-11-14,RJ01,repeated,30,397,7,9
TRPVAD251114dd31337b,2025-11-14,GJ02,repeated,12,114,5,6
TRPSUR251114224a0ffe,2025-11-14,GJ01,repeated,14,131,7,7
TRPCHA251114a0cd2d13,2025-11-14,CH01,repeated,26,260,7,8
TRPSUR2511146aaaf1c3,2025-11-14,GJ01,repeated,15,139,6,5
TRPLUC25111406307d29,2025-11-14,UP01,repeated,18,188,7,5
TRPSUR2511149a930453,2025-11-14,GJ01,repeated,10,99,6,5
TRPIND2511143749d718,2025-11-14,MP01,repeated,17,159,9,9
TRPKOC2511142147cb34,2025-11-14,KL01,repeated,10,141,8,9
TRPLUC251114209bf616,2025-11-14,UP01,new,12,134,9,8
TRPIND251114dabf48bb,2025-11-14,MP01,repeated,9,95,7,8
TRPIND2511147918b9c0,2025-11-14,MP01,repeated,11,111,9,9
TRPIND251114937dd8d8,2025-11-14,MP01,repeated,9,95,6,9
TRPCHA251114df721fe3,2025-11-14,CH01,repeated,27,269,7,7
TRPLUC25111466e6fe38,2025-11-14,UP01,repeated,10,116,7,5
TRPCOI2511146271efb3,2025-11-14,TN01,repeated,22,199,8,8
TRPSUR251114db443fa0,2025-11-14,GJ01,repeated,16,147,5,7
TRPVAD2511141f3a1e10,2025-11-14,GJ02,new,7,74,7,8
TRPKOC25111451a94e69,2025-11-14,KL01,repeated,34,405,8,8
TRPKOC2511146f107add,2025-11-14,KL01,new,30,361,10,10
TRPSUR251114d4c30777,2025-11-14,GJ01,repeated,17,155,6,5
TRPIND251114457c40c3,2025-11-14,MP01,repeated,12,119,7,7
TRPSUR251114b898bcd0,2025-11-14,GJ01,new,6,67,7,6
TRPCHA251114b65d450b,2025-11-14,CH01,repeated,23,233,7,9
TRPSUR251114bdf551a9,2025-11-14,GJ01,repeated,14,131,6,5
TRPJAI25111483e7fbb4,2025-11-14,RJ01,new,45,577,9,10
TRPIND251114f836473c,2025-11-14,MP01,new,24,215,9,8
TRPLUC25111453c26dd0,2025-11-14,UP01,repeated,11,125,5,8
TRPKOC2511145022c051,2025-11-14,KL01,new,33,394,8,9
TRPJAI25111439000660,2025-11-14,RJ01,new,34,445,9,8
TRPJAI251114cd2d7aae,2025-11-14,RJ01,repeated,37,481,8,8
TRPKOC2511144bd03418,2025-11-14,KL01,new,28,339,8,10
TRPVAD25111428100b2b,2025-11-14,GJ02,repeated,14,130,7,7
TRPMYS251114745f8346,2025-11-14,KA01,new,22,255,10,10
TRPCOI25111425d0168d,2025-11-14,TN01,repeated,19,175,6,8
TRPJAI25111445ecdb1c,2025-11-14,RJ01,new,23,313,9,8
TRPSUR2511149b337698,2025-11-14,GJ01,repeated,8,83,5,6
TRPJAI251114d65a3380,2025-11-14,RJ01,repeated,33,433,9,9
TRPJAI251114d965c545,2025-11-14,RJ01,repeated,26,349,9,8
TRPCOI251114976f3262,2025-11-14,TN01,new,22,199,7,9
TRPLUC251114a8ebb332,2025-11-14,UP01,repeated,14,152,6,6
TRPCHA2511140075c89b,2025-11-14,CH01,new,29,287,10,8
TRPIND2511145f68739f,2025-11-14,MP01,repeated,15,143,9,8
TRPVIS25111440e92fd0,2025-11-14,AP01,new,35,342,10,9
TRPVIS25111448345956,2025-11-14,AP01,repeated,34,333,9,8
TRPMYS25111442fba18a,2025-11-14,KA01,new,17,205,10,9
TRPKOC2511148c7bf544,2025-11-14,KL01,repeated,22,273,1,3
TRPVIS251114ef95f21b,2025-11-14,AP01,repeated,26,261,8,9
TRPLUC251114d830665a,2025-11-14,UP01,new,7,89,8,7
TRPIND251114bd2e6801,2025-11-14,MP01,repeated,8,87,7,8
TRPJAI2511143b414624,2025-11-14,RJ01,repeated,45,577,9,10
TRPSUR25111472896b4c,2025-11-14,GJ01,repeated,16,147,7,8
TRPJAI251114c31b037d,2025-11-14,RJ01,repeated,23,313,9,8
TRPCHA2511145d232402,2025-11-14,CH01,repeated,22,224,9,8
TRPVAD2511141e035185,2025-11-14,GJ02,repeated,16,146,5,5
TRPIND2511140ba7691f,2025-11-14,MP01,repeated,8,87,6,6
TRPCHA2511140c1db82d,2025-11-14,CH01,new,25,251,8,8
TRPSUR251114d8d97d26,2025-11-14,GJ01,repeated,15,139,7,7
TRPKOC2511140be14388,2025-11-14,KL01,new,20,251,8,10
TRPCHA251114216c6afd,2025-11-14,CH01,new,20,206,9,7
TRPJAI2511141125696d,2025-11-14,RJ01,new,42,541,9,10
TRPSUR2511148de42d20,2025-11-14,GJ01,repeated,10,99,6,8
TRPLUC25111421b5cffc,2025-11-14,UP01,repeated,9,107,5,6
TRPMYS251114d45fe9d9,2025-11-14,KA01,new,25,285,9,8
TRPMYS25111487cfb68a,2025-11-14,KA01,new,8,115,9,8
TRPLUC2511140041eafc,2025-11-14,UP01,repeated,8,98,5,7
TRPSUR251114f8a6417c,2025-11-14,GJ01,new,15,139,9,6
TRPKOC2511142d4c8054,2025-11-14,KL01,repeated,13,174,8,8
TRPJAI25111463f9b970,2025-11-14,RJ01,new,24,325,8,9
TRPVAD2511144f425ee9,2025-11-14,GJ02,repeated,13,122,6,7
TRPLUC251114e5999da9,2025-11-14,UP01,repeated,20,206,7,7
TRPLUC251114e44b1498,2025-11-14,UP01,repeated,9,107,7,6
TRPJAI2511147469f353,2025-11-14,RJ01,repeated,28,373,7,10
TRPSUR251114da6861ce,2025-11-14,GJ01,repeated,13,123,6,8
TRPVIS251114bb31b529,2025-11-14,AP01,repeated,35,342,7,9
TRPLUC251114571cc176,2025-11-14,UP01,new,16,170,9,7
TRPIND2511144c064c32,2025-11-14,MP01,repeated,21,191,8,7
TRPCHA2511147634c45d,2025-11-14,CH01,new,32,314,7,8
TRPCHA25111497289f0c,2025-11-14,CH01,repeated,31,305,7,8
TRPLUC251114d18d34c7,2025-11-14,UP01,repeated,12,134,7,6
TRPLUC251114eeec35d6,2025-11-14,UP01,repeated,8,98,6,8
TRPMYS25111496c9e771,2025-11-14,KA01,repeated,22,255,9,10
TRPVAD25111404d99e53,2025-11-14,GJ02,new,15,138,9,8
TRPKOC2511142011aee6,2025-11-14,KL01,repeated,19,240,8,8
TRPLUC251114731b2c67,2025-11-14,UP01,repeated,16,170,6,8
TRPLUC25111465bbd080,2025-11-14,UP01,repeated,14,152,6,8
TRPVIS25111453647f69,2025-11-14,AP01,repeated,11,126,7,9
TRPLUC2511146d021251,2025-11-14,UP01,repeated,11,125,5,8
TRPIND251114ac674ce0,2025-11-14,MP01,new,16,151,9,8
TRPKOC251114f1210f38,2025-11-14,KL01,repeated,12,163,7,8
TRPIND251114bd1c20fd,2025-11-14,MP01,new,22,199,10,8
TRPSUR2511146e3cadd5,2025-11-14,GJ01,new,14,131,8,6
TRPLUC251114be324dc3,2025-11-14,UP01,repeated,14,152,7,8
TRPSUR251114b454d1ce,2025-11-14,GJ01,repeated,8,83,5,5
TRPIND251114e95aa2f5,2025-11-14,MP01,new,14,135,10,9
TRPIND25111498840a7b,2025-11-14,MP01,repeated,11,111,8,6
TRPIND25111462e9f77a,2025-11-14,MP01,repeated,13,127,9,8
TRPIND251114bbd021f6,2025-11-14,MP01,repeated,14,135,7,8
TRPJAI251114359127c3,2025-11-14,RJ01,repeated,18,253,9,9
TRPKOC2511144bfe38e9,2025-11-14,KL01,new,25,306,10,10
TRPVAD25111433757b75,2025-11-14,GJ02,repeated,8,82,6,6
TRPJAI25111455e4a348,2025-11-14,RJ01,new,40,517,8,10
TRPLUC25111408cfcdb0,2025-11-14,UP01,repeated,15,161,7,6
TRPLUC2511142d8c6c05,2025-11-14,UP01,repeated,19,197,6,6
TRPKOC251114a257082d,2025-11-14,KL01,new,25,306,9,9
TRPSUR251114c8793d87,2025-11-14,GJ01,repeated,9,91,7,8
TRPJAI251114e9c55821,2025-11-14,RJ01,repeated,23,313,9,8
TRPSUR251114499b0758,2025-11-14,GJ01,repeated,7,75,5,6
TRPSUR251114a3f10689,2025-11-14,GJ01,repeated,6,67,7,6
TRPVAD2511145b6541e4,2025-11-14,GJ02,repeated,9,90,5,5
TRPSUR25111479a99290,2025-11-14,GJ01,repeated,5,59,6,5
TRPKOC2511140dbc912f,2025-11-14,KL01,repeated,21,262,7,9
TRPLUC251114a88ea7c1,2025-11-14,UP01,repeated,12,134,5,8
TRPLUC2511140847fc94,2025-11-14,UP01,repeated,16,170,7,8
TRPJAI251114ab0292fd,2025-11-14,RJ01,new,36,469,8,8
TRPJAI251114d402284b,2025-11-14,RJ01,repeated,23,313,7,8
TRPSUR251114b41acc2d,2025-11-14,GJ01,repeated,10,99,7,6
TRPIND2511148ee12b4e,2025-11-14,MP01,repeated,18,167,7,7
TRPVIS25111430d0b6ee,2025-11-14,AP01,new,32,315,9,9
TRPVIS25111404b2dcc2,2025-11-14,AP01,new,28,279,9,10
TRPLUC251114fd012e0a,2025-11-14,UP01,repeated,14,152,5,6
TRPJAI251114cfd5cd90,2025-11-14,RJ01,repeated,27,361,7,10
TRPLUC25111422813018,2025-11-14,UP01,new,19,197,8,8
TRPCHA25111406c88ffd,2025-11-14,CH01,repeated,29,287,7,8
TRPVIS2511141115a7a6,2025-11-14,AP01,new,34,333,8,10
TRPSUR2511146b9426c2,2025-11-14,GJ01,repeated,14,131,5,6
TRPVAD251114169f81fc,2025-11-14,GJ02,new,13,122,7,7
TRPVAD251114c5ead3bb,2025-11-14,GJ02,repeated,12,114,6,5
TRPIND251114c78f520a,2025-11-14,MP01,repeated,18,167,7,7
TRPLUC251114bf651002,2025-11-14,UP01,repeated,5,71,5,5
TRPCOI251114f35d82e8,2025-11-14,TN01,repeated,14,135,9,6
TRPSUR2511147311e3b5,2025-11-14,GJ01,new,9,91,8,6
TRPJAI251114c143b49c,2025-11-14,RJ01,new,31,409,10,8
TRPLUC251114c947caf2,2025-11-14,UP01,repeated,12,134,7,5
TRPMYS251114eb278ebc,2025-11-14,KA01,repeated,16,195,9,9
TRPKOC2511140783288c,2025-11-14,KL01,repeated,15,196,8,9
TRPVAD2511146805f7d2,2025-11-14,GJ02,new,12,114,9,8
TRPKOC25111405c697d9,2025-11-14,KL01,repeated,31,372,8,9
TRPCHA2511149f61c631,2025-11-14,CH01,new,25,251,10,7
TRPVAD251114b6451ab9,2025-11-14,GJ02,repeated,7,74,6,5
TRPVIS251114c1d13a2b,2025-11-14,AP01,repeated,22,225,7,10
TRPVAD251114c4209e7b,2025-11-14,GJ02,repeated,13,122,7,7
TRPCOI251114edce3502,2025-11-14,TN01,repeated,20,183,6,9
TRPJAI2511142b8ab455,2025-11-14,RJ01,new,16,229,9,10
TRPLUC2511149edd66ec,2025-11-14,UP01,repeated,9,107,5,7
TRPCHA251114fb20f18d,2025-11-14,CH01,repeated,14,152,6,6
TRPLUC251114422cdeb2,2025-11-14,UP01,repeated,19,197,7,7
TRPSUR251114ee038528,2025-11-14,GJ01,repeated,10,99,7,6
TRPKOC251114f384cc0a,2025-11-14,KL01,new,35,416,10,8
TRPKOC251114a57cc0eb,2025-11-14,KL01,repeated,10,141,9,8
TRPSUR2511149bffccef,2025-11-14,GJ01,repeated,10,99,6,6
TRPSUR2511146a468614,2025-11-14,GJ01,repeated,16,147,7,6
TRPMYS25111418c88db7,2025-11-14,KA01,repeated,24,275,9,9
TRPKOC2511148ca1afb5,2025-11-14,KL01,new,24,295,8,10
TRPLUC25111421c9d011,2025-11-14,UP01,repeated,16,170,6,7
TRPVIS251114eaede0af,2025-11-14,AP01,new,25,252,10,10
TRPLUC251114b898e130,2025-11-14,UP01,repeated,15,161,7,6
TRPLUC251114f975a25b,2025-11-14,UP01,repeated,19,197,5,5
TRPLUC251114e8ec8f4b,2025-11-14,UP01,repeated,7,89,5,7
TRPLUC251114bb00c398,2025-11-14,UP01,repeated,17,179,6,5
TRPCOI251114a9595bbf,2025-11-14,TN01,repeated,15,143,6,6
TRPVAD251114975c1d3e,2025-11-14,GJ02,repeated,5,58,5,8
TRPVAD2511144fcd592c,2025-11-14,GJ02,repeated,5,58,5,6
TRPCHA251114d52c16f1,2025-11-14,CH01,repeated,17,179,8,7
TRPKOC25111402ac470e,2025-11-14,KL01,repeated,30,361,8,10
TRPMYS251114a16546f7,2025-11-14,KA01,new,21,245,8,9
TRPSUR25111410f2753b,2025-11-14,GJ01,repeated,14,131,7,8
TRPLUC251114edf86fdb,2025-11-14,UP01,repeated,18,188,5,5
TRPKOC251114e45feb28,2025-11-14,KL01,repeated,35,416,7,10
TRPIND2511144110a9ae,2025-11-14,MP01,repeated,22,199,8,9
TRPVIS251114480cdd1b,2025-11-14,AP01,new,17,180,8,8
TRPIND251114e5aae402,2025-11-14,MP01,repeated,12,119,8,6
TRPJAI251114e2f291ed,2025-11-14,RJ01,repeated,45,577,9,10
TRPSUR251114dc9ac155,2025-11-14,GJ01,repeated,10,99,5,5
TRPCOI251114ed0487ed,2025-11-14,TN01,repeated,10,103,8,8
TRPKOC251114e5386887,2025-11-14,KL01,new,17,218,9,8
TRPSUR25111499bbfe94,2025-11-14,GJ01,repeated,7,75,7,6
TRPIND2511145147e3d6,2025-11-14,MP01,new,21,191,10,8
TRPJAI25111493216dd5,2025-11-14,RJ01,repeated,28,373,7,8
TRPKOC2511143f44225c,2025-11-14,KL01,repeated,18,229,8,8
TRPCOI25111407b6ef9a,2025-11-14,TN01,repeated,14,135,8,9
TRPLUC251114e3c21a04,2025-11-14,UP01,repeated,12,134,7,7
TRPSUR2511143717132d,2025-11-14,GJ01,repeated,5,59,6,5
TRPLUC251114219a4963,2025-11-14,UP01,repeated,18,188,7,8
TRPVAD251114a9365535,2025-11-14,GJ02,repeated,6,66,6,7
TRPVAD2511144dd89d22,2025-11-14,GJ02,repeated,16,146,5,5
TRPLUC251114d14233f2,2025-11-14,UP01,repeated,11,125,6,7
TRPKOC251114cc1b762c,2025-11-14,KL01,repeated,36,427,9,9
TRPKOC251114f46dffa9,2025-11-14,KL01,new,22,273,8,10
TRPLUC251114304f6f97,2025-11-14,UP01,repeated,14,152,5,7
TRPVIS251114f8a99caa,2025-11-14,AP01,new,18,189,10,10
TRPVAD251114793ea0c5,2025-11-14,GJ02,new,10,98,9,8
TRPSUR2511141cd439ae,2025-11-14,GJ01,new,17,155,7,8
TRPVAD25111425d89988,2025-11-14,GJ02,repeated,6,66,6,6
TRPVIS251114a4d85de8,2025-11-14,AP01,repeated,25,252,9,8
TRPLUC251114b7510533,2025-11-14,UP01,new,11,125,7,6
TRPIND251114bbdd4bf4,2025-11-14,MP01,repeated,23,207,6,9
TRPVIS251114b3176133,2025-11-14,AP01,new,11,126,10,9
TRPIND25111476589af4,2025-11-14,MP01,repeated,9,95,8,6
TRPJAI25111487849b98,2025-11-14,RJ01,repeated,39,505,8,9
TRPJAI2511146dd2e302,2025-11-14,RJ01,repeated,32,421,8,10
TRPCHA2511149d7c774f,2025-11-14,CH01,repeated,35,341,9,9
TRPCOI25111476fa12fe,2025-11-14,TN01,repeated,20,183,8,6
TRPVAD25111423552b87,2025-11-14,GJ02,repeated,12,114,5,6
TRPSUR2511149e41bc44,2025-11-14,GJ01,new,7,75,9,7
TRPKOC251114beb12bb3,2025-11-14,KL01,new,12,163,10,10
TRPIND251114cdfbd4ee,2025-11-14,MP01,new,22,199,10,7
TRPLUC251114dc0ae209,2025-11-14,UP01,repeated,7,89,5,8
TRPCOI251114574c92f8,2025-11-14,TN01,new,20,183,10,7
TRPSUR251114b9378915,2025-11-14,GJ01,repeated,17,155,7,8
TRPIND251114161b5449,2025-11-14,MP01,new,19,175,10,7
TRPVAD251114acccb543,2025-11-14,GJ02,new,12,114,7,8
TRPLUC251114452ef31b,2025-11-14,UP01,repeated,20,206,5,7
TRPIND251114662ac257,2025-11-14,MP01,new,23,207,9,8
TRPKOC25111476b218a9,2025-11-14,KL01,repeated,34,405,8,10
TRPIND2511144a37bddf,2025-11-14,MP01,new,19,175,10,7
TRPSUR2511140afb3233,2025-11-14,GJ01,new,10,99,7,6
TRPCHA251114a95cebf7,2025-11-14,CH01,new,16,170,9,7
TRPCHA251114eb201ea7,2025-11-14,CH01,repeated,17,179,8,7
TRPLUC251114e3f95306,2025-11-14,UP01,repeated,18,188,5,8
TRPLUC251114131b3f82,2025-11-14,UP01,repeated,18,188,6,5
TRPCHA2511146d6b724a,2025-11-14,CH01,repeated,34,332,6,7
TRPJAI251114ef3c7c36,2025-11-14,RJ01,new,30,397,9,10
TRPVIS2511145ad77a99,2025-11-14,AP01,repeated,11,126,8,10
TRPSUR25111470589444,2025-11-14,GJ01,repeated,16,147,5,7
TRPJAI25111451da317e,2025-11-14,RJ01,repeated,36,469,7,8
TRPKOC251114091c436c,2025-11-14,KL01,repeated,18,229,9,8
TRPVAD2511142fe3c62e,2025-11-14,GJ02,repeated,13,122,6,8
TRPSUR25111431feb8b9,2025-11-14,GJ01,repeated,9,91,5,5
TRPLUC251114f5e61787,2025-11-14,UP01,repeated,6,80,5,6
TRPVIS25111411e81025,2025-11-14,AP01,new,17,180,9,8
TRPVAD251114a9f9d1f3,2025-11-14,GJ02,repeated,5,58,7,8
TRPSUR2511140a450a1a,2025-11-14,GJ01,repeated,7,75,7,7
TRPLUC25111476c36512,2025-11-14,UP01,repeated,18,188,6,7
TRPSUR25111410ab967b,2025-11-14,GJ01,repeated,5,59,6,8
TRPLUC251114dbe50876,2025-11-14,UP01,repeated,9,107,6,5
TRPIND2511149dc34ee2,2025-11-14,MP01,repeated,21,191,8,9
TRPCOI25111447766cf4,2025-11-14,TN01,repeated,12,119,6,6
TRPVAD251114b15c2e0a,2025-11-14,GJ02,repeated,16,146,7,8
TRPSUR251114e7661cd5,2025-11-14,GJ01,new,12,115,7,8
TRPJAI25111472b5acdc,2025-11-14,RJ01,new,26,349,9,8
TRPSUR2511148f8d6319,2025-11-14,GJ01,repeated,11,107,6,5
TRPJAI251114ebba5274,2025-11-14,RJ01,repeated,21,289,8,10
TRPVAD2511148786ca76,2025-11-14,GJ02,repeated,11,106,5,7
TRPIND25111487a78bac,2025-11-14,MP01,repeated,14,135,9,7
TRPJAI25111450c234da,2025-11-14,RJ01,repeated,45,577,8,8
TRPVAD2511149b1d9019,2025-11-14,GJ02,repeated,14,130,5,6
TRPSUR251114a1d2bc8c,2025-11-14,GJ01,new,10,99,7,6
TRPVAD251114b6b2ca5b,2025-11-14,GJ02,new,15,138,9,7
TRPCOI2511145166c513,2025-11-14,TN01,repeated,19,175,8,8
TRPKOC25111481cf2e34,2025-11-14,KL01,repeated,36,427,9,8
TRPSUR2511140a6409f3,2025-11-14,GJ01,repeated,10,99,7,6
TRPSUR2511145d808852,2025-11-14,GJ01,repeated,10,99,5,5
TRPVAD251114f501a873,2025-11-14,GJ02,repeated,9,90,6,8
TRPLUC251114c41ecdea,2025-11-14,UP01,repeated,12,134,5,5
TRPJAI251114e2c5d634,2025-11-14,RJ01,new,15,217,10,8
TRPKOC2511146c3c0812,2025-11-14,KL01,repeated,37,438,8,10
TRPSUR25111445843286,2025-11-14,GJ01,new,9,91,8,8
TRPCHA251114519de61a,2025-11-14,CH01,new,35,341,8,7
TRPKOC2511149c0dccaa,2025-11-14,KL01,repeated,19,240,9,10
TRPKOC251114d528802b,2025-11-14,KL01,repeated,24,295,9,10
TRPJAI2511148310299b,2025-11-14,RJ01,repeated,26,349,7,8
TRPCHA251114493107c8,2025-11-14,CH01,repeated,30,296,7,8
TRPCHA251114143558ed,2025-11-14,CH01,new,26,260,9,7
TRPLUC251114ef0a719b,2025-11-14,UP01,repeated,9,107,7,8
TRPKOC251114bd269b9b,2025-11-14,KL01,new,30,361,10,10
TRPSUR2511141ccf201d,2025-11-14,GJ01,new,11,107,8,6
TRPVIS251114e4f18569,2025-11-14,AP01,repeated,21,216,8,10
TRPVIS25111463c04fbe,2025-11-14,AP01,repeated,15,162,9,8
TRPIND2511147d527f2c,2025-11-14,MP01,repeated,10,103,9,7
TRPKOC25111414c4f52c,2025-11-14,KL01,new,12,163,10,8
TRPVIS251114713af186,2025-11-14,AP01,repeated,15,162,8,8
TRPJAI2511142d3a8714,2025-11-14,RJ01,repeated,27,361,9,9
TRPJAI251114b961e938,2025-11-14,RJ01,new,30,397,8,8
TRPCHA251114774b850d,2025-11-14,CH01,new,28,278,8,8
TRPIND251114e45c3957,2025-11-14,MP01,repeated,22,199,8,7
TRPVIS2511142cebe73c,2025-11-14,AP01,repeated,17,180,8,10
TRPJAI251114a375122c,2025-11-14,RJ01,repeated,36,469,8,8
TRPLUC2511147fdbaf86,2025-11-14,UP01,repeated,15,161,6,7
TRPSUR25111475312302,2025-11-14,GJ01,repeated,6,67,5,5
TRPJAI251114f1c54716,2025-11-14,RJ01,repeated,24,325,8,8
TRPJAI251114fb2c8857,2025-11-14,RJ01,new,41,529,9,8
TRPVIS25111491182f5e,2025-11-14,AP01,new,27,270,10,9
TRPKOC251114ed2d488c,2025-11-14,KL01,repeated,31,372,8,9
TRPSUR251114ce76077e,2025-11-14,GJ01,repeated,13,123,7,8
TRPIND25111446daf7fd,2025-11-14,MP01,repeated,9,95,6,8
TRPCHA2511145296ed8c,2025-11-14,CH01,repeated,20,206,9,8
TRPLUC25111421d90635,2025-11-14,UP01,new,8,98,7,7
TRPLUC251114b042bcd9,2025-11-14,UP01,new,14,152,7,7
TRPLUC251114984b294d,2025-11-14,UP01,repeated,18,188,5,7
TRPVIS2511142851d295,2025-11-14,AP01,repeated,14,153,9,10
TRPVIS251114bc8cf9c8,2025-11-14,AP01,repeated,30,297,9,8
TRPIND25111427071797,2025-11-14,MP01,new,13,127,9,9
TRPIND251114c32492f9,2025-11-14,MP01,new,14,135,10,8
TRPLUC2511149c1896b9,2025-11-14,UP01,new,19,197,8,8
TRPKOC251114c70e7d29,2025-11-14,KL01,new,34,405,9,9
TRPVAD251114fa70fb73,2025-11-14,GJ02,repeated,15,138,6,6
TRPSUR2511146ea40976,2025-11-14,GJ01,repeated,12,115,5,8
TRPLUC251114995020fe,2025-11-14,UP01,repeated,12,134,6,8
TRPKOC2511149973ac88,2025-11-14,KL01,repeated,26,317,9,9
TRPVAD2511141b59ea7e,2025-11-14,GJ02,repeated,8,82,6,7
TRPIND25111440321fb3,2025-11-14,MP01,repeated,18,167,8,6
TRPLUC251114119c8ee0,2025-11-14,UP01,new,9,107,8,7
TRPVAD251114e0639b58,2025-11-14,GJ02,repeated,13,122,7,5
TRPCHA251114fb758cc5,2025-11-14,CH01,new,33,323,7,7
TRPCOI251114e4d1b86d,2025-11-14,TN01,repeated,21,191,7,9
TRPCOI25111459756215,2025-11-14,TN01,repeated,19,175,7,6
TRPLUC25111446c01d35,2025-11-14,UP01,repeated,13,143,7,8
TRPJAI251114f1953351,2025-11-14,RJ01,new,17,241,8,10
TRPJAI251114459a81b1,2025-11-14,RJ01,repeated,31,409,8,8
TRPSUR251114dccc9568,2025-11-14,GJ01,repeated,11,107,6,8
TRPCOI25111485dcace2,2025-11-14,TN01,repeated,22,199,8,8
TRPIND25111411f0c97b,2025-11-14,MP01,repeated,16,151,9,9
TRPSUR2511149d088572,2025-11-14,GJ01,repeated,10,99,6,7
TRPCHA25111497a72173,2025-11-14,CH01,repeated,20,206,9,6
TRPIND25111463796be0,2025-11-14,MP01,repeated,17,159,1,4
TRPCHA25111419e9186d,2025-11-14,CH01,repeated,32,314,8,8
TRPSUR2511141d722edc,2025-11-14,GJ01,new,7,75,8,8
TRPIND251114dff97fa6,2025-11-14,MP01,repeated,19,175,6,7
TRPKOC2511146307480a,2025-11-14,KL01,repeated,33,394,9,9
TRPVAD251114bbf8b118,2025-11-14,GJ02,repeated,13,122,6,8
TRPVIS25111453cc8088,2025-11-14,AP01,new,33,324,8,10
TRPKOC25111428436868,2025-11-14,KL01,repeated,33,394,7,10
TRPLUC2511141c3ba5e5,2025-11-14,UP01,repeated,19,197,6,7
TRPKOC251114b89b5078,2025-11-14,KL01,new,32,383,9,8
TRPVIS251114c00c289c,2025-11-14,AP01,repeated,20,207,9,8
TRPKOC2511146fbe2e86,2025-11-14,KL01,repeated,10,141,8,10
TRPKOC251114ad863fb5,2025-11-14,KL01,new,23,284,10,8
TRPLUC251114eb2dbbe9,2025-11-14,UP01,repeated,12,134,6,6
TRPVAD251114d23155e6,2025-11-14,GJ02,repeated,10,98,6,8
TRPCHA2511141cbbffdf,2025-11-14,CH01,new,32,314,10,8
TRPCOI25111413dfecb6,2025-11-14,TN01,new,22,199,9,7
TRPSUR2511143bb6b165,2025-11-14,GJ01,repeated,17,155,7,6
TRPLUC251114e5df4529,2025-11-14,UP01,repeated,18,188,6,6
TRPIND2511147dc8fbbf,2025-11-14,MP01,repeated,22,199,6,6
TRPSUR251114716f916d,2025-11-14,GJ01,repeated,16,147,6,7
TRPLUC2511144768bc20,2025-11-14,UP01,new,8,98,8,7
TRPKOC251114f8684e0f,2025-11-14,KL01,repeated,35,416,9,10
TRPSUR251114755008f5,2025-11-14,GJ01,repeated,9,91,5,7
TRPKOC251114b170481e,2025-11-14,KL01,new,31,372,10,9
TRPSUR251114d9396bb9,2025-11-14,GJ01,repeated,17,155,6,8
TRPCHA251114fd75583f,2025-11-14,CH01,repeated,14,152,6,6
TRPLUC251114914d5f0c,2025-11-14,UP01,repeated,14,152,7,6
TRPSUR25111483d0da60,2025-11-14,GJ01,repeated,5,59,5,7
TRPCOI251114165f1ef0,2025-11-14,TN01,new,15,143,7,9
TRPLUC251114d6e5ab20,2025-11-14,UP01,repeated,12,134,5,6
TRPCHA2511149cd94eef,2025-11-14,CH01,repeated,19,197,8,8
TRPVIS251114d16d124e,2025-11-14,AP01,repeated,12,135,9,8
TRPSUR251114f62cb60b,2025-11-14,GJ01,repeated,6,67,6,6
TRPCHA251114096e0d98,2025-11-14,CH01,repeated,12,134,8,6
TRPSUR251114acb10c20,2025-11-14,GJ01,repeated,15,139,5,8
TRPSUR251114011b6aeb,2025-11-14,GJ01,repeated,10,99,7,5
TRPVIS251114d73e5b95,2025-11-14,AP01,repeated,30,297,9,10
TRPSUR2511141be94c95,2025-11-14,GJ01,repeated,8,83,6,6
TRPSUR2511145ea70db2,2025-11-14,GJ01,new,5,59,9,8
TRPLUC251114c4d535ab,2025-11-14,UP01,repeated,8,98,7,5
TRPSUR251114af283976,2025-11-14,GJ01,repeated,5,59,6,8
TRPCHA251114b6f9c68f,2025-11-14,CH01,repeated,16,170,8,7
TRPCOI25111474840e23,2025-11-14,TN01,repeated,14,135,7,9
TRPJAI251114adc9bdc8,2025-11-14,RJ01,repeated,35,457,8,10
TRPJAI251114a27d817f,2025-11-14,RJ01,new,20,277,10,10
TRPLUC25111453ff62f2,2025-11-14,UP01,repeated,10,116,6,6
TRPKOC25111479186ab5,2025-11-14,KL01,repeated,12,163,8,9
TRPCOI25111490bc6817,2025-11-14,TN01,repeated,22,199,7,6
TRPLUC2511143ef8adaa,2025-11-14,UP01,repeated,18,188,5,7
TRPLUC2511143dd23e1b,2025-11-14,UP01,new,9,107,9,8
TRPSUR2511147d44915d,2025-11-14,GJ01,repeated,17,155,6,8
TRPCHA251114582b7626,2025-11-14,CH01,new,13,143,8,8
TRPLUC251114714c80b3,2025-11-14,UP01,repeated,11,125,6,5
TRPJAI2511140b519054,2025-11-14,RJ01,repeated,42,541,9,8
TRPJAI2511141497bb35,2025-11-14,RJ01,repeated,17,241,8,8
TRPJAI2511147625b34e,2025-11-14,RJ01,repeated,18,253,7,10
TRPMYS251114322629f4,2025-11-14,KA01,repeated,24,275,7,10
TRPVAD251114c0453dff,2025-11-14,GJ02,repeated,6,66,5,8
TRPSUR251114e6584fab,2025-11-14,GJ01,repeated,13,123,6,5
TRPVAD251114b8d0ebb6,2025-11-14,GJ02,repeated,18,162,5,7
TRPCOI25111413f9ee09,2025-11-14,TN01,repeated,22,199,6,8
TRPKOC251114ba57d79e,2025-11-14,KL01,repeated,13,174,7,9
TRPJAI251114e643a883,2025-11-14,RJ01,new,40,517,10,9
TRPSUR2511140a519679,2025-11-14,GJ01,repeated,16,147,5,8
TRPLUC251114a8ba18bc,2025-11-14,UP01,new,13,143,7,6
TRPLUC251114fe1c9aa4,2025-11-14,UP01,repeated,13,143,6,5
TRPVIS25111462dc7db5,2025-11-14,AP01,new,19,198,10,10
TRPVIS251114a09ee7fe,2025-11-14,AP01,repeated,29,288,8,10
TRPLUC251114ec9143be,2025-11-14,UP01,repeated,12,134,7,5
TRPJAI251114e6b4c981,2025-11-14,RJ01,repeated,22,301,8,8
TRPLUC25111499d2c62a,2025-11-14,UP01,repeated,12,134,5,5
TRPLUC251114bb77a257,2025-11-14,UP01,repeated,20,206,6,7
TRPKOC251114c58b6d28,2025-11-14,KL01,repeated,23,284,7,10
TRPKOC2511142f87d91c,2025-11-14,KL01,repeated,10,141,8,10
TRPIND251114e8b153e7,2025-11-14,MP01,repeated,23,207,7,7
TRPSUR25111495f28d1e,2025-11-14,GJ01,repeated,5,59,5,5
TRPJAI25111433c909c5,2025-11-14,RJ01,repeated,41,529,7,10
TRPSUR251114652e9bb2,2025-11-14,GJ01,repeated,16,147,5,7
TRPKOC251114636d6d91,2025-11-14,KL01,new,23,284,9,9
TRPLUC251114f3155354,2025-11-14,UP01,repeated,20,206,6,7
TRPLUC2511148d66cca2,2025-11-14,UP01,new,19,197,9,7
TRPVAD251114ddc22c3a,2025-11-14,GJ02,new,9,90,8,8
TRPSUR2511146b6ec83b,2025-11-14,GJ01,repeated,8,83,5,7
TRPCOI251114c35058ab,2025-11-14,TN01,repeated,14,135,8,7
TRPLUC2511142fd1a1ba,2025-11-14,UP01,repeated,18,188,7,8
TRPMYS25111405e9bb5a,2025-11-14,KA01,repeated,18,215,9,10
TRPJAI251114dfd1c600,2025-11-14,RJ01,repeated,37,481,7,10
TRPKOC251114fceaf9eb,2025-11-14,KL01,repeated,27,328,8,9
TRPJAI251114386d4994,2025-11-14,RJ01,repeated,22,301,9,10
TRPVIS251114c9a8465f,2025-11-14,AP01,repeated,20,207,7,8
TRPLUC25111425971d18,2025-11-14,UP01,repeated,18,188,7,8
TRPIND251114f2314c2c,2025-11-14,MP01,repeated,14,135,9,9
TRPIND2511146871013c,2025-11-14,MP01,new,17,159,7,8
TRPKOC251114119e1224,2025-11-14,KL01,repeated,32,383,8,8
TRPLUC251114823e30d6,2025-11-14,UP01,repeated,9,107,7,6
TRPVAD2511140000f5cb,2025-11-14,GJ02,new,13,122,7,6
TRPLUC251114e563d63b,2025-11-14,UP01,new,17,179,8,7
TRPVAD251114eb053bf6,2025-11-14,GJ02,new,12,114,7,6
TRPVAD251114f6a09e82,2025-11-14,GJ02,repeated,15,138,7,7
TRPCHA251114ff729516,2025-11-14,CH01,repeated,31,305,7,8
TRPVIS251114509791f9,2025-11-14,AP01,repeated,12,135,9,8
TRPIND251114eb6bcfad,2025-11-14,MP01,new,8,87,10,7
TRPLUC251114848a1196,2025-11-14,UP01,repeated,19,197,5,5
TRPVIS251114be37850e,2025-11-14,AP01,repeated,20,207,8,8
TRPJAI2511145cb4cb56,2025-11-14,RJ01,new,24,325,10,9
TRPVIS251114b0f7a15d,2025-11-14,AP01,repeated,11,126,9,10
TRPCHA2511141c770277,2025-11-14,CH01,repeated,31,305,9,7
TRPLUC2511143f614c48,2025-11-14,UP01,new,12,134,7,8
TRPCHA2511142e1e5727,2025-11-14,CH01,new,30,296,8,7
TRPLUC251114e68fc4ff,2025-11-14,UP01,new,11,125,7,6
TRPKOC251114860c5279,2025-11-14,KL01,repeated,26,317,9,9
TRPSUR251114fd31f259,2025-11-14,GJ01,repeated,6,67,7,6
TRPVIS25111482fceed8,2025-11-14,AP01,new,18,189,10,8
TRPMYS251114cee823b3,2025-11-14,KA01,new,14,175,9,8
TRPSUR2511146cb6c13c,2025-11-14,GJ01,repeated,5,59,7,6
TRPSUR251114faa0ae94,2025-11-14,GJ01,repeated,13,123,5,5
TRPIND251114adce60e2,2025-11-14,MP01,new,24,215,9,9
TRPVAD251114a6427ff1,2025-11-14,GJ02,repeated,14,130,6,8
TRPSUR2511146517a54b,2025-11-14,GJ01,repeated,8,83,5,7
TRPVAD251114193701bf,2025-11-14,GJ02,repeated,11,106,7,8
TRPKOC2511142dfe4627,2025-11-14,KL01,repeated,16,207,8,10
TRPVAD251114194fb870,2025-11-14,GJ02,repeated,6,66,6,5
TRPKOC251114fa3c61a0,2025-11-14,KL01,new,16,207,10,10
TRPIND25111440f2ea31,2025-11-14,MP01,repeated,17,159,8,6
TRPSUR251114fe6c0e61,2025-11-14,GJ01,repeated,12,115,6,8
TRPLUC251114e957183d,2025-11-14,UP01,repeated,8,98,5,8
TRPLUC2511141a8f2811,2025-11-14,UP01,repeated,9,107,6,8
TRPSUR2511140ffc15ed,2025-11-14,GJ01,repeated,10,99,7,7
TRPKOC25111416f4e068,2025-11-14,KL01,new,25,306,8,8
TRPSUR2511145b06574e,2025-11-14,GJ01,repeated,15,139,6,6
TRPVAD251114f054abfa,2025-11-14,GJ02,repeated,7,74,7,7
TRPIND251114a4c2c56d,2025-11-14,MP01,repeated,19,175,8,7
TRPCHA25111465ef3a8b,2025-11-14,CH01,repeated,26,260,8,9
TRPJAI25111451ea078f,2025-11-14,RJ01,repeated,41,529,7,8
TRPKOC2511144c1211df,2025-11-14,KL01,new,24,295,10,10
TRPCHA2511144a990586,2025-11-14,CH01,new,35,341,9,9
TRPLUC251114aac7fd17,2025-11-14,UP01,repeated,17,179,7,5
TRPLUC251114341e3b7b,2025-11-14,UP01,repeated,18,188,7,5
TRPKOC2511140bb6b6e6,2025-11-14,KL01,new,25,306,8,8
TRPCOI25111429d710b6,2025-11-14,TN01,repeated,17,159,6,9
TRPSUR251114ade54e5f,2025-11-14,GJ01,repeated,17,155,5,5
TRPJAI251114c340a7ed,2025-11-14,RJ01,new,27,361,9,10
TRPVAD251114bb5113ab,2025-11-14,GJ02,repeated,7,74,6,7
TRPLUC25111413b656ca,2025-11-14,UP01,repeated,5,71,7,7
TRPJAI2511143a79cad1,2025-11-14,RJ01,new,42,541,8,10
TRPCOI251114db5affe4,2025-11-14,TN01,repeated,9,95,8,6
TRPJAI251114d3121a2c,2025-11-14,RJ01,repeated,43,553,7,10
TRPLUC251114b0bb20c1,2025-11-14,UP01,repeated,20,206,7,5
TRPCOI2511145d8eab40,2025-11-14,TN01,new,17,159,10,7
TRPLUC25111448e6e7f6,2025-11-14,UP01,repeated,13,143,5,8
TRPSUR2511145c479c51,2025-11-14,GJ01,repeated,11,107,6,8
TRPCHA25111411038a39,2025-11-14,CH01,repeated,24,242,9,7
TRPVIS251114f9e95b9a,2025-11-14,AP01,repeated,25,252,8,8
TRPMYS251114001d843e,2025-11-14,KA01,new,21,245,10,8
TRPSUR25111454618667,2025-11-14,GJ01,repeated,12,115,5,5
TRPIND251114835464c9,2025-11-14,MP01,repeated,25,223,7,8
TRPCHA2511143b88d2ed,2025-11-14,CH01,repeated,14,152,7,6
TRPJAI25111452876874,2025-11-14,RJ01,repeated,44,565,8,9
TRPCOI251114e1ec5079,2025-11-14,TN01,repeated,20,183,8,6
TRPSUR2511143254ca79,2025-11-14,GJ01,repeated,11,107,7,7
TRPCOI251114cae0a2fd,2025-11-14,TN01,repeated,8,87,7,7
TRPKOC2511146bbf15ea,2025-11-14,KL01,repeated,33,394,8,10
TRPVAD251114eab512ca,2025-11-14,GJ02,repeated,16,146,5,6
TRPIND251114fd9ae681,2025-11-14,MP01,repeated,18,167,7,8
TRPSUR251114431a8705,2025-11-14,GJ01,repeated,15,139,6,5
TRPSUR251114437bc6cc,2025-11-14,GJ01,new,13,123,9,7
TRPVAD251114f5b09e57,2025-11-14,GJ02,repeated,16,146,7,7
TRPSUR251114214686e0,2025-11-14,GJ01,repeated,13,123,6,8
TRPKOC2511146ae67a5a,2025-11-14,KL01,new,11,152,8,10
TRPSUR251114481bb10b,2025-11-14,GJ01,repeated,7,75,5,6
TRPLUC251114a7d2a974,2025-11-14,UP01,repeated,8,98,7,7
TRPIND2511149a5cf1d6,2025-11-14,MP01,repeated,16,151,8,8
TRPJAI25111415f1bffc,2025-11-14,RJ01,new,44,565,9,8
TRPVAD251114cc14285b,2025-11-14,GJ02,repeated,14,130,5,6
TRPJAI2511141ca76f79,2025-11-14,RJ01,new,38,493,10,10
TRPCHA251114cfca5052,2025-11-14,CH01,new,31,305,9,9
TRPJAI2511146bb5ffb6,2025-11-14,RJ01,repeated,28,373,8,9
TRPKOC2511142e318a6d,2025-11-14,KL01,new,38,449,9,10
TRPVIS251114955d76d5,2025-11-14,AP01,repeated,24,243,8,8
TRPMYS2511144a4611ae,2025-11-14,KA01,repeated,9,125,7,10
TRPJAI251114c2bc7304,2025-11-14,RJ01,new,18,253,8,8
TRPSUR251114a8c03859,2025-11-14,GJ01,repeated,9,91,5,7
TRPIND2511145be7a399,2025-11-14,MP01,repeated,10,103,7,7
TRPJAI251114cf878219,2025-11-14,RJ01,repeated,35,457,7,10
TRPJAI2511140a8a3f5b,2025-11-14,RJ01,repeated,25,337,8,8
TRPMYS25111494a2021a,2025-11-14,KA01,repeated,8,115,7,8
TRPCHA251114fa8e7e81,2025-11-14,CH01,new,20,206,10,9
TRPCOI2511145e6648ac,2025-11-14,TN01,new,8,87,9,8
TRPLUC251114ed6708cf,2025-11-14,UP01,repeated,12,134,5,6
TRPKOC251114b5c2095e,2025-11-14,KL01,repeated,26,317,7,8
TRPMYS2511146e8d210d,2025-11-14,KA01,new,18,215,10,8
TRPVIS2511146d3dcf61,2025-11-14,AP01,repeated,14,153,9,9
TRPJAI2511143da34502,2025-11-14,RJ01,repeated,40,517,8,8
TRPSUR2511145a5b9509,2025-11-14,GJ01,repeated,8,83,6,5
TRPLUC251114b8b9704d,2025-11-14,UP01,repeated,17,179,7,7
TRPIND2511146a5fc446,2025-11-14,MP01,repeated,20,183,8,7
TRPJAI251114d461fca1,2025-11-14,RJ01,new,22,301,9,9
TRPSUR25111417b8940d,2025-11-14,GJ01,new,14,131,7,6
TRPCHA25111422e23d87,2025-11-14,CH01,repeated,29,287,8,8
TRPCOI2511142c49d0e0,2025-11-14,TN01,repeated,17,159,6,7
TRPKOC251114c80b17ec,2025-11-14,KL01,repeated,33,394,9,8
TRPLUC251114927f7e80,2025-11-14,UP01,repeated,14,152,7,6
TRPJAI25111461355d1c,2025-11-14,RJ01,new,24,325,8,10
TRPLUC25111429c02707,2025-11-14,UP01,repeated,17,179,7,8
TRPJAI2511140c98137f,2025-11-14,RJ01,new,18,253,8,9
TRPLUC2511147fb543b6,2025-11-14,UP01,repeated,18,188,7,5
TRPJAI2511141e1fa209,2025-11-14,RJ01,repeated,17,241,7,10
TRPVAD2511140e3bc851,2025-11-14,GJ02,repeated,6,66,6,6
TRPIND251114c32bc854,2025-11-14,MP01,repeated,17,159,7,6
TRPVAD25111429f37eb9,2025-11-14,GJ02,repeated,6,66,5,6
TRPVAD2511145e23b88d,2025-11-14,GJ02,repeated,8,82,5,7
TRPVAD251114acf54f6f,2025-11-14,GJ02,repeated,11,106,7,8
TRPVIS251114a39e1b18,2025-11-14,AP01,repeated,34,333,7,8
TRPLUC251114183c7184,2025-11-14,UP01,repeated,17,179,7,8
TRPVIS25111489546f35,2025-11-14,AP01,repeated,28,279,7,10
TRPJAI25111439064ac7,2025-11-14,RJ01,new,36,469,8,9
TRPIND25111456901912,2025-11-14,MP01,repeated,12,119,7,6
TRPLUC251114009d4254,2025-11-14,UP01,repeated,6,80,7,8
TRPCOI25111411bde32a,2025-11-14,TN01,repeated,10,103,9,9
TRPJAI2511145e98c607,2025-11-14,RJ01,repeated,43,553,9,9
TRPKOC251114c253c40d,2025-11-14,KL01,repeated,26,317,7,9
TRPKOC2511143117836e,2025-11-14,KL01,new,11,152,9,9
TRPSUR251114fc23d582,2025-11-14,GJ01,new,11,107,9,8
TRPCHA2511145391350f,2025-11-14,CH01,repeated,32,314,7,6
TRPLUC2511141959b90c,2025-11-14,UP01,repeated,6,80,7,5
TRPLUC251114d18c5f97,2025-11-14,UP01,new,7,89,9,8
TRPMYS251114ca6b2d4c,2025-11-14,KA01,repeated,13,165,7,10
TRPLUC251114091e1ca5,2025-11-14,UP01,repeated,19,197,5,6
TRPLUC251114313b631b,2025-11-14,UP01,repeated,9,107,6,8
TRPLUC251114d4e4fbe7,2025-11-14,UP01,repeated,8,98,5,6
