trip_id,date,city_id,passenger_type,distance_travelled(km),fare_amount,passenger_rating,driver_rating
TRPSUR2511048ff48521,2025-11-04,GJ01,repeated,13,123,6,6
TRPLUC251104a8933ce1,2025-11-04,UP01,repeated,19,197,5,7
TRPVAD251104186a122d,2025-11-04,GJ02,repeated,13,122,7,8
TRPCHA2511045b419223,2025-11-04,CH01,new,28,278,7,7
TRPLUC251104e6761cc7,2025-11-04,UP01,repeated,6,80,7,8
TRPJAI251104155f688c,2025-11-04,RJ01,repeated,19,265,7,9
TRPIND25110495c91543,2025-11-04,MP01,new,24,215,8,7
TRPKOC251104329d3ddd,2025-11-04,KL01,new,24,295,10,10
TRPVAD2511045182437f,2025-11-04,GJ02,new,5,58,9,6
TRPSUR251104db2f2604,2025-11-04,GJ01,repeated,17,155,7,7
TRPKOC251104d7c088c5,2025-11-04,KL01,new,23,284,10,9
TRPSUR2511046557bc2c,2025-11-04,GJ01,repeated,11,107,7,5
TRPSUR251104029a4c16,2025-11-04,GJ01,repeated,5,59,6,5
TRPLUC2511043d5c54b2,2025-11-04,UP01,repeated,18,188,7,7
TRPLUC2511046de627bd,2025-11-04,UP01,repeated,18,188,7,7
TRPLUC25110450335959,2025-11-04,UP01,repeated,20,206,7,5
TRPJAI25110491fb96e3,2025-11-04,RJ01,new,36,469,9,8
TRPKOC2511041fa29a38,2025-11-04,KL01,repeated,37,438,8,8
TRPKOC251104ccc85928,2025-11-04,KL01,repeated,13,174,9,10
TRPKOC251104b81002fe,2025-11-04,KL01,repeated,33,394,8,8
TRPVIS251104ccee0625,2025-11-04,AP01,repeated,14,153,9,9
TRPKOC251104df7d2f88,2025-11-04,KL01,new,21,262,10,9
TRPMYS2511043a2de5f7,2025-11-04,KA01,repeated,10,135,8,9
TRPMYS2511043317fab4,2025-11-04,KA01,new,12,155,10,9
TRPSUR25110455f6c562,2025-11-04,GJ01,repeated,13,123,5,5
TRPJAI2511043dc7bcbd,2025-11-04,RJ01,new,15,217,10,9
TRPLUC2511042960557c,2025-11-04,UP01,repeated,19,197,5,7
TRPCOI2511047177a4eb,2025-11-04,TN01,new,12,119,10,8
TRPKOC251104da54d637,2025-11-04,KL01,repeated,32,383,7,10
TRPCOI2511045c963818,2025-11-04,TN01,repeated,19,175,7,7
TRPVAD25110442ea2ba1,2025-11-04,GJ02,repeated,8,82,5,5
TRPVIS251104dbbb1608,2025-11-04,AP01,repeated,32,315,8,9
TRPLUC251104027b4dd8,2025-11-04,UP01,repeated,15,161,6,6
TRPKOC251104adff5f01,2025-11-04,KL01,new,19,240,9,9
TRPSUR251104459cf870,2025-11-04,GJ01,repeated,6,67,6,7
TRPLUC25110465a347ae,2025-11-04,UP01,repeated,18,188,5,7
TRPKOC251104c930c867,2025-11-04,KL01,new,29,350,8,8
TRPSUR251104932e6b84,2025-11-04,GJ01,repeated,6,67,6,6
TRPVAD2511047cbcc513,2025-11-04,GJ02,repeated,17,154,6,6
TRPLUC2511040f1d133f,2025-11-04,UP01,repeated,6,80,7,5
TRPCHA251104fcf3b556,2025-11-04,CH01,repeated,25,251,9,8
TRPMYS251104d0fb426c,2025-11-04,KA01,new,13,165,10,9
TRPVIS251104928a9c4b,2025-11-04,AP01,new,16,171,10,8
TRPLUC2511048c4f43c1,2025-11-04,UP01,repeated,19,197,7,7
TRPJAI25110409d54f75,2025-11-04,RJ01,new,38,493,9,8
TRPSUR2511043cef7171,2025-11-04,GJ01,repeated,15,139,7,8
TRPIND251104e97165a1,2025-11-04,MP01,repeated,16,151,9,9
TRPLUC2511046cea82c9,2025-11-04,UP01,repeated,8,98,6,6
TRPLUC251104d52a5d4f,2025-11-04,UP01,new,8,98,8,6
TRPCOI251104e3adb086,2025-11-04,TN01,repeated,11,111,8,9
TRPLUC251104b16e99f0,2025-11-04,UP01,repeated,6,80,6,5
TRPJAI25110467fe036b,2025-11-04,RJ01,repeated,42,541,7,9
TRPVAD251104c2af7101,2025-11-04,GJ02,repeated,12,114,5,8
TRPVIS2511045b636f02,2025-11-04,AP01,repeated,31,306,9,10
TRPCHA25110432848509,2025-11-04,CH01,new,29,287,8,7
TRPLUC251104a0783cf6,2025-11-04,UP01,repeated,20,206,7,7
TRPVAD251104e1cd4ba5,2025-11-04,GJ02,repeated,6,66,5,8
TRPKOC2511041407412d,2025-11-04,KL01,new,31,372,10,8
TRPCOI251104683e675e,2025-11-04,TN01,repeated,11,111,9,7
TRPSUR251104da170022,2025-11-04,GJ01,repeated,13,123,7,5
TRPKOC251104d513fab0,2025-11-04,KL01,new,17,218,8,8
TRPLUC2511040efc05e4,2025-11-04,UP01,new,10,116,7,6
TRPKOC251104deca77f7,2025-11-04,KL01,repeated,21,262,7,9
TRPLUC25110408136f0e,2025-11-04,UP01,repeated,20,206,7,5
TRPVIS2511042e6b521e,2025-11-04,AP01,repeated,19,198,8,8
TRPSUR251104f01f86a2,2025-11-04,GJ01,repeated,14,131,6,8
TRPVAD251104d23cda4d,2025-11-04,GJ02,repeated,17,154,6,8
TRPIND2511040bd55ad6,2025-11-04,MP01,new,8,87,10,7
TRPLUC2511040b0cb605,2025-11-04,UP01,repeated,13,143,6,7
TRPCOI251104adb96a9f,2025-11-04,TN01,repeated,17,159,9,8
TRPKOC25110494296366,2025-11-04,KL01,repeated,12,163,8,10
TRPKOC25110404f2830a,2025-11-04,KL01,repeated,12,163,9,9
TRPMYS251104e3af0b3c,2025-11-04,KA01,new,22,255,8,9
TRPJAI251104d62ecea2,2025-11-04,RJ01,repeated,19,265,9,10
TRPKOC2511046e98ef17,2025-11-04,KL01,repeated,29,350,8,9
TRPLUC251104c74564fa,2025-11-04,UP01,repeated,19,197,7,7
TRPJAI251104005099a6,2025-11-04,RJ01,new,37,481,8,8
TRPKOC25110446d62afb,2025-11-04,KL01,repeated,38,449,7,8
TRPSUR2511042cbb81a9,2025-11-04,GJ01,repeated,17,155,7,6
TRPVAD251104eca2c624,2025-11-04,GJ02,repeated,17,154,6,6
TRPKOC25110493fca69c,2025-11-04,KL01,new,21,262,8,10
TRPLUC25110499fa8a10,2025-11-04,UP01,new,6,80,9,7
TRPKOC2511040cf8a04d,2025-11-04,KL01,repeated,37,438,8,9
TRPVIS251104bb4840b4,2025-11-04,AP01,repeated,12,135,7,8
TRPVIS251104a4b102b7,2025-11-04,AP01,repeated,27,270,9,8
TRPLUC25110426d7a522,2025-11-04,UP01,repeated,10,116,6,5
TRPJAI251104ed89cb7b,2025-11-04,RJ01,new,38,493,9,8
TRPJAI25110437569e77,2025-11-04,RJ01,new,27,361,10,10
TRPJAI2511045731e6a4,2025-11-04,RJ01,repeated,31,409,9,8
TRPJAI2511047e47701e,2025-11-04,RJ01,new,35,457,10,8
TRPJAI2511049aadeadf,2025-11-04,RJ01,repeated,29,385,7,10
TRPCOI2511042a12fa07,2025-11-04,TN01,repeated,17,159,8,6
TRPSUR2511040d4bb0af,2025-11-04,GJ01,repeated,9,91,7,5
TRPSUR251104ef2ecad6,2025-11-04,GJ01,repeated,17,155,7,8
TRPVIS25110462ac65ac,2025-11-04,AP01,repeated,21,216,9,9
TRPIND2511049ba2f582,2025-11-04,MP01,new,13,127,10,8
TRPKOC251104d9019b37,2025-11-04,KL01,repeated,18,229,7,8
TRPKOC25110457b2db96,2025-11-04,KL01,repeated,25,306,7,8
TRPJAI2511043620cbcd,2025-11-04,RJ01,new,32,421,9,8
TRPKOC2511048c16e72c,2025-11-04,KL01,new,32,383,9,10
TRPVIS2511049015d83f,2025-11-04,AP01,repeated,25,252,7,8
TRPMYS2511043735f1d8,2025-11-04,KA01,new,10,135,10,10
TRPJAI251104d4b4e7d3,2025-11-04,RJ01,repeated,25,337,7,9
TRPVIS25110464644839,2025-11-04,AP01,repeated,21,216,9,9
TRPVAD25110418b6aa0a,2025-11-04,GJ02,repeated,8,82,6,5
TRPCHA2511043d566964,2025-11-04,CH01,repeated,33,323,9,9
TRPCHA251104ea8a6518,2025-11-04,CH01,repeated,18,188,6,8
TRPJAI251104d6b9dd58,2025-11-04,RJ01,repeated,30,397,7,9
TRPJAI251104fb5428ae,2025-11-04,RJ01,new,36,469,8,10
TRPIND25110496fd4ee5,2025-11-04,MP01,repeated,24,215,6,7
TRPVIS251104245eb012,2025-11-04,AP01,new,22,225,10,10
TRPJAI251104cde1b1f9,2025-11-04,RJ01,repeated,32,421,8,10
TRPSUR25110477e2628d,2025-11-04,GJ01,repeated,17,155,7,6
TRPVIS251104562b6246,2025-11-04,AP01,repeated,25,252,9,10
TRPIND2511048a1f4f96,2025-11-04,MP01,repeated,20,183,8,8
TRPIND251104157a5e10,2025-11-04,MP01,repeated,13,127,7,7
TRPIND25110466a70a0c,2025-11-04,MP01,repeated,14,135,7,6
TRPJAI251104540dd3dd,2025-11-04,RJ01,repeated,41,529,7,9
TRPVAD25110414e78b89,2025-11-04,GJ02,repeated,10,98,7,6
TRPVIS2511041410e4a0,2025-11-04,AP01,new,31,306,8,8
TRPIND251104712cedce,2025-11-04,MP01,repeated,25,223,7,8
TRPLUC2511040fdab2e2,2025-11-04,UP01,repeated,16,170,6,8
TRPJAI2511041423046e,2025-11-04,RJ01,repeated,44,565,9,10
TRPSUR25110422324088,2025-11-04,GJ01,new,6,67,7,7
TRPSUR251104e22d00d7,2025-11-04,GJ01,repeated,10,99,6,5
TRPIND251104d3118156,2025-11-04,MP01,repeated,8,87,8,9
TRPLUC251104e5ef2574,2025-11-04,UP01,repeated,5,71,7,8
TRPLUC251104d1785ed5,2025-11-04,UP01,repeated,9,107,7,5
TRPLUC25110415ac949e,2025-11-04,UP01,repeated,16,170,6,8
TRPSUR2511045d42b5ae,2025-11-04,GJ01,repeated,17,155,6,5
TRPSUR251104a7a2213d,2025-11-04,GJ01,repeated,5,59,6,7
TRPSUR2511048aa5fe65,2025-11-04,GJ01,repeated,8,83,6,5
TRPCOI251104f7684a7b,2025-11-04,TN01,repeated,18,167,9,9
TRPCHA251104d5dabd71,2025-11-04,CH01,repeated,16,170,6,6
TRPLUC251104107106cf,2025-11-04,UP01,repeated,5,71,5,8
TRPKOC2511043f8fba62,2025-11-04,KL01,repeated,34,405,7,10
TRPCOI2511044e8e2bae,2025-11-04,TN01,repeated,20,183,7,8
TRPLUC251104dbd7943f,2025-11-04,UP01,repeated,5,71,6,5
TRPKOC2511040f467841,2025-11-04,KL01,new,35,416,8,10
TRPVIS251104dd9ccb82,2025-11-04,AP01,new,26,261,9,10
TRPVIS2511043cffecf3,2025-11-04,AP01,repeated,11,126,9,10
TRPSUR251104e785aef8,2025-11-04,GJ01,repeated,11,107,7,6
TRPVAD251104aae5dc9f,2025-11-04,GJ02,new,9,90,8,6
TRPSUR2511044f92c8bc,2025-11-04,GJ01,new,15,139,7,8
TRPSUR251104fc92b4d8,2025-11-04,GJ01,repeated,7,75,7,8
TRPSUR2511046b6630e0,2025-11-04,GJ01,repeated,15,139,6,5
TRPIND251104ca86d4eb,2025-11-04,MP01,new,10,103,8,7
TRPSUR251104ce2da686,2025-11-04,GJ01,repeated,13,123,5,7
TRPLUC251104df910b4f,2025-11-04,UP01,repeated,15,161,6,6
TRPLUC251104c2843113,2025-11-04,UP01,repeated,17,179,5,7
TRPVAD251104edea5650,2025-11-04,GJ02,repeated,9,90,5,5
TRPIND251104212bbecd,2025-11-04,MP01,repeated,18,167,9,7
TRPLUC251104d1f43f4f,2025-11-04,UP01,repeated,5,71,6,7
TRPSUR25110410bf8b0c,2025-11-04,GJ01,repeated,16,147,7,5
TRPIND251104f7548600,2025-11-04,MP01,repeated,17,159,7,8
TRPIND251104c20a2a5c,2025-11-04,MP01,repeated,25,223,9,7
TRPIND2511044bcb5576,2025-11-04,MP01,repeated,20,183,7,9
TRPSUR25110456b9a2e7,2025-11-04,GJ01,repeated,7,75,5,7
TRPJAI251104131c330a,2025-11-04,RJ01,repeated,30,397,9,9
TRPVIS25110446c5237f,2025-11-04,AP01,new,22,225,9,9
TRPSUR25110424d068be,2025-11-04,GJ01,new,14,131,9,8
TRPSUR251104e09bed87,2025-11-04,GJ01,repeated,8,83,7,7
TRPJAI251104ae5f67dc,2025-11-04,RJ01,new,44,565,8,9
TRPKOC251104a13579f4,2025-11-04,KL01,repeated,38,449,8,8
TRPLUC251104f44eaeda,2025-11-04,UP01,repeated,13,143,7,5
TRPCOI251104c3ed57cd,2025-11-04,TN01,repeated,8,87,7,6
TRPVAD251104bb565a3f,2025-11-04,GJ02,new,6,66,9,6
TRPSUR2511049a622e1b,2025-11-04,GJ01,repeated,15,139,5,7
TRPCHA2511048acded2c,2025-11-04,CH01,repeated,26,260,8,8
TRPSUR251104fbb512b4,2025-11-04,GJ01,repeated,12,115,5,6
TRPVAD2511042dba28de,2025-11-04,GJ02,repeated,16,146,6,6
TRPLUC251104df09a46d,2025-11-04,UP01,repeated,14,152,5,7
TRPCHA251104a474896c,2025-11-04,CH01,repeated,21,215,9,6
TRPKOC251104ee173361,2025-11-04,KL01,new,27,328,9,8
TRPSUR2511043d8e78c2,2025-11-04,GJ01,repeated,11,107,7,5
TRPSUR25110415ae520b,2025-11-04,GJ01,new,15,139,9,7
TRPSUR25110494ef1616,2025-11-04,GJ01,repeated,7,75,7,7
TRPLUC2511040885a87f,2025-11-04,UP01,new,10,116,7,7
TRPSUR25110419b02ad3,2025-11-04,GJ01,repeated,17,155,6,6
TRPVAD2511041a36e77e,2025-11-04,GJ02,new,12,114,7,6
TRPKOC251104a9e788ac,2025-11-04,KL01,repeated,17,218,7,8
TRPIND2511041758bf3f,2025-11-04,MP01,new,13,127,7,9
TRPIND251104f60ead82,2025-11-04,MP01,repeated,12,119,9,9
TRPVAD25110428092937,2025-11-04,GJ02,repeated,11,106,6,6
TRPIND251104bcc6c43c,2025-11-04,MP01,new,8,87,9,7
TRPCHA25110453464620,2025-11-04,CH01,new,13,143,10,9
TRPCOI251104fdb5a767,2025-11-04,TN01,repeated,8,87,6,6
TRPIND25110471cdcb96,2025-11-04,MP01,repeated,21,191,7,8
TRPJAI251104e44dc4f8,2025-11-04,RJ01,repeated,29,385,7,8
TRPLUC251104f01660df,2025-11-04,UP01,repeated,19,197,5,6
TRPSUR2511042f418dda,2025-11-04,GJ01,repeated,15,139,5,6
TRPSUR2511045603034c,2025-11-04,GJ01,repeated,13,123,7,6
TRPSUR251104dbf17a7a,2025-11-04,GJ01,repeated,9,91,6,7
TRPLUC251104d9616096,2025-11-04,UP01,repeated,15,161,6,6
TRPVIS2511046f41a865,2025-11-04,AP01,new,16,171,9,9
TRPVAD251104ab1ab771,2025-11-04,GJ02,repeated,16,146,5,8
TRPSUR251104fbe099b1,2025-11-04,GJ01,repeated,12,115,6,6
TRPJAI25110406170168,2025-11-04,RJ01,repeated,37,481,9,9
TRPJAI25110462959de6,2025-11-04,RJ01,repeated,42,541,8,10
TRPJAI251104494034e8,2025-11-04,RJ01,new,18,253,8,10
TRPSUR2511043ad982f5,2025-11-04,GJ01,repeated,11,107,7,8
TRPJAI2511046590b23e,2025-11-04,RJ01,repeated,31,409,8,10
TRPLUC251104d63c3165,2025-11-04,UP01,repeated,14,152,7,6
TRPSUR251104b3ab5cfb,2025-11-04,GJ01,repeated,17,155,5,8
TRPSUR251104c31ee208,2025-11-04,GJ01,repeated,12,115,5,7
TRPKOC25110447a49b95,2025-11-04,KL01,new,32,383,10,8
TRPLUC25110412054b0d,2025-11-04,UP01,repeated,13,143,5,5
TRPCOI2511049935170a,2025-11-04,TN01,new,20,183,7,9
TRPVIS2511045dd3eb29,2025-11-04,AP01,repeated,16,171,7,8
TRPVIS2511041ed829d9,2025-11-04,AP01,new,12,135,10,8
TRPSUR251104348527bb,2025-11-04,GJ01,repeated,15,139,5,7
TRPMYS2511043234a959,2025-11-04,KA01,repeated,20,235,9,8
TRPSUR25110403b562d4,2025-11-04,GJ01,repeated,9,91,7,7
TRPJAI251104f03d423b,2025-11-04,RJ01,new,17,241,8,10
TRPIND251104c25348a6,2025-11-04,MP01,repeated,18,167,6,7
TRPIND251104dd977ec2,2025-11-04,MP01,repeated,20,183,8,7
TRPJAI251104aebf79be,2025-11-04,RJ01,repeated,32,421,8,8
TRPKOC251104d7754328,2025-11-04,KL01,new,28,339,10,8
TRPCHA2511045376325d,2025-11-04,CH01,repeated,20,206,9,8
TRPCOI2511043934060b,2025-11-04,TN01,repeated,19,175,6,9
TRPVAD2511044bbc66be,2025-11-04,GJ02,repeated,6,66,7,5
TRPSUR2511047eb8f5b3,2025-11-04,GJ01,repeated,10,99,7,7
TRPLUC2511049cc5abe5,2025-11-04,UP01,repeated,6,80,6,8
TRPVAD251104b334aa31,2025-11-04,GJ02,new,11,106,9,8
TRPSUR251104921b5cc2,2025-11-04,GJ01,new,17,155,7,7
TRPCHA251104b23e4271,2025-11-04,CH01,repeated,14,152,8,8
TRPKOC2511041d998c56,2025-11-04,KL01,repeated,25,306,7,9
TRPVIS251104e70913a2,2025-11-04,AP01,repeated,35,342,9,8
TRPCHA251104d1627487,2025-11-04,CH01,repeated,24,242,6,6
TRPVAD25110474b62315,2025-11-04,GJ02,repeated,17,154,6,7
TRPIND251104a2a4d69c,2025-11-04,MP01,repeated,9,95,8,6
TRPSUR2511046dc8c7a6,2025-11-04,GJ01,repeated,17,155,6,5
TRPJAI251104f88b9e5c,2025-11-04,RJ01,repeated,44,565,9,10
TRPLUC251104f1b6c310,2025-11-04,UP01,repeated,15,161,7,5
TRPCHA2511045afef1af,2025-11-04,CH01,new,35,341,7,8
TRPVIS25110407d1c8a7,2025-11-04,AP01,repeated,31,306,9,8
TRPLUC25110414d37b1e,2025-11-04,UP01,repeated,17,179,5,8
TRPVAD25110428d6c3a5,2025-11-04,GJ02,repeated,5,58,6,5
TRPSUR251104faee4841,2025-11-04,GJ01,repeated,7,75,5,5
TRPLUC25110457ef78e6,2025-11-04,UP01,repeated,6,80,7,5
TRPJAI2511049a96e7eb,2025-11-04,RJ01,repeated,31,409,9,10
TRPCHA2511041792ef5b,2025-11-04,CH01,new,21,215,7,8
TRPJAI2511047a6d7400,2025-11-04,RJ01,repeated,45,577,9,9
TRPVAD251104401b796b,2025-11-04,GJ02,repeated,9,90,7,8
TRPLUC25110407a17569,2025-11-04,UP01,repeated,7,89,7,5
TRPLUC251104ca40dbbb,2025-11-04,UP01,repeated,15,161,7,5
TRPKOC2511040825c313,2025-11-04,KL01,repeated,23,284,7,8
TRPIND251104d96a654f,2025-11-04,MP01,repeated,22,199,8,8
TRPMYS251104556a8728,2025-11-04,KA01,repeated,24,275,8,10
TRPCOI2511044ba1d981,2025-11-04,TN01,repeated,18,167,6,6
TRPJAI2511043b91eb17,2025-11-04,RJ01,repeated,21,289,7,9
TRPSUR251104df925670,2025-11-04,GJ01,repeated,13,123,7,8
TRPSUR2511048270cc38,2025-11-04,GJ01,repeated,11,107,6,8
TRPVAD2511046a4984f2,2025-11-04,GJ02,repeated,8,82,7,5
TRPKOC2511040b07c752,2025-11-04,KL01,new,33,394,9,9
TRPVIS25110424b3c2fd,2025-11-04,AP01,repeated,11,126,9,9
TRPCHA251104006f2f6f,2025-11-04,CH01,repeated,26,260,9,8
TRPVAD251104f82f554c,2025-11-04,GJ02,repeated,7,74,6,8
TRPVIS25110412bb9074,2025-11-04,AP01,repeated,12,135,9,9
TRPJAI25110416314909,2025-11-04,RJ01,repeated,21,289,7,9
TRPCOI2511048a5291ce,2025-11-04,TN01,repeated,13,127,6,9
TRPLUC251104c64dfe00,2025-11-04,UP01,repeated,7,89,6,7
TRPLUC251104962b9e96,2025-11-04,UP01,repeated,15,161,6,7
TRPKOC251104db986a04,2025-11-04,KL01,new,17,218,9,10
TRPIND2511046c08a208,2025-11-04,MP01,repeated,16,151,9,6
TRPCHA2511047a1b6da8,2025-11-04,CH01,new,34,332,8,7
TRPCHA2511045d5b3cff,2025-11-04,CH01,repeated,31,305,9,7
TRPLUC251104f78cece8,2025-11-04,UP01,repeated,9,107,5,5
TRPIND25110491a131f7,2025-11-04,MP01,repeated,9,95,9,6
TRPKOC251104d0028df8,2025-11-04,KL01,repeated,18,229,9,8
TRPVIS251104dacf61d1,2025-11-04,AP01,new,29,288,8,8
TRPSUR25110478736294,2025-11-04,GJ01,repeated,5,59,6,5
TRPMYS251104ae34cf5c,2025-11-04,KA01,new,23,265,9,8
TRPMYS251104537c8234,2025-11-04,KA01,new,24,275,8,10
TRPJAI2511043e67ce1a,2025-11-04,RJ01,new,45,577,8,9
TRPVAD2511046533b62a,2025-11-04,GJ02,new,6,66,8,8
TRPLUC2511041a09dfd4,2025-11-04,UP01,repeated,5,71,6,7
TRPLUC2511043e28569b,2025-11-04,UP01,repeated,13,143,7,8
TRPLUC251104cd86fb89,2025-11-04,UP01,new,11,125,8,6
TRPJAI251104f6465c5b,2025-11-04,RJ01,new,26,349,10,8
TRPSUR25110497521098,2025-11-04,GJ01,repeated,5,59,7,7
TRPSUR251104aba47c18,2025-11-04,GJ01,repeated,16,147,5,7
TRPKOC25110403ed781a,2025-11-04,KL01,repeated,38,449,7,8
TRPSUR2511046c86f38c,2025-11-04,GJ01,repeated,5,59,6,6
TRPSUR251104aa74e952,2025-11-04,GJ01,new,11,107,8,7
TRPVAD2511044cf44b07,2025-11-04,GJ02,repeated,13,122,7,7
TRPJAI2511045178b022,2025-11-04,RJ01,repeated,37,481,9,8
TRPLUC2511044491a347,2025-11-04,UP01,repeated,8,98,5,5
TRPLUC2511047bdb067b,2025-11-04,UP01,new,10,116,9,7
TRPIND2511044b4b0caf,2025-11-04,MP01,repeated,22,199,8,6
TRPVIS251104f7cb2aa4,2025-11-04,AP01,repeated,23,234,8,8
TRPJAI251104bc7be05b,2025-11-04,RJ01,new,40,517,10,10
TRPLUC251104323f067c,2025-11-04,UP01,repeated,6,80,5,8
TRPCOI251104be0ba854,2025-11-04,TN01,repeated,12,119,7,7
TRPIND251104bf3da931,2025-11-04,MP01,new,19,175,10,8
TRPLUC251104dd82b036,2025-11-04,UP01,repeated,5,71,7,7
TRPCOI251104b3938084,2025-11-04,TN01,repeated,21,191,6,7
TRPLUC2511040259c14a,2025-11-04,UP01,repeated,12,134,6,7
TRPSUR2511048d801d68,2025-11-04,GJ01,repeated,14,131,5,6
TRPIND25110460c6b129,2025-11-04,MP01,repeated,15,143,9,8
TRPVAD2511047caadbba,2025-11-04,GJ02,repeated,9,90,7,5
TRPLUC25110444e975dc,2025-11-04,UP01,repeated,5,71,7,7
TRPCOI251104e0cc8665,2025-11-04,TN01,repeated,10,103,6,8
TRPIND2511049a6b475d,2025-11-04,MP01,repeated,24,215,9,6
TRPLUC251104ebba1946,2025-11-04,UP01,new,13,143,8,8
TRPCOI251104265ae630,2025-11-04,TN01,repeated,18,167,8,8
TRPCHA2511042e87e397,2025-11-04,CH01,repeated,27,269,6,6
TRPKOC2511048f0615fa,2025-11-04,KL01,repeated,34,405,9,8
TRPVAD2511044e227edb,2025-11-04,GJ02,new,14,130,7,6
TRPLUC2511043eeb1174,2025-11-04,UP01,repeated,13,143,6,8
TRPLUC251104a7889a31,2025-11-04,UP01,repeated,8,98,5,6
TRPJAI251104637135c6,2025-11-04,RJ01,new,15,217,9,8
TRPSUR251104071834bf,2025-11-04,GJ01,repeated,8,83,6,6
TRPLUC251104e258fcb9,2025-11-04,UP01,repeated,10,116,6,5
TRPKOC251104bb6bb527,2025-11-04,KL01,new,26,317,10,9
TRPLUC251104957d829d,2025-11-04,UP01,repeated,14,152,6,8
TRPLUC2511045eafa1b5,2025-11-04,UP01,repeated,9,107,7,7
TRPKOC2511044089926e,2025-11-04,KL01,new,37,438,8,9
TRPCHA2511049c801bcc,2025-11-04,CH01,repeated,13,143,6,6
TRPJAI2511047b6280f6,2025-11-04,RJ01,repeated,28,373,8,9
TRPLUC25110488e23de4,2025-11-04,UP01,repeated,9,107,5,5
TRPIND251104644bf3cb,2025-11-04,MP01,repeated,19,175,8,8
TRPLUC251104c366180c,2025-11-04,UP01,repeated,8,98,7,8
TRPLUC25110460401b6a,2025-11-04,UP01,repeated,18,188,5,7
TRPMYS2511044c0b2856,2025-11-04,KA01,repeated,8,115,8,8
TRPSUR25110465b993e2,2025-11-04,GJ01,repeated,15,139,7,5
TRPVAD251104ca634376,2025-11-04,GJ02,repeated,17,154,7,8
TRPVAD2511048c808bf1,2025-11-04,GJ02,repeated,17,154,7,8
TRPKOC2511043804ad0a,2025-11-04,KL01,new,24,295,10,8
TRPVIS2511047f58ba5a,2025-11-04,AP01,repeated,16,171,8,9
TRPLUC251104937ef055,2025-11-04,UP01,repeated,13,143,6,8
TRPVIS251104450f082d,2025-11-04,AP01,new,24,243,10,9
TRPCOI25110432687f8e,2025-11-04,TN01,new,16,151,7,7
TRPIND251104b7c2fd92,2025-11-04,MP01,repeated,13,127,7,6
TRPSUR2511040f6cd9b4,2025-11-04,GJ01,repeated,6,67,7,8
TRPJAI251104e7e9e963,2025-11-04,RJ01,repeated,32,421,7,9
TRPLUC251104fcc521d8,2025-11-04,UP01,repeated,11,125,6,6
TRPKOC2511045c4ff4b6,2025-11-04,KL01,new,24,295,10,10
TRPVAD251104760997f6,2025-11-04,GJ02,repeated,15,138,6,7
TRPKOC2511048ef5d1ba,2025-11-04,KL01,repeated,14,185,7,9
TRPIND251104d456499c,2025-11-04,MP01,repeated,23,207,9,9
TRPCHA2511048fff02bc,2025-11-04,CH01,repeated,20,206,9,8
TRPLUC251104d4420fc5,2025-11-04,UP01,repeated,20,206,5,6
TRPVAD251104c06a3860,2025-11-04,GJ02,repeated,6,66,6,6
TRPJAI251104b4de3adc,2025-11-04,RJ01,repeated,31,409,7,9
TRPJAI25110461124960,2025-11-04,RJ01,new,41,529,9,8
TRPJAI251104d95c04ca,2025-11-04,RJ01,repeated,40,517,9,9
TRPVAD251104ae0ceb31,2025-11-04,GJ02,repeated,10,98,6,7
TRPVIS25110437db9f3f,2025-11-04,AP01,repeated,32,315,8,8
TRPKOC251104d55276a6,2025-11-04,KL01,repeated,34,405,8,10
TRPCOI251104e62d0cec,2025-11-04,TN01,repeated,8,87,7,6
TRPLUC25110450646027,2025-11-04,UP01,repeated,16,170,7,5
TRPLUC251104453884c5,2025-11-04,UP01,repeated,5,71,5,5
TRPJAI2511044ae8c264,2025-11-04,RJ01,repeated,35,457,9,10
TRPIND2511044809cf39,2025-11-04,MP01,repeated,19,175,8,7
TRPJAI251104360f4fce,2025-11-04,RJ01,repeated,20,277,9,9
TRPVIS251104bcda8651,2025-11-04,AP01,repeated,13,144,8,9
TRPVAD2511040c7da35e,2025-11-04,GJ02,repeated,15,138,7,7
TRPIND251104bb398a01,2025-11-04,MP01,repeated,19,175,6,6
TRPVAD251104c449d871,2025-11-04,GJ02,repeated,13,122,5,7
TRPCOI2511048a06333b,2025-11-04,TN01,repeated,8,87,7,8
TRPLUC2511045671cc6d,2025-11-04,UP01,new,20,206,8,7
TRPCHA2511049af88d45,2025-11-04,CH01,new,35,341,9,9
TRPJAI2511045069361b,2025-11-04,RJ01,new,30,397,9,9
TRPSUR251104e071c993,2025-11-04,GJ01,repeated,11,107,5,7
TRPKOC2511042f50fd84,2025-11-04,KL01,new,30,361,10,9
TRPSUR251104967627f4,2025-11-04,GJ01,new,10,99,8,6
TRPVIS2511040d9845c3,2025-11-04,AP01,repeated,28,279,9,8
TRPJAI251104a86e5225,2025-11-04,RJ01,new,40,517,8,10
TRPLUC2511040841972c,2025-11-04,UP01,repeated,12,134,5,8
TRPLUC251104cce53c44,2025-11-04,UP01,new,7,89,8,7
TRPVAD251104a56074d4,2025-11-04,GJ02,repeated,6,66,5,6
TRPCOI25110478b73244,2025-11-04,TN01,new,17,159,8,7
TRPJAI251104b79e21d7,2025-11-04,RJ01,repeated,29,385,8,8
TRPJAI2511040d493231,2025-11-04,RJ01,repeated,27,361,9,9
TRPMYS25110486711582,2025-11-04,KA01,new,18,215,10,9
TRPVAD2511041f47bb3b,2025-11-04,GJ02,repeated,12,114,5,6
TRPCHA251104ab32b76c,2025-11-04,CH01,repeated,18,188,6,6
TRPCHA2511044102e832,2025-11-04,CH01,repeated,13,143,9,6
TRPLUC2511047e74759c,2025-11-04,UP01,repeated,8,98,6,7
TRPJAI2511044e3f7e46,2025-11-04,RJ01,repeated,45,577,8,9
TRPLUC251104b54cae73,2025-11-04,UP01,repeated,5,71,6,6
TRPLUC2511044b69d126,2025-11-04,UP01,repeated,14,152,5,6
TRPVAD25110402eb1f23,2025-11-04,GJ02,repeated,13,122,5,8
TRPLUC2511043b9ce179,2025-11-04,UP01,repeated,14,152,6,6
TRPJAI2511049295ddbe,2025-11-04,RJ01,repeated,21,289,7,10
TRPCHA25110475ba34e3,2025-11-04,CH01,new,30,296,7,9
TRPJAI2511043f2b46e2,2025-11-04,RJ01,new,19,265,8,10
TRPJAI251104f4f5fe3b,2025-11-04,RJ01,new,39,505,8,9
TRPJAI2511043664b321,2025-11-04,RJ01,new,23,313,9,8
TRPLUC2511045693f195,2025-11-04,UP01,new,10,116,7,7
TRPIND251104c5ce5fff,2025-11-04,MP01,repeated,12,119,6,9
TRPLUC251104e6191a78,2025-11-04,UP01,repeated,8,98,7,8
TRPSUR25110416d198e7,2025-11-04,GJ01,repeated,14,131,5,8
TRPVAD2511044772c648,2025-11-04,GJ02,repeated,16,146,5,5
TRPLUC251104291089e3,2025-11-04,UP01,repeated,11,125,5,8
TRPSUR251104fbcf7597,2025-11-04,GJ01,repeated,13,123,6,5
TRPSUR25110497c6ba2f,2025-11-04,GJ01,repeated,5,59,6,7
TRPMYS251104ebc3bccd,2025-11-04,KA01,new,10,135,10,10
TRPVIS251104ad98465f,2025-11-04,AP01,repeated,11,126,7,8
TRPKOC251104904972da,2025-11-04,KL01,repeated,12,163,8,10
TRPSUR251104df2575a5,2025-11-04,GJ01,repeated,12,115,6,6
TRPSUR251104f68dabb0,2025-11-04,GJ01,repeated,6,67,7,8
TRPSUR251104440ab107,2025-11-04,GJ01,repeated,11,107,5,7
TRPLUC251104922cbd29,2025-11-04,UP01,repeated,9,107,5,6
TRPLUC251104fb27238b,2025-11-04,UP01,repeated,13,143,5,6
TRPIND251104d04280be,2025-11-04,MP01,new,18,167,7,8
TRPCHA25110408f25d00,2025-11-04,CH01,new,12,134,8,9
TRPSUR2511047f899862,2025-11-04,GJ01,repeated,16,147,7,5
TRPVAD2511042eb9c765,2025-11-04,GJ02,new,18,162,9,8
TRPIND251104f9157026,2025-11-04,MP01,new,17,159,7,9
TRPLUC251104dd255660,2025-11-04,UP01,repeated,5,71,7,7
TRPSUR25110470ca70bb,2025-11-04,GJ01,repeated,17,155,7,7
TRPCOI251104dcbe6bb0,2025-11-04,TN01,repeated,19,175,7,8
TRPLUC2511045492cc07,2025-11-04,UP01,repeated,14,152,6,8
TRPJAI251104459d9d80,2025-11-04,RJ01,repeated,19,265,9,9
TRPVIS2511048cbd5e8a,2025-11-04,AP01,new,25,252,10,9
TRPCHA25110410555605,2025-11-04,CH01,new,29,287,9,8
TRPLUC2511044a099984,2025-11-04,UP01,repeated,19,197,5,8
TRPIND251104125d09bd,2025-11-04,MP01,new,23,207,9,9
TRPLUC2511048a4197b4,2025-11-04,UP01,repeated,16,170,7,8
TRPCHA25110423a1663a,2025-11-04,CH01,repeated,28,278,6,8
TRPKOC251104ebf994d3,2025-11-04,KL01,repeated,30,361,8,10
TRPCOI251104beb6a19d,2025-11-04,TN01,repeated,15,143,8,6
TRPKOC2511041966f15c,2025-11-04,KL01,new,15,196,8,9
TRPSUR251104d660d7e1,2025-11-04,GJ01,repeated,9,91,7,6
TRPVAD251104c50ebc71,2025-11-04,GJ02,repeated,18,162,6,6
TRPVAD2511046f95cd6e,2025-11-04,GJ02,repeated,17,154,7,5
TRPIND2511045a64be41,2025-11-04,MP01,repeated,12,119,9,8
TRPJAI25110435ea3a4f,2025-11-04,RJ01,repeated,37,481,8,10
TRPKOC25110438bbd824,2025-11-04,KL01,repeated,20,251,9,9
TRPVIS2511040d874212,2025-11-04,AP01,repeated,24,243,7,9
TRPJAI251104c4e46412,2025-11-04,RJ01,repeated,15,217,9,8
TRPIND251104682a14f3,2025-11-04,MP01,repeated,15,143,6,6
TRPKOC2511040f9e3605,2025-11-04,KL01,new,37,438,10,10
TRPVIS251104ad6ee38e,2025-11-04,AP01,repeated,34,333,8,9
TRPVIS25110488306df0,2025-11-04,AP01,new,11,126,8,10
TRPJAI251104d6b4bb1b,2025-11-04,RJ01,repeated,42,541,8,9
TRPKOC2511049aba9381,2025-11-04,KL01,new,33,394,9,8
TRPVAD25110479452b61,2025-11-04,GJ02,repeated,10,98,7,5
TRPMYS251104638022a8,2025-11-04,KA01,new,10,135,9,8
TRPJAI2511044c2956c7,2025-11-04,RJ01,repeated,43,553,8,8
TRPLUC2511041fbd6e7c,2025-11-04,UP01,repeated,13,143,5,5
TRPIND251104d6d282f3,2025-11-04,MP01,repeated,19,175,6,8
TRPSUR251104ece8ada8,2025-11-04,GJ01,new,17,155,7,6
TRPIND25110429798279,2025-11-04,MP01,repeated,17,159,7,6
TRPLUC251104900fe325,2025-11-04,UP01,repeated,7,89,6,8
TRPLUC25110497294e55,2025-11-04,UP01,repeated,5,71,6,7
TRPVIS25110469b426b1,2025-11-04,AP01,repeated,14,153,9,8
TRPLUC251104b81ce37f,2025-11-04,UP01,repeated,18,188,7,7
TRPMYS25110493c9e33e,2025-11-04,KA01,repeated,19,225,9,9
TRPVIS25110438fc149b,2025-11-04,AP01,repeated,13,144,9,8
TRPCOI2511049c5a6939,2025-11-04,TN01,repeated,14,135,8,8
TRPVAD2511047813a00d,2025-11-04,GJ02,repeated,8,82,5,5
TRPVAD251104312f221e,2025-11-04,GJ02,repeated,12,114,5,5
TRPMYS25110459784505,2025-11-04,KA01,repeated,15,185,7,9
TRPSUR251104669781dc,2025-11-04,GJ01,repeated,7,75,6,5
TRPLUC2511044516fb9e,2025-11-04,UP01,new,18,188,9,6
TRPCHA25110429e4ad32,2025-11-04,CH01,repeated,14,152,7,6
TRPLUC251104f5b37a31,2025-11-04,UP01,repeated,10,116,7,7
TRPKOC251104c2d96667,2025-11-04,KL01,new,16,207,10,8
TRPLUC2511046a5d4c33,2025-11-04,UP01,repeated,16,170,6,7
TRPJAI2511040675a3bc,2025-11-04,RJ01,repeated,38,493,8,10
TRPLUC2511044707fe32,2025-11-04,UP01,repeated,13,143,7,7
TRPCHA2511045a0a4ebf,2025-11-04,CH01,repeated,16,170,8,8
TRPSUR25110421b2be64,2025-11-04,GJ01,repeated,7,75,7,6
TRPIND25110479380492,2025-11-04,MP01,repeated,23,207,9,7
TRPSUR251104f745f7dc,2025-11-04,GJ01,repeated,5,59,6,5
TRPKOC251104c6a14465,2025-11-04,KL01,new,36,427,8,9
TRPLUC251104e46085fb,2025-11-04,UP01,repeated,6,80,6,8
TRPLUC251104491673a8,2025-11-04,UP01,repeated,19,197,6,8
TRPIND251104375600cd,2025-11-04,MP01,new,14,135,7,9
TRPKOC251104698ef9df,2025-11-04,KL01,repeated,34,405,9,9
TRPSUR251104cd27d9a5,2025-11-04,GJ01,repeated,10,99,7,6
TRPIND251104a1d91e6a,2025-11-04,MP01,repeated,8,87,9,7
TRPCOI251104ef159504,2025-11-04,TN01,repeated,16,151,6,9
TRPJAI2511048054ae6f,2025-11-04,RJ01,repeated,33,433,9,10
TRPLUC251104080b7c83,2025-11-04,UP01,repeated,16,170,7,5
TRPLUC251104eded47b9,2025-11-04,UP01,repeated,9,107,5,7
TRPVIS2511049d9fa995,2025-11-04,AP01,repeated,13,144,9,9
TRPLUC25110473f8e587,2025-11-04,UP01,repeated,11,125,5,5
TRPLUC251104f2fa6582,2025-11-04,UP01,repeated,18,188,6,7
TRPCHA2511044e78b2ac,2025-11-04,CH01,repeated,15,161,9,8
TRPSUR2511041a20eb6d,2025-11-04,GJ01,repeated,6,67,6,7
TRPCOI251104bfef7a14,2025-11-04,TN01,new,13,127,10,7
TRPJAI251104fe083dd0,2025-11-04,RJ01,repeated,18,253,8,9
TRPKOC251104b2290593,2025-11-04,KL01,new,22,273,9,9
TRPVAD2511041cd8c1b9,2025-11-04,GJ02,repeated,11,106,5,8
TRPLUC251104bb60e9c5,2025-11-04,UP01,repeated,13,143,5,6
TRPLUC251104da68556c,2025-11-04,UP01,repeated,11,125,6,8
TRPVIS2511044822fe6d,2025-11-04,AP01,repeated,30,297,7,9
TRPLUC2511048c0750ab,2025-11-04,UP01,repeated,17,179,5,7
TRPVAD251104f5ea37e3,2025-11-04,GJ02,new,12,114,9,8
TRPLUC251104c9653c7f,2025-11-04,UP01,repeated,17,179,6,8
TRPLUC251104664c2d18,2025-11-04,UP01,repeated,18,188,5,8
TRPMYS25110468f7648b,2025-11-04,KA01,new,17,205,8,10
TRPJAI251104660c7251,2025-11-04,RJ01,new,29,385,1,3
TRPCHA2511048ebfabb0,2025-11-04,CH01,new,32,314,7,8
TRPIND251104d440544b,2025-11-04,MP01,repeated,20,183,9,7
TRPLUC251104d3ee34eb,2025-11-04,UP01,new,17,179,8,6
TRPVAD251104a66d277d,2025-11-04,GJ02,repeated,18,162,7,6
TRPVAD25110469c76794,2025-11-04,GJ02,repeated,8,82,5,8
TRPJAI2511042df55fa5,2025-11-04,RJ01,new,27,361,9,8
TRPCOI2511049fb7651f,2025-11-04,TN01,repeated,9,95,8,6
TRPKOC2511040899f511,2025-11-04,KL01,repeated,16,207,9,8
TRPJAI25110458431a5c,2025-11-04,RJ01,repeated,41,529,8,9
TRPJAI251104b7a12937,2025-11-04,RJ01,repeated,35,457,7,10
TRPIND2511044f400fbd,2025-11-04,MP01,new,16,151,8,8
TRPKOC2511049470dd27,2025-11-04,KL01,repeated,30,361,7,9
TRPLUC251104b9644f37,2025-11-04,UP01,repeated,17,179,5,6
TRPSUR25110495339d9c,2025-11-04,GJ01,repeated,11,107,5,7
TRPJAI251104ad208a3e,2025-11-04,RJ01,repeated,30,397,7,10
TRPJAI25110424614237,2025-11-04,RJ01,repeated,43,553,8,8
TRPLUC2511049f27a33f,2025-11-04,UP01,repeated,13,143,7,6
TRPLUC251104ef9d614f,2025-11-04,UP01,repeated,18,188,6,6
TRPLUC251104b71727c8,2025-11-04,UP01,new,15,161,7,6
TRPKOC2511047dbb8fdb,2025-11-04,KL01,repeated,17,218,8,9
TRPVIS251104b5a13dc4,2025-11-04,AP01,new,32,315,8,8
TRPMYS251104eada3197,2025-11-04,KA01,repeated,10,135,8,9
TRPJAI251104f7264773,2025-11-04,RJ01,repeated,36,469,8,8
TRPVIS2511041f331549,2025-11-04,AP01,new,26,261,8,8
TRPCOI25110483f8de07,2025-11-04,TN01,repeated,16,151,9,7
TRPVAD251104dbeb6d1a,2025-11-04,GJ02,new,11,106,8,8
TRPVIS2511047c889589,2025-11-04,AP01,repeated,21,216,9,10
TRPKOC251104a5d97673,2025-11-04,KL01,new,18,229,8,8
TRPSUR25110486b22f70,2025-11-04,GJ01,new,7,75,7,8
TRPSUR2511042500c6f1,2025-11-04,GJ01,repeated,9,91,6,7
TRPLUC2511042bc9eca3,2025-11-04,UP01,new,14,152,7,7
TRPKOC251104797218d8,2025-11-04,KL01,new,26,317,10,10
TRPIND2511046fac0a4f,2025-11-04,MP01,new,15,143,7,9
TRPIND251104abc15c2e,2025-11-04,MP01,repeated,9,95,7,8
TRPSUR251104cbbf531e,2025-11-04,GJ01,repeated,11,107,5,6
TRPMYS251104f2cde3db,2025-11-04,KA01,new,24,275,8,8
TRPIND251104724cfa09,2025-11-04,MP01,repeated,22,199,9,8
TRPIND251104b19212fe,2025-11-04,MP01,repeated,25,223,6,9
TRPLUC2511040da135a6,2025-11-04,UP01,repeated,10,116,5,6
TRPLUC251104c1aad6bf,2025-11-04,UP01,repeated,9,107,6,8
TRPLUC251104999049a3,2025-11-04,UP01,new,18,188,9,6
TRPVIS25110412ab9477,2025-11-04,AP01,repeated,17,180,7,9
TRPLUC25110415b7a8bd,2025-11-04,UP01,repeated,12,134,5,8
TRPLUC2511043e829e6b,2025-11-04,UP01,new,14,152,8,6
TRPSUR251104496cd4fb,2025-11-04,GJ01,repeated,13,123,5,8
TRPLUC251104742f8798,2025-11-04,UP01,new,10,116,9,7
TRPLUC2511042bb01218,2025-11-04,UP01,new,11,125,7,8
TRPCHA2511040d58491a,2025-11-04,CH01,new,16,170,9,7
TRPCHA2511046f23afaa,2025-11-04,CH01,new,21,215,7,9
TRPKOC251104fd495ecf,2025-11-04,KL01,new,28,339,10,10
TRPJAI2511046722bf30,2025-11-04,RJ01,repeated,20,277,9,8
TRPLUC251104931523d9,2025-11-04,UP01,repeated,19,197,6,6
TRPSUR251104c6d41a66,2025-11-04,GJ01,repeated,8,83,7,7
TRPJAI251104cc7106ae,2025-11-04,RJ01,new,38,493,9,9
TRPLUC2511046516c22f,2025-11-04,UP01,repeated,8,98,6,6
TRPCHA2511042b4ed3f2,2025-11-04,CH01,repeated,12,134,7,9
TRPCHA251104ebab1f34,2025-11-04,CH01,new,12,134,8,7
TRPIND251104586ebb12,2025-11-04,MP01,new,10,103,8,9
TRPIND251104836e1003,2025-11-04,MP01,new,15,143,9,7
TRPIND25110435a62781,2025-11-04,MP01,repeated,8,87,8,6
TRPCOI25110408cab4cb,2025-11-04,TN01,repeated,15,143,9,6
TRPJAI251104024e924d,2025-11-04,RJ01,new,26,349,8,8
TRPMYS251104f1f521b1,2025-11-04,KA01,new,20,235,9,8
TRPLUC251104fff50ecb,2025-11-04,UP01,repeated,19,197,6,7
TRPVAD251104de1d3df0,2025-11-04,GJ02,new,8,82,8,8
TRPSUR251104d81536b7,2025-11-04,GJ01,repeated,11,107,5,5
TRPKOC2511042ba4ce59,2025-11-04,KL01,repeated,27,328,8,9
TRPKOC25110450f37f38,2025-11-04,KL01,repeated,29,350,8,10
TRPJAI2511042e281ef2,2025-11-04,RJ01,repeated,23,313,8,8
TRPKOC251104ca86ea38,2025-11-04,KL01,new,32,383,8,9
TRPKOC2511047fa66d33,2025-11-04,KL01,repeated,36,427,9,8
TRPSUR251104bfbea25c,2025-11-04,GJ01,repeated,5,59,7,6
TRPLUC2511046dd36f31,2025-11-04,UP01,repeated,20,206,6,5
TRPSUR251104a95140c4,2025-11-04,GJ01,repeated,6,67,7,5
TRPLUC251104e877d4ab,2025-11-04,UP01,repeated,20,206,7,8
TRPIND25110497bed884,2025-11-04,MP01,repeated,17,159,6,8
TRPSUR2511041e140d0e,2025-11-04,GJ01,new,16,147,9,8
TRPJAI25110480da76fa,2025-11-04,RJ01,repeated,31,409,7,9
TRPJAI2511043a0b3e94,2025-11-04,RJ01,new,44,565,9,9
TRPVIS251104cad726f7,2025-11-04,AP01,repeated,23,234,8,10
TRPJAI2511049978baaf,2025-11-04,RJ01,repeated,21,289,7,9
TRPVIS251104542e21eb,2025-11-04,AP01,new,25,252,10,10
TRPKOC2511042ce614d8,2025-11-04,KL01,repeated,13,174,9,9
TRPSUR251104713f1384,2025-11-04,GJ01,new,9,91,9,6
TRPCOI251104ebc9dea1,2025-11-04,TN01,new,10,103,8,7
TRPVIS251104bcfbf8c8,2025-11-04,AP01,repeated,13,144,9,9
TRPLUC251104d2f3c730,2025-11-04,UP01,repeated,8,98,5,5
TRPCHA25110455891e94,2025-11-04,CH01,new,23,233,9,8
TRPJAI251104f571c7b8,2025-11-04,RJ01,repeated,30,397,8,9
TRPKOC25110422b3a3ec,2025-11-04,KL01,repeated,32,383,7,9
TRPSUR251104b3ea95ea,2025-11-04,GJ01,repeated,5,59,7,8
TRPVAD251104b5c0b3eb,2025-11-04,GJ02,repeated,9,90,5,8
TRPSUR25110453678199,2025-11-04,GJ01,repeated,9,91,6,7
TRPSUR251104976f4508,2025-11-04,GJ01,repeated,15,139,5,7
TRPVIS25110436ce287a,2025-11-04,AP01,new,19,198,8,9
TRPCOI25110401db8638,2025-11-04,TN01,repeated,16,151,6,7
TRPIND2511046282e825,2025-11-04,MP01,repeated,14,135,9,6
TRPIND2511045c9c9d33,2025-11-04,MP01,new,17,159,7,8
TRPKOC251104e6b1d499,2025-11-04,KL01,repeated,14,185,9,8
TRPLUC251104786ef68e,2025-11-04,UP01,repeated,20,206,6,6
TRPKOC251104f07991c4,2025-11-04,KL01,repeated,33,394,7,8
TRPCHA251104eb1124ee,2025-11-04,CH01,repeated,28,278,9,6
TRPMYS25110482d43682,2025-11-04,KA01,new,10,135,8,8
TRPIND251104c26d2a94,2025-11-04,MP01,repeated,8,87,7,7
TRPSUR251104309c2ac6,2025-11-04,GJ01,repeated,8,83,5,6
TRPIND2511043490df77,2025-11-04,MP01,repeated,23,207,6,7
TRPIND251104d8a5044a,2025-11-04,MP01,repeated,18,167,8,7
TRPVAD251104e6f3759a,2025-11-04,GJ02,repeated,13,122,7,7
TRPKOC251104482a4e34,2025-11-04,KL01,repeated,21,262,9,9
TRPSUR25110420821a84,2025-11-04,GJ01,repeated,11,107,5,6
TRPSUR251104c0a5c76e,2025-11-04,GJ01,repeated,7,75,5,5
TRPSUR251104484468f1,2025-11-04,GJ01,new,11,107,7,7
TRPLUC2511049a0ee7b4,2025-11-04,UP01,repeated,13,143,7,7
TRPCHA251104ef81f140,2025-11-04,CH01,new,25,251,10,9
TRPLUC251104b57f417e,2025-11-04,UP01,repeated,15,161,6,5
TRPCHA2511047f523e2e,2025-11-04,CH01,repeated,18,188,7,6
TRPCHA251104012f7836,2025-11-04,CH01,new,25,251,9,9
TRPSUR251104733af3d8,2025-11-04,GJ01,repeated,9,91,5,5
TRPCHA2511048805e3db,2025-11-04,CH01,repeated,30,296,9,8
TRPLUC251104f0fdabd1,2025-11-04,UP01,repeated,5,71,7,7
TRPJAI251104548a2621,2025-11-04,RJ01,repeated,19,265,9,8
TRPIND251104fbac742f,2025-11-04,MP01,repeated,12,119,9,8
TRPIND25110403a90c0d,2025-11-04,MP01,repeated,9,95,6,8
TRPSUR251104080f82f5,2025-11-04,GJ01,repeated,9,91,7,6
TRPKOC2511043e2240b2,2025-11-04,KL01,repeated,24,295,7,10
TRPSUR251104a43c8fbe,2025-11-04,GJ01,repeated,8,83,5,5
TRPSUR251104b321e12b,2025-11-04,GJ01,repeated,14,131,5,8
TRPSUR251104d55a0043,2025-11-04,GJ01,repeated,14,131,5,8
TRPSUR251104a0e53793,2025-11-04,GJ01,repeated,10,99,7,8
TRPLUC251104c8aaa8f1,2025-11-04,UP01,repeated,9,107,5,7
TRPSUR25110408bad842,2025-11-04,GJ01,repeated,16,147,7,6
TRPKOC2511042d280b6f,2025-11-04,KL01,repeated,33,394,7,9
TRPVAD25110443f3dd2f,2025-11-04,GJ02,new,8,82,7,6
TRPCHA251104c0d8959d,2025-11-04,CH01,new,25,251,9,8
TRPJAI2511044a834065,2025-11-04,RJ01,repeated,19,265,8,9
TRPCOI251104b1f52955,2025-11-04,TN01,new,16,151,7,7
TRPLUC25110434911f95,2025-11-04,UP01,repeated,11,125,7,5
TRPLUC251104ee8ba695,2025-11-04,UP01,repeated,11,125,6,6
TRPVAD2511043f252ec8,2025-11-04,GJ02,new,9,90,9,7
TRPSUR25110440678e85,2025-11-04,GJ01,new,9,91,8,7
TRPJAI251104591d36fc,2025-11-04,RJ01,new,36,469,8,9
TRPVAD2511044824b302,2025-11-04,GJ02,repeated,18,162,6,5
TRPJAI25110445a1647d,2025-11-04,RJ01,new,37,481,10,9
TRPVAD251104b2b87960,2025-11-04,GJ02,repeated,5,58,5,7
TRPCHA251104b65f1101,2025-11-04,CH01,repeated,19,197,9,6
TRPVAD25110429313238,2025-11-04,GJ02,repeated,14,130,6,7
TRPSUR251104c9c13cb6,2025-11-04,GJ01,repeated,10,99,5,7
TRPCOI251104ee093743,2025-11-04,TN01,repeated,19,175,7,9
TRPSUR2511047c864e25,2025-11-04,GJ01,repeated,15,139,7,7
TRPCOI251104e2eb7f30,2025-11-04,TN01,repeated,22,199,9,8
TRPLUC25110482473989,2025-11-04,UP01,repeated,13,143,5,7
TRPCHA2511043eeecb16,2025-11-04,CH01,repeated,21,215,6,6
TRPLUC251104df8488a5,2025-11-04,UP01,repeated,16,170,6,7
TRPSUR2511045a1e8bf8,2025-11-04,GJ01,repeated,16,147,5,7
TRPCOI25110409484fac,2025-11-04,TN01,new,20,183,7,7
TRPKOC251104cd0c3bf4,2025-11-04,KL01,new,29,350,9,8
TRPJAI25110460ec9f52,2025-11-04,RJ01,new,21,289,9,10
TRPLUC251104d81f4010,2025-11-04,UP01,new,17,179,8,6
TRPVIS25110466bd63d0,2025-11-04,AP01,repeated,12,135,8,10
TRPCOI2511049a3e908f,2025-11-04,TN01,repeated,8,87,9,7
TRPCHA251104972234ab,2025-11-04,CH01,repeated,34,332,8,9
TRPKOC25110459dff556,2025-11-04,KL01,repeated,24,295,7,9
TRPMYS2511040f721d98,2025-11-04,KA01,new,20,235,9,8
TRPSUR251104dca17291,2025-11-04,GJ01,repeated,5,59,5,7
TRPVIS2511047d5b5fc2,2025-11-04,AP01,repeated,30,297,9,9
TRPMYS2511041a68fd20,2025-11-04,KA01,new,12,155,10,10
TRPKOC251104ebe9a458,2025-11-04,KL01,new,33,394,9,8
TRPVAD251104b0a5638a,2025-11-04,GJ02,repeated,17,154,6,5
TRPJAI2511044e96e742,2025-11-04,RJ01,repeated,24,325,8,9
TRPLUC2511048a408812,2025-11-04,UP01,new,7,89,9,8
TRPLUC25110417337755,2025-11-04,UP01,repeated,6,80,5,7
TRPVAD251104df631097,2025-11-04,GJ02,repeated,12,114,5,7
TRPJAI2511042d256900,2025-11-04,RJ01,new,45,577,10,9
TRPCHA25110447e7f5be,2025-11-04,CH01,new,31,305,10,8
TRPJAI251104284fcada,2025-11-04,RJ01,new,29,385,9,8
TRPVAD25110435b3925f,2025-11-04,GJ02,repeated,11,106,6,7
TRPSUR251104685374bb,2025-11-04,GJ01,repeated,12,115,7,5
TRPJAI251104be6856bc,2025-11-04,RJ01,new,32,421,8,8
TRPJAI251104b7e032b0,2025-11-04,RJ01,repeated,26,349,8,10
TRPCOI25110418a15bc5,2025-11-04,TN01,repeated,13,127,6,8
TRPIND2511045a657aa1,2025-11-04,MP01,repeated,15,143,6,8
TRPCHA251104d41844fa,2025-11-04,CH01,new,19,197,8,8
TRPLUC251104249bc769,2025-11-04,UP01,repeated,7,89,7,6
TRPLUC2511045f270d39,2025-11-04,UP01,repeated,10,116,5,6
TRPIND251104a77eedb6,2025-11-04,MP01,repeated,13,127,7,7
TRPVIS2511046e45dc12,2025-11-04,AP01,repeated,16,171,8,8
TRPCHA251104d4fe2e92,2025-11-04,CH01,repeated,35,341,6,6
TRPSUR251104ea2b958a,2025-11-04,GJ01,new,12,115,7,8
TRPIND2511047ef13c24,2025-11-04,MP01,repeated,15,143,9,7
TRPVAD251104cd87ffa5,2025-11-04,GJ02,repeated,16,146,5,8
TRPCHA25110438b60044,2025-11-04,CH01,repeated,26,260,8,8
TRPVAD25110414e18632,2025-11-04,GJ02,repeated,9,90,6,7
TRPKOC25110413d152ff,2025-11-04,KL01,repeated,25,306,8,9
TRPVAD251104d6766147,2025-11-04,GJ02,repeated,8,82,6,5
TRPKOC251104c16e39bc,2025-11-04,KL01,repeated,12,163,7,8
TRPSUR25110403893e6d,2025-11-04,GJ01,repeated,15,139,6,5
TRPSUR251104491a553a,2025-11-04,GJ01,repeated,9,91,6,6
TRPCHA2511047ddc5673,2025-11-04,CH01,new,16,170,10,9
TRPLUC251104e05ee856,2025-11-04,UP01,new,15,161,7,6
TRPLUC251104b4b172c5,2025-11-04,UP01,repeated,13,143,7,7
TRPLUC251104fc0585b8,2025-11-04,UP01,repeated,19,197,6,6
TRPSUR25110448bf407a,2025-11-04,GJ01,repeated,8,83,6,7
TRPJAI2511048145b8d3,2025-11-04,RJ01,repeated,40,517,9,8
TRPCHA2511042bf7220a,2025-11-04,CH01,repeated,15,161,9,8
TRPJAI251104b13761f1,2025-11-04,RJ01,repeated,33,433,9,8
TRPVAD2511043973b1b5,2025-11-04,GJ02,repeated,16,146,5,8
TRPJAI251104339dc29d,2025-11-04,RJ01,repeated,41,529,9,8
TRPSUR251104f8a2ab6b,2025-11-04,GJ01,repeated,16,147,5,5
TRPSUR251104b93dcf3e,2025-11-04,GJ01,repeated,12,115,5,5
TRPLUC25110445da491f,2025-11-04,UP01,new,20,206,7,8
TRPCHA2511043738cdd5,2025-11-04,CH01,repeated,19,197,9,7
TRPLUC251104f3bf9a92,2025-11-04,UP01,repeated,20,206,6,6
TRPLUC2511046a5e3934,2025-11-04,UP01,repeated,16,170,7,7
TRPKOC2511041f5b416b,2025-11-04,KL01,repeated,12,163,9,8
TRPJAI2511049a059a03,2025-11-04,RJ01,repeated,44,565,9,10
TRPLUC251104251c413f,2025-11-04,UP01,repeated,13,143,5,6
TRPCHA251104c71b4396,2025-11-04,CH01,repeated,25,251,9,8
TRPCHA25110451f98a8a,2025-11-04,CH01,repeated,27,269,9,9
TRPSUR2511045d12f1c7,2025-11-04,GJ01,repeated,9,91,6,5
TRPVAD251104ea2ac774,2025-11-04,GJ02,new,15,138,9,6
TRPVIS25110478c94346,2025-11-04,AP01,repeated,16,171,7,8
TRPSUR2511048f16bae9,2025-11-04,GJ01,repeated,9,91,7,5
TRPLUC251104631a501c,2025-11-04,UP01,repeated,10,116,5,7
TRPSUR2511047635c346,2025-11-04,GJ01,repeated,17,155,5,6
TRPSUR2511045903fd6d,2025-11-04,GJ01,repeated,8,83,5,5
TRPCHA251104c57c5460,2025-11-04,CH01,repeated,19,197,6,6
TRPKOC251104803eb8d0,2025-11-04,KL01,repeated,25,306,8,10
TRPCOI2511041a82ce4c,2025-11-04,TN01,repeated,11,111,9,8
TRPSUR2511044de490f7,2025-11-04,GJ01,new,12,115,8,7
TRPLUC251104031c04ad,2025-11-04,UP01,repeated,19,197,6,7
TRPSUR2511049a11f1fe,2025-11-04,GJ01,new,16,147,9,8
TRPJAI2511041d2b438d,2025-11-04,RJ01,new,23,313,9,10
TRPVAD25110415c12aad,2025-11-04,GJ02,repeated,8,82,5,6
TRPJAI251104fb086d1d,2025-11-04,RJ01,repeated,24,325,8,10
TRPLUC2511048a7a9338,2025-11-04,UP01,repeated,10,116,7,8
TRPSUR251104bd923ede,2025-11-04,GJ01,repeated,8,83,7,5
TRPMYS251104a8c80432,2025-11-04,KA01,new,22,255,9,8
TRPIND251104dc7161c3,2025-11-04,MP01,repeated,14,135,9,7
TRPSUR251104d18a9947,2025-11-04,GJ01,repeated,7,75,7,7
TRPLUC25110428cd84a9,2025-11-04,UP01,repeated,17,179,5,6
TRPVAD2511047aa63b05,2025-11-04,GJ02,repeated,14,130,5,6
TRPIND251104071c9061,2025-11-04,MP01,repeated,15,143,8,9
TRPIND251104c2b06e56,2025-11-04,MP01,repeated,23,207,9,6
TRPJAI251104a846dbd8,2025-11-04,RJ01,repeated,38,493,8,10
TRPVAD251104fed99f28,2025-11-04,GJ02,new,7,74,9,8
TRPCOI251104df2ada56,2025-11-04,TN01,repeated,19,175,6,6
TRPJAI2511040114de0e,2025-11-04,RJ01,repeated,30,397,8,8
TRPLUC25110492cbfa2e,2025-11-04,UP01,repeated,10,116,5,7
TRPIND251104c8f66d55,2025-11-04,MP01,repeated,20,183,9,7
TRPSUR251104e70351cd,2025-11-04,GJ01,repeated,14,131,5,8
TRPKOC25110464b110e6,2025-11-04,KL01,repeated,32,383,9,9
TRPLUC2511040a77a56d,2025-11-04,UP01,repeated,13,143,7,7
TRPCHA251104c46098a9,2025-11-04,CH01,new,25,251,10,7
TRPCHA251104a89eb1fa,2025-11-04,CH01,repeated,19,197,6,7
TRPLUC2511044cfb47ba,2025-11-04,UP01,repeated,9,107,6,5
TRPLUC25110480930009,2025-11-04,UP01,new,5,71,8,6
TRPVAD251104ea284c49,2025-11-04,GJ02,repeated,16,146,5,8
TRPCHA2511040390cd0b,2025-11-04,CH01,repeated,22,224,6,8
TRPVAD251104d341accd,2025-11-04,GJ02,repeated,7,74,5,6
TRPCHA251104378a5120,2025-11-04,CH01,repeated,19,197,8,7
TRPJAI251104afa23525,2025-11-04,RJ01,repeated,42,541,9,8
TRPJAI251104f7e7ab3e,2025-11-04,RJ01,new,19,265,9,9
TRPVAD251104eceb5d77,2025-11-04,GJ02,repeated,16,146,7,6
TRPMYS251104cd466338,2025-11-04,KA01,repeated,12,155,9,8
TRPVIS251104d0220336,2025-11-04,AP01,new,20,207,8,8
TRPVAD2511049ac5c10c,2025-11-04,GJ02,repeated,14,130,5,7
TRPLUC251104bd0f98eb,2025-11-04,UP01,repeated,20,206,6,8
TRPJAI251104953f2902,2025-11-04,RJ01,repeated,18,253,9,8
TRPSUR2511046bc35b17,2025-11-04,GJ01,repeated,17,155,6,7
TRPJAI251104db773b77,2025-11-04,RJ01,repeated,43,553,9,8
TRPCOI25110450a72d81,2025-11-04,TN01,repeated,20,183,7,9
TRPMYS251104e6979349,2025-11-04,KA01,repeated,23,265,9,10
TRPSUR2511045005c7ea,2025-11-04,GJ01,repeated,8,83,7,6
TRPSUR251104acea368c,2025-11-04,GJ01,repeated,10,99,5,6
TRPLUC2511043b9c14c8,2025-11-04,UP01,repeated,8,98,7,5
TRPIND2511046b5d17cd,2025-11-04,MP01,repeated,9,95,8,8
TRPKOC251104eea469cf,2025-11-04,KL01,repeated,34,405,7,8
TRPLUC2511048f77424c,2025-11-04,UP01,repeated,10,116,7,6
TRPJAI2511048734bf91,2025-11-04,RJ01,repeated,35,457,9,8
TRPIND251104ce760169,2025-11-04,MP01,repeated,24,215,7,9
TRPKOC25110461ffcf3a,2025-11-04,KL01,repeated,23,284,8,8
TRPLUC25110464bbae2d,2025-11-04,UP01,repeated,17,179,5,7
TRPJAI25110465850360,2025-11-04,RJ01,new,32,421,9,8
TRPSUR251104a9473935,2025-11-04,GJ01,repeated,8,83,6,6
TRPVAD25110496fa8193,2025-11-04,GJ02,repeated,7,74,6,6
TRPSUR251104651723ec,2025-11-04,GJ01,new,11,107,9,7
TRPJAI251104fde5d765,2025-11-04,RJ01,repeated,19,265,8,8
TRPLUC251104a022a832,2025-11-04,UP01,repeated,7,89,5,8
TRPSUR251104d8cade35,2025-11-04,GJ01,repeated,15,139,5,5
TRPLUC2511041e0c60a9,2025-11-04,UP01,new,10,116,8,6
TRPIND251104450114e9,2025-11-04,MP01,new,16,151,8,7
TRPVIS251104b402bfef,2025-11-04,AP01,repeated,32,315,9,10
TRPVAD251104b8a476f5,2025-11-04,GJ02,repeated,10,98,5,6
TRPJAI25110403178472,2025-11-04,RJ01,new,33,433,10,9
TRPSUR2511049547f8b0,2025-11-04,GJ01,repeated,13,123,5,7
TRPLUC251104dac163a5,2025-11-04,UP01,repeated,16,170,6,7
TRPIND251104f00349b7,2025-11-04,MP01,repeated,21,191,6,7
TRPSUR251104465e6066,2025-11-04,GJ01,repeated,5,59,7,8
TRPSUR251104ff1e2e6b,2025-11-04,GJ01,repeated,13,123,5,8
TRPLUC25110427cbe9a4,2025-11-04,UP01,repeated,8,98,5,7
TRPJAI25110414ce0616,2025-11-04,RJ01,repeated,41,529,8,9
TRPLUC2511044eab829d,2025-11-04,UP01,repeated,18,188,7,7
TRPMYS25110427252466,2025-11-04,KA01,new,9,125,8,8
TRPCHA25110496a0370f,2025-11-04,CH01,repeated,12,134,8,7
TRPIND251104c6c48cee,2025-11-04,MP01,new,8,87,7,7
TRPCOI2511044c3ce049,2025-11-04,TN01,repeated,20,183,7,7
TRPLUC2511043dfa20f9,2025-11-04,UP01,repeated,16,170,6,6
TRPLUC2511049b1331de,2025-11-04,UP01,repeated,9,107,7,5
TRPSUR2511046cfd8cbe,2025-11-04,GJ01,new,8,83,9,6
TRPSUR2511049411a54c,2025-11-04,GJ01,repeated,15,139,6,7
TRPSUR2511045700b946,2025-11-04,GJ01,repeated,9,91,6,7
TRPIND2511040ba793a7,2025-11-04,MP01,repeated,20,183,7,8
TRPVAD251104b5030592,2025-11-04,GJ02,repeated,16,146,5,5
TRPLUC2511048bf74a79,2025-11-04,UP01,repeated,12,134,5,8
TRPCHA25110468881494,2025-11-04,CH01,repeated,18,188,9,9
TRPJAI251104368f56a8,2025-11-04,RJ01,new,32,421,10,10
TRPLUC251104c13d5373,2025-11-04,UP01,repeated,6,80,5,5
TRPJAI25110426f7e3e1,2025-11-04,RJ01,new,36,469,8,10
TRPCHA251104f4d3cb7f,2025-11-04,CH01,repeated,29,287,9,9
TRPSUR2511042641b541,2025-11-04,GJ01,repeated,14,131,5,5
TRPLUC2511043aeda469,2025-11-04,UP01,repeated,10,116,5,5
TRPCOI251104ad659a48,2025-11-04,TN01,repeated,20,183,9,6
TRPVAD251104189276fa,2025-11-04,GJ02,repeated,6,66,5,6
TRPCHA251104fbeb309c,2025-11-04,CH01,new,29,287,7,8
TRPMYS251104f373d559,2025-11-04,KA01,new,9,125,9,10
TRPVAD251104ed8a8517,2025-11-04,GJ02,repeated,8,82,7,6
TRPSUR2511044a964596,2025-11-04,GJ01,repeated,6,67,7,8
TRPSUR25110487e261aa,2025-11-04,GJ01,repeated,11,107,6,5
TRPVAD2511043b48f4b3,2025-11-04,GJ02,repeated,7,74,7,6
TRPCHA251104f03511fd,2025-11-04,CH01,repeated,12,134,8,8
TRPLUC251104e45f58d7,2025-11-04,UP01,repeated,17,179,7,8
TRPKOC251104da3c5e3a,2025-11-04,KL01,repeated,19,240,9,10
TRPVAD251104fe48bbfe,2025-11-04,GJ02,new,17,154,7,8
TRPVIS25110441dff656,2025-11-04,AP01,repeated,30,297,7,10
TRPIND2511044f79cd56,2025-11-04,MP01,repeated,23,207,6,8
TRPIND25110456ed4cfc,2025-11-04,MP01,repeated,23,207,9,6
TRPLUC251104955f2c92,2025-11-04,UP01,repeated,17,179,6,5
TRPMYS2511043e38fa53,2025-11-04,KA01,repeated,25,285,9,9
TRPVIS2511042de24398,2025-11-04,AP01,repeated,25,252,8,9
TRPLUC25110408c15c74,2025-11-04,UP01,repeated,13,143,5,8
TRPKOC251104e2638c37,2025-11-04,KL01,new,24,295,10,10
TRPVAD2511046157a5ac,2025-11-04,GJ02,new,17,154,9,8
TRPKOC251104ef26162e,2025-11-04,KL01,new,24,295,9,8
TRPSUR2511045cd71173,2025-11-04,GJ01,repeated,13,123,7,8
TRPSUR251104f812e5a8,2025-11-04,GJ01,repeated,15,139,6,6
TRPSUR2511048dc46b1c,2025-11-04,GJ01,repeated,9,91,6,8
TRPLUC251104cfddde64,2025-11-04,UP01,repeated,7,89,6,5
TRPVAD2511044a738c48,2025-11-04,GJ02,repeated,10,98,6,6
TRPJAI251104c26aedfd,2025-11-04,RJ01,repeated,38,493,8,8
TRPVAD251104332d5791,2025-11-04,GJ02,new,8,82,7,8
TRPLUC251104bb89f872,2025-11-04,UP01,new,7,89,7,7
TRPMYS2511043ae02255,2025-11-04,KA01,repeated,15,185,7,8
TRPKOC251104ef9b8d47,2025-11-04,KL01,new,38,449,10,8
TRPLUC251104c307707a,2025-11-04,UP01,new,7,89,8,7
TRPJAI25110457d75591,2025-11-04,RJ01,repeated,41,529,7,8
TRPCHA251104122f1ede,2025-11-04,CH01,repeated,33,323,7,8
TRPJAI251104707fa645,2025-11-04,RJ01,repeated,45,577,8,9
TRPLUC2511042c5f4451,2025-11-04,UP01,repeated,10,116,7,5
TRPLUC2511048e61e955,2025-11-04,UP01,repeated,13,143,6,5
TRPSUR25110449f9c4fc,2025-11-04,GJ01,repeated,6,67,6,5
TRPJAI251104ccbaf2dd,2025-11-04,RJ01,new,40,517,8,10
TRPLUC251104712b8d3d,2025-11-04,UP01,repeated,7,89,5,8
TRPSUR25110459d05fb6,2025-11-04,GJ01,repeated,8,83,7,7
TRPLUC25110460aacd4a,2025-11-04,UP01,new,15,161,9,7
TRPJAI2511046a954f45,2025-11-04,RJ01,repeated,24,325,8,9
TRPVAD251104c1a6c9c6,2025-11-04,GJ02,repeated,14,130,7,6
TRPCHA251104fc97edfa,2025-11-04,CH01,new,13,143,7,8
TRPJAI251104f8f18295,2025-11-04,RJ01,repeated,45,577,9,8
TRPCHA25110403127b54,2025-11-04,CH01,repeated,31,305,8,6
TRPJAI25110490f8f588,2025-11-04,RJ01,new,26,349,8,10
TRPJAI251104f3dd51be,2025-11-04,RJ01,new,39,505,10,10
TRPCHA25110427e10d32,2025-11-04,CH01,new,33,323,9,7
TRPSUR2511045a958615,2025-11-04,GJ01,new,5,59,8,8
TRPSUR251104a949552b,2025-11-04,GJ01,repeated,9,91,6,6
TRPKOC25110495a2c7b6,2025-11-04,KL01,repeated,14,185,8,8
TRPSUR2511047440fc81,2025-11-04,GJ01,repeated,17,155,5,8
TRPJAI251104870a8852,2025-11-04,RJ01,new,21,289,9,8
TRPCOI251104992a5edc,2025-11-04,TN01,repeated,13,127,8,7
TRPCHA251104089a8f0f,2025-11-04,CH01,repeated,21,215,8,9
TRPIND251104e7867dbb,2025-11-04,MP01,new,16,151,7,9
TRPKOC25110482c2a06b,2025-11-04,KL01,new,13,174,9,9
TRPVIS2511042dd48906,2025-11-04,AP01,repeated,25,252,7,10
TRPLUC2511044d2e0378,2025-11-04,UP01,repeated,17,179,6,8
TRPVIS2511044429e5b2,2025-11-04,AP01,repeated,17,180,9,9
TRPJAI2511040b4f4e4a,2025-11-04,RJ01,new,33,433,8,9
TRPKOC251104575899ed,2025-11-04,KL01,repeated,27,328,9,10
TRPIND251104d8b110f4,2025-11-04,MP01,new,20,183,7,8
TRPSUR251104f2be391f,2025-11-04,GJ01,repeated,11,107,7,8
TRPSUR25110439e07dff,2025-11-04,GJ01,repeated,14,131,5,6
TRPVIS251104bb388635,2025-11-04,AP01,repeated,30,297,9,10
TRPSUR251104d318d2be,2025-11-04,GJ01,repeated,14,131,7,5
TRPSUR251104bd78e799,2025-11-04,GJ01,new,10,99,9,7
TRPKOC251104a0004276,2025-11-04,KL01,new,35,416,9,10
TRPKOC25110478abb433,2025-11-04,KL01,new,36,427,8,9
TRPKOC251104fb90e232,2025-11-04,KL01,repeated,24,295,7,9
TRPSUR2511043a91a0d1,2025-11-04,GJ01,repeated,15,139,6,5
TRPVIS2511040fc0f091,2025-11-04,AP01,repeated,35,342,8,9
TRPLUC251104c0b4ab29,2025-11-04,UP01,new,11,125,9,8
TRPLUC251104bfdcc5d2,2025-11-04,UP01,repeated,17,179,6,6
TRPVIS2511040e997478,2025-11-04,AP01,new,14,153,8,10
TRPVIS25110490237934,2025-11-04,AP01,repeated,33,324,8,10
TRPLUC251104626a1a73,2025-11-04,UP01,repeated,13,143,5,5
TRPCHA2511041b78233d,2025-11-04,CH01,new,34,332,9,8
TRPIND25110491d58984,2025-11-04,MP01,new,24,215,8,7
TRPJAI25110451091834,2025-11-04,RJ01,repeated,16,229,9,8
TRPCOI25110487520fe3,2025-11-04,TN01,new,17,159,9,9
TRPLUC2511048fd03f8f,2025-11-04,UP01,repeated,5,71,6,8
TRPLUC251104708c9f10,2025-11-04,UP01,repeated,16,170,5,8
TRPVIS251104977f2d1f,2025-11-04,AP01,repeated,16,171,9,9
TRPLUC251104887eefd7,2025-11-04,UP01,repeated,6,80,7,5
TRPVAD251104c1e45122,2025-11-04,GJ02,repeated,14,130,5,5
TRPVIS251104ee0978e7,2025-11-04,AP01,new,15,162,8,10
TRPLUC251104af370509,2025-11-04,UP01,repeated,14,152,6,7
TRPKOC251104fc9a3ce0,2025-11-04,KL01,repeated,31,372,9,10
TRPLUC2511046e8cf5fd,2025-11-04,UP01,repeated,16,170,6,7
TRPVIS25110452288022,2025-11-04,AP01,repeated,28,279,9,8
TRPVAD251104d365122f,2025-11-04,GJ02,repeated,13,122,5,5
TRPVAD25110439fc4018,2025-11-04,GJ02,repeated,17,154,5,5
TRPKOC251104bd5ac64b,2025-11-04,KL01,repeated,34,405,8,10
TRPSUR2511040d18b42b,2025-11-04,GJ01,repeated,10,99,7,8
TRPSUR25110466fc7a81,2025-11-04,GJ01,repeated,16,147,6,8
TRPSUR2511040b9a5c90,2025-11-04,GJ01,repeated,13,123,6,7
TRPLUC251104b2c927e6,2025-11-04,UP01,repeated,17,179,6,6
TRPSUR2511041a8f598e,2025-11-04,GJ01,new,16,147,8,8
TRPVAD251104c79d8356,2025-11-04,GJ02,repeated,14,130,5,5
TRPCOI2511043d37fb21,2025-11-04,TN01,repeated,19,175,7,6
TRPKOC251104e7f05970,2025-11-04,KL01,new,35,416,9,10
TRPJAI251104123ef3ea,2025-11-04,RJ01,new,18,253,10,9
TRPIND251104d14e1c2c,2025-11-04,MP01,repeated,15,143,8,9
TRPMYS2511041c18c3a1,2025-11-04,KA01,new,19,225,10,10
TRPJAI25110415a071b8,2025-11-04,RJ01,new,27,361,8,9
TRPJAI2511047e3a9077,2025-11-04,RJ01,new,42,541,10,9
TRPIND251104c2e8ad4d,2025-11-04,MP01,repeated,8,87,6,6
TRPMYS25110439e2bbe3,2025-11-04,KA01,repeated,9,125,9,10
TRPSUR25110442381c79,2025-11-04,GJ01,repeated,15,139,5,6
TRPIND251104978d5ceb,2025-11-04,MP01,repeated,16,151,6,8
TRPCHA25110444c10078,2025-11-04,CH01,repeated,22,224,7,8
TRPCHA251104ed090e2e,2025-11-04,CH01,repeated,35,341,9,9
TRPLUC251104ba6b0ad4,2025-11-04,UP01,repeated,9,107,5,6
TRPJAI25110412ba98c7,2025-11-04,RJ01,new,16,229,9,9
TRPCOI2511043d26b8b8,2025-11-04,TN01,repeated,8,87,9,9
TRPLUC251104fda01543,2025-11-04,UP01,repeated,14,152,6,8
TRPVAD2511045b89abbf,2025-11-04,GJ02,repeated,8,82,7,7
TRPVIS25110467f6a77c,2025-11-04,AP01,repeated,15,162,8,9
TRPKOC25110464fc9b56,2025-11-04,KL01,repeated,13,174,9,9
TRPJAI2511048f2bd9cc,2025-11-04,RJ01,repeated,18,253,9,10
TRPSUR251104ddb77923,2025-11-04,GJ01,repeated,5,59,7,8
TRPIND25110424c82ec0,2025-11-04,MP01,repeated,14,135,9,6
TRPSUR2511041c9f64de,2025-11-04,GJ01,repeated,10,99,5,8
TRPCHA251104eee377b6,2025-11-04,CH01,repeated,16,170,8,7
TRPSUR251104bcfab5c1,2025-11-04,GJ01,repeated,14,131,5,6
TRPIND251104f74ea4c1,2025-11-04,MP01,new,25,223,9,9
TRPJAI251104060db39b,2025-11-04,RJ01,repeated,24,325,7,9
TRPVAD2511042fd0dbef,2025-11-04,GJ02,repeated,18,162,6,6
TRPVIS2511040365a816,2025-11-04,AP01,repeated,27,270,8,10
TRPVIS251104f7ba4a32,2025-11-04,AP01,new,24,243,10,9
TRPLUC251104859cc04d,2025-11-04,UP01,new,20,206,8,8
TRPVIS251104ad7d1c7b,2025-11-04,AP01,repeated,13,144,8,8
TRPLUC251104f02bc782,2025-11-04,UP01,repeated,15,161,6,7
TRPCHA251104a475687b,2025-11-04,CH01,new,12,134,8,8
TRPCHA2511044559b92f,2025-11-04,CH01,new,26,260,10,9
TRPKOC251104a30a9b81,2025-11-04,KL01,new,34,405,8,8
TRPJAI25110438667903,2025-11-04,RJ01,repeated,15,217,7,8
TRPCOI251104be18eba1,2025-11-04,TN01,repeated,8,87,9,7
TRPLUC251104c232ead3,2025-11-04,UP01,new,11,125,8,6
TRPVAD2511041c1e2660,2025-11-04,GJ02,repeated,16,146,5,5
TRPVAD2511044d196429,2025-11-04,GJ02,new,18,162,8,8
TRPSUR251104413e4ed1,2025-11-04,GJ01,repeated,16,147,7,7
TRPLUC251104e08001a9,2025-11-04,UP01,repeated,8,98,5,7
TRPSUR2511047d8def2c,2025-11-04,GJ01,new,10,99,8,8
TRPLUC2511047686fd30,2025-11-04,UP01,repeated,20,206,6,8
TRPLUC251104772d0c08,2025-11-04,UP01,new,7,89,7,8
TRPKOC251104a4ba5313,2025-11-04,KL01,repeated,13,174,8,9
TRPSUR251104e7555075,2025-11-04,GJ01,repeated,15,139,7,5
TRPLUC2511045a0606d0,2025-11-04,UP01,repeated,13,143,5,5
TRPCHA251104447b9af1,2025-11-04,CH01,new,33,323,9,8
TRPSUR251104c9b1c847,2025-11-04,GJ01,repeated,14,131,5,5
TRPIND251104fd2ea137,2025-11-04,MP01,new,13,127,8,7
TRPSUR25110468953667,2025-11-04,GJ01,repeated,7,75,6,7
TRPIND25110448beb535,2025-11-04,MP01,new,12,119,9,9
TRPKOC25110463988534,2025-11-04,KL01,new,23,284,10,8
TRPJAI251104f39411d9,2025-11-04,RJ01,new,45,577,8,10
TRPSUR2511047ccd5b2a,2025-11-04,GJ01,repeated,6,67,7,6
TRPVAD251104cabe37a5,2025-11-04,GJ02,repeated,11,106,7,7
TRPLUC251104c34de89c,2025-11-04,UP01,repeated,5,71,6,7
TRPCOI251104b3a6d324,2025-11-04,TN01,new,9,95,8,9
TRPLUC25110408425254,2025-11-04,UP01,repeated,18,188,5,6
TRPKOC251104fa37ecc5,2025-11-04,KL01,new,24,295,9,10
TRPVIS251104c0b8d7b4,2025-11-04,AP01,repeated,21,216,7,9
TRPKOC251104e9915f94,2025-11-04,KL01,new,18,229,9,9
TRPVAD2511043e6f3d6f,2025-11-04,GJ02,repeated,9,90,5,7
TRPIND251104cf406abf,2025-11-04,MP01,new,15,143,8,9
TRPVIS25110412410c61,2025-11-04,AP01,new,16,171,8,8
TRPLUC25110423e236e9,2025-11-04,UP01,repeated,20,206,7,8
TRPVIS2511048b0730b4,2025-11-04,AP01,new,24,243,9,8
TRPVIS25110469139ac6,2025-11-04,AP01,repeated,11,126,8,9
TRPVAD25110468252d2a,2025-11-04,GJ02,repeated,18,162,7,5
TRPJAI25110411e053bf,2025-11-04,RJ01,repeated,36,469,9,9
TRPCOI2511046a3f9645,2025-11-04,TN01,repeated,20,183,8,9
TRPLUC251104ddcb19d9,2025-11-04,UP01,new,17,179,8,8
TRPCOI251104300e079f,2025-11-04,TN01,repeated,14,135,9,6
TRPJAI251104af2e12cd,2025-11-04,RJ01,new,36,469,9,8
TRPVIS2511043712cd5c,2025-11-04,AP01,repeated,20,207,7,9
TRPIND251104b72c3e85,2025-11-04,MP01,new,10,103,10,7
TRPSUR251104e73bba4e,2025-11-04,GJ01,repeated,9,91,5,5
TRPIND251104ed19fee4,2025-11-04,MP01,repeated,21,191,6,8
TRPKOC2511042cc86eb5,2025-11-04,KL01,repeated,35,416,9,10
TRPVIS251104dc208e87,2025-11-04,AP01,repeated,19,198,7,10
TRPLUC25110431d0332f,2025-11-04,UP01,repeated,8,98,6,5
TRPKOC251104b7873a60,2025-11-04,KL01,repeated,21,262,8,9
TRPSUR2511043935db98,2025-11-04,GJ01,repeated,6,67,6,5
TRPVAD251104a9e816c3,2025-11-04,GJ02,repeated,9,90,6,6
TRPMYS251104df1322e2,2025-11-04,KA01,new,24,275,9,8
TRPLUC251104d5f7d112,2025-11-04,UP01,repeated,19,197,6,5
TRPSUR2511047b0332df,2025-11-04,GJ01,repeated,7,75,7,5
TRPIND251104d3c2ede3,2025-11-04,MP01,repeated,16,151,6,7
TRPMYS2511049fc2a04d,2025-11-04,KA01,new,14,175,8,9
TRPJAI25110482ce15e9,2025-11-04,RJ01,repeated,38,493,8,9
TRPJAI251104932c5659,2025-11-04,RJ01,new,24,325,10,8
TRPIND251104b4881b13,2025-11-04,MP01,repeated,23,207,9,7
TRPIND251104d14fcbf5,2025-11-04,MP01,new,9,95,10,9
TRPLUC251104ed4d4d1e,2025-11-04,UP01,repeated,6,80,5,6
TRPSUR2511048455f256,2025-11-04,GJ01,repeated,8,83,7,6
TRPVAD251104ac561646,2025-11-04,GJ02,repeated,9,90,7,5
TRPLUC251104ddb58da9,2025-11-04,UP01,repeated,9,107,6,8
TRPSUR2511043262486a,2025-11-04,GJ01,repeated,11,107,5,6
TRPSUR251104c60d0bae,2025-11-04,GJ01,repeated,9,91,7,5
TRPLUC251104c40f003c,2025-11-04,UP01,repeated,9,107,6,8
TRPSUR251104e9b499b4,2025-11-04,GJ01,repeated,14,131,7,6
TRPCHA2511047816c0c7,2025-11-04,CH01,repeated,18,188,9,8
TRPSUR2511040d897867,2025-11-04,GJ01,repeated,8,83,7,5
TRPKOC25110448d0641b,2025-11-04,KL01,repeated,35,416,9,8
TRPKOC2511040d9d07c1,2025-11-04,KL01,new,17,218,8,9
TRPLUC251104e01da81b,2025-11-04,UP01,repeated,16,170,5,6
TRPLUC251104f80eec07,2025-11-04,UP01,repeated,6,80,7,6
TRPVIS251104f612186d,2025-11-04,AP01,repeated,28,279,8,9
TRPJAI251104180a4075,2025-11-04,RJ01,new,41,529,10,8
TRPLUC25110432e8e14f,2025-11-04,UP01,repeated,18,188,5,6
TRPJAI251104b24c8618,2025-11-04,RJ01,repeated,31,409,8,9
TRPIND251104da396158,2025-11-04,MP01,repeated,24,215,7,8
TRPKOC251104f91c01bb,2025-11-04,KL01,repeated,30,361,8,8
TRPJAI2511046cd24384,2025-11-04,RJ01,repeated,20,277,9,8
TRPVIS2511040740342a,2025-11-04,AP01,repeated,19,198,7,8
TRPLUC25110443d4c453,2025-11-04,UP01,repeated,6,80,7,5
TRPSUR25110474f49d91,2025-11-04,GJ01,repeated,5,59,5,7
TRPLUC25110451e783d4,2025-11-04,UP01,repeated,20,206,7,8
TRPJAI2511049242146a,2025-11-04,RJ01,repeated,28,373,8,9
TRPVIS25110495e017ff,2025-11-04,AP01,new,15,162,9,9
TRPCHA251104d0406471,2025-11-04,CH01,repeated,30,296,7,8
TRPCOI251104d0c1d700,2025-11-04,TN01,repeated,10,103,8,7
TRPVAD2511048fd7b7fe,2025-11-04,GJ02,repeated,14,130,6,6
TRPKOC2511048c8a88b6,2025-11-04,KL01,repeated,19,240,7,9
TRPLUC2511041b225852,2025-11-04,UP01,repeated,7,89,5,8
TRPVAD2511044b44a082,2025-11-04,GJ02,repeated,6,66,5,6
TRPJAI2511048db324bf,2025-11-04,RJ01,repeated,23,313,8,9
TRPCOI2511049e51273e,2025-11-04,TN01,repeated,21,191,8,7
TRPVIS251104a12404d4,2025-11-04,AP01,repeated,28,279,9,10
TRPKOC251104a89d0d60,2025-11-04,KL01,new,12,163,10,8
TRPVIS251104ba4c4f94,2025-11-04,AP01,repeated,23,234,7,8
TRPLUC251104fe28681e,2025-11-04,UP01,repeated,14,152,7,6
TRPIND2511040b2402cc,2025-11-04,MP01,new,8,87,9,7
TRPCOI2511042639b88f,2025-11-04,TN01,new,12,119,10,9
TRPJAI251104d6f59065,2025-11-04,RJ01,repeated,26,349,7,8
TRPLUC251104e046f314,2025-11-04,UP01,repeated,17,179,7,5
TRPJAI251104c5435c2e,2025-11-04,RJ01,repeated,27,361,8,9
TRPJAI251104a0603029,2025-11-04,RJ01,repeated,39,505,9,8
TRPIND251104a523ade2,2025-11-04,MP01,repeated,18,167,6,9
TRPLUC251104f56c5d03,2025-11-04,UP01,repeated,12,134,6,7
TRPSUR251104447f2e63,2025-11-04,GJ01,repeated,16,147,6,8
TRPLUC25110485607f3d,2025-11-04,UP01,repeated,18,188,5,6
TRPKOC25110441f81307,2025-11-04,KL01,repeated,30,361,9,10
TRPVIS2511041b8758c6,2025-11-04,AP01,repeated,12,135,8,9
TRPJAI25110407b861c5,2025-11-04,RJ01,repeated,26,349,8,9
TRPLUC2511040c8f02d3,2025-11-04,UP01,repeated,18,188,6,8
TRPVIS2511046f9a1223,2025-11-04,AP01,repeated,26,261,8,9
TRPLUC2511049f6369ce,2025-11-04,UP01,repeated,8,98,5,8
TRPCOI2511043c5168de,2025-11-04,TN01,new,20,183,7,9
TRPKOC251104191e98fc,2025-11-04,KL01,new,26,317,10,8
TRPCHA251104b0f487b0,2025-11-04,CH01,repeated,18,188,9,6
TRPSUR251104e2ee24d8,2025-11-04,GJ01,repeated,12,115,6,7
TRPJAI25110489ea48ba,2025-11-04,RJ01,new,25,337,9,9
TRPSUR2511048b0aa0fe,2025-11-04,GJ01,new,5,59,9,8
TRPVIS251104d7c7fee0,2025-11-04,AP01,repeated,32,315,9,8
TRPVAD251104555336a0,2025-11-04,GJ02,repeated,13,122,6,6
TRPLUC251104c6adc691,2025-11-04,UP01,repeated,10,116,7,5
TRPLUC251104ea98e63c,2025-11-04,UP01,new,14,152,8,8
TRPJAI251104ef9c2566,2025-11-04,RJ01,new,20,277,9,10
TRPIND251104bf0d369c,2025-11-04,MP01,new,13,127,7,9
TRPVIS251104489cdbda,2025-11-04,AP01,repeated,27,270,8,8
TRPSUR2511047ab932fe,2025-11-04,GJ01,repeated,6,67,5,8
TRPVAD251104e96b59e6,2025-11-04,GJ02,repeated,5,58,7,6
TRPLUC251104bd55d817,2025-11-04,UP01,repeated,8,98,6,8
TRPVAD2511049a9b6d32,2025-11-04,GJ02,repeated,12,114,6,6
TRPKOC251104632aa368,2025-11-04,KL01,repeated,38,449,7,10
TRPIND2511046a12a0a8,2025-11-04,MP01,repeated,14,135,7,8
TRPLUC251104b66720d7,2025-11-04,UP01,repeated,18,188,7,8
TRPJAI25110432f2b84b,2025-11-04,RJ01,repeated,30,397,7,9
TRPIND251104f3883153,2025-11-04,MP01,new,18,167,7,9
TRPKOC251104a2f9c819,2025-11-04,KL01,repeated,26,317,8,10
TRPVAD251104a22dd0e5,2025-11-04,GJ02,repeated,10,98,7,7
TRPSUR251104eba162e7,2025-11-04,GJ01,repeated,16,147,7,5
TRPIND251104fb7370a0,2025-11-04,MP01,new,14,135,8,7
TRPSUR251104509fe9b9,2025-11-04,GJ01,repeated,12,115,6,5
TRPSUR2511043e57bad8,2025-11-04,GJ01,new,11,107,7,6
TRPMYS251104147a1072,2025-11-04,KA01,new,21,245,9,9
TRPJAI251104287829f7,2025-11-04,RJ01,repeated,25,337,9,10
TRPLUC2511044616a92c,2025-11-04,UP01,new,8,98,9,7
TRPVIS251104770c0bcc,2025-11-04,AP01,repeated,32,315,7,10
TRPKOC2511041bf7a3cd,2025-11-04,KL01,new,23,284,10,8
TRPIND251104c9343c9d,2025-11-04,MP01,repeated,18,167,6,9
TRPLUC251104a7e49d92,2025-11-04,UP01,repeated,19,197,5,8
TRPLUC251104b172021b,2025-11-04,UP01,repeated,17,179,7,8
TRPSUR251104f3117be7,2025-11-04,GJ01,new,16,147,7,8
TRPLUC251104bd952a50,2025-11-04,UP01,repeated,10,116,6,7
TRPVIS25110405ea07b0,2025-11-04,AP01,new,20,207,8,8
TRPSUR251104daaa77bb,2025-11-04,GJ01,repeated,9,91,6,7
TRPIND25110455ad4cc0,2025-11-04,MP01,repeated,23,207,7,6
TRPLUC251104a6c914f2,2025-11-04,UP01,repeated,11,125,5,5
TRPVIS251104b65985e9,2025-11-04,AP01,new,17,180,8,8
TRPSUR2511048310ca7a,2025-11-04,GJ01,new,8,83,9,8
TRPKOC2511041c300c0c,2025-11-04,KL01,repeated,35,416,7,8
TRPKOC25110433d4eb54,2025-11-04,KL01,new,11,152,8,10
TRPLUC251104855d94e2,2025-11-04,UP01,new,6,80,9,6
TRPJAI2511048f33be51,2025-11-04,RJ01,repeated,24,325,9,9
TRPJAI251104d60fe05e,2025-11-04,RJ01,new,35,457,9,10
TRPLUC25110404457789,2025-11-04,UP01,repeated,15,161,7,7
TRPLUC2511043f44522e,2025-11-04,UP01,repeated,7,89,5,6
TRPJAI25110423cbfd21,2025-11-04,RJ01,repeated,42,541,7,8
TRPJAI25110487a06be6,2025-11-04,RJ01,new,25,337,8,8
TRPLUC251104c63d63cf,2025-11-04,UP01,repeated,8,98,7,5
TRPSUR251104b8c92ea7,2025-11-04,GJ01,repeated,11,107,7,8
TRPCOI2511045b3d0a25,2025-11-04,TN01,new,13,127,10,9
TRPJAI251104d5f5b243,2025-11-04,RJ01,new,23,313,9,8
TRPKOC25110488edde80,2025-11-04,KL01,repeated,34,405,9,8
TRPLUC2511045c071182,2025-11-04,UP01,repeated,5,71,7,6
TRPLUC251104c417f23a,2025-11-04,UP01,repeated,16,170,5,7
TRPVAD251104e5219c98,2025-11-04,GJ02,repeated,16,146,5,7
TRPLUC2511044ccbbebc,2025-11-04,UP01,repeated,9,107,6,8
TRPVIS251104f01fa4b4,2025-11-04,AP01,repeated,30,297,8,10
TRPLUC25110447464312,2025-11-04,UP01,repeated,6,80,7,8
TRPLUC2511040e74ecc2,2025-11-04,UP01,repeated,8,98,7,6
TRPCHA25110453acc3c7,2025-11-04,CH01,repeated,20,206,7,6
TRPJAI25110491e11428,2025-11-04,RJ01,new,43,553,8,10
TRPKOC2511044c4fa45b,2025-11-04,KL01,repeated,21,262,7,10
TRPLUC251104224e96d4,2025-11-04,UP01,repeated,11,125,5,7
TRPKOC251104f7b2149c,2025-11-04,KL01,new,22,273,8,8
TRPCOI2511049a100055,2025-11-04,TN01,repeated,11,111,8,7
TRPVAD2511049fb51efa,2025-11-04,GJ02,new,6,66,8,6
TRPVIS251104344bb418,2025-11-04,AP01,repeated,21,216,7,10
TRPJAI251104330c93d5,2025-11-04,RJ01,repeated,36,469,9,9
TRPIND251104d9f89455,2025-11-04,MP01,repeated,10,103,8,8
TRPIND2511046fdc400a,2025-11-04,MP01,repeated,13,127,9,7
TRPSUR2511046537f67e,2025-11-04,GJ01,repeated,13,123,5,5
TRPVIS251104b3caa305,2025-11-04,AP01,new,33,324,9,8
TRPVAD251104b828106b,2025-11-04,GJ02,repeated,14,130,6,8
TRPSUR2511049daa8128,2025-11-04,GJ01,repeated,8,83,5,8
TRPLUC2511040469d69e,2025-11-04,UP01,repeated,5,71,5,6
TRPJAI25110477c6e688,2025-11-04,RJ01,repeated,36,469,7,9
TRPCOI25110446b48914,2025-11-04,TN01,repeated,21,191,9,7
TRPJAI251104144d299d,2025-11-04,RJ01,new,19,265,10,10
TRPIND2511042fe2135c,2025-11-04,MP01,repeated,16,151,8,6
TRPCOI25110496027ff4,2025-11-04,TN01,new,16,151,8,7
TRPVAD251104d7ee09bd,2025-11-04,GJ02,repeated,8,82,7,6
TRPJAI2511045ba3617c,2025-11-04,RJ01,new,41,529,8,8
TRPVAD2511040bb66508,2025-11-04,GJ02,repeated,13,122,6,6
TRPLUC2511040de9eeb1,2025-11-04,UP01,repeated,16,170,5,6
TRPLUC251104d6933e7c,2025-11-04,UP01,repeated,10,116,6,8
TRPKOC251104cbc7350b,2025-11-04,KL01,repeated,13,174,9,10
TRPJAI2511040bf62ace,2025-11-04,RJ01,new,26,349,8,8
TRPJAI251104653a5ac0,2025-11-04,RJ01,new,18,253,10,10
TRPCHA25110476e192f2,2025-11-04,CH01,repeated,34,332,7,6
TRPMYS251104eab534f2,2025-11-04,KA01,new,17,205,8,8
TRPIND25110494783759,2025-11-04,MP01,repeated,13,127,7,8
TRPSUR25110419cf52b9,2025-11-04,GJ01,new,17,155,8,7
TRPLUC2511044a12fa21,2025-11-04,UP01,new,6,80,8,6
TRPCOI251104f9160ff4,2025-11-04,TN01,repeated,14,135,7,9
TRPVIS251104104b6e70,2025-11-04,AP01,new,14,153,9,8
TRPJAI25110411afe2df,2025-11-04,RJ01,repeated,42,541,7,8
TRPLUC251104efcd9465,2025-11-04,UP01,repeated,19,197,5,8
TRPVIS251104cb6c943e,2025-11-04,AP01,new,28,279,9,8
TRPKOC251104e99be522,2025-11-04,KL01,new,37,438,10,10
TRPVAD2511044ed39262,2025-11-04,GJ02,repeated,8,82,7,5
TRPSUR251104acc708c5,2025-11-04,GJ01,repeated,11,107,7,8
TRPLUC251104861d4401,2025-11-04,UP01,repeated,5,71,6,6
TRPLUC2511041ff2938f,2025-11-04,UP01,repeated,13,143,7,8
TRPJAI2511048c630dba,2025-11-04,RJ01,repeated,39,505,8,9
TRPIND251104fb611e3b,2025-11-04,MP01,new,23,207,10,7
TRPLUC251104d1d3db79,2025-11-04,UP01,new,13,143,8,8
TRPVAD2511048238da48,2025-11-04,GJ02,repeated,8,82,7,8
TRPSUR251104b2f1c941,2025-11-04,GJ01,new,17,155,7,7
TRPLUC2511044e3ac70f,2025-11-04,UP01,repeated,16,170,7,8
TRPLUC251104574c2121,2025-11-04,UP01,repeated,20,206,5,8
TRPLUC25110400918d93,2025-11-04,UP01,repeated,7,89,7,7
TRPSUR251104c8efdd81,2025-11-04,GJ01,repeated,13,123,6,7
TRPJAI251104eb757b1c,2025-11-04,RJ01,repeated,21,289,7,8
TRPLUC25110487701ba0,2025-11-04,UP01,repeated,18,188,7,5
TRPKOC251104213a83d6,2025-11-04,KL01,repeated,30,361,9,9
TRPVAD25110440791b80,2025-11-04,GJ02,repeated,7,74,5,8
TRPLUC2511040985d4b3,2025-11-04,UP01,repeated,6,80,5,6
TRPSUR2511040ece3434,2025-11-04,GJ01,repeated,6,67,6,5
TRPLUC251104aee08db5,2025-11-04,UP01,repeated,15,161,5,7
TRPKOC251104b1b421d4,2025-11-04,KL01,repeated,21,262,7,9
TRPVAD25110467c6568b,2025-11-04,GJ02,repeated,10,98,7,5
TRPJAI2511040c56a646,2025-11-04,RJ01,new,26,349,8,8
TRPVIS2511042cfad15c,2025-11-04,AP01,new,19,198,10,8
TRPCHA25110454de95e7,2025-11-04,CH01,repeated,13,143,8,7
TRPSUR251104493c360a,2025-11-04,GJ01,repeated,17,155,5,7
TRPVIS251104909fad9c,2025-11-04,AP01,repeated,11,126,7,9
TRPIND2511045ea06ef2,2025-11-04,MP01,repeated,22,199,7,8
TRPIND2511043b374d33,2025-11-04,MP01,repeated,22,199,8,9
TRPSUR251104b383fd21,2025-11-04,GJ01,repeated,16,147,5,8
TRPVAD251104c09d733f,2025-11-04,GJ02,new,9,90,9,6
TRPJAI251104c6817a0c,2025-11-04,RJ01,new,29,385,9,9
TRPKOC251104eb38d0e1,2025-11-04,KL01,repeated,20,251,7,8
TRPIND251104be3ed9e3,2025-11-04,MP01,new,12,119,1,4
TRPKOC251104264b276b,2025-11-04,KL01,repeated,20,251,9,9
TRPSUR251104159950c3,2025-11-04,GJ01,repeated,9,91,6,8
TRPSUR25110474bb9fad,2025-11-04,GJ01,repeated,16,147,7,5
TRPVIS251104b4cb409f,2025-11-04,AP01,repeated,32,315,7,10
TRPCOI251104c61b2083,2025-11-04,TN01,repeated,10,103,8,6
TRPVAD2511043e54b9d7,2025-11-04,GJ02,repeated,6,66,7,5
TRPKOC251104c1015af1,2025-11-04,KL01,new,33,394,8,10
TRPIND251104cc266766,2025-11-04,MP01,repeated,9,95,6,6
TRPLUC2511040ec775f2,2025-11-04,UP01,repeated,8,98,6,6
TRPLUC251104917cb9e3,2025-11-04,UP01,repeated,12,134,6,6
TRPLUC251104c0b43bc0,2025-11-04,UP01,repeated,7,89,7,5
TRPSUR2511041e4f1dcd,2025-11-04,GJ01,repeated,11,107,6,7
TRPVAD2511043e7a533e,2025-11-04,GJ02,repeated,14,130,7,7
TRPJAI2511046d9a5103,2025-11-04,RJ01,new,18,253,10,9
TRPVAD251104d65d8d03,2025-11-04,GJ02,repeated,18,162,5,8
TRPJAI251104d3ade2da,2025-11-04,RJ01,repeated,36,469,9,10
TRPJAI2511046913252b,2025-11-04,RJ01,repeated,17,241,9,8
TRPLUC251104879aa905,2025-11-04,UP01,repeated,19,197,6,7
TRPJAI251104058277dd,2025-11-04,RJ01,new,35,457,10,10
TRPVIS251104c3db6500,2025-11-04,AP01,repeated,22,225,8,10
TRPSUR2511047c32d921,2025-11-04,GJ01,repeated,14,131,5,6
TRPKOC251104c6550a40,2025-11-04,KL01,repeated,36,427,8,8
TRPLUC2511045758a759,2025-11-04,UP01,repeated,18,188,6,5
TRPCOI25110496a8173e,2025-11-04,TN01,repeated,17,159,8,8
TRPLUC2511045ce89b96,2025-11-04,UP01,repeated,7,89,5,8
TRPIND251104c05fa53d,2025-11-04,MP01,repeated,21,191,6,6
TRPVAD251104b41349e3,2025-11-04,GJ02,repeated,10,98,7,8
TRPKOC251104f270efab,2025-11-04,KL01,repeated,14,185,7,10
TRPLUC2511043cc5f025,2025-11-04,UP01,repeated,6,80,6,7
TRPVIS2511048302e65b,2025-11-04,AP01,repeated,35,342,8,8
TRPVAD2511040fcec0fd,2025-11-04,GJ02,repeated,14,130,7,5
TRPVIS2511044573a689,2025-11-04,AP01,repeated,15,162,8,10
TRPCHA25110439b0dafe,2025-11-04,CH01,repeated,35,341,8,8
TRPLUC251104f2b394c0,2025-11-04,UP01,repeated,9,107,5,5
TRPJAI25110465886c99,2025-11-04,RJ01,new,44,565,8,10
TRPJAI2511044f92cb4c,2025-11-04,RJ01,new,35,457,10,8
TRPSUR251104c98aa55e,2025-11-04,GJ01,repeated,13,123,7,6
TRPSUR251104ad67fa39,2025-11-04,GJ01,repeated,10,99,5,5
TRPJAI2511046d2502e9,2025-11-04,RJ01,repeated,28,373,8,10
TRPLUC2511041e90c390,2025-11-04,UP01,repeated,20,206,6,6
TRPVAD2511044af21904,2025-11-04,GJ02,new,11,106,9,6
TRPVIS2511040561b685,2025-11-04,AP01,repeated,25,252,7,9
TRPLUC251104639a3546,2025-11-04,UP01,repeated,6,80,7,5
TRPJAI251104f812d7b0,2025-11-04,RJ01,new,20,277,9,8
TRPLUC251104f1400924,2025-11-04,UP01,repeated,5,71,5,5
TRPIND25110462f1b4cd,2025-11-04,MP01,repeated,16,151,9,8
TRPVIS251104a3af65a7,2025-11-04,AP01,repeated,29,288,9,10
TRPIND2511043672df3c,2025-11-04,MP01,new,15,143,10,8
TRPKOC251104c20c3697,2025-11-04,KL01,repeated,16,207,8,8
TRPVAD25110485b6b0f3,2025-11-04,GJ02,repeated,15,138,6,8
TRPSUR2511042091ebee,2025-11-04,GJ01,repeated,14,131,5,5
TRPCOI2511049c131704,2025-11-04,TN01,repeated,11,111,9,9
TRPVAD251104c0a10179,2025-11-04,GJ02,new,18,162,7,6
TRPCOI251104304c6146,2025-11-04,TN01,repeated,8,87,7,7
TRPJAI2511043566fbef,2025-11-04,RJ01,new,32,421,10,8
TRPKOC25110467584852,2025-11-04,KL01,repeated,26,317,8,8
TRPVAD2511045b3c7890,2025-11-04,GJ02,repeated,7,74,7,5
TRPJAI2511049d27801e,2025-11-04,RJ01,new,17,241,8,10
TRPVIS251104310fb5bf,2025-11-04,AP01,repeated,17,180,7,8
TRPSUR2511049a1dc55a,2025-11-04,GJ01,repeated,12,115,7,8
TRPCHA2511040696f927,2025-11-04,CH01,repeated,23,233,6,8
TRPVIS251104e142e5cc,2025-11-04,AP01,repeated,34,333,9,10
TRPSUR251104e35aa135,2025-11-04,GJ01,repeated,15,139,7,5
TRPJAI2511047a65f65c,2025-11-04,RJ01,repeated,24,325,8,8
TRPSUR251104a1c2a621,2025-11-04,GJ01,new,16,147,8,8
TRPJAI25110441f87bf1,2025-11-04,RJ01,repeated,37,481,9,8
TRPSUR2511047c271a60,2025-11-04,GJ01,repeated,5,59,6,7
TRPMYS2511049df077ad,2025-11-04,KA01,new,17,205,9,9
TRPKOC2511048b805593,2025-11-04,KL01,new,29,350,9,8
TRPSUR251104d26f941f,2025-11-04,GJ01,repeated,16,147,5,5
TRPIND25110403e54f52,2025-11-04,MP01,repeated,9,95,9,9
TRPCOI251104ae5bd042,2025-11-04,TN01,repeated,15,143,9,6
TRPVIS251104153c6d07,2025-11-04,AP01,new,13,144,8,8
TRPMYS2511045b0a9fef,2025-11-04,KA01,repeated,8,115,7,9
TRPJAI251104774e57c7,2025-11-04,RJ01,repeated,31,409,9,8
TRPSUR251104dbb7caf1,2025-11-04,GJ01,new,10,99,9,8
TRPMYS251104b9cbeaf2,2025-11-04,KA01,new,12,155,8,8
TRPCHA2511048c25f8ad,2025-11-04,CH01,repeated,32,314,7,8
TRPSUR25110409c13500,2025-11-04,GJ01,repeated,8,83,5,6
TRPIND251104fb350615,2025-11-04,MP01,repeated,17,159,6,8
TRPIND25110410a43ad0,2025-11-04,MP01,repeated,8,87,8,9
TRPLUC2511049e4b3b1e,2025-11-04,UP01,repeated,14,152,7,8
TRPSUR2511049a574864,2025-11-04,GJ01,repeated,12,115,5,6
TRPSUR2511042640aa09,2025-11-04,GJ01,repeated,11,107,7,7
TRPJAI25110450ba02a2,2025-11-04,RJ01,new,28,373,9,9
TRPLUC251104f730cfd9,2025-11-04,UP01,repeated,16,170,6,5
TRPCOI2511044b8002f6,2025-11-04,TN01,repeated,13,127,7,9
TRPSUR251104b6fdbe8d,2025-11-04,GJ01,repeated,16,147,5,6
TRPVAD251104767cc226,2025-11-04,GJ02,repeated,8,82,6,7
TRPJAI2511043997449e,2025-11-04,RJ01,repeated,36,469,7,10
TRPKOC2511041f10e8c5,2025-11-04,KL01,repeated,36,427,8,10
TRPLUC251104af65d0b1,2025-11-04,UP01,repeated,13,143,7,5
TRPVAD2511045180f253,2025-11-04,GJ02,repeated,10,98,5,6
TRPLUC251104d2708821,2025-11-04,UP01,repeated,14,152,5,7
TRPIND2511045790613b,2025-11-04,MP01,repeated,16,151,7,8
TRPKOC25110418eed859,2025-11-04,KL01,repeated,10,141,8,10
TRPLUC251104f32e873c,2025-11-04,UP01,repeated,19,197,7,6
TRPCHA251104ca855197,2025-11-04,CH01,repeated,14,152,8,8
TRPCHA251104edfd184a,2025-11-04,CH01,new,19,197,10,8
TRPIND25110437c5b567,2025-11-04,MP01,repeated,19,175,8,6
TRPJAI251104721bee7d,2025-11-04,RJ01,repeated,38,493,8,9
TRPSUR251104c279bcfa,2025-11-04,GJ01,repeated,15,139,6,7
TRPCHA251104b8edca6b,2025-11-04,CH01,new,20,206,7,9
TRPCOI251104a9ff61cb,2025-11-04,TN01,repeated,9,95,6,6
TRPKOC251104263e2569,2025-11-04,KL01,new,27,328,8,9
TRPVIS251104e79d9eb9,2025-11-04,AP01,repeated,27,270,7,9
TRPLUC25110426fe22d5,2025-11-04,UP01,repeated,18,188,7,8
TRPVAD2511047c7f92f7,2025-11-04,GJ02,new,5,58,9,6
TRPJAI251104e1d19e00,2025-11-04,RJ01,repeated,23,313,8,8
TRPSUR2511047dfa5b78,2025-11-04,GJ01,repeated,13,123,6,8
TRPVAD2511043564f4a6,2025-11-04,GJ02,repeated,7,74,6,6
TRPVAD2511040d41be24,2025-11-04,GJ02,new,18,162,9,8
TRPKOC251104baaa70c4,2025-11-04,KL01,new,19,240,9,8
TRPJAI2511045af21322,2025-11-04,RJ01,repeated,17,241,8,9
TRPVIS251104f9d171c8,2025-11-04,AP01,repeated,31,306,7,8
TRPLUC251104a76a38e5,2025-11-04,UP01,new,13,143,9,6
TRPLUC251104c2a66db8,2025-11-04,UP01,repeated,16,170,5,7
TRPCOI25110424ed85f1,2025-11-04,TN01,repeated,12,119,6,8
TRPIND251104f7b2ba19,2025-11-04,MP01,new,21,191,7,8
TRPCHA251104eebf152d,2025-11-04,CH01,new,34,332,8,8
TRPLUC25110487f7c33d,2025-11-04,UP01,repeated,7,89,6,8
TRPVIS251104d0a12c96,2025-11-04,AP01,repeated,35,342,9,9
TRPCOI251104f7d27fae,2025-11-04,TN01,repeated,15,143,6,8
TRPVAD251104aae49bc3,2025-11-04,GJ02,new,17,154,7,7
TRPLUC2511049ce4e52c,2025-11-04,UP01,repeated,13,143,6,8
TRPIND251104a67b50d1,2025-11-04,MP01,repeated,19,175,7,9
TRPSUR251104f60734ac,2025-11-04,GJ01,repeated,5,59,7,5
TRPVAD25110478679f61,2025-11-04,GJ02,repeated,17,154,5,8
TRPCOI251104587ee0cd,2025-11-04,TN01,repeated,12,119,9,6
TRPIND2511045d8caedb,2025-11-04,MP01,repeated,10,103,6,8
TRPSUR251104a4797ad9,2025-11-04,GJ01,repeated,11,107,5,7
TRPCHA251104c0208a70,2025-11-04,CH01,repeated,14,152,8,6
TRPSUR25110453b12756,2025-11-04,GJ01,repeated,12,115,6,8
TRPLUC2511041f26b5d0,2025-11-04,UP01,repeated,8,98,5,6
TRPKOC25110402c623eb,2025-11-04,KL01,new,35,416,8,9
TRPJAI251104d7d1fe2b,2025-11-04,RJ01,repeated,22,301,8,8
TRPKOC251104f8a57d4e,2025-11-04,KL01,repeated,28,339,8,8
TRPSUR251104f049f397,2025-11-04,GJ01,repeated,16,147,7,8
TRPVIS2511040ecf8862,2025-11-04,AP01,repeated,35,342,8,9
TRPSUR25110490051b9f,2025-11-04,GJ01,repeated,10,99,7,5
TRPLUC2511046490e36e,2025-11-04,UP01,repeated,15,161,5,6
TRPVAD251104d55fee4c,2025-11-04,GJ02,repeated,10,98,7,6
TRPSUR2511046e494b5c,2025-11-04,GJ01,repeated,7,75,6,8
TRPSUR2511041ce55298,2025-11-04,GJ01,new,6,67,9,8
TRPSUR251104adb881cf,2025-11-04,GJ01,repeated,13,123,5,6
TRPCOI251104b1e00cb9,2025-11-04,TN01,new,15,143,9,9
TRPLUC2511047264e608,2025-11-04,UP01,new,12,134,7,7
TRPIND2511046b5a7021,2025-11-04,MP01,repeated,20,183,9,7
TRPSUR251104218b24d3,2025-11-04,GJ01,repeated,17,155,6,6
TRPLUC2511042a227951,2025-11-04,UP01,repeated,14,152,7,6
TRPSUR251104d5a79eba,2025-11-04,GJ01,repeated,13,123,5,7
TRPIND2511048ab1c647,2025-11-04,MP01,repeated,18,167,7,9
TRPIND2511049a228ecc,2025-11-04,MP01,repeated,23,207,7,9
TRPSUR2511042ab0cb31,2025-11-04,GJ01,new,5,59,8,7
TRPIND2511047a14d3ed,2025-11-04,MP01,repeated,24,215,6,7
TRPSUR251104eb490649,2025-11-04,GJ01,repeated,7,75,5,7
TRPJAI2511049ba2075e,2025-11-04,RJ01,new,39,505,9,10
TRPLUC251104b59ebf5a,2025-11-04,UP01,new,13,143,8,6
TRPSUR2511047f8609e8,2025-11-04,GJ01,repeated,13,123,7,6
TRPLUC251104d36defea,2025-11-04,UP01,repeated,14,152,5,8
TRPJAI2511045fd46992,2025-11-04,RJ01,repeated,41,529,7,10
TRPCHA251104a86254cd,2025-11-04,CH01,new,34,332,7,8
TRPKOC251104c4a4e68c,2025-11-04,KL01,repeated,16,207,9,10
TRPIND2511047f870265,2025-11-04,MP01,repeated,18,167,6,8
TRPCHA2511048c19b052,2025-11-04,CH01,new,34,332,9,9
TRPSUR251104b2c1791b,2025-11-04,GJ01,new,10,99,9,7
TRPIND2511046ea61e25,2025-11-04,MP01,new,20,183,8,7
TRPVAD25110424423965,2025-11-04,GJ02,repeated,9,90,7,5
TRPKOC2511046b9f55ab,2025-11-04,KL01,repeated,30,361,9,9
TRPLUC251104ee1a83ce,2025-11-04,UP01,repeated,6,80,6,7
TRPSUR251104a01c63da,2025-11-04,GJ01,repeated,17,155,5,8
TRPCHA2511044bc8c3c4,2025-11-04,CH01,repeated,35,341,7,7
TRPJAI25110479f6ec5d,2025-11-04,RJ01,repeated,19,265,7,8
TRPKOC2511042be24cc9,2025-11-04,KL01,new,12,163,9,10
TRPKOC25110405e935c7,2025-11-04,KL01,repeated,22,273,7,8
TRPSUR251104aba0f680,2025-11-04,GJ01,new,12,115,9,6
TRPSUR2511042902d0f5,2025-11-04,GJ01,repeated,6,67,5,7
TRPLUC25110498bde380,2025-11-04,UP01,repeated,8,98,7,7
TRPCOI251104cf9587cc,2025-11-04,TN01,new,21,191,9,7
TRPCOI2511049a985d72,2025-11-04,TN01,repeated,12,119,7,6
TRPSUR251104cf02c619,2025-11-04,GJ01,repeated,7,75,7,7
TRPKOC251104db96008b,2025-11-04,KL01,new,20,251,9,8
TRPLUC25110434bc9af3,2025-11-04,UP01,repeated,7,89,5,5
TRPJAI251104a702f07d,2025-11-04,RJ01,new,44,565,8,10
TRPCHA251104fecf8ab9,2025-11-04,CH01,new,18,188,10,9
TRPSUR251104a8914ada,2025-11-04,GJ01,repeated,8,83,7,7
TRPCOI25110423d47523,2025-11-04,TN01,new,22,199,9,7
TRPJAI251104a58f2943,2025-11-04,RJ01,repeated,36,469,9,8
TRPIND251104609d63dc,2025-11-04,MP01,repeated,11,111,6,6
TRPLUC251104761990cf,2025-11-04,UP01,repeated,20,206,5,6
TRPLUC251104e969e993,2025-11-04,UP01,repeated,19,197,5,5
TRPLUC251104bc1c404c,2025-11-04,UP01,repeated,12,134,6,7
TRPJAI251104c713c551,2025-11-04,RJ01,new,35,457,8,10
TRPLUC251104269fa667,2025-11-04,UP01,repeated,15,161,5,5
TRPCOI251104c4deaaaf,2025-11-04,TN01,repeated,18,167,9,6
TRPMYS251104a91129a7,2025-11-04,KA01,new,8,115,9,8
TRPVIS2511043c6ea3ad,2025-11-04,AP01,repeated,30,297,9,9
TRPVIS251104a4cb28bf,2025-11-04,AP01,repeated,10,117,7,10
TRPSUR251104b1f430d5,2025-11-04,GJ01,new,6,67,8,6
TRPKOC2511042b8048f3,2025-11-04,KL01,new,26,317,8,9
TRPCHA25110401d2b338,2025-11-04,CH01,new,19,197,8,7
TRPIND25110490e163c8,2025-11-04,MP01,repeated,20,183,7,8
TRPJAI251104dc86a74c,2025-11-04,RJ01,repeated,34,445,7,8
TRPLUC25110467dbaf95,2025-11-04,UP01,repeated,20,206,6,6
TRPVAD25110426f8fa27,2025-11-04,GJ02,new,17,154,9,8
TRPVAD251104803b8adf,2025-11-04,GJ02,new,11,106,8,7
TRPVAD251104fdb0bdbe,2025-11-04,GJ02,new,10,98,7,8
TRPSUR251104bcaa1b88,2025-11-04,GJ01,repeated,11,107,6,8
TRPLUC2511042a239e10,2025-11-04,UP01,new,14,152,9,8
TRPVIS25110486bcda2c,2025-11-04,AP01,repeated,32,315,9,10
TRPLUC2511043c939a3a,2025-11-04,UP01,repeated,15,161,7,8
TRPLUC2511045182842a,2025-11-04,UP01,repeated,13,143,6,5
TRPSUR2511047b17a511,2025-11-04,GJ01,repeated,5,59,7,8
TRPSUR2511042869ba3c,2025-11-04,GJ01,repeated,12,115,5,8
TRPKOC2511047f7d30f7,2025-11-04,KL01,repeated,29,350,8,8
TRPSUR2511047d5ad6a1,2025-11-04,GJ01,repeated,14,131,5,7
TRPKOC251104f025c186,2025-11-04,KL01,new,23,284,9,10
TRPLUC251104baf6d714,2025-11-04,UP01,repeated,9,107,6,8
TRPSUR251104d4301e4d,2025-11-04,GJ01,repeated,16,147,7,8
TRPIND251104171f6fcd,2025-11-04,MP01,repeated,21,191,8,7
TRPIND25110466515991,2025-11-04,MP01,new,20,183,10,7
TRPKOC251104468c5bf3,2025-11-04,KL01,new,30,361,10,8
TRPKOC251104e77d8c57,2025-11-04,KL01,repeated,12,163,8,8
TRPLUC251104944133cb,2025-11-04,UP01,repeated,11,125,7,6
TRPCOI25110450a9dab6,2025-11-04,TN01,new,18,167,8,7
TRPJAI251104de3afe0d,2025-11-04,RJ01,new,44,565,10,10
TRPVAD251104197146e4,2025-11-04,GJ02,new,18,162,9,7
TRPLUC25110437d60ab1,2025-11-04,UP01,repeated,13,143,5,6
TRPLUC2511047ba3c63f,2025-11-04,UP01,new,8,98,9,7
TRPSUR2511049fb904a1,2025-11-04,GJ01,repeated,12,115,6,7
TRPJAI25110458104ed5,2025-11-04,RJ01,new,31,409,8,8
TRPKOC25110423f77098,2025-11-04,KL01,repeated,34,405,7,10
TRPSUR2511047315c230,2025-11-04,GJ01,repeated,13,123,6,5
TRPVAD2511046265031a,2025-11-04,GJ02,repeated,10,98,7,5
TRPVIS251104de55b3a3,2025-11-04,AP01,repeated,31,306,9,8
TRPSUR251104a7c42f03,2025-11-04,GJ01,new,11,107,8,8
TRPJAI2511046ca44380,2025-11-04,RJ01,new,43,553,9,8
TRPLUC2511047fa62c3b,2025-11-04,UP01,repeated,13,143,5,7
TRPKOC25110452952874,2025-11-04,KL01,new,11,152,9,9
TRPSUR2511049873f4f2,2025-11-04,GJ01,new,16,147,8,6
TRPKOC251104aa4f34b2,2025-11-04,KL01,new,20,251,8,10
TRPCOI251104c3954d9d,2025-11-04,TN01,repeated,21,191,6,8
TRPJAI251104b4f64470,2025-11-04,RJ01,repeated,20,277,7,10
TRPVAD251104a31c38cc,2025-11-04,GJ02,repeated,5,58,7,5
TRPVIS251104f0b0c6fb,2025-11-04,AP01,repeated,22,225,9,10
TRPJAI251104dbc0a366,2025-11-04,RJ01,repeated,45,577,8,8
TRPKOC251104aed3e7fa,2025-11-04,KL01,new,18,229,8,9
TRPSUR251104436130d9,2025-11-04,GJ01,repeated,17,155,7,6
TRPCHA25110447c058af,2025-11-04,CH01,new,26,260,10,7
TRPCHA2511043765bac5,2025-11-04,CH01,new,22,224,10,8
TRPIND251104899bed0a,2025-11-04,MP01,repeated,20,183,9,6
TRPLUC25110494dbed2f,2025-11-04,UP01,repeated,13,143,7,5
TRPSUR25110434b25803,2025-11-04,GJ01,repeated,6,67,6,7
TRPSUR2511049c06b186,2025-11-04,GJ01,repeated,17,155,7,5
TRPIND251104a6484b46,2025-11-04,MP01,repeated,13,127,7,7
TRPCOI251104062f0f72,2025-11-04,TN01,repeated,15,143,9,7
TRPMYS251104a136d780,2025-11-04,KA01,repeated,25,285,7,10
TRPVAD2511044ab80d24,2025-11-04,GJ02,repeated,7,74,5,8
TRPMYS251104c845088a,2025-11-04,KA01,new,9,125,9,9
TRPCHA25110436c65435,2025-11-04,CH01,new,33,323,9,8
TRPLUC251104cb44343b,2025-11-04,UP01,repeated,18,188,5,6
TRPVIS25110499197611,2025-11-04,AP01,repeated,17,180,7,8
TRPCHA2511040468f518,2025-11-04,CH01,new,25,251,8,9
TRPLUC2511048e4769ad,2025-11-04,UP01,repeated,10,116,6,7
TRPIND2511044c764078,2025-11-04,MP01,repeated,8,87,6,6
TRPKOC251104d48b9d40,2025-11-04,KL01,repeated,26,317,8,10
TRPIND25110477133907,2025-11-04,MP01,repeated,16,151,7,9
TRPIND251104f84e995c,2025-11-04,MP01,repeated,24,215,7,7
TRPIND251104931b9f63,2025-11-04,MP01,repeated,20,183,7,8
TRPCHA2511041503f9d5,2025-11-04,CH01,repeated,34,332,7,9
TRPLUC251104b732edd3,2025-11-04,UP01,repeated,11,125,7,7
TRPLUC2511049868966a,2025-11-04,UP01,repeated,6,80,7,5
TRPVIS251104c53c8a8a,2025-11-04,AP01,new,15,162,8,9
TRPSUR2511040d8e4d8a,2025-11-04,GJ01,repeated,6,67,5,5
TRPVIS25110493b67416,2025-11-04,AP01,repeated,25,252,9,8
TRPCOI2511044f004ad0,2025-11-04,TN01,repeated,8,87,8,7
TRPJAI251104374c4644,2025-11-04,RJ01,repeated,35,457,9,10
TRPSUR25110497a0638d,2025-11-04,GJ01,repeated,9,91,5,6
TRPSUR2511045e9f8246,2025-11-04,GJ01,repeated,12,115,7,5
TRPJAI2511040be0d93b,2025-11-04,RJ01,repeated,20,277,9,9
TRPSUR251104f622afaa,2025-11-04,GJ01,repeated,10,99,5,6
TRPCHA251104a1c266b0,2025-11-04,CH01,repeated,15,161,9,7
TRPKOC2511049e3d131f,2025-11-04,KL01,new,12,163,9,9
TRPJAI2511049258698e,2025-11-04,RJ01,new,19,265,10,9
TRPKOC251104cf988166,2025-11-04,KL01,repeated,23,284,8,9
TRPCOI2511047b5bc3b8,2025-11-04,TN01,repeated,8,87,8,9
TRPKOC2511048a2c96fb,2025-11-04,KL01,new,37,438,8,8
TRPCHA251104199aa522,2025-11-04,CH01,new,15,161,8,9
TRPLUC251104d07097f6,2025-11-04,UP01,repeated,20,206,7,8
TRPCHA2511049d3888c3,2025-11-04,CH01,repeated,35,341,7,6
TRPSUR25110418adf509,2025-11-04,GJ01,repeated,16,147,6,6
TRPKOC251104956b4950,2025-11-04,KL01,repeated,23,284,9,8
TRPSUR251104bb126c8e,2025-11-04,GJ01,repeated,16,147,5,8
TRPLUC251104200540dc,2025-11-04,UP01,repeated,7,89,7,5
TRPCHA251104de357ef2,2025-11-04,CH01,new,13,143,7,8
TRPIND251104b7fe13a5,2025-11-04,MP01,repeated,22,199,7,8
TRPLUC251104aff6debf,2025-11-04,UP01,repeated,6,80,6,8
TRPIND25110455e4f940,2025-11-04,MP01,new,15,143,10,7
TRPJAI2511046e4a81ad,2025-11-04,RJ01,repeated,44,565,8,8
TRPLUC2511047b3e43ac,2025-11-04,UP01,repeated,14,152,7,5
TRPLUC251104eefcb0ee,2025-11-04,UP01,repeated,13,143,6,8
TRPVIS2511044086db49,2025-11-04,AP01,new,28,279,8,8
TRPVAD2511040d6c5183,2025-11-04,GJ02,repeated,13,122,6,7
TRPJAI2511041dfd1c9e,2025-11-04,RJ01,repeated,23,313,8,10
TRPIND2511048c2c243d,2025-11-04,MP01,repeated,24,215,9,6
TRPVIS25110476117eac,2025-11-04,AP01,new,32,315,8,10
TRPCOI251104c40a957b,2025-11-04,TN01,repeated,9,95,7,6
TRPCOI251104db024bb3,2025-11-04,TN01,repeated,14,135,9,6
TRPIND25110455fb7c2d,2025-11-04,MP01,repeated,22,199,6,6
TRPIND251104a93c5c91,2025-11-04,MP01,repeated,25,223,9,7
TRPVIS251104b6e771ba,2025-11-04,AP01,new,20,207,8,8
TRPLUC251104d0373f2d,2025-11-04,UP01,repeated,8,98,5,8
TRPVIS251104b07d6e53,2025-11-04,AP01,new,10,117,8,10
TRPSUR2511047a9feff4,2025-11-04,GJ01,repeated,14,131,5,7
TRPSUR251104edf6c9da,2025-11-04,GJ01,repeated,16,147,7,5
TRPLUC251104c7f594f1,2025-11-04,UP01,repeated,19,197,5,8
TRPJAI251104684bfc91,2025-11-04,RJ01,repeated,15,217,7,10
TRPJAI251104ad1ced59,2025-11-04,RJ01,new,23,313,8,8
TRPVAD2511044f309a58,2025-11-04,GJ02,repeated,18,162,7,7
TRPSUR251104f87654a0,2025-11-04,GJ01,repeated,13,123,7,5
TRPIND25110404a801b2,2025-11-04,MP01,new,19,175,8,9
TRPCOI251104ec1ba300,2025-11-04,TN01,repeated,21,191,6,8
TRPVAD251104ea557dab,2025-11-04,GJ02,new,11,106,9,8
TRPLUC251104ea30b20c,2025-11-04,UP01,repeated,20,206,7,7
TRPVIS251104af4dc92c,2025-11-04,AP01,repeated,27,270,9,9
TRPCOI251104a2b3b5e2,2025-11-04,TN01,repeated,16,151,8,8
TRPKOC251104b14ff187,2025-11-04,KL01,new,13,174,9,9
TRPVAD251104f865d5f3,2025-11-04,GJ02,repeated,6,66,5,6
TRPCOI251104b4405285,2025-11-04,TN01,repeated,13,127,8,9
TRPJAI251104acf58530,2025-11-04,RJ01,repeated,22,301,7,9
TRPIND2511043fc58e2f,2025-11-04,MP01,repeated,20,183,8,6
TRPCHA2511044646e7fb,2025-11-04,CH01,new,22,224,10,7
TRPVAD2511041da09d30,2025-11-04,GJ02,repeated,11,106,5,8
TRPCHA25110462eb6a6b,2025-11-04,CH01,new,16,170,9,8
TRPSUR2511041729653f,2025-11-04,GJ01,repeated,9,91,6,5
TRPKOC251104a997ba69,2025-11-04,KL01,new,11,152,8,8
TRPJAI251104735fe0fa,2025-11-04,RJ01,repeated,39,505,8,10
TRPVIS251104f8885381,2025-11-04,AP01,repeated,14,153,9,9
TRPLUC2511049608481b,2025-11-04,UP01,repeated,15,161,5,5
TRPMYS251104bbba7fdb,2025-11-04,KA01,new,24,275,9,9
TRPMYS251104f88f5b25,2025-11-04,KA01,repeated,9,125,8,9
TRPCHA2511045da8b4da,2025-11-04,CH01,repeated,35,341,8,8
TRPSUR251104805de706,2025-11-04,GJ01,repeated,16,147,6,5
TRPCOI25110465b84d0c,2025-11-04,TN01,repeated,15,143,7,8
TRPLUC251104bc453a8f,2025-11-04,UP01,repeated,5,71,6,6
TRPSUR2511049f67cdde,2025-11-04,GJ01,repeated,9,91,5,7
TRPCOI251104e2e213dc,2025-11-04,TN01,repeated,15,143,9,6
TRPVAD251104187d77cc,2025-11-04,GJ02,repeated,18,162,7,8
TRPKOC251104474b8605,2025-11-04,KL01,repeated,29,350,7,10
TRPCHA2511042554655f,2025-11-04,CH01,repeated,13,143,6,7
TRPSUR251104f126c1b8,2025-11-04,GJ01,repeated,5,59,5,7
TRPSUR251104515f93f7,2025-11-04,GJ01,repeated,13,123,5,7
TRPLUC2511046255f6f2,2025-11-04,UP01,repeated,5,71,5,8
TRPSUR251104ed98c53c,2025-11-04,GJ01,repeated,5,59,7,7
TRPSUR2511041e553a97,2025-11-04,GJ01,repeated,11,107,6,7
TRPKOC2511046587178c,2025-11-04,KL01,repeated,12,163,9,8
TRPVAD2511046b2e1f76,2025-11-04,GJ02,repeated,17,154,6,7
TRPKOC251104785dcf06,2025-11-04,KL01,repeated,27,328,9,8
TRPVIS2511048e406f82,2025-11-04,AP01,new,22,225,9,9
TRPKOC2511040b0a10c8,2025-11-04,KL01,repeated,17,218,8,9
TRPLUC251104f56366cc,2025-11-04,UP01,repeated,12,134,6,7
TRPCOI251104afce49db,2025-11-04,TN01,new,19,175,8,8
TRPKOC25110474f82b7a,2025-11-04,KL01,new,23,284,9,9
TRPKOC2511046bd169a8,2025-11-04,KL01,repeated,12,163,8,9
TRPCOI251104a772dcaf,2025-11-04,TN01,repeated,14,135,7,9
TRPVAD251104d8e40f32,2025-11-04,GJ02,repeated,18,162,6,7
TRPLUC25110499236ad5,2025-11-04,UP01,repeated,12,134,6,6
TRPVAD251104c409f813,2025-11-04,GJ02,new,17,154,7,8
TRPJAI251104f28b4529,2025-11-04,RJ01,repeated,24,325,7,8
TRPLUC2511042358d879,2025-11-04,UP01,repeated,17,179,6,5
TRPLUC2511040fb674c6,2025-11-04,UP01,new,17,179,9,6
TRPCHA251104c695bd7f,2025-11-04,CH01,new,25,251,9,7
TRPLUC25110442956631,2025-11-04,UP01,repeated,9,107,5,8
TRPSUR251104ba257ecc,2025-11-04,GJ01,new,15,139,7,8
TRPIND251104859389d0,2025-11-04,MP01,repeated,11,111,8,9
TRPSUR2511045809a6fc,2025-11-04,GJ01,repeated,6,67,5,5
TRPKOC251104829b88d5,2025-11-04,KL01,new,18,229,9,9
TRPLUC251104472c87b9,2025-11-04,UP01,repeated,11,125,7,5
TRPKOC251104ca4f6eb5,2025-11-04,KL01,repeated,32,383,8,10
TRPCHA251104b0fcb7eb,2025-11-04,CH01,new,23,233,9,8
TRPJAI251104fd815e03,2025-11-04,RJ01,repeated,43,553,7,10
TRPCOI251104ca0418cd,2025-11-04,TN01,repeated,18,167,6,7
TRPSUR25110472d3ced3,2025-11-04,GJ01,repeated,5,59,7,5
TRPKOC2511045d68eb6c,2025-11-04,KL01,new,30,361,10,10
TRPLUC251104ebbb1402,2025-11-04,UP01,repeated,8,98,6,8
TRPLUC2511040054aa7a,2025-11-04,UP01,repeated,10,116,7,7
TRPJAI251104569bf717,2025-11-04,RJ01,new,44,565,8,9
TRPCHA2511048b7084dc,2025-11-04,CH01,repeated,12,134,8,6
TRPSUR2511048b8c084a,2025-11-04,GJ01,repeated,15,139,6,7
TRPSUR2511042e61ef2a,2025-11-04,GJ01,repeated,5,59,7,6
TRPVAD2511041c6de6ed,2025-11-04,GJ02,repeated,7,74,6,7
TRPCOI25110498997a8c,2025-11-04,TN01,new,20,183,7,7
TRPCHA25110497920fd5,2025-11-04,CH01,repeated,15,161,8,8
TRPKOC2511047479d2f7,2025-11-04,KL01,new,23,284,8,8
TRPKOC2511040bf8b85b,2025-11-04,KL01,repeated,32,383,7,9
TRPSUR251104d1be6709,2025-11-04,GJ01,repeated,17,155,6,6
TRPSUR251104cf00b4bf,2025-11-04,GJ01,repeated,5,59,6,5
TRPSUR25110447917fd9,2025-11-04,GJ01,repeated,10,99,5,8
TRPKOC2511049b303930,2025-11-04,KL01,repeated,24,295,7,9
TRPLUC25110451bc60ab,2025-11-04,UP01,repeated,8,98,6,7
TRPVAD251104005a3594,2025-11-04,GJ02,repeated,9,90,6,5
TRPLUC251104a27c08d9,2025-11-04,UP01,new,11,125,7,8
TRPSUR251104cdc0dca3,2025-11-04,GJ01,new,8,83,9,7
TRPVAD251104718c671b,2025-11-04,GJ02,repeated,10,98,7,5
TRPVIS2511047048a3b0,2025-11-04,AP01,repeated,26,261,9,8
TRPVAD251104b512a277,2025-11-04,GJ02,repeated,7,74,6,7
TRPMYS25110460bd4a0e,2025-11-04,KA01,new,19,225,8,9
TRPCHA25110484e5e514,2025-11-04,CH01,repeated,32,314,7,6
TRPJAI251104cef75582,2025-11-04,RJ01,new,37,481,8,9
TRPCHA25110443eaf291,2025-11-04,CH01,repeated,27,269,8,7
TRPSUR251104a66a834b,2025-11-04,GJ01,repeated,10,99,6,6
TRPCOI25110492f7d731,2025-11-04,TN01,repeated,16,151,7,8
TRPLUC251104a4ae1b3c,2025-11-04,UP01,repeated,10,116,5,8
TRPKOC2511046374e457,2025-11-04,KL01,repeated,11,152,7,9
TRPIND2511045c2d3030,2025-11-04,MP01,repeated,8,87,9,6
TRPIND2511042dfb44c3,2025-11-04,MP01,repeated,25,223,7,7
TRPKOC2511046ea6c18e,2025-11-04,KL01,repeated,37,438,7,8
TRPSUR251104e00b3357,2025-11-04,GJ01,repeated,11,107,7,7
TRPCOI251104dbe81a32,2025-11-04,TN01,new,21,191,10,8
TRPIND251104211af40a,2025-11-04,MP01,repeated,14,135,9,6
TRPMYS251104e88d2a25,2025-11-04,KA01,new,15,185,10,10
TRPLUC251104538466b9,2025-11-04,UP01,repeated,12,134,6,6
TRPSUR251104d4bf451b,2025-11-04,GJ01,repeated,16,147,5,5
TRPJAI2511047148daad,2025-11-04,RJ01,new,41,529,8,8
TRPJAI2511047548ddfe,2025-11-04,RJ01,repeated,33,433,7,9
TRPCOI2511040f9287ec,2025-11-04,TN01,repeated,10,103,9,7
TRPIND251104188a8de6,2025-11-04,MP01,repeated,22,199,7,8
TRPKOC251104131c5802,2025-11-04,KL01,repeated,19,240,7,9
TRPIND2511047ff4e047,2025-11-04,MP01,repeated,20,183,9,6
TRPLUC2511041b89d04f,2025-11-04,UP01,repeated,19,197,7,7
TRPVIS25110422a83045,2025-11-04,AP01,repeated,17,180,7,9
TRPIND2511044ce3ceac,2025-11-04,MP01,repeated,19,175,6,8
TRPIND251104984b0b63,2025-11-04,MP01,repeated,22,199,7,6
TRPVIS25110449e0763a,2025-11-04,AP01,new,19,198,9,10
TRPLUC251104ed3a8951,2025-11-04,UP01,repeated,7,89,7,8
TRPKOC25110400ed25c7,2025-11-04,KL01,repeated,15,196,9,9
TRPKOC251104cde44511,2025-11-04,KL01,repeated,16,207,9,9
TRPSUR2511040baa63c4,2025-11-04,GJ01,repeated,11,107,6,5
TRPCHA251104a5bf9b81,2025-11-04,CH01,new,17,179,7,7
TRPSUR251104306984a4,2025-11-04,GJ01,repeated,11,107,5,8
TRPSUR251104c2b77fc4,2025-11-04,GJ01,repeated,10,99,6,7
TRPLUC251104655bf66a,2025-11-04,UP01,repeated,15,161,6,6
TRPSUR25110411bc0279,2025-11-04,GJ01,new,14,131,7,7
TRPVIS251104df69b88a,2025-11-04,AP01,repeated,29,288,7,10
TRPSUR2511041598ce7f,2025-11-04,GJ01,repeated,5,59,7,6
TRPLUC25110483e19ef2,2025-11-04,UP01,repeated,18,188,7,5
TRPVAD251104bb1eb223,2025-11-04,GJ02,new,11,106,7,7
TRPVAD2511041512f142,2025-11-04,GJ02,repeated,9,90,7,5
TRPIND2511043cb8002a,2025-11-04,MP01,new,15,143,10,8
TRPKOC2511046344ae51,2025-11-04,KL01,repeated,13,174,9,10
TRPLUC2511049c63c2e9,2025-11-04,UP01,repeated,15,161,5,8
TRPIND25110410baaa49,2025-11-04,MP01,new,11,111,10,8
TRPSUR251104a945699c,2025-11-04,GJ01,new,16,147,7,6
TRPKOC251104c75c7b23,2025-11-04,KL01,repeated,37,438,8,8
TRPLUC251104bba26e4c,2025-11-04,UP01,repeated,11,125,7,6
TRPKOC251104bdf15581,2025-11-04,KL01,repeated,35,416,9,8
TRPJAI25110499afd7a7,2025-11-04,RJ01,new,39,505,8,9
TRPSUR2511048a70d13b,2025-11-04,GJ01,repeated,6,67,5,5
TRPLUC251104971e6433,2025-11-04,UP01,repeated,12,134,7,7
TRPKOC2511045531c809,2025-11-04,KL01,repeated,38,449,9,8
TRPVIS2511044f74bb77,2025-11-04,AP01,repeated,24,243,9,8
TRPIND251104de565ae6,2025-11-04,MP01,new,22,199,7,9
TRPCOI25110434faf53f,2025-11-04,TN01,repeated,9,95,8,6
TRPLUC251104741f06db,2025-11-04,UP01,repeated,13,143,6,7
TRPCHA251104698f7ee4,2025-11-04,CH01,new,21,215,9,8
TRPVAD25110463e7fcf6,2025-11-04,GJ02,repeated,5,58,5,6
TRPLUC25110457aba148,2025-11-04,UP01,new,12,134,9,6
TRPSUR251104cbffa6ab,2025-11-04,GJ01,repeated,16,147,7,5
TRPJAI251104af52f942,2025-11-04,RJ01,new,31,409,10,10
TRPKOC251104b2607d8c,2025-11-04,KL01,repeated,25,306,7,8
TRPCHA2511043830b72f,2025-11-04,CH01,repeated,13,143,7,9
TRPCOI25110479f9c3bb,2025-11-04,TN01,repeated,21,191,6,8
TRPKOC25110436181354,2025-11-04,KL01,new,36,427,10,9
TRPSUR2511049c7f3d4a,2025-11-04,GJ01,repeated,8,83,7,6
TRPLUC251104e5b4c1ec,2025-11-04,UP01,repeated,14,152,6,7
TRPJAI251104e4b23cad,2025-11-04,RJ01,new,36,469,10,9
TRPCOI2511043dba3061,2025-11-04,TN01,repeated,19,175,7,8
TRPIND251104cb53a6f5,2025-11-04,MP01,new,19,175,7,7
TRPLUC25110453fbc87f,2025-11-04,UP01,repeated,19,197,5,7
TRPVAD2511047e08c1f4,2025-11-04,GJ02,repeated,10,98,7,6
TRPLUC2511040f43427f,2025-11-04,UP01,new,17,179,9,7
TRPJAI251104ceeb9c24,2025-11-04,RJ01,new,34,445,10,8
TRPIND251104a0a0369c,2025-11-04,MP01,new,11,111,7,7
TRPCHA251104f93df334,2025-11-04,CH01,repeated,28,278,7,6
TRPCHA251104e06b5d1a,2025-11-04,CH01,new,17,179,9,9
TRPLUC25110467c57cd4,2025-11-04,UP01,repeated,18,188,6,7
TRPKOC2511045a4ceb83,2025-11-04,KL01,repeated,14,185,8,9
TRPKOC251104ed363cd0,2025-11-04,KL01,repeated,28,339,7,8
TRPSUR25110413952f4b,2025-11-04,GJ01,new,10,99,8,6
TRPLUC251104ef28a805,2025-11-04,UP01,repeated,9,107,6,8
TRPVIS251104611c272d,2025-11-04,AP01,repeated,31,306,7,9
TRPKOC2511048138c684,2025-11-04,KL01,repeated,22,273,8,9
TRPSUR2511047ecfd91d,2025-11-04,GJ01,repeated,14,131,5,6
TRPVAD251104fd681d95,2025-11-04,GJ02,repeated,15,138,6,5
TRPKOC251104ea900fe8,2025-11-04,KL01,repeated,33,394,7,10
TRPLUC251104a048d52d,2025-11-04,UP01,new,19,197,7,8
TRPIND251104151d706e,2025-11-04,MP01,repeated,18,167,6,6
TRPSUR25110455b8cc10,2025-11-04,GJ01,new,10,99,9,8
TRPJAI251104c7933e77,2025-11-04,RJ01,new,32,421,10,8
TRPIND25110413262857,2025-11-04,MP01,repeated,24,215,8,6
TRPKOC25110467c3465b,2025-11-04,KL01,new,23,284,10,8
TRPCHA2511049337c3a5,2025-11-04,CH01,repeated,22,224,6,9
TRPKOC25110423226c36,2025-11-04,KL01,new,21,262,9,10
TRPKOC2511044699213a,2025-11-04,KL01,repeated,28,339,8,10
TRPJAI25110412acf8ac,2025-11-04,RJ01,repeated,28,373,7,8
TRPCOI251104a7990bbf,2025-11-04,TN01,repeated,16,151,7,7
TRPSUR251104ecae2e32,2025-11-04,GJ01,repeated,13,123,7,6
TRPIND2511042ae152f0,2025-11-04,MP01,repeated,22,199,6,8
TRPMYS251104e2531272,2025-11-04,KA01,new,8,115,9,8
TRPLUC25110450113683,2025-11-04,UP01,repeated,11,125,7,8
TRPVAD2511048e232193,2025-11-04,GJ02,new,7,74,9,7
TRPMYS251104f55cf968,2025-11-04,KA01,new,22,255,10,8
TRPLUC251104541e0f1c,2025-11-04,UP01,repeated,16,170,5,6
TRPIND251104d9980db7,2025-11-04,MP01,repeated,18,167,7,9
TRPLUC251104451f8fae,2025-11-04,UP01,repeated,14,152,5,8
TRPVIS251104ea02ad80,2025-11-04,AP01,repeated,17,180,8,10
TRPSUR2511048b03202d,2025-11-04,GJ01,repeated,17,155,6,5
TRPVAD2511046beb7780,2025-11-04,GJ02,repeated,5,58,6,6
TRPCHA25110452bde376,2025-11-04,CH01,new,16,170,10,8
TRPIND251104ac39af2b,2025-11-04,MP01,repeated,12,119,8,9
TRPIND251104cb49eeab,2025-11-04,MP01,repeated,11,111,7,9
TRPCHA2511047cd3dc2a,2025-11-04,CH01,new,26,260,8,8
TRPKOC25110476e3dab1,2025-11-04,KL01,repeated,26,317,9,8
TRPCHA251104aef9ae0b,2025-11-04,CH01,repeated,16,170,6,9
TRPIND251104614d3b79,2025-11-04,MP01,repeated,11,111,7,7
TRPMYS251104095583f3,2025-11-04,KA01,repeated,8,115,9,9
TRPSUR251104cfd5fd4c,2025-11-04,GJ01,repeated,17,155,5,8
TRPMYS2511042865eea0,2025-11-04,KA01,new,14,175,9,10
TRPIND251104ec84fa63,2025-11-04,MP01,repeated,21,191,9,7
TRPSUR251104698ac2e7,2025-11-04,GJ01,new,15,139,8,6
TRPCOI25110477b77328,2025-11-04,TN01,new,20,183,9,8
TRPMYS2511042ee8a6bb,2025-11-04,KA01,new,14,175,10,8
TRPSUR2511042f961992,2025-11-04,GJ01,repeated,13,123,5,7
TRPSUR2511041c9d5e9a,2025-11-04,GJ01,repeated,12,115,5,5
TRPJAI2511040a2b6a76,2025-11-04,RJ01,new,38,493,9,8
TRPVAD251104efe3a8d1,2025-11-04,GJ02,repeated,14,130,5,8
TRPVIS25110470be8d18,2025-11-04,AP01,repeated,26,261,9,10
TRPLUC251104acc1d010,2025-11-04,UP01,repeated,20,206,7,8
TRPLUC251104ffedb81b,2025-11-04,UP01,repeated,14,152,7,8
TRPKOC251104799c2bb1,2025-11-04,KL01,repeated,10,141,7,8
TRPLUC2511043e4f262d,2025-11-04,UP01,repeated,10,116,5,8
TRPLUC25110499f4f859,2025-11-04,UP01,repeated,19,197,5,8
TRPLUC2511049f942926,2025-11-04,UP01,new,6,80,8,7
TRPSUR251104e21aa189,2025-11-04,GJ01,new,5,59,8,7
TRPVAD25110443732d2b,2025-11-04,GJ02,new,13,122,9,7
