trip_id,date,city_id,passenger_type,distance_travelled(km),fare_amount,passenger_rating,driver_rating
TRPKOC2508109aedf22c,2025-08-10,KL01,new,20,251,9,10
TRPSUR250810d7a76b24,2025-08-10,GJ01,repeated,7,75,7,7
TRPIND2508100fc45fb0,2025-08-10,MP01,repeated,16,151,8,7
TRPSUR2508103bfcb3e8,2025-08-10,GJ01,repeated,11,107,7,7
TRPLUC250810fa3da612,2025-08-10,UP01,repeated,5,71,6,5
TRPCOI25081059ae9255,2025-08-10,TN01,repeated,13,127,6,8
TRPVIS25081072e62ec1,2025-08-10,AP01,new,16,171,8,10
TRPIND250810369c1d2f,2025-08-10,MP01,repeated,13,127,7,8
TRPJAI250810224859e3,2025-08-10,RJ01,new,18,253,9,8
TRPJAI2508102f57f641,2025-08-10,RJ01,repeated,37,481,9,8
TRPCOI250810352db035,2025-08-10,TN01,new,13,127,8,7
TRPVAD25081095ac056c,2025-08-10,GJ02,new,10,98,8,7
TRPLUC250810a29a8ca2,2025-08-10,UP01,repeated,7,89,7,8
TRPLUC2508101647f1c0,2025-08-10,UP01,repeated,15,161,6,5
TRPCOI250810fc9af508,2025-08-10,TN01,new,22,199,10,9
TRPCOI250810af7a4726,2025-08-10,TN01,new,19,175,10,9
TRPKOC25081025095d78,2025-08-10,KL01,repeated,32,383,7,8
TRPLUC250810170a2ae0,2025-08-10,UP01,repeated,11,125,7,7
TRPLUC2508105f840a69,2025-08-10,UP01,repeated,18,188,5,6
TRPJAI250810d109d3e6,2025-08-10,RJ01,repeated,40,517,7,8
TRPLUC2508106827053f,2025-08-10,UP01,repeated,9,107,7,5
TRPIND2508103449cb72,2025-08-10,MP01,repeated,24,215,8,9
TRPKOC2508107a1074bc,2025-08-10,KL01,new,14,185,9,9
TRPIND2508108d57debb,2025-08-10,MP01,repeated,22,199,6,8
TRPJAI25081070fee2f3,2025-08-10,RJ01,new,21,289,10,8
TRPSUR250810d8f78f1d,2025-08-10,GJ01,repeated,10,99,7,6
TRPSUR250810eb5061da,2025-08-10,GJ01,repeated,17,155,7,7
TRPLUC250810f9927bc1,2025-08-10,UP01,repeated,15,161,5,6
TRPJAI250810dae26c36,2025-08-10,RJ01,repeated,36,469,8,8
TRPKOC250810c3ad5601,2025-08-10,KL01,new,23,284,8,9
TRPIND25081014a135b7,2025-08-10,MP01,repeated,15,143,8,8
TRPIND250810aacda83b,2025-08-10,MP01,repeated,20,183,9,8
TRPVAD250810bd330ee9,2025-08-10,GJ02,new,13,122,8,8
TRPCHA25081080898495,2025-08-10,CH01,repeated,33,323,9,8
TRPLUC250810fabc5b02,2025-08-10,UP01,repeated,16,170,5,8
TRPVAD250810f36cb91d,2025-08-10,GJ02,repeated,13,122,5,6
TRPIND2508102092e15e,2025-08-10,MP01,repeated,21,191,9,7
TRPIND25081015bb3652,2025-08-10,MP01,repeated,20,183,8,7
TRPJAI2508109ffe931f,2025-08-10,RJ01,repeated,32,421,7,8
TRPJAI2508108a1ac359,2025-08-10,RJ01,repeated,41,529,9,10
TRPIND25081017937ab5,2025-08-10,MP01,repeated,18,167,9,6
TRPSUR250810ab03eaab,2025-08-10,GJ01,repeated,5,59,5,5
TRPJAI2508102e448bb9,2025-08-10,RJ01,new,40,517,9,9
TRPVIS2508107e04a0f4,2025-08-10,AP01,repeated,31,306,8,9
TRPKOC250810c0fd4d43,2025-08-10,KL01,repeated,16,207,7,8
TRPLUC2508104c2c37f4,2025-08-10,UP01,new,8,98,9,6
TRPIND25081090f9a678,2025-08-10,MP01,repeated,13,127,6,6
TRPSUR250810ed4d0a96,2025-08-10,GJ01,repeated,11,107,5,6
TRPLUC2508106693a47e,2025-08-10,UP01,repeated,17,179,6,7
TRPSUR250810ff5bcc83,2025-08-10,GJ01,repeated,13,123,7,6
TRPLUC25081025e1162e,2025-08-10,UP01,repeated,20,206,6,7
TRPKOC25081064ba199c,2025-08-10,KL01,new,30,361,8,10
TRPSUR250810a4a862b7,2025-08-10,GJ01,new,6,67,8,8
TRPJAI2508103c3cd23f,2025-08-10,RJ01,repeated,43,553,8,8
TRPIND25081090d783f0,2025-08-10,MP01,new,21,191,10,8
TRPSUR2508105965cc20,2025-08-10,GJ01,repeated,11,107,6,5
TRPSUR250810a51d5bac,2025-08-10,GJ01,repeated,6,67,7,7
TRPSUR250810fab63d01,2025-08-10,GJ01,repeated,15,139,7,6
TRPSUR250810e36c0b14,2025-08-10,GJ01,repeated,17,155,7,5
TRPCHA25081091e92701,2025-08-10,CH01,repeated,25,251,6,8
TRPJAI25081039f20fd2,2025-08-10,RJ01,new,21,289,8,9
TRPLUC250810099a45de,2025-08-10,UP01,repeated,10,116,6,8
TRPLUC250810f66de05c,2025-08-10,UP01,new,12,134,7,7
TRPCHA250810cd71b388,2025-08-10,CH01,new,24,242,9,8
TRPIND25081030bd47b5,2025-08-10,MP01,new,10,103,9,9
TRPKOC250810d541116c,2025-08-10,KL01,repeated,37,438,8,10
TRPSUR2508106ba937c6,2025-08-10,GJ01,repeated,12,115,7,6
TRPCHA2508108287e07e,2025-08-10,CH01,new,27,269,8,7
TRPLUC2508103c3475b2,2025-08-10,UP01,repeated,7,89,7,6
TRPLUC2508107fcd2911,2025-08-10,UP01,repeated,17,179,6,7
TRPVAD2508100256b1e6,2025-08-10,GJ02,new,11,106,8,8
TRPCHA2508109f9dea24,2025-08-10,CH01,repeated,13,143,9,9
TRPSUR2508103580c3e0,2025-08-10,GJ01,repeated,13,123,5,6
TRPIND250810277d5bdd,2025-08-10,MP01,new,23,207,8,9
TRPSUR250810a3edeb63,2025-08-10,GJ01,repeated,5,59,7,6
TRPCOI25081059822162,2025-08-10,TN01,repeated,18,167,9,9
TRPVAD25081091a30e53,2025-08-10,GJ02,new,7,74,9,6
TRPKOC2508104fb12120,2025-08-10,KL01,repeated,28,339,7,8
TRPLUC25081070ce2ead,2025-08-10,UP01,new,19,197,9,7
TRPLUC2508100f47e86c,2025-08-10,UP01,repeated,6,80,6,7
TRPKOC250810036e8425,2025-08-10,KL01,repeated,14,185,8,9
TRPVAD250810e5723bb8,2025-08-10,GJ02,new,10,98,7,7
TRPSUR2508101595e6ec,2025-08-10,GJ01,repeated,11,107,7,7
TRPIND250810373f6ebe,2025-08-10,MP01,repeated,13,127,8,9
TRPJAI2508104c5b8fea,2025-08-10,RJ01,new,24,325,8,10
TRPCHA250810230665b3,2025-08-10,CH01,new,34,332,8,8
TRPIND250810bc29dba8,2025-08-10,MP01,repeated,25,223,9,7
TRPCOI25081046827c8b,2025-08-10,TN01,repeated,12,119,7,7
TRPCHA25081030349004,2025-08-10,CH01,repeated,27,269,8,9
TRPSUR250810192e8ca6,2025-08-10,GJ01,repeated,16,147,5,8
TRPVAD2508108e70a1be,2025-08-10,GJ02,new,12,114,8,7
TRPVAD2508105430e721,2025-08-10,GJ02,repeated,9,90,7,8
TRPKOC250810478f9a3a,2025-08-10,KL01,new,11,152,9,10
TRPCOI2508100a317c64,2025-08-10,TN01,new,16,151,8,9
TRPJAI2508107899a02f,2025-08-10,RJ01,new,38,493,8,10
TRPCOI250810a29b27a5,2025-08-10,TN01,new,22,199,7,9
TRPKOC250810d29770ed,2025-08-10,KL01,new,24,295,10,10
TRPLUC250810a05e1213,2025-08-10,UP01,new,9,107,7,7
TRPSUR250810b9ed5d05,2025-08-10,GJ01,repeated,17,155,6,5
TRPKOC25081061aa2112,2025-08-10,KL01,new,34,405,8,9
TRPJAI250810b31e9ddf,2025-08-10,RJ01,repeated,36,469,7,8
TRPLUC250810134c9860,2025-08-10,UP01,repeated,20,206,5,8
TRPVAD250810e79b1282,2025-08-10,GJ02,repeated,17,154,6,7
TRPSUR25081045c07051,2025-08-10,GJ01,new,14,131,8,7
TRPSUR2508104bc435c9,2025-08-10,GJ01,repeated,16,147,5,7
TRPSUR250810edb359e3,2025-08-10,GJ01,repeated,7,75,7,8
TRPKOC250810ee7d92c1,2025-08-10,KL01,new,15,196,9,9
TRPCOI250810fed537bb,2025-08-10,TN01,repeated,21,191,7,7
TRPVAD2508100306e127,2025-08-10,GJ02,new,10,98,9,8
TRPSUR250810a06c33ad,2025-08-10,GJ01,repeated,5,59,7,6
TRPVIS2508102c4d0623,2025-08-10,AP01,repeated,23,234,7,9
TRPIND2508109ee4a23b,2025-08-10,MP01,repeated,20,183,6,7
TRPSUR250810e7b7da0e,2025-08-10,GJ01,new,11,107,8,8
TRPJAI2508106d277320,2025-08-10,RJ01,repeated,18,253,8,8
TRPIND250810c6c4bdd7,2025-08-10,MP01,repeated,23,207,8,6
TRPLUC25081033635858,2025-08-10,UP01,repeated,12,134,7,5
TRPSUR2508109f98c07f,2025-08-10,GJ01,repeated,8,83,5,7
TRPLUC250810ceb8bad0,2025-08-10,UP01,repeated,16,170,5,6
TRPLUC2508109d02edb3,2025-08-10,UP01,new,18,188,7,8
TRPSUR250810d9b353d8,2025-08-10,GJ01,new,16,147,8,8
TRPVIS2508101944147c,2025-08-10,AP01,repeated,26,261,8,9
TRPJAI25081030df2c0f,2025-08-10,RJ01,new,25,337,10,8
TRPVIS250810af90751d,2025-08-10,AP01,repeated,13,144,7,8
TRPCHA2508107314fef3,2025-08-10,CH01,new,16,170,8,8
TRPSUR250810221c09ea,2025-08-10,GJ01,new,10,99,7,8
TRPVIS250810f7279f85,2025-08-10,AP01,repeated,19,198,7,9
TRPCHA2508101a5dc755,2025-08-10,CH01,repeated,20,206,6,9
TRPLUC250810f18c5387,2025-08-10,UP01,new,9,107,8,8
TRPLUC2508101f641ac3,2025-08-10,UP01,new,8,98,7,6
TRPCHA250810c5c7c5a2,2025-08-10,CH01,new,23,233,10,9
TRPLUC2508105b335c6b,2025-08-10,UP01,repeated,18,188,5,5
TRPSUR25081006f837a4,2025-08-10,GJ01,new,7,75,9,8
TRPCHA250810fd6950bf,2025-08-10,CH01,new,29,287,8,8
TRPVIS250810ff7bfe1a,2025-08-10,AP01,repeated,25,252,8,8
TRPIND2508102e4d362e,2025-08-10,MP01,repeated,22,199,8,8
TRPJAI2508109339ae08,2025-08-10,RJ01,new,39,505,9,10
TRPVAD2508100f697f83,2025-08-10,GJ02,new,15,138,9,8
TRPSUR250810cca2a95a,2025-08-10,GJ01,repeated,15,139,6,5
TRPKOC2508103f80bb15,2025-08-10,KL01,new,22,273,10,10
TRPIND250810e0989a44,2025-08-10,MP01,repeated,18,167,7,9
TRPJAI250810b486360d,2025-08-10,RJ01,new,16,229,10,10
TRPVIS25081028d97bbb,2025-08-10,AP01,repeated,30,297,7,10
TRPKOC2508109c61e453,2025-08-10,KL01,repeated,29,350,9,9
TRPLUC250810858e9be9,2025-08-10,UP01,repeated,9,107,6,7
TRPVIS250810592bb4a9,2025-08-10,AP01,repeated,32,315,9,8
TRPSUR250810aa3034f0,2025-08-10,GJ01,repeated,12,115,7,5
TRPCHA25081002a39505,2025-08-10,CH01,repeated,14,152,9,6
TRPJAI2508107cfa1b07,2025-08-10,RJ01,new,44,565,8,10
TRPSUR25081095ff0776,2025-08-10,GJ01,repeated,10,99,6,6
TRPJAI25081008c50906,2025-08-10,RJ01,repeated,43,553,8,8
TRPSUR2508105c05ece3,2025-08-10,GJ01,repeated,6,67,5,5
TRPSUR25081030b47762,2025-08-10,GJ01,repeated,16,147,7,5
TRPVAD2508105b75b333,2025-08-10,GJ02,repeated,13,122,4,3
TRPVIS2508102a3c4dec,2025-08-10,AP01,repeated,24,243,9,10
TRPCHA25081018c5a329,2025-08-10,CH01,new,12,134,7,9
TRPJAI2508106f40e9a9,2025-08-10,RJ01,new,41,529,9,9
TRPVIS2508104a822dc4,2025-08-10,AP01,new,28,279,10,8
TRPLUC250810f222b48d,2025-08-10,UP01,repeated,15,161,6,5
TRPIND25081080f73334,2025-08-10,MP01,new,18,167,10,9
TRPJAI25081025f5876d,2025-08-10,RJ01,new,32,421,8,9
TRPLUC25081026beea50,2025-08-10,UP01,repeated,5,71,5,5
TRPLUC25081003ad9de2,2025-08-10,UP01,repeated,10,116,7,5
TRPSUR250810f15d2f5d,2025-08-10,GJ01,new,9,91,9,8
TRPSUR250810dcbd32d3,2025-08-10,GJ01,new,11,107,7,7
TRPCOI250810b635811c,2025-08-10,TN01,new,20,183,9,8
TRPSUR25081024ac6233,2025-08-10,GJ01,repeated,6,67,7,7
TRPLUC2508106029ef54,2025-08-10,UP01,new,10,116,7,6
TRPLUC25081000cf41b1,2025-08-10,UP01,repeated,18,188,5,5
TRPLUC2508108542b1c4,2025-08-10,UP01,new,11,125,7,7
TRPVAD250810bfb6cbee,2025-08-10,GJ02,new,7,74,8,8
TRPVAD250810a0321bb3,2025-08-10,GJ02,repeated,12,114,5,6
TRPCHA250810622674f7,2025-08-10,CH01,repeated,20,206,7,7
TRPCHA250810225625e8,2025-08-10,CH01,repeated,21,215,9,6
TRPJAI2508102a344c89,2025-08-10,RJ01,repeated,17,241,9,9
TRPJAI250810f9060e36,2025-08-10,RJ01,new,34,445,10,8
TRPIND250810a2a3ff25,2025-08-10,MP01,new,23,207,9,8
TRPVIS250810ec4bbb56,2025-08-10,AP01,repeated,27,270,9,10
TRPLUC250810b7d4e274,2025-08-10,UP01,repeated,13,143,7,5
TRPLUC2508106dafc966,2025-08-10,UP01,repeated,17,179,7,6
TRPJAI25081062bff651,2025-08-10,RJ01,new,38,493,10,10
TRPVIS25081048091ee2,2025-08-10,AP01,new,34,333,8,8
TRPCHA250810060c593e,2025-08-10,CH01,repeated,28,278,9,9
TRPCOI250810d8ee3737,2025-08-10,TN01,new,12,119,9,9
TRPVAD250810d20c1b30,2025-08-10,GJ02,new,5,58,7,8
TRPSUR250810a4ee76bc,2025-08-10,GJ01,repeated,9,91,6,6
TRPMYS25081053f989d1,2025-08-10,KA01,new,16,195,10,9
TRPJAI250810cb01a9e4,2025-08-10,RJ01,new,42,541,10,9
TRPLUC250810bf13d9c4,2025-08-10,UP01,repeated,13,143,6,7
TRPSUR2508102b9eb5b9,2025-08-10,GJ01,repeated,7,75,5,8
TRPSUR250810eef9c147,2025-08-10,GJ01,new,10,99,9,7
TRPLUC2508102217af70,2025-08-10,UP01,new,6,80,9,7
TRPLUC2508107683c1ee,2025-08-10,UP01,repeated,19,197,5,5
TRPJAI250810df575353,2025-08-10,RJ01,new,31,409,9,9
TRPLUC2508100e7bcf60,2025-08-10,UP01,repeated,8,98,7,8
TRPJAI25081057ca04c2,2025-08-10,RJ01,new,16,229,8,8
TRPMYS250810f858a02e,2025-08-10,KA01,new,13,165,8,9
TRPSUR2508108b66f623,2025-08-10,GJ01,repeated,17,155,7,6
TRPJAI2508104e3eedfe,2025-08-10,RJ01,new,23,313,9,9
TRPSUR250810c77580e9,2025-08-10,GJ01,new,5,59,7,6
TRPLUC2508106b9987a7,2025-08-10,UP01,new,20,206,8,7
TRPLUC250810e791a823,2025-08-10,UP01,new,12,134,8,6
TRPIND25081085d09a94,2025-08-10,MP01,repeated,17,159,6,8
TRPSUR250810d532609b,2025-08-10,GJ01,new,8,83,7,7
TRPKOC250810848dbe5f,2025-08-10,KL01,new,24,295,8,9
TRPSUR2508109ed7a39a,2025-08-10,GJ01,repeated,11,107,5,5
TRPLUC25081067cabfe5,2025-08-10,UP01,repeated,10,116,5,5
TRPIND250810a227da65,2025-08-10,MP01,repeated,12,119,6,6
TRPVAD2508107a6d6ddb,2025-08-10,GJ02,repeated,18,162,7,8
TRPJAI25081069a17743,2025-08-10,RJ01,repeated,20,277,9,8
TRPIND2508102d53ad42,2025-08-10,MP01,new,13,127,7,7
TRPJAI250810c82ff632,2025-08-10,RJ01,repeated,43,553,7,9
TRPKOC250810825474ef,2025-08-10,KL01,repeated,17,218,8,8
TRPCOI250810429225fd,2025-08-10,TN01,repeated,8,87,6,7
TRPVIS250810a97376a9,2025-08-10,AP01,repeated,13,144,8,8
TRPSUR2508101ea9d626,2025-08-10,GJ01,repeated,12,115,7,8
TRPKOC25081067fbf4f7,2025-08-10,KL01,new,29,350,9,10
TRPCOI2508105867a553,2025-08-10,TN01,repeated,15,143,7,7
TRPCHA2508109edd1ac7,2025-08-10,CH01,repeated,31,305,6,8
TRPKOC2508102b425028,2025-08-10,KL01,repeated,32,383,9,8
TRPSUR2508106d24ac64,2025-08-10,GJ01,repeated,8,83,7,6
TRPKOC25081098a1c05f,2025-08-10,KL01,repeated,10,141,8,8
TRPKOC2508103185502d,2025-08-10,KL01,new,15,196,8,9
TRPJAI25081042606878,2025-08-10,RJ01,new,21,289,9,10
TRPSUR250810c799230c,2025-08-10,GJ01,new,16,147,9,6
TRPCOI2508100c471191,2025-08-10,TN01,repeated,15,143,6,9
TRPSUR2508107c867515,2025-08-10,GJ01,repeated,10,99,7,8
TRPVIS250810385e1924,2025-08-10,AP01,new,12,135,8,10
TRPLUC25081086218a84,2025-08-10,UP01,new,6,80,8,6
TRPMYS250810b4c3a617,2025-08-10,KA01,new,15,185,8,9
TRPLUC250810ee3e9354,2025-08-10,UP01,repeated,20,206,5,8
TRPVAD25081063431068,2025-08-10,GJ02,new,10,98,7,6
TRPLUC2508101efa012e,2025-08-10,UP01,repeated,5,71,5,6
TRPJAI250810ceefda2e,2025-08-10,RJ01,new,24,325,8,8
TRPMYS250810908dfdbf,2025-08-10,KA01,new,19,225,8,10
TRPVAD2508104bb509ec,2025-08-10,GJ02,repeated,8,82,7,8
TRPJAI250810ced0cc44,2025-08-10,RJ01,new,41,529,10,10
TRPJAI250810dfc51b07,2025-08-10,RJ01,new,43,553,10,9
TRPIND2508107733626c,2025-08-10,MP01,repeated,23,207,9,6
TRPLUC250810b6d3b89c,2025-08-10,UP01,new,9,107,7,7
TRPSUR25081013caea24,2025-08-10,GJ01,repeated,8,83,7,7
TRPCOI250810405839f4,2025-08-10,TN01,new,20,183,10,9
TRPJAI250810d770bf11,2025-08-10,RJ01,repeated,44,565,8,9
TRPCHA25081091e7f3cd,2025-08-10,CH01,repeated,13,143,8,6
TRPJAI25081066e0d25c,2025-08-10,RJ01,repeated,16,229,8,10
TRPLUC2508109fdc4bb9,2025-08-10,UP01,repeated,8,98,6,5
TRPVIS250810ed3a62a8,2025-08-10,AP01,new,25,252,9,10
TRPJAI250810febc2d8b,2025-08-10,RJ01,new,26,349,9,8
TRPKOC2508108e6f7e35,2025-08-10,KL01,repeated,15,196,7,8
TRPLUC2508100e149a7f,2025-08-10,UP01,repeated,5,71,6,6
TRPCHA2508104e7b0e8c,2025-08-10,CH01,repeated,26,260,8,7
TRPJAI250810f39ce424,2025-08-10,RJ01,new,42,541,8,10
TRPCHA25081060aeb5c6,2025-08-10,CH01,new,16,170,7,8
TRPLUC25081063cb75e1,2025-08-10,UP01,repeated,8,98,7,8
TRPLUC2508103b2d8669,2025-08-10,UP01,repeated,18,188,7,6
TRPKOC2508107d8e71f6,2025-08-10,KL01,repeated,16,207,8,8
TRPJAI25081060078318,2025-08-10,RJ01,new,32,421,9,10
TRPLUC250810a6ef8176,2025-08-10,UP01,new,16,170,9,6
TRPIND2508107bf1a9b8,2025-08-10,MP01,new,24,215,10,7
TRPCOI2508102d62191a,2025-08-10,TN01,repeated,21,191,6,7
TRPVIS2508109c9de274,2025-08-10,AP01,repeated,13,144,8,9
TRPLUC250810403080e8,2025-08-10,UP01,repeated,6,80,7,6
TRPCHA250810de076961,2025-08-10,CH01,repeated,27,269,7,6
TRPMYS2508104b561f8f,2025-08-10,KA01,repeated,21,245,7,9
TRPLUC250810dc7faa89,2025-08-10,UP01,repeated,7,89,6,8
TRPSUR250810f5702da4,2025-08-10,GJ01,repeated,8,83,5,7
TRPLUC25081082ce640d,2025-08-10,UP01,new,10,116,9,8
TRPIND25081073d46d6b,2025-08-10,MP01,repeated,12,119,6,6
TRPJAI2508107d9e22d8,2025-08-10,RJ01,new,17,241,8,9
TRPJAI250810a68b4eb8,2025-08-10,RJ01,new,38,493,8,10
TRPSUR250810a266a6bf,2025-08-10,GJ01,repeated,14,131,6,6
TRPSUR2508101480fc50,2025-08-10,GJ01,repeated,11,107,5,6
TRPSUR2508102a0a0561,2025-08-10,GJ01,new,14,131,9,7
TRPVIS25081014fc27f3,2025-08-10,AP01,new,23,234,10,9
TRPKOC25081038bb2d7a,2025-08-10,KL01,new,23,284,8,8
TRPIND250810f64508ee,2025-08-10,MP01,repeated,8,87,7,9
TRPLUC2508108a564fb2,2025-08-10,UP01,repeated,17,179,7,8
TRPCHA250810821e6e47,2025-08-10,CH01,repeated,14,152,9,8
TRPVAD250810bd57b6eb,2025-08-10,GJ02,repeated,5,58,5,6
TRPJAI250810ac0b626f,2025-08-10,RJ01,repeated,36,469,8,9
TRPSUR250810129fa98d,2025-08-10,GJ01,repeated,13,123,7,6
TRPSUR25081039cf0704,2025-08-10,GJ01,repeated,5,59,7,7
TRPLUC250810a2b47fb7,2025-08-10,UP01,repeated,18,188,6,8
TRPKOC250810607a278c,2025-08-10,KL01,new,14,185,10,9
TRPSUR250810b8e1d337,2025-08-10,GJ01,repeated,14,131,5,5
TRPLUC25081036435d0b,2025-08-10,UP01,new,7,89,8,8
TRPSUR250810b855fcf9,2025-08-10,GJ01,repeated,13,123,7,8
TRPCHA2508109cfab196,2025-08-10,CH01,new,21,215,8,7
TRPVAD2508104e345215,2025-08-10,GJ02,repeated,8,82,7,5
TRPJAI25081072f75e9f,2025-08-10,RJ01,repeated,29,385,7,8
TRPLUC25081022a8a2f1,2025-08-10,UP01,repeated,11,125,7,5
TRPVAD25081039d76341,2025-08-10,GJ02,repeated,14,130,6,7
TRPKOC25081039060d11,2025-08-10,KL01,new,23,284,9,10
TRPLUC25081022d4295d,2025-08-10,UP01,repeated,12,134,7,5
TRPJAI2508101b322e18,2025-08-10,RJ01,repeated,36,469,8,9
TRPVIS2508109a639039,2025-08-10,AP01,repeated,26,261,7,10
TRPVIS2508109d114488,2025-08-10,AP01,repeated,34,333,7,10
TRPIND250810ba1c7356,2025-08-10,MP01,repeated,15,143,7,7
TRPKOC250810e9c77887,2025-08-10,KL01,new,29,350,10,8
TRPKOC250810bd1759bf,2025-08-10,KL01,new,26,317,9,9
TRPVAD250810642fe9d1,2025-08-10,GJ02,repeated,5,58,4,4
TRPSUR2508104ae4cd1d,2025-08-10,GJ01,repeated,17,155,5,5
TRPCOI250810bbdf3a4f,2025-08-10,TN01,new,13,127,9,9
TRPIND250810c6cf7ef4,2025-08-10,MP01,repeated,16,151,6,7
TRPSUR250810f23262e6,2025-08-10,GJ01,new,8,83,7,6
TRPJAI250810ef911687,2025-08-10,RJ01,repeated,45,577,7,8
TRPSUR2508100ff7ce0a,2025-08-10,GJ01,repeated,14,131,5,8
TRPLUC250810b13fd61e,2025-08-10,UP01,repeated,18,188,5,5
TRPIND25081096b7fdc7,2025-08-10,MP01,repeated,21,191,7,7
TRPIND2508103d97fb35,2025-08-10,MP01,new,19,175,10,7
TRPVAD250810b763e60c,2025-08-10,GJ02,new,18,162,8,8
TRPVIS250810eb8ad5e5,2025-08-10,AP01,repeated,26,261,7,10
TRPIND2508103563d518,2025-08-10,MP01,repeated,24,215,8,7
TRPLUC25081081ed33f7,2025-08-10,UP01,repeated,13,143,5,8
TRPCHA250810beab5fc5,2025-08-10,CH01,repeated,32,314,7,8
TRPKOC250810b71851e2,2025-08-10,KL01,new,18,229,10,9
TRPCHA25081011de201c,2025-08-10,CH01,new,33,323,8,7
TRPSUR2508102aee0455,2025-08-10,GJ01,repeated,11,107,7,7
TRPCOI250810abd48f14,2025-08-10,TN01,repeated,14,135,7,8
TRPIND250810c3841c41,2025-08-10,MP01,repeated,23,207,8,7
TRPCOI25081007033f77,2025-08-10,TN01,repeated,9,95,8,6
TRPCOI250810fa62dbee,2025-08-10,TN01,new,13,127,8,7
TRPCHA250810c5e319a1,2025-08-10,CH01,repeated,23,233,9,6
TRPLUC2508107b64559d,2025-08-10,UP01,new,7,89,9,7
TRPVIS250810921a9a25,2025-08-10,AP01,new,12,135,9,9
TRPLUC250810d7ca674a,2025-08-10,UP01,repeated,10,116,7,6
TRPCHA250810c9045bd6,2025-08-10,CH01,repeated,16,170,6,9
TRPLUC250810b17164f9,2025-08-10,UP01,new,12,134,7,8
TRPLUC2508100e9cca99,2025-08-10,UP01,repeated,9,107,6,5
TRPLUC250810ab4295b4,2025-08-10,UP01,new,8,98,8,8
TRPJAI2508103721c899,2025-08-10,RJ01,repeated,29,385,9,9
TRPCOI250810db30faf6,2025-08-10,TN01,repeated,18,167,8,9
TRPLUC250810c3c964a2,2025-08-10,UP01,repeated,14,152,6,5
TRPLUC2508103ad66221,2025-08-10,UP01,repeated,5,71,5,8
TRPMYS2508109f3fde0e,2025-08-10,KA01,new,21,245,8,10
TRPLUC25081091b06076,2025-08-10,UP01,repeated,7,89,6,6
TRPLUC25081090e38bc8,2025-08-10,UP01,repeated,16,170,5,5
TRPJAI25081007ac6c0d,2025-08-10,RJ01,new,31,409,8,8
TRPVAD2508105174f74e,2025-08-10,GJ02,repeated,6,66,5,8
TRPVAD250810c2ddd5d0,2025-08-10,GJ02,new,14,130,9,7
TRPJAI250810941e35ee,2025-08-10,RJ01,repeated,18,253,8,9
TRPJAI250810c19b0bbc,2025-08-10,RJ01,repeated,35,457,9,10
TRPLUC250810d8b3afb3,2025-08-10,UP01,repeated,9,107,6,6
TRPLUC250810c7a92ee9,2025-08-10,UP01,repeated,6,80,7,5
TRPKOC2508107cfa452d,2025-08-10,KL01,repeated,25,306,8,10
TRPLUC250810d72d793e,2025-08-10,UP01,new,10,116,9,7
TRPLUC2508105ec80866,2025-08-10,UP01,repeated,9,107,5,7
TRPCOI250810bec6bd01,2025-08-10,TN01,new,16,151,9,7
TRPIND250810bbd2295f,2025-08-10,MP01,new,9,95,8,7
TRPJAI25081035004c13,2025-08-10,RJ01,repeated,34,445,8,8
TRPLUC2508107d33b54f,2025-08-10,UP01,new,19,197,8,7
TRPIND250810e8f083d0,2025-08-10,MP01,new,12,119,8,8
TRPJAI2508101612efc1,2025-08-10,RJ01,new,37,481,10,9
TRPLUC2508103a41f0c6,2025-08-10,UP01,new,10,116,9,7
TRPCHA250810bf104c3f,2025-08-10,CH01,repeated,22,224,6,8
TRPKOC250810c38049d5,2025-08-10,KL01,new,32,383,9,10
TRPVIS250810a48c4773,2025-08-10,AP01,new,21,216,10,9
TRPJAI250810b6787537,2025-08-10,RJ01,repeated,40,517,8,10
TRPIND25081088c89313,2025-08-10,MP01,repeated,10,103,7,6
TRPVAD2508100c6060dc,2025-08-10,GJ02,new,6,66,8,8
TRPSUR2508106b58db15,2025-08-10,GJ01,repeated,15,139,6,8
TRPKOC2508102b51cdc9,2025-08-10,KL01,new,33,394,8,9
TRPJAI250810c2a26190,2025-08-10,RJ01,new,37,481,9,10
TRPVAD250810ba1b5684,2025-08-10,GJ02,repeated,17,154,7,5
TRPJAI25081058299e36,2025-08-10,RJ01,new,16,229,8,10
TRPJAI25081073429ba4,2025-08-10,RJ01,new,43,553,10,8
TRPLUC2508103b793c4b,2025-08-10,UP01,repeated,11,125,6,8
TRPLUC25081034e31ac9,2025-08-10,UP01,repeated,12,134,6,8
TRPJAI250810c1efc450,2025-08-10,RJ01,repeated,32,421,9,10
TRPCOI2508103f906ab3,2025-08-10,TN01,repeated,17,159,9,9
TRPSUR2508104ca75006,2025-08-10,GJ01,repeated,6,67,7,7
TRPJAI250810f87c57dd,2025-08-10,RJ01,repeated,20,277,8,9
TRPJAI2508106131575b,2025-08-10,RJ01,new,39,505,9,10
TRPLUC250810d18205ba,2025-08-10,UP01,repeated,6,80,5,6
TRPLUC250810254b5da7,2025-08-10,UP01,repeated,14,152,5,6
TRPVAD25081016df05d0,2025-08-10,GJ02,repeated,7,74,6,8
TRPVIS25081008d680ab,2025-08-10,AP01,repeated,34,333,8,8
TRPVAD2508109b4a5ff0,2025-08-10,GJ02,repeated,17,154,7,5
TRPJAI25081014f1c64f,2025-08-10,RJ01,new,37,481,8,9
TRPIND25081036c25720,2025-08-10,MP01,new,15,143,10,8
TRPCOI250810a7327732,2025-08-10,TN01,repeated,8,87,9,6
TRPSUR250810519b5b45,2025-08-10,GJ01,repeated,7,75,5,8
TRPCHA2508101464cdc9,2025-08-10,CH01,new,13,143,10,8
TRPVAD2508101e145419,2025-08-10,GJ02,repeated,5,58,7,7
TRPSUR250810da904c84,2025-08-10,GJ01,repeated,11,107,7,8
TRPLUC2508105dfb9117,2025-08-10,UP01,repeated,7,89,6,8
TRPSUR250810acf4162b,2025-08-10,GJ01,repeated,7,75,6,6
TRPJAI25081078acb6f4,2025-08-10,RJ01,new,33,433,10,8
TRPSUR250810c70000a7,2025-08-10,GJ01,repeated,7,75,7,5
TRPLUC250810cd078244,2025-08-10,UP01,repeated,9,107,6,7
TRPIND250810b65f2e06,2025-08-10,MP01,repeated,21,191,9,6
TRPJAI2508108634f2eb,2025-08-10,RJ01,repeated,36,469,8,8
TRPJAI2508104586bf5d,2025-08-10,RJ01,new,18,253,9,8
TRPKOC250810239b64a5,2025-08-10,KL01,new,18,229,9,10
TRPCOI25081085d940d7,2025-08-10,TN01,new,8,87,8,8
TRPLUC250810324de696,2025-08-10,UP01,repeated,12,134,5,8
TRPLUC250810cf3b8026,2025-08-10,UP01,new,11,125,9,7
TRPJAI250810f03ba864,2025-08-10,RJ01,repeated,43,553,7,8
TRPLUC250810970519a6,2025-08-10,UP01,new,19,197,8,8
TRPVAD2508103bba1465,2025-08-10,GJ02,new,18,162,7,8
TRPJAI250810e6dbf87e,2025-08-10,RJ01,new,17,241,10,9
TRPSUR25081078fbbcc1,2025-08-10,GJ01,repeated,12,115,5,7
TRPLUC2508105e9a7a39,2025-08-10,UP01,repeated,15,161,5,5
TRPLUC25081021dabac3,2025-08-10,UP01,repeated,17,179,6,7
TRPJAI250810746e2a96,2025-08-10,RJ01,new,43,553,8,10
TRPJAI250810ba4ce0c1,2025-08-10,RJ01,new,43,553,8,8
TRPLUC2508105f198748,2025-08-10,UP01,new,10,116,8,7
TRPVAD250810b4f94ea1,2025-08-10,GJ02,repeated,5,58,7,5
TRPLUC250810b2a3a65a,2025-08-10,UP01,new,11,125,7,7
TRPSUR250810d83a87a5,2025-08-10,GJ01,new,10,99,8,7
TRPKOC250810a837a651,2025-08-10,KL01,new,21,262,10,8
TRPJAI250810bfd273f7,2025-08-10,RJ01,repeated,39,505,9,8
TRPCOI25081062d6e136,2025-08-10,TN01,new,8,87,8,8
TRPCHA250810009276af,2025-08-10,CH01,new,17,179,7,7
TRPLUC25081045d1408e,2025-08-10,UP01,repeated,5,71,5,6
TRPVIS25081062de8acf,2025-08-10,AP01,repeated,18,189,8,9
TRPLUC250810d960fc82,2025-08-10,UP01,repeated,12,134,6,5
TRPLUC250810ae0d343c,2025-08-10,UP01,repeated,9,107,5,7
TRPJAI25081075706ad2,2025-08-10,RJ01,repeated,33,433,8,10
TRPJAI25081075556f08,2025-08-10,RJ01,new,39,505,9,9
TRPJAI25081016da518e,2025-08-10,RJ01,repeated,31,409,9,8
TRPIND250810c1d1e9e0,2025-08-10,MP01,new,10,103,7,9
TRPLUC25081045cbc134,2025-08-10,UP01,repeated,12,134,5,8
TRPCHA25081032924a4e,2025-08-10,CH01,repeated,33,323,8,8
TRPIND250810c0db40de,2025-08-10,MP01,new,13,127,7,9
TRPVIS2508108e61270e,2025-08-10,AP01,repeated,17,180,7,9
TRPLUC250810cf72830e,2025-08-10,UP01,repeated,15,161,5,8
TRPIND25081015821cfd,2025-08-10,MP01,repeated,9,95,7,7
TRPSUR2508107e503309,2025-08-10,GJ01,repeated,8,83,5,5
TRPCHA2508103d46dc66,2025-08-10,CH01,repeated,17,179,6,7
TRPJAI250810fdd2bc72,2025-08-10,RJ01,repeated,37,481,7,9
TRPLUC250810bcb16885,2025-08-10,UP01,new,12,134,9,7
TRPIND250810161dd41a,2025-08-10,MP01,new,23,207,9,9
TRPJAI2508100a550e50,2025-08-10,RJ01,new,20,277,9,10
TRPMYS250810951f5af6,2025-08-10,KA01,new,12,155,10,10
TRPCHA2508107779f13f,2025-08-10,CH01,repeated,23,233,6,9
TRPMYS25081002636ebb,2025-08-10,KA01,new,18,215,8,8
TRPKOC25081076d53fc7,2025-08-10,KL01,new,30,361,10,9
TRPJAI250810c8c9b7da,2025-08-10,RJ01,repeated,37,481,9,9
TRPKOC250810c09cca08,2025-08-10,KL01,repeated,29,350,8,8
TRPLUC250810eab5fc76,2025-08-10,UP01,repeated,13,143,7,7
TRPCHA250810ad315c08,2025-08-10,CH01,new,13,143,9,8
TRPVAD2508100ce55c74,2025-08-10,GJ02,repeated,16,146,5,6
TRPCOI25081090484e8e,2025-08-10,TN01,repeated,16,151,7,8
TRPVIS25081058ef524b,2025-08-10,AP01,new,32,315,8,9
TRPCHA250810f19912a6,2025-08-10,CH01,repeated,25,251,6,7
TRPJAI25081024bcc0fc,2025-08-10,RJ01,new,19,265,10,9
TRPCHA25081078ddb2b7,2025-08-10,CH01,repeated,22,224,7,6
TRPLUC250810f12a8298,2025-08-10,UP01,repeated,16,170,5,5
TRPJAI250810b7ce1ddb,2025-08-10,RJ01,repeated,21,289,9,9
TRPVIS250810e25a3671,2025-08-10,AP01,repeated,17,180,8,10
TRPCHA2508105e48fd01,2025-08-10,CH01,repeated,15,161,8,8
TRPSUR25081040c97b06,2025-08-10,GJ01,repeated,10,99,5,8
TRPJAI2508104bd5e941,2025-08-10,RJ01,repeated,30,397,8,10
TRPJAI25081085efa0bb,2025-08-10,RJ01,new,20,277,8,8
TRPSUR250810b6c93b4a,2025-08-10,GJ01,repeated,12,115,5,7
TRPKOC250810f2c286df,2025-08-10,KL01,new,30,361,8,8
TRPJAI250810a3e6d707,2025-08-10,RJ01,repeated,32,421,8,10
TRPSUR250810babe3494,2025-08-10,GJ01,repeated,5,59,7,6
TRPLUC2508103cb6d00b,2025-08-10,UP01,repeated,11,125,7,7
TRPSUR250810592e4e13,2025-08-10,GJ01,new,9,91,7,7
TRPLUC250810f50ad990,2025-08-10,UP01,new,19,197,7,6
TRPLUC250810d15591e1,2025-08-10,UP01,new,14,152,8,7
TRPKOC2508100cfa6ab2,2025-08-10,KL01,repeated,30,361,7,8
TRPVAD250810f95e3cc9,2025-08-10,GJ02,new,12,114,7,8
TRPJAI250810302319fd,2025-08-10,RJ01,new,31,409,8,8
TRPLUC250810934d990f,2025-08-10,UP01,new,15,161,8,7
TRPLUC250810238ce6ac,2025-08-10,UP01,new,20,206,9,6
TRPJAI250810ee884749,2025-08-10,RJ01,repeated,45,577,8,8
TRPSUR250810f7231f5d,2025-08-10,GJ01,repeated,6,67,5,8
TRPSUR250810f1e276b2,2025-08-10,GJ01,repeated,13,123,7,5
TRPVAD2508100502ed16,2025-08-10,GJ02,repeated,14,130,6,8
TRPLUC250810331341f3,2025-08-10,UP01,repeated,19,197,5,6
TRPSUR250810a6867ded,2025-08-10,GJ01,new,13,123,8,6
TRPCHA2508102cbc9863,2025-08-10,CH01,new,13,143,8,8
TRPKOC2508109bb65b2e,2025-08-10,KL01,new,22,273,8,9
TRPLUC2508107a5c08eb,2025-08-10,UP01,new,14,152,8,6
TRPKOC250810fbfed6b9,2025-08-10,KL01,repeated,16,207,9,10
TRPJAI250810fd5c0baa,2025-08-10,RJ01,repeated,32,421,9,8
TRPKOC250810e8e354a1,2025-08-10,KL01,new,26,317,8,9
TRPVIS2508101bc6d76d,2025-08-10,AP01,repeated,13,144,8,8
TRPJAI250810a4c0b1d2,2025-08-10,RJ01,new,37,481,10,8
TRPJAI250810ddae1593,2025-08-10,RJ01,new,38,493,10,9
TRPLUC250810cdf5aa2e,2025-08-10,UP01,repeated,15,161,5,7
TRPIND25081078362194,2025-08-10,MP01,repeated,25,223,6,9
TRPKOC250810ebeb48bc,2025-08-10,KL01,new,33,394,8,8
TRPMYS250810dfad2451,2025-08-10,KA01,new,13,165,9,10
TRPJAI250810bbfed165,2025-08-10,RJ01,new,42,541,9,9
TRPLUC2508106cf80ca8,2025-08-10,UP01,repeated,14,152,5,6
TRPKOC2508101458fadb,2025-08-10,KL01,new,21,262,9,9
TRPSUR250810c17c838f,2025-08-10,GJ01,repeated,13,123,6,5
TRPKOC2508106eb28c85,2025-08-10,KL01,new,15,196,10,8
TRPSUR250810c12108ae,2025-08-10,GJ01,repeated,12,115,5,5
TRPKOC2508102af61814,2025-08-10,KL01,repeated,30,361,8,9
TRPJAI2508109e415b7d,2025-08-10,RJ01,new,34,445,8,8
TRPKOC250810f49e3da0,2025-08-10,KL01,new,21,262,9,10
TRPLUC2508109e8b0f8b,2025-08-10,UP01,new,11,125,9,6
TRPJAI250810c7702643,2025-08-10,RJ01,new,19,265,10,10
TRPLUC250810f7a1f44b,2025-08-10,UP01,new,17,179,9,8
TRPVAD250810ea1fb06d,2025-08-10,GJ02,new,12,114,7,7
TRPLUC25081060d39b8c,2025-08-10,UP01,repeated,7,89,5,6
TRPJAI250810929db719,2025-08-10,RJ01,new,43,553,10,8
TRPLUC25081067280e8d,2025-08-10,UP01,repeated,19,197,7,8
TRPCOI25081088b4e117,2025-08-10,TN01,new,10,103,7,9
TRPSUR250810a1e4da82,2025-08-10,GJ01,repeated,10,99,5,7
TRPVIS250810a03092b6,2025-08-10,AP01,repeated,34,333,9,8
TRPJAI250810e2a7a5bf,2025-08-10,RJ01,new,39,505,9,10
TRPCOI2508103ae29b56,2025-08-10,TN01,repeated,16,151,8,7
TRPLUC25081076481032,2025-08-10,UP01,new,13,143,8,8
TRPVAD2508101e5d03b9,2025-08-10,GJ02,repeated,8,82,7,5
TRPJAI2508109354bcbb,2025-08-10,RJ01,new,17,241,9,9
TRPJAI25081052058471,2025-08-10,RJ01,repeated,20,277,9,8
TRPCHA25081078a40b4a,2025-08-10,CH01,new,15,161,9,8
TRPVAD250810661e2703,2025-08-10,GJ02,repeated,9,90,6,6
TRPJAI250810ba4a7af6,2025-08-10,RJ01,repeated,20,277,9,9
TRPCOI250810f3ec7d59,2025-08-10,TN01,new,20,183,9,8
TRPJAI2508100fff6c3a,2025-08-10,RJ01,repeated,28,373,9,9
TRPIND25081089966d09,2025-08-10,MP01,new,16,151,9,7
TRPVIS25081009a1ff4e,2025-08-10,AP01,new,29,288,9,8
TRPLUC250810eb39721c,2025-08-10,UP01,repeated,12,134,7,5
TRPIND250810ca2fa083,2025-08-10,MP01,repeated,21,191,6,7
TRPJAI25081062f3eb14,2025-08-10,RJ01,new,15,217,10,8
TRPLUC2508104c713841,2025-08-10,UP01,repeated,19,197,7,8
TRPIND250810daea9919,2025-08-10,MP01,new,20,183,8,9
TRPVAD250810b6a555d2,2025-08-10,GJ02,new,11,106,7,8
TRPVIS250810a2222003,2025-08-10,AP01,new,27,270,9,10
TRPVIS25081018ed16ee,2025-08-10,AP01,repeated,21,216,9,8
TRPCHA250810e4840f2e,2025-08-10,CH01,repeated,17,179,7,8
TRPLUC250810682399ff,2025-08-10,UP01,repeated,9,107,5,7
TRPKOC25081045104957,2025-08-10,KL01,repeated,20,251,9,10
TRPCHA2508103146a22d,2025-08-10,CH01,repeated,28,278,9,7
TRPLUC250810bd80bad9,2025-08-10,UP01,repeated,11,125,5,6
TRPCHA250810d48af8fd,2025-08-10,CH01,repeated,34,332,8,9
TRPJAI250810a86deb90,2025-08-10,RJ01,repeated,21,289,9,9
TRPMYS2508100935261a,2025-08-10,KA01,new,17,205,9,8
TRPSUR250810706f780a,2025-08-10,GJ01,new,10,99,8,6
TRPJAI25081016ab4eb6,2025-08-10,RJ01,new,15,217,8,10
TRPVAD2508109ccc74e8,2025-08-10,GJ02,repeated,5,58,5,6
TRPVAD25081081d9c4c9,2025-08-10,GJ02,repeated,7,74,5,7
TRPCHA250810c8f3485b,2025-08-10,CH01,new,13,143,8,9
TRPKOC250810ec0f637b,2025-08-10,KL01,new,25,306,9,9
TRPVAD250810f8b8502a,2025-08-10,GJ02,new,5,58,7,7
TRPMYS250810fadb6128,2025-08-10,KA01,repeated,18,215,8,10
TRPIND25081058f9bfdf,2025-08-10,MP01,repeated,14,135,7,6
TRPVAD2508103aabeae4,2025-08-10,GJ02,new,13,122,8,8
TRPIND25081062e5aac3,2025-08-10,MP01,repeated,14,135,7,8
TRPVAD25081095daf5ae,2025-08-10,GJ02,new,7,74,9,6
TRPJAI25081031bcb94f,2025-08-10,RJ01,repeated,44,565,7,9
TRPVAD250810e0f550a2,2025-08-10,GJ02,new,9,90,8,7
TRPVAD250810b7221b08,2025-08-10,GJ02,repeated,17,154,7,7
TRPLUC25081059bc16f5,2025-08-10,UP01,new,16,170,7,8
TRPCHA25081076e8a56e,2025-08-10,CH01,repeated,23,233,6,6
TRPCHA250810d4c9691a,2025-08-10,CH01,new,12,134,10,9
TRPCHA250810a362aee7,2025-08-10,CH01,repeated,34,332,8,7
TRPSUR250810ccaa3ad7,2025-08-10,GJ01,repeated,5,59,5,6
TRPJAI2508108fcb26a8,2025-08-10,RJ01,repeated,44,565,7,10
TRPLUC250810771ef8b2,2025-08-10,UP01,new,6,80,9,8
TRPKOC2508108c2baff8,2025-08-10,KL01,repeated,10,141,9,10
TRPJAI2508106e149ef9,2025-08-10,RJ01,new,15,217,9,8
TRPLUC2508106edd9f13,2025-08-10,UP01,new,12,134,7,8
TRPCOI25081004599a8b,2025-08-10,TN01,new,21,191,9,9
TRPVIS250810df4d037d,2025-08-10,AP01,new,10,117,8,9
TRPIND250810896a9550,2025-08-10,MP01,repeated,9,95,6,6
TRPKOC250810ba0fb7fd,2025-08-10,KL01,repeated,31,372,8,8
TRPVAD2508107c10b716,2025-08-10,GJ02,repeated,16,146,5,8
TRPLUC250810c0350074,2025-08-10,UP01,repeated,9,107,7,8
TRPJAI25081089903ac1,2025-08-10,RJ01,new,18,253,8,10
TRPJAI2508101c2faad4,2025-08-10,RJ01,new,23,313,9,10
TRPJAI2508109f99c071,2025-08-10,RJ01,new,41,529,9,9
TRPJAI2508103b151b9d,2025-08-10,RJ01,new,28,373,8,9
TRPCOI2508109f4da929,2025-08-10,TN01,repeated,8,87,9,8
TRPVAD2508103ef539d3,2025-08-10,GJ02,repeated,6,66,6,7
TRPSUR250810ccbffaa8,2025-08-10,GJ01,repeated,10,99,7,6
TRPLUC250810e6a2cabc,2025-08-10,UP01,repeated,17,179,5,8
TRPSUR250810541162ce,2025-08-10,GJ01,repeated,7,75,7,8
TRPLUC25081044efca13,2025-08-10,UP01,repeated,16,170,6,7
TRPMYS250810ae7c839f,2025-08-10,KA01,new,21,245,10,10
TRPSUR2508101b2b8393,2025-08-10,GJ01,repeated,7,75,5,8
TRPKOC250810394ba6bc,2025-08-10,KL01,new,24,295,10,8
TRPIND25081026a5c465,2025-08-10,MP01,repeated,19,175,8,7
TRPKOC25081027e4590f,2025-08-10,KL01,repeated,13,174,9,8
TRPJAI250810c6989e00,2025-08-10,RJ01,repeated,27,361,9,9
TRPJAI2508108d8ac1b9,2025-08-10,RJ01,new,41,529,9,8
TRPCHA2508102ffef8dd,2025-08-10,CH01,repeated,23,233,9,7
TRPJAI2508105833f78f,2025-08-10,RJ01,repeated,23,313,4,2
TRPLUC250810734f20b3,2025-08-10,UP01,new,5,71,7,6
TRPCHA250810beb7ab8a,2025-08-10,CH01,repeated,16,170,6,7
TRPVAD250810ed078518,2025-08-10,GJ02,repeated,13,122,6,5
TRPLUC25081028f78ea7,2025-08-10,UP01,new,19,197,8,7
TRPKOC2508107fd81cb4,2025-08-10,KL01,new,18,229,10,10
TRPVAD250810f2152a05,2025-08-10,GJ02,repeated,7,74,7,6
TRPVAD2508103f0149cc,2025-08-10,GJ02,repeated,12,114,5,8
TRPLUC2508109e35b53c,2025-08-10,UP01,repeated,14,152,6,8
TRPJAI250810fc9ec38e,2025-08-10,RJ01,repeated,21,289,9,10
TRPIND25081011b83fa8,2025-08-10,MP01,repeated,14,135,9,8
TRPLUC250810ab8779bf,2025-08-10,UP01,repeated,8,98,7,7
TRPMYS25081019f669c1,2025-08-10,KA01,repeated,10,135,9,9
TRPLUC2508101615bbf0,2025-08-10,UP01,new,15,161,9,8
TRPSUR250810be380414,2025-08-10,GJ01,repeated,5,59,5,8
TRPLUC25081056977d42,2025-08-10,UP01,repeated,13,143,7,7
TRPLUC25081022e4f63d,2025-08-10,UP01,repeated,18,188,5,5
TRPLUC25081024644a8d,2025-08-10,UP01,repeated,9,107,5,6
TRPCHA2508109bce3380,2025-08-10,CH01,new,13,143,10,7
TRPSUR250810661309dd,2025-08-10,GJ01,repeated,16,147,6,8
TRPSUR2508108f703b46,2025-08-10,GJ01,repeated,11,107,7,6
TRPIND250810b3a213a8,2025-08-10,MP01,repeated,9,95,7,9
TRPKOC2508108379aff5,2025-08-10,KL01,new,38,449,9,10
TRPLUC25081073d53202,2025-08-10,UP01,repeated,5,71,6,5
TRPIND250810652eb7ac,2025-08-10,MP01,new,10,103,9,8
TRPKOC25081075c0ee47,2025-08-10,KL01,new,29,350,8,8
TRPKOC250810b30eae31,2025-08-10,KL01,new,36,427,8,9
TRPLUC2508107a3172fa,2025-08-10,UP01,repeated,8,98,5,7
TRPSUR250810dde86704,2025-08-10,GJ01,repeated,11,107,7,7
TRPKOC250810439ae4be,2025-08-10,KL01,new,30,361,8,10
TRPCHA250810d2bba2fa,2025-08-10,CH01,repeated,18,188,8,7
TRPSUR25081089a6f70b,2025-08-10,GJ01,repeated,12,115,7,6
TRPCHA25081019f85d08,2025-08-10,CH01,repeated,32,314,9,9
TRPSUR250810dee7f278,2025-08-10,GJ01,repeated,6,67,6,8
TRPJAI250810833e2262,2025-08-10,RJ01,repeated,21,289,8,9
TRPVIS250810dbcaff57,2025-08-10,AP01,new,35,342,10,10
TRPSUR250810c108acf8,2025-08-10,GJ01,repeated,16,147,7,7
TRPSUR250810a2da4b4d,2025-08-10,GJ01,new,7,75,9,7
TRPVAD250810abb0a982,2025-08-10,GJ02,new,18,162,9,6
TRPSUR250810e0f238fd,2025-08-10,GJ01,repeated,11,107,6,5
TRPCHA2508109714f992,2025-08-10,CH01,new,25,251,10,8
TRPCOI2508103b3c6657,2025-08-10,TN01,repeated,8,87,7,6
TRPJAI25081037a1d7fb,2025-08-10,RJ01,new,32,421,9,8
TRPVIS2508103de86879,2025-08-10,AP01,repeated,14,153,7,10
TRPLUC25081092c61480,2025-08-10,UP01,new,15,161,8,8
TRPKOC2508102f53eeff,2025-08-10,KL01,new,29,350,9,10
TRPJAI250810f518b2d6,2025-08-10,RJ01,new,24,325,10,10
TRPVIS25081037eecaed,2025-08-10,AP01,new,12,135,10,9
TRPLUC250810276527d5,2025-08-10,UP01,repeated,17,179,6,7
TRPVIS250810a62b8bad,2025-08-10,AP01,new,20,207,10,9
TRPSUR25081089d8e6ec,2025-08-10,GJ01,repeated,16,147,7,8
TRPMYS2508109ff7950e,2025-08-10,KA01,new,13,165,8,8
TRPLUC25081030643c21,2025-08-10,UP01,repeated,6,80,5,6
TRPJAI250810b074b8e9,2025-08-10,RJ01,new,27,361,8,8
TRPCOI2508104a1a32ef,2025-08-10,TN01,repeated,17,159,6,9
TRPIND2508106eb50e31,2025-08-10,MP01,repeated,17,159,9,8
TRPJAI250810ece2e9c6,2025-08-10,RJ01,repeated,22,301,8,8
TRPJAI2508101a3cc01b,2025-08-10,RJ01,repeated,28,373,7,9
TRPKOC2508102274c9c7,2025-08-10,KL01,repeated,29,350,8,8
TRPJAI250810cf684172,2025-08-10,RJ01,repeated,30,397,9,10
TRPJAI250810fd20702c,2025-08-10,RJ01,new,36,469,10,9
TRPLUC250810f6a8107c,2025-08-10,UP01,new,15,161,7,6
TRPCHA250810ed523629,2025-08-10,CH01,repeated,19,197,8,6
TRPJAI250810d1db5992,2025-08-10,RJ01,new,45,577,10,8
TRPIND2508102e5a1c47,2025-08-10,MP01,new,24,215,10,7
TRPJAI250810d9488ea7,2025-08-10,RJ01,repeated,29,385,7,8
TRPCOI250810225c7803,2025-08-10,TN01,new,14,135,7,7
TRPJAI25081058f903bb,2025-08-10,RJ01,new,42,541,9,9
TRPJAI25081017cf8898,2025-08-10,RJ01,new,21,289,9,8
TRPLUC250810bff593eb,2025-08-10,UP01,new,18,188,9,7
TRPLUC2508103bc293b5,2025-08-10,UP01,repeated,6,80,6,5
TRPLUC250810aab73778,2025-08-10,UP01,repeated,14,152,6,7
TRPCHA250810f581bf06,2025-08-10,CH01,new,34,332,7,8
TRPVIS25081079ddbadb,2025-08-10,AP01,repeated,20,207,8,9
TRPLUC25081098297471,2025-08-10,UP01,new,19,197,9,7
TRPIND250810ba746eae,2025-08-10,MP01,repeated,21,191,8,9
TRPLUC2508103a26cc3c,2025-08-10,UP01,new,5,71,9,7
TRPIND25081060be2107,2025-08-10,MP01,repeated,15,143,9,7
TRPIND250810d1410928,2025-08-10,MP01,repeated,24,215,6,8
TRPJAI25081026f5eda1,2025-08-10,RJ01,new,21,289,10,8
TRPLUC2508100acddadd,2025-08-10,UP01,repeated,17,179,5,5
TRPLUC2508106f241442,2025-08-10,UP01,repeated,7,89,7,6
TRPVAD250810767e313a,2025-08-10,GJ02,repeated,12,114,7,7
TRPSUR250810121a2fec,2025-08-10,GJ01,repeated,10,99,6,7
TRPCHA2508103a0248a6,2025-08-10,CH01,repeated,25,251,8,8
TRPVAD250810dfb05ee4,2025-08-10,GJ02,repeated,6,66,5,7
TRPLUC25081004d62a5a,2025-08-10,UP01,repeated,8,98,5,5
TRPCOI250810683ac27e,2025-08-10,TN01,new,20,183,10,7
TRPIND250810f00ece48,2025-08-10,MP01,repeated,12,119,7,7
TRPCOI250810ab4c04ea,2025-08-10,TN01,repeated,20,183,6,9
TRPJAI250810bcd4768b,2025-08-10,RJ01,new,19,265,8,9
TRPVAD25081076a8d337,2025-08-10,GJ02,repeated,18,162,6,5
TRPCHA250810ab75ebec,2025-08-10,CH01,repeated,31,305,9,7
TRPCHA2508107364cd2e,2025-08-10,CH01,repeated,17,179,8,7
TRPIND2508101acc346d,2025-08-10,MP01,repeated,15,143,8,9
TRPVIS250810258e1138,2025-08-10,AP01,new,13,144,10,9
TRPCHA2508104effa23a,2025-08-10,CH01,repeated,35,341,6,6
TRPMYS250810debba9c1,2025-08-10,KA01,repeated,16,195,7,9
TRPCHA250810f36a2dd5,2025-08-10,CH01,new,25,251,8,8
TRPVIS250810195ce507,2025-08-10,AP01,repeated,11,126,9,9
TRPCHA250810d606b3d4,2025-08-10,CH01,new,12,134,7,8
TRPJAI250810a5cb68d5,2025-08-10,RJ01,repeated,22,301,8,10
TRPCOI2508107efb3073,2025-08-10,TN01,new,8,87,7,9
TRPIND25081056bb3344,2025-08-10,MP01,repeated,16,151,9,6
TRPLUC250810af8e5b57,2025-08-10,UP01,new,15,161,9,6
TRPLUC2508109326cea6,2025-08-10,UP01,new,7,89,7,8
TRPLUC2508104a828185,2025-08-10,UP01,repeated,14,152,5,8
TRPLUC250810e58d0132,2025-08-10,UP01,new,20,206,7,7
TRPLUC2508102fa9f972,2025-08-10,UP01,repeated,15,161,7,5
TRPJAI250810f7ee2580,2025-08-10,RJ01,new,32,421,10,9
TRPIND2508101e387d2a,2025-08-10,MP01,new,8,87,9,7
TRPCOI2508109d6b6085,2025-08-10,TN01,new,11,111,9,7
TRPSUR2508107137baf6,2025-08-10,GJ01,repeated,6,67,5,7
TRPLUC25081007d6bf9a,2025-08-10,UP01,new,5,71,9,8
TRPCOI2508102a6586ed,2025-08-10,TN01,new,20,183,9,7
TRPCHA2508100d0d903b,2025-08-10,CH01,new,12,134,9,9
TRPVIS25081034e9d9ce,2025-08-10,AP01,repeated,15,162,7,10
TRPKOC250810c3b92770,2025-08-10,KL01,new,17,218,8,9
TRPCHA2508102e019523,2025-08-10,CH01,new,20,206,10,9
TRPCOI250810ce262874,2025-08-10,TN01,repeated,15,143,8,9
TRPJAI250810e3ba22c3,2025-08-10,RJ01,repeated,21,289,7,8
TRPJAI25081038ce1eeb,2025-08-10,RJ01,new,42,541,8,8
TRPSUR25081016bde358,2025-08-10,GJ01,repeated,10,99,5,8
TRPLUC2508109f5e0257,2025-08-10,UP01,repeated,17,179,5,7
TRPVIS250810a969f268,2025-08-10,AP01,new,13,144,10,9
TRPCHA2508107dbb270b,2025-08-10,CH01,repeated,31,305,9,8
TRPVIS250810332261df,2025-08-10,AP01,repeated,33,324,8,9
TRPVAD250810ce20663c,2025-08-10,GJ02,repeated,11,106,7,8
TRPJAI2508103cb6e615,2025-08-10,RJ01,new,34,445,10,8
TRPKOC250810aeaf14a5,2025-08-10,KL01,repeated,11,152,9,9
TRPVAD250810378b41c6,2025-08-10,GJ02,new,18,162,9,6
TRPJAI2508103d23c5db,2025-08-10,RJ01,new,17,241,9,8
TRPKOC25081032669603,2025-08-10,KL01,new,29,350,9,8
TRPJAI250810a78d8689,2025-08-10,RJ01,new,16,229,10,8
TRPJAI250810a81289c3,2025-08-10,RJ01,repeated,28,373,9,8
TRPKOC25081010704622,2025-08-10,KL01,new,29,350,8,9
TRPCHA250810b2bfffff,2025-08-10,CH01,new,29,287,7,9
TRPIND2508107fa6d28f,2025-08-10,MP01,repeated,11,111,9,6
TRPJAI2508105aff6db7,2025-08-10,RJ01,repeated,32,421,9,8
TRPVIS250810be3b3614,2025-08-10,AP01,repeated,17,180,8,10
TRPKOC25081078aa7833,2025-08-10,KL01,repeated,30,361,7,10
TRPJAI250810ea11228d,2025-08-10,RJ01,repeated,36,469,7,8
TRPIND250810975075b3,2025-08-10,MP01,new,15,143,7,7
TRPSUR250810c2b2a48b,2025-08-10,GJ01,repeated,14,131,5,8
TRPCOI25081035d07d1d,2025-08-10,TN01,repeated,10,103,7,8
TRPVAD2508107f3b1086,2025-08-10,GJ02,repeated,18,162,7,7
TRPLUC250810b1b235a3,2025-08-10,UP01,new,6,80,9,6
TRPLUC2508108004d12d,2025-08-10,UP01,repeated,8,98,7,5
TRPVIS250810625c19dc,2025-08-10,AP01,new,24,243,9,8
TRPSUR250810ecaf281f,2025-08-10,GJ01,repeated,13,123,7,6
TRPMYS250810c3c0dfa5,2025-08-10,KA01,new,20,235,8,9
TRPJAI2508101746daf2,2025-08-10,RJ01,new,19,265,9,8
TRPJAI250810c6a9f8fc,2025-08-10,RJ01,repeated,42,541,7,10
TRPVIS25081075b5581d,2025-08-10,AP01,repeated,35,342,9,8
TRPCOI2508105316def2,2025-08-10,TN01,repeated,17,159,9,7
TRPIND2508106292d78d,2025-08-10,MP01,repeated,18,167,7,6
TRPVAD250810bc079c74,2025-08-10,GJ02,new,13,122,9,7
TRPLUC2508100ee5fe1f,2025-08-10,UP01,new,7,89,9,7
TRPLUC250810f7bcef7e,2025-08-10,UP01,new,16,170,7,8
TRPCHA250810fbdaf165,2025-08-10,CH01,repeated,13,143,9,7
TRPJAI250810c72c7a73,2025-08-10,RJ01,new,28,373,9,10
TRPLUC2508101b0fdcf6,2025-08-10,UP01,repeated,12,134,5,6
TRPLUC250810fb9e171a,2025-08-10,UP01,repeated,18,188,7,5
TRPCOI250810087c6aed,2025-08-10,TN01,repeated,11,111,9,8
TRPLUC250810c495123d,2025-08-10,UP01,repeated,10,116,6,5
TRPCHA25081081ae65cf,2025-08-10,CH01,repeated,32,314,6,7
TRPCHA250810d84c3c44,2025-08-10,CH01,new,21,215,8,7
TRPVAD2508101b020c53,2025-08-10,GJ02,new,8,82,9,7
TRPLUC2508101091ec8d,2025-08-10,UP01,new,12,134,9,6
TRPMYS2508109eb6707e,2025-08-10,KA01,new,14,175,9,9
TRPSUR2508105f682646,2025-08-10,GJ01,repeated,10,99,7,7
TRPLUC2508100524a913,2025-08-10,UP01,repeated,5,71,7,7
TRPKOC250810271750ab,2025-08-10,KL01,new,31,372,10,9
TRPSUR25081076c02cc5,2025-08-10,GJ01,repeated,14,131,5,7
TRPJAI2508109055d504,2025-08-10,RJ01,new,32,421,8,8
TRPVAD2508107693d82e,2025-08-10,GJ02,repeated,13,122,7,8
TRPVAD2508101d0fe3ec,2025-08-10,GJ02,repeated,15,138,5,7
TRPVIS25081032ad0874,2025-08-10,AP01,new,22,225,9,10
TRPJAI250810f49f0cb2,2025-08-10,RJ01,new,39,505,9,9
TRPLUC250810e942e3e7,2025-08-10,UP01,repeated,12,134,5,5
TRPLUC25081097631c63,2025-08-10,UP01,repeated,7,89,6,6
TRPSUR250810a59fbe7a,2025-08-10,GJ01,new,6,67,7,7
TRPCHA250810587cb2f5,2025-08-10,CH01,repeated,12,134,7,8
TRPMYS250810fd708ef9,2025-08-10,KA01,repeated,11,145,8,9
TRPKOC2508109712db42,2025-08-10,KL01,repeated,14,185,9,8
TRPVIS2508105103fedf,2025-08-10,AP01,new,17,180,10,10
TRPLUC2508106a7aa030,2025-08-10,UP01,repeated,7,89,7,8
TRPIND250810c51acb6f,2025-08-10,MP01,repeated,9,95,6,6
TRPJAI250810e059f65d,2025-08-10,RJ01,new,20,277,9,9
TRPLUC250810354f303b,2025-08-10,UP01,repeated,15,161,5,8
TRPKOC2508103df3bbc2,2025-08-10,KL01,new,30,361,8,9
TRPLUC250810d721029d,2025-08-10,UP01,new,15,161,9,8
TRPLUC25081075026913,2025-08-10,UP01,new,16,170,9,8
TRPIND2508101fb41ad1,2025-08-10,MP01,new,24,215,9,7
TRPCOI250810de4f3920,2025-08-10,TN01,repeated,11,111,7,6
TRPCOI250810b0647b50,2025-08-10,TN01,new,12,119,7,7
TRPLUC250810d9386217,2025-08-10,UP01,repeated,17,179,5,5
TRPJAI2508102b694ba6,2025-08-10,RJ01,repeated,25,337,8,8
TRPSUR2508105802b274,2025-08-10,GJ01,repeated,14,131,5,6
TRPVAD25081086fb8050,2025-08-10,GJ02,new,11,106,9,7
TRPJAI250810e556851b,2025-08-10,RJ01,new,17,241,10,8
TRPJAI2508105759ed12,2025-08-10,RJ01,repeated,18,253,9,10
TRPLUC250810b3475c86,2025-08-10,UP01,repeated,5,71,7,6
TRPIND25081051012f4e,2025-08-10,MP01,new,25,223,8,7
TRPJAI250810e4ae7fa4,2025-08-10,RJ01,repeated,39,505,9,10
TRPLUC2508109b31b8c3,2025-08-10,UP01,new,5,71,9,7
TRPJAI25081051884858,2025-08-10,RJ01,new,36,469,9,8
TRPLUC25081063d745ee,2025-08-10,UP01,repeated,17,179,6,8
TRPLUC2508104bcd1d7b,2025-08-10,UP01,repeated,18,188,7,7
TRPJAI2508103b66310a,2025-08-10,RJ01,new,21,289,8,8
TRPIND25081025b86f62,2025-08-10,MP01,repeated,16,151,6,7
TRPVIS2508104e4d3193,2025-08-10,AP01,repeated,11,126,7,9
TRPSUR2508100f5113ad,2025-08-10,GJ01,repeated,7,75,7,7
TRPSUR25081073012f34,2025-08-10,GJ01,new,6,67,8,6
TRPSUR2508103eb0efc0,2025-08-10,GJ01,repeated,9,91,6,5
TRPLUC250810e5173460,2025-08-10,UP01,repeated,5,71,6,7
TRPJAI250810e8ff3ae8,2025-08-10,RJ01,new,32,421,9,8
TRPVIS250810e5ad539e,2025-08-10,AP01,new,24,243,9,8
TRPLUC2508107426e110,2025-08-10,UP01,repeated,16,170,5,6
TRPVAD25081008b32264,2025-08-10,GJ02,repeated,7,74,6,6
TRPSUR250810c6d2a81c,2025-08-10,GJ01,repeated,17,155,6,7
TRPLUC25081057508319,2025-08-10,UP01,repeated,6,80,5,8
TRPCHA25081018f0214b,2025-08-10,CH01,new,15,161,9,7
TRPLUC25081006269a69,2025-08-10,UP01,repeated,18,188,6,7
TRPSUR25081015117fd7,2025-08-10,GJ01,new,7,75,9,6
TRPJAI2508106f06e7a1,2025-08-10,RJ01,new,44,565,10,8
TRPIND2508101cab2fb7,2025-08-10,MP01,repeated,15,143,6,6
TRPLUC250810b864cc8a,2025-08-10,UP01,new,11,125,9,7
TRPLUC250810be73f046,2025-08-10,UP01,repeated,6,80,5,6
TRPKOC250810efd95e03,2025-08-10,KL01,repeated,20,251,9,10
TRPSUR250810460c1548,2025-08-10,GJ01,repeated,14,131,7,7
TRPIND2508105c6216db,2025-08-10,MP01,repeated,25,223,8,6
TRPLUC2508108f1dd7aa,2025-08-10,UP01,repeated,17,179,6,7
TRPSUR2508104a5122de,2025-08-10,GJ01,repeated,15,139,6,6
TRPSUR250810ea1e3505,2025-08-10,GJ01,repeated,5,59,1,3
TRPSUR2508101a7c3d1e,2025-08-10,GJ01,repeated,7,75,6,5
TRPSUR25081086ed4bda,2025-08-10,GJ01,new,10,99,7,7
TRPIND25081095350a08,2025-08-10,MP01,new,13,127,9,9
TRPIND2508102a526afc,2025-08-10,MP01,new,14,135,10,7
TRPSUR2508102b77f8a0,2025-08-10,GJ01,repeated,17,155,5,7
TRPVAD2508109c0eda04,2025-08-10,GJ02,new,12,114,7,6
TRPJAI2508101c025e7b,2025-08-10,RJ01,new,31,409,9,10
TRPCHA250810c7b95ddf,2025-08-10,CH01,repeated,28,278,8,6
TRPKOC250810fcb3dc2d,2025-08-10,KL01,new,21,262,9,9
TRPLUC250810132e7efc,2025-08-10,UP01,repeated,13,143,5,8
TRPVAD250810e8b8117e,2025-08-10,GJ02,repeated,9,90,7,7
TRPKOC2508102e89dda4,2025-08-10,KL01,new,23,284,9,8
TRPIND2508103909ee85,2025-08-10,MP01,new,10,103,9,7
TRPIND250810900a6d16,2025-08-10,MP01,repeated,8,87,8,9
TRPIND25081099741a5e,2025-08-10,MP01,new,11,111,9,8
TRPMYS2508107d5d5f6c,2025-08-10,KA01,new,21,245,10,9
TRPJAI25081074864ba4,2025-08-10,RJ01,repeated,19,265,8,10
TRPLUC2508104c33ac81,2025-08-10,UP01,repeated,17,179,7,5
TRPSUR2508105ea0b1e6,2025-08-10,GJ01,repeated,9,91,7,8
TRPCHA2508102e4d861b,2025-08-10,CH01,repeated,19,197,6,7
TRPSUR25081022661147,2025-08-10,GJ01,repeated,7,75,5,6
TRPLUC2508102d84ee41,2025-08-10,UP01,repeated,19,197,6,5
TRPCOI250810b9d95a16,2025-08-10,TN01,repeated,19,175,8,8
TRPJAI250810f6ee3bca,2025-08-10,RJ01,new,25,337,10,10
TRPCOI25081079968f2e,2025-08-10,TN01,repeated,18,167,6,9
TRPSUR2508102ea02af3,2025-08-10,GJ01,repeated,17,155,5,8
TRPCHA250810e571493e,2025-08-10,CH01,repeated,29,287,8,9
TRPLUC250810c72fb62e,2025-08-10,UP01,new,13,143,7,6
TRPJAI250810959e785d,2025-08-10,RJ01,new,39,505,8,9
TRPSUR250810579bf72e,2025-08-10,GJ01,repeated,14,131,5,5
TRPLUC25081091cff88e,2025-08-10,UP01,new,18,188,1,1
TRPCHA250810db05693e,2025-08-10,CH01,new,22,224,7,8
TRPIND2508101ffe0564,2025-08-10,MP01,repeated,14,135,6,8
TRPIND250810e6050b34,2025-08-10,MP01,repeated,25,223,6,8
TRPCHA25081012d37ffc,2025-08-10,CH01,repeated,29,287,7,6
TRPJAI25081037b864ab,2025-08-10,RJ01,new,20,277,8,9
TRPCHA250810e41a651d,2025-08-10,CH01,new,30,296,9,8
TRPMYS25081054d416a5,2025-08-10,KA01,repeated,10,135,9,10
TRPSUR250810ee886b97,2025-08-10,GJ01,repeated,15,139,6,7
TRPLUC2508103e17d451,2025-08-10,UP01,new,16,170,8,8
TRPJAI2508107bf87ba7,2025-08-10,RJ01,repeated,29,385,8,10
TRPVAD25081045e03f57,2025-08-10,GJ02,repeated,18,162,5,8
TRPSUR2508109a4e6bd7,2025-08-10,GJ01,repeated,16,147,6,6
TRPCOI2508101f48b409,2025-08-10,TN01,new,12,119,9,7
TRPCHA2508106b3dfa29,2025-08-10,CH01,new,33,323,10,8
TRPLUC2508108602e8f4,2025-08-10,UP01,repeated,13,143,5,8
TRPLUC250810c32a93f8,2025-08-10,UP01,new,6,80,9,6
TRPLUC2508106b5cdbd6,2025-08-10,UP01,repeated,18,188,7,5
TRPVAD25081046ad0456,2025-08-10,GJ02,repeated,15,138,5,8
TRPLUC25081011467ab7,2025-08-10,UP01,new,9,107,9,6
TRPJAI25081042c13a38,2025-08-10,RJ01,repeated,34,445,9,9
TRPVAD250810a418cf4b,2025-08-10,GJ02,new,6,66,9,6
TRPJAI250810f647dff5,2025-08-10,RJ01,new,41,529,8,9
TRPLUC2508107781d99d,2025-08-10,UP01,repeated,13,143,5,7
TRPSUR250810af47f561,2025-08-10,GJ01,repeated,10,99,6,5
TRPKOC25081090f1c5e7,2025-08-10,KL01,new,17,218,8,9
TRPKOC2508100aa74dfe,2025-08-10,KL01,new,35,416,8,8
TRPSUR25081040032f1a,2025-08-10,GJ01,repeated,5,59,5,7
TRPKOC250810afe179a1,2025-08-10,KL01,new,14,185,9,9
TRPJAI250810e695c6a4,2025-08-10,RJ01,new,35,457,10,9
TRPJAI2508107fcc992f,2025-08-10,RJ01,new,43,553,9,9
TRPJAI250810aee51d67,2025-08-10,RJ01,new,25,337,8,10
TRPLUC250810490e06a2,2025-08-10,UP01,repeated,17,179,6,7
TRPJAI2508104c0b8c51,2025-08-10,RJ01,new,24,325,9,9
TRPLUC250810597a594d,2025-08-10,UP01,new,11,125,9,6
TRPJAI25081020780b44,2025-08-10,RJ01,new,36,469,10,8
TRPSUR250810d224dea4,2025-08-10,GJ01,repeated,7,75,6,8
TRPLUC2508101f5b66ad,2025-08-10,UP01,repeated,15,161,5,5
TRPSUR2508106a2852c8,2025-08-10,GJ01,repeated,12,115,5,8
TRPIND25081061422ed0,2025-08-10,MP01,new,22,199,7,8
TRPCHA25081078e294ed,2025-08-10,CH01,new,35,341,10,7
TRPLUC2508106636f5b7,2025-08-10,UP01,repeated,12,134,6,6
TRPJAI2508106dc7afd8,2025-08-10,RJ01,new,31,409,10,8
TRPVAD250810b0ccea69,2025-08-10,GJ02,new,18,162,9,6
TRPLUC2508105d8a7c76,2025-08-10,UP01,repeated,5,71,7,5
TRPSUR25081042f6aad3,2025-08-10,GJ01,repeated,12,115,6,8
TRPJAI25081038e02b01,2025-08-10,RJ01,new,20,277,10,9
TRPVAD2508109578ba16,2025-08-10,GJ02,repeated,16,146,7,6
TRPMYS25081061c5ea37,2025-08-10,KA01,repeated,17,205,8,8
TRPVAD2508105c0bf31d,2025-08-10,GJ02,new,6,66,7,6
TRPCHA2508101453edb2,2025-08-10,CH01,repeated,32,314,9,9
TRPSUR250810a4f62f2a,2025-08-10,GJ01,repeated,12,115,5,8
TRPIND2508107b37b82a,2025-08-10,MP01,new,8,87,7,8
TRPIND2508103b012649,2025-08-10,MP01,new,23,207,8,7
TRPLUC250810b80c67ad,2025-08-10,UP01,repeated,7,89,6,7
TRPIND25081062c0112d,2025-08-10,MP01,new,13,127,10,8
TRPJAI250810d62d5acc,2025-08-10,RJ01,new,27,361,10,10
TRPLUC2508106fe79b06,2025-08-10,UP01,new,13,143,9,7
TRPKOC2508106bd94020,2025-08-10,KL01,repeated,36,427,9,8
TRPSUR250810cc1ff5ce,2025-08-10,GJ01,new,17,155,7,7
TRPLUC2508104e2b0130,2025-08-10,UP01,repeated,9,107,5,8
TRPJAI250810cd44d384,2025-08-10,RJ01,new,18,253,8,9
TRPIND2508102200e3b0,2025-08-10,MP01,repeated,18,167,8,8
TRPLUC2508107cc24f06,2025-08-10,UP01,repeated,15,161,5,8
TRPJAI25081037326889,2025-08-10,RJ01,repeated,36,469,7,10
TRPLUC25081080a028fa,2025-08-10,UP01,repeated,17,179,6,5
TRPSUR250810837bfa04,2025-08-10,GJ01,repeated,11,107,6,6
TRPLUC2508101c812b96,2025-08-10,UP01,repeated,19,197,7,7
TRPJAI250810bb3b3ec7,2025-08-10,RJ01,new,38,493,10,10
TRPCHA2508100bafff2d,2025-08-10,CH01,repeated,14,152,9,6
TRPJAI250810fbe5506d,2025-08-10,RJ01,repeated,43,553,8,8
TRPCOI2508107b478c07,2025-08-10,TN01,new,20,183,10,8
TRPJAI2508106cb212da,2025-08-10,RJ01,new,23,313,10,9
TRPLUC250810d60f07ff,2025-08-10,UP01,repeated,9,107,5,8
TRPMYS2508109a0066a0,2025-08-10,KA01,new,15,185,10,9
TRPVIS250810ae164e99,2025-08-10,AP01,repeated,30,297,8,10
TRPCHA2508107d27118f,2025-08-10,CH01,new,30,296,9,7
TRPCHA250810f11df166,2025-08-10,CH01,repeated,14,152,8,6
TRPLUC2508102aafbb14,2025-08-10,UP01,repeated,7,89,7,6
TRPLUC2508109e43eb71,2025-08-10,UP01,new,19,197,9,7
TRPLUC250810eef67447,2025-08-10,UP01,new,19,197,7,8
TRPLUC250810127825cd,2025-08-10,UP01,repeated,12,134,5,5
TRPLUC250810c75a9868,2025-08-10,UP01,new,18,188,7,6
TRPSUR250810c98edc6f,2025-08-10,GJ01,repeated,15,139,7,6
TRPCOI2508104477be2f,2025-08-10,TN01,new,22,199,7,8
TRPVAD25081092003f17,2025-08-10,GJ02,repeated,7,74,6,7
TRPKOC250810fe8202bb,2025-08-10,KL01,repeated,22,273,8,9
TRPKOC2508107748ec95,2025-08-10,KL01,repeated,31,372,8,8
TRPIND2508107e87ac48,2025-08-10,MP01,repeated,22,199,7,8
TRPSUR2508103b5ca93f,2025-08-10,GJ01,repeated,13,123,5,5
TRPCHA2508104f4bfaba,2025-08-10,CH01,repeated,30,296,9,9
TRPKOC2508101f5f972c,2025-08-10,KL01,new,30,361,9,8
TRPCHA2508103e5a664d,2025-08-10,CH01,new,19,197,7,7
TRPKOC2508103d587c0c,2025-08-10,KL01,repeated,22,273,8,9
TRPMYS2508102d107eff,2025-08-10,KA01,new,8,115,9,8
TRPIND25081092db3953,2025-08-10,MP01,repeated,19,175,8,6
TRPCHA250810bfa491fa,2025-08-10,CH01,repeated,30,296,7,6
TRPCHA2508104bdbb5be,2025-08-10,CH01,repeated,35,341,8,6
TRPSUR25081086387dcc,2025-08-10,GJ01,repeated,8,83,5,8
TRPVIS250810eee958bd,2025-08-10,AP01,repeated,34,333,8,9
TRPSUR250810c1337994,2025-08-10,GJ01,repeated,17,155,6,5
TRPIND250810bf90ccb1,2025-08-10,MP01,new,25,223,8,7
TRPVIS2508108aad70a8,2025-08-10,AP01,new,26,261,9,9
TRPCOI25081054b1f6e0,2025-08-10,TN01,new,22,199,10,7
TRPSUR2508103ba40422,2025-08-10,GJ01,repeated,10,99,5,6
TRPLUC250810071f5084,2025-08-10,UP01,repeated,19,197,5,5
TRPKOC250810a613747f,2025-08-10,KL01,repeated,15,196,9,8
TRPLUC25081006e91a37,2025-08-10,UP01,repeated,7,89,5,7
TRPVAD250810d8ff3eb8,2025-08-10,GJ02,repeated,17,154,5,8
TRPVIS2508106dae6a73,2025-08-10,AP01,new,32,315,8,8
TRPJAI25081026d121a0,2025-08-10,RJ01,new,34,445,9,8
TRPSUR250810daa43030,2025-08-10,GJ01,repeated,7,75,5,7
TRPLUC2508107fc6d717,2025-08-10,UP01,repeated,8,98,5,6
TRPJAI2508107c88c120,2025-08-10,RJ01,repeated,23,313,8,8
TRPCHA2508108c1c72c9,2025-08-10,CH01,new,29,287,7,8
TRPJAI2508105f82a168,2025-08-10,RJ01,new,17,241,10,10
TRPVIS250810b46ecd87,2025-08-10,AP01,repeated,16,171,9,8
TRPLUC250810b31339dc,2025-08-10,UP01,repeated,14,152,7,6
TRPVAD2508107538f775,2025-08-10,GJ02,new,11,106,7,6
TRPKOC2508102cacee20,2025-08-10,KL01,repeated,19,240,9,9
TRPVIS25081014214986,2025-08-10,AP01,new,23,234,8,8
TRPCHA2508100c777240,2025-08-10,CH01,repeated,31,305,6,9
TRPVAD25081042013483,2025-08-10,GJ02,new,5,58,7,8
TRPSUR250810ac8fb469,2025-08-10,GJ01,new,16,147,9,7
TRPKOC250810c2d707fb,2025-08-10,KL01,repeated,29,350,9,10
TRPSUR2508108eac53cd,2025-08-10,GJ01,new,12,115,7,8
TRPJAI25081099090539,2025-08-10,RJ01,new,43,553,8,10
TRPKOC250810fb06daac,2025-08-10,KL01,new,34,405,8,8
TRPLUC250810d78b14c5,2025-08-10,UP01,repeated,17,179,7,5
TRPSUR250810981190f6,2025-08-10,GJ01,repeated,10,99,6,5
TRPCHA250810fc519dc3,2025-08-10,CH01,repeated,21,215,7,8
TRPKOC25081043758b6f,2025-08-10,KL01,repeated,23,284,9,9
TRPKOC25081057befa63,2025-08-10,KL01,new,21,262,9,8
TRPLUC250810588c055b,2025-08-10,UP01,repeated,13,143,7,8
TRPSUR250810a059151b,2025-08-10,GJ01,new,14,131,9,8
TRPSUR250810cd8a0cf6,2025-08-10,GJ01,repeated,14,131,6,7
TRPLUC250810c0681e7c,2025-08-10,UP01,repeated,11,125,6,7
TRPVAD250810188180a7,2025-08-10,GJ02,repeated,17,154,5,5
TRPSUR25081007c7886d,2025-08-10,GJ01,new,15,139,7,6
TRPVAD25081024f5f7ef,2025-08-10,GJ02,new,14,130,9,8
TRPJAI250810dd4c7edb,2025-08-10,RJ01,new,25,337,9,10
TRPCHA250810f5cbf8ed,2025-08-10,CH01,repeated,33,323,7,6
TRPJAI250810f54ec3b2,2025-08-10,RJ01,new,35,457,9,8
TRPLUC250810f4db9805,2025-08-10,UP01,repeated,20,206,6,5
TRPJAI25081004e5e8eb,2025-08-10,RJ01,new,26,349,10,8
TRPCOI25081048c5641b,2025-08-10,TN01,repeated,13,127,6,8
TRPJAI25081039673189,2025-08-10,RJ01,new,32,421,9,8
TRPVAD2508109bed7f34,2025-08-10,GJ02,repeated,9,90,7,6
TRPLUC250810ee97cb2e,2025-08-10,UP01,repeated,6,80,5,8
TRPVAD25081062763828,2025-08-10,GJ02,repeated,11,106,7,8
TRPLUC250810d76fd3eb,2025-08-10,UP01,new,6,80,9,6
TRPKOC25081085e3b2b8,2025-08-10,KL01,repeated,29,350,7,8
TRPKOC250810245fa29b,2025-08-10,KL01,new,29,350,8,9
TRPIND25081090dc8ba6,2025-08-10,MP01,repeated,22,199,6,6
TRPVIS250810695d186a,2025-08-10,AP01,new,13,144,10,8
TRPSUR25081081ddf90b,2025-08-10,GJ01,repeated,17,155,5,6
TRPSUR250810224d0b04,2025-08-10,GJ01,new,14,131,9,8
TRPVAD250810d292aacd,2025-08-10,GJ02,repeated,16,146,7,7
TRPIND250810afd73ae0,2025-08-10,MP01,new,22,199,10,8
TRPMYS25081098224c9f,2025-08-10,KA01,new,11,145,8,10
TRPCHA25081078ae47e0,2025-08-10,CH01,repeated,12,134,6,7
TRPMYS250810a62080e5,2025-08-10,KA01,new,10,135,8,8
TRPIND25081050ea6f3b,2025-08-10,MP01,repeated,9,95,8,6
TRPLUC250810f82131b6,2025-08-10,UP01,repeated,12,134,7,5
TRPSUR25081090c1b9f5,2025-08-10,GJ01,repeated,10,99,5,6
TRPJAI25081092ccf450,2025-08-10,RJ01,new,24,325,9,8
TRPJAI2508104850f330,2025-08-10,RJ01,repeated,31,409,9,9
TRPMYS2508102fc11b1e,2025-08-10,KA01,new,15,185,9,8
TRPLUC250810ff37f624,2025-08-10,UP01,repeated,6,80,7,5
TRPCHA2508104e6cdcc6,2025-08-10,CH01,new,24,242,7,7
TRPVAD25081071c916fe,2025-08-10,GJ02,repeated,10,98,5,6
TRPJAI250810bb81f522,2025-08-10,RJ01,repeated,30,397,9,8
TRPVAD2508106684b6b4,2025-08-10,GJ02,new,9,90,9,7
TRPIND250810ba6bb0e3,2025-08-10,MP01,repeated,9,95,6,8
TRPLUC2508108008201e,2025-08-10,UP01,repeated,14,152,7,5
TRPSUR250810035cb8a0,2025-08-10,GJ01,repeated,16,147,7,5
TRPSUR25081074e48dae,2025-08-10,GJ01,repeated,10,99,5,8
TRPSUR250810fb81ff4c,2025-08-10,GJ01,repeated,17,155,5,6
TRPJAI250810b626e9a4,2025-08-10,RJ01,new,21,289,9,10
TRPLUC250810ebe37b64,2025-08-10,UP01,repeated,6,80,6,7
TRPJAI25081015c7557e,2025-08-10,RJ01,repeated,38,493,8,10
TRPVIS250810d817b02f,2025-08-10,AP01,new,27,270,10,10
TRPCHA25081037045834,2025-08-10,CH01,new,33,323,10,9
TRPLUC2508108fca83e8,2025-08-10,UP01,repeated,15,161,6,7
TRPLUC2508109c20a59b,2025-08-10,UP01,repeated,13,143,5,6
TRPVIS250810f862a91f,2025-08-10,AP01,new,20,207,9,10
TRPLUC2508104b636a51,2025-08-10,UP01,repeated,20,206,7,5
TRPLUC250810627cb4f1,2025-08-10,UP01,repeated,10,116,7,8
TRPCOI250810308f75a5,2025-08-10,TN01,new,12,119,9,7
TRPVIS25081006b49390,2025-08-10,AP01,repeated,22,225,9,8
TRPIND250810cd694e2f,2025-08-10,MP01,repeated,12,119,8,6
TRPLUC250810bea4fb3c,2025-08-10,UP01,repeated,8,98,6,6
TRPIND2508109b68645c,2025-08-10,MP01,repeated,18,167,8,6
TRPVAD25081067fe3065,2025-08-10,GJ02,repeated,11,106,5,7
TRPCHA2508101b686363,2025-08-10,CH01,new,22,224,8,7
TRPLUC250810d603a2cf,2025-08-10,UP01,new,18,188,9,8
TRPCOI250810a743fe56,2025-08-10,TN01,repeated,15,143,9,6
TRPCOI2508107ec55bc1,2025-08-10,TN01,repeated,11,111,7,7
TRPJAI2508106d9efc68,2025-08-10,RJ01,repeated,17,241,7,9
TRPSUR250810ba6f5138,2025-08-10,GJ01,repeated,9,91,5,5
TRPSUR25081005526792,2025-08-10,GJ01,repeated,12,115,6,7
TRPLUC250810663e7f63,2025-08-10,UP01,new,16,170,7,6
TRPVIS2508102855c345,2025-08-10,AP01,new,14,153,9,8
TRPLUC250810efe0a3a0,2025-08-10,UP01,repeated,12,134,7,8
TRPLUC2508102a761a5d,2025-08-10,UP01,repeated,8,98,5,7
TRPJAI250810f35ba318,2025-08-10,RJ01,new,17,241,10,8
TRPJAI250810c0483e76,2025-08-10,RJ01,repeated,45,577,9,10
TRPCHA250810bec7875d,2025-08-10,CH01,new,29,287,8,7
TRPVIS250810901bef97,2025-08-10,AP01,repeated,17,180,7,8
TRPKOC25081057dd2ad9,2025-08-10,KL01,repeated,21,262,8,9
TRPLUC25081033ab9623,2025-08-10,UP01,repeated,18,188,6,8
TRPKOC25081099e2e49c,2025-08-10,KL01,new,26,317,10,9
TRPJAI250810eae163b8,2025-08-10,RJ01,new,18,253,9,8
TRPCHA25081090288dce,2025-08-10,CH01,repeated,23,233,9,9
TRPJAI2508109ae586bd,2025-08-10,RJ01,new,37,481,9,9
TRPJAI250810d0cf6cb0,2025-08-10,RJ01,new,23,313,8,10
TRPSUR250810691a5d60,2025-08-10,GJ01,new,10,99,9,8
TRPJAI25081074c6ff68,2025-08-10,RJ01,repeated,42,541,8,9
TRPCHA250810daab8bad,2025-08-10,CH01,new,15,161,10,9
TRPLUC2508106ea96e3f,2025-08-10,UP01,repeated,19,197,5,5
TRPVAD2508109c6b0662,2025-08-10,GJ02,repeated,14,130,6,6
TRPVAD250810bf6ce0ad,2025-08-10,GJ02,new,10,98,9,8
TRPJAI25081054c93e67,2025-08-10,RJ01,new,35,457,10,8
TRPKOC250810efbf5146,2025-08-10,KL01,repeated,34,405,8,10
TRPSUR2508104c13acbf,2025-08-10,GJ01,repeated,9,91,5,8
TRPSUR2508106534f7b5,2025-08-10,GJ01,repeated,12,115,7,8
TRPLUC2508108d48945a,2025-08-10,UP01,repeated,15,161,6,8
TRPLUC25081082616a7e,2025-08-10,UP01,repeated,13,143,5,7
TRPSUR25081075c8dd21,2025-08-10,GJ01,repeated,7,75,7,8
TRPJAI2508109441ea00,2025-08-10,RJ01,repeated,45,577,9,9
TRPKOC2508103fa20858,2025-08-10,KL01,new,17,218,10,9
TRPVAD250810951e860d,2025-08-10,GJ02,new,6,66,7,6
TRPCHA250810b1824ba1,2025-08-10,CH01,repeated,29,287,8,6
TRPSUR250810868bac4a,2025-08-10,GJ01,repeated,11,107,5,8
TRPMYS2508103b2036ce,2025-08-10,KA01,new,10,135,10,8
TRPLUC250810110e0f2d,2025-08-10,UP01,repeated,6,80,6,7
TRPSUR2508106b86fd1c,2025-08-10,GJ01,new,13,123,8,6
TRPLUC250810161697cd,2025-08-10,UP01,repeated,18,188,7,5
TRPLUC2508108745a6f6,2025-08-10,UP01,new,12,134,7,6
TRPLUC2508101a5d5f8c,2025-08-10,UP01,repeated,20,206,6,7
TRPJAI250810bb16b67d,2025-08-10,RJ01,repeated,23,313,7,10
TRPKOC250810691688b6,2025-08-10,KL01,new,33,394,9,9
TRPLUC2508109b8c0d55,2025-08-10,UP01,repeated,15,161,7,7
TRPSUR2508104ed4b2bc,2025-08-10,GJ01,repeated,17,155,6,5
TRPLUC25081022e8184c,2025-08-10,UP01,new,8,98,8,8
TRPVIS2508107cadeac3,2025-08-10,AP01,repeated,10,117,8,9
TRPJAI2508108328e2de,2025-08-10,RJ01,new,28,373,8,9
TRPJAI25081062a0c277,2025-08-10,RJ01,new,15,217,8,8
TRPVIS250810a59a41c4,2025-08-10,AP01,new,26,261,10,10
TRPCHA25081052cae272,2025-08-10,CH01,repeated,31,305,9,6
TRPCHA2508109b965768,2025-08-10,CH01,repeated,28,278,7,9
TRPLUC2508109d274ca7,2025-08-10,UP01,new,10,116,9,8
TRPVAD250810643cf19e,2025-08-10,GJ02,repeated,16,146,7,8
TRPSUR250810869e65fc,2025-08-10,GJ01,repeated,11,107,6,5
TRPSUR250810b91623b2,2025-08-10,GJ01,repeated,16,147,5,5
TRPCOI2508107c27734e,2025-08-10,TN01,new,18,167,10,8
TRPLUC25081078359f7e,2025-08-10,UP01,repeated,7,89,7,8
TRPLUC25081055e8634a,2025-08-10,UP01,new,8,98,8,6
TRPKOC250810e6469ed1,2025-08-10,KL01,new,38,449,9,9
TRPLUC250810fa4ff641,2025-08-10,UP01,repeated,20,206,5,5
TRPSUR250810916d5197,2025-08-10,GJ01,new,16,147,7,7
TRPLUC2508107413ece8,2025-08-10,UP01,repeated,13,143,6,8
TRPMYS250810cbcc74ef,2025-08-10,KA01,repeated,11,145,7,9
TRPLUC2508103907bceb,2025-08-10,UP01,repeated,13,143,5,5
TRPJAI25081042311797,2025-08-10,RJ01,repeated,22,301,7,9
TRPKOC25081028ba5c9f,2025-08-10,KL01,new,29,350,9,8
TRPLUC250810fbe6b0d6,2025-08-10,UP01,repeated,12,134,7,7
TRPJAI250810b2664899,2025-08-10,RJ01,new,28,373,10,8
TRPJAI25081074284e38,2025-08-10,RJ01,new,35,457,9,8
TRPLUC2508103ff59ec7,2025-08-10,UP01,repeated,12,134,5,8
TRPLUC2508108830b847,2025-08-10,UP01,repeated,10,116,5,7
TRPCHA250810fce5a3a8,2025-08-10,CH01,new,25,251,9,9
TRPIND250810112aceef,2025-08-10,MP01,repeated,17,159,7,9
TRPSUR2508100cfe6233,2025-08-10,GJ01,new,7,75,9,8
TRPLUC2508103462fe04,2025-08-10,UP01,repeated,11,125,7,5
TRPJAI25081052239b30,2025-08-10,RJ01,repeated,29,385,7,9
TRPKOC25081058b06771,2025-08-10,KL01,new,12,163,10,8
TRPSUR2508109fcd3615,2025-08-10,GJ01,repeated,12,115,5,5
TRPIND250810b44bb800,2025-08-10,MP01,repeated,20,183,7,9
TRPJAI25081045b735be,2025-08-10,RJ01,repeated,20,277,9,9
TRPJAI2508100201eefe,2025-08-10,RJ01,repeated,44,565,7,8
TRPKOC25081054fa1a2e,2025-08-10,KL01,new,33,394,9,9
TRPJAI25081088f13d93,2025-08-10,RJ01,new,33,433,8,9
TRPJAI25081004ca4884,2025-08-10,RJ01,new,44,565,8,9
TRPMYS25081022f130b2,2025-08-10,KA01,repeated,23,265,7,10
TRPCHA250810268f3bf3,2025-08-10,CH01,repeated,31,305,7,8
TRPLUC2508103869305a,2025-08-10,UP01,repeated,14,152,5,6
TRPLUC250810a047b1cb,2025-08-10,UP01,repeated,12,134,6,6
TRPJAI250810a9f0881c,2025-08-10,RJ01,repeated,19,265,8,9
TRPJAI25081031206f7c,2025-08-10,RJ01,repeated,32,421,7,8
TRPSUR250810a9a7a544,2025-08-10,GJ01,repeated,12,115,7,8
TRPKOC2508107269ef23,2025-08-10,KL01,repeated,13,174,7,10
TRPJAI25081095c91869,2025-08-10,RJ01,repeated,28,373,7,10
TRPSUR2508103076f016,2025-08-10,GJ01,repeated,17,155,5,7
TRPLUC2508108d03738d,2025-08-10,UP01,repeated,9,107,6,7
TRPIND25081018973174,2025-08-10,MP01,new,19,175,8,7
TRPLUC2508108e70d81c,2025-08-10,UP01,new,15,161,7,7
TRPLUC250810a8520873,2025-08-10,UP01,new,8,98,7,8
TRPSUR2508104e6c52ed,2025-08-10,GJ01,new,15,139,8,8
TRPVAD2508104bd00e63,2025-08-10,GJ02,repeated,17,154,5,8
TRPMYS2508102343397d,2025-08-10,KA01,new,10,135,8,9
TRPIND250810ea9e9172,2025-08-10,MP01,new,22,199,9,8
TRPJAI250810e2903195,2025-08-10,RJ01,repeated,17,241,9,10
TRPVIS25081013213d8b,2025-08-10,AP01,repeated,30,297,9,10
TRPCHA2508102fe8ba19,2025-08-10,CH01,new,30,296,10,8
TRPLUC250810a564371d,2025-08-10,UP01,repeated,16,170,5,8
TRPSUR2508109e8b3dab,2025-08-10,GJ01,repeated,12,115,6,8
TRPCOI2508107cd95364,2025-08-10,TN01,new,12,119,10,9
TRPJAI250810c75b3016,2025-08-10,RJ01,new,27,361,10,9
TRPSUR2508106206aa18,2025-08-10,GJ01,repeated,5,59,7,6
TRPLUC250810b0726b09,2025-08-10,UP01,repeated,16,170,7,6
TRPJAI250810e13099c7,2025-08-10,RJ01,new,24,325,8,8
TRPIND250810fdeaec85,2025-08-10,MP01,repeated,20,183,6,6
TRPLUC2508105758ef5f,2025-08-10,UP01,new,8,98,7,7
TRPVIS2508101aeb1bb6,2025-08-10,AP01,repeated,35,342,9,9
TRPJAI2508100b94b246,2025-08-10,RJ01,new,45,577,10,9
TRPVAD25081079c5bc0e,2025-08-10,GJ02,repeated,14,130,5,7
TRPCHA2508102edfad17,2025-08-10,CH01,repeated,15,161,8,6
TRPKOC250810d52cb233,2025-08-10,KL01,new,35,416,9,10
TRPVAD250810bd8a0961,2025-08-10,GJ02,repeated,17,154,7,8
TRPVAD2508102f2ed552,2025-08-10,GJ02,new,11,106,9,6
TRPLUC2508103451d972,2025-08-10,UP01,repeated,13,143,6,5
TRPLUC25081055d594cc,2025-08-10,UP01,new,17,179,7,7
TRPLUC250810555b7faf,2025-08-10,UP01,repeated,19,197,5,6
TRPVIS250810e73cba0e,2025-08-10,AP01,repeated,21,216,8,10
TRPJAI250810738f28b4,2025-08-10,RJ01,new,42,541,10,8
TRPLUC250810a2f1452e,2025-08-10,UP01,new,9,107,9,8
TRPLUC25081091ae995b,2025-08-10,UP01,new,6,80,9,7
TRPSUR250810ebf33ca4,2025-08-10,GJ01,repeated,5,59,5,5
TRPLUC250810eacdfa37,2025-08-10,UP01,repeated,19,197,6,5
TRPLUC2508106772e876,2025-08-10,UP01,repeated,16,170,5,7
TRPJAI250810b0b3c1bb,2025-08-10,RJ01,repeated,25,337,8,8
TRPSUR25081072355d6e,2025-08-10,GJ01,repeated,17,155,5,8
TRPJAI25081098068db0,2025-08-10,RJ01,repeated,23,313,8,8
TRPIND25081031fef667,2025-08-10,MP01,new,8,87,7,7
TRPLUC25081054d2e524,2025-08-10,UP01,repeated,7,89,6,6
TRPVIS2508107f1ee599,2025-08-10,AP01,repeated,31,306,9,9
TRPVAD25081071d85632,2025-08-10,GJ02,repeated,5,58,7,5
TRPLUC25081057ec2afc,2025-08-10,UP01,new,10,116,9,6
TRPJAI250810a5f8815e,2025-08-10,RJ01,repeated,17,241,7,9
TRPKOC250810fb334f70,2025-08-10,KL01,new,33,394,8,10
TRPLUC25081037b27e3f,2025-08-10,UP01,repeated,16,170,5,7
TRPIND2508104fa8ae51,2025-08-10,MP01,repeated,24,215,7,7
TRPLUC250810b6460b78,2025-08-10,UP01,repeated,20,206,6,8
TRPJAI2508100cd16340,2025-08-10,RJ01,new,31,409,8,8
TRPJAI250810743a491d,2025-08-10,RJ01,repeated,35,457,7,8
TRPVAD2508109c3c8dfa,2025-08-10,GJ02,new,9,90,9,8
TRPCHA25081004ff44cf,2025-08-10,CH01,repeated,17,179,8,9
TRPJAI250810ae31c802,2025-08-10,RJ01,repeated,39,505,8,10
TRPJAI250810c38239bf,2025-08-10,RJ01,new,45,577,9,9
TRPSUR250810fcc567d9,2025-08-10,GJ01,repeated,14,131,5,7
TRPLUC250810f3a0e666,2025-08-10,UP01,new,7,89,9,8
TRPCHA250810d4160a73,2025-08-10,CH01,repeated,35,341,6,8
TRPCOI250810b8c94962,2025-08-10,TN01,repeated,10,103,6,9
TRPLUC25081097d29e0f,2025-08-10,UP01,repeated,19,197,5,6
TRPJAI250810db99fcb8,2025-08-10,RJ01,new,43,553,8,9
TRPLUC250810a2351ed0,2025-08-10,UP01,repeated,11,125,6,7
TRPVAD2508105b953392,2025-08-10,GJ02,repeated,5,58,7,7
TRPCOI2508106f17cf55,2025-08-10,TN01,new,13,127,10,9
TRPLUC25081077a2b3eb,2025-08-10,UP01,repeated,20,206,5,7
TRPIND250810e9ed4972,2025-08-10,MP01,repeated,13,127,7,9
TRPCOI250810e436991d,2025-08-10,TN01,repeated,22,199,9,7
TRPJAI2508103bb96700,2025-08-10,RJ01,new,33,433,10,9
TRPJAI250810e9947745,2025-08-10,RJ01,new,22,301,10,9
TRPCOI2508102e21beee,2025-08-10,TN01,repeated,15,143,7,7
TRPCOI250810e4863812,2025-08-10,TN01,new,15,143,7,7
TRPJAI2508104dc05e73,2025-08-10,RJ01,new,15,217,8,9
TRPLUC250810e8db8e61,2025-08-10,UP01,new,9,107,8,8
TRPLUC25081084357632,2025-08-10,UP01,repeated,13,143,5,5
TRPVAD250810e33cdaea,2025-08-10,GJ02,new,11,106,8,7
TRPCHA250810a1c39ce2,2025-08-10,CH01,repeated,25,251,6,9
TRPLUC2508105a3c5af1,2025-08-10,UP01,repeated,13,143,6,5
TRPCHA25081003b4b606,2025-08-10,CH01,new,17,179,9,7
TRPCOI2508107c7bf4b3,2025-08-10,TN01,new,22,199,8,8
TRPVAD250810b70f52b3,2025-08-10,GJ02,repeated,16,146,5,6
TRPVAD2508104a828e73,2025-08-10,GJ02,repeated,8,82,7,8
TRPJAI250810ea3e711b,2025-08-10,RJ01,new,20,277,10,10
TRPSUR2508108d096282,2025-08-10,GJ01,repeated,12,115,5,6
TRPJAI2508106d31630f,2025-08-10,RJ01,new,42,541,10,8
TRPLUC250810315ef803,2025-08-10,UP01,repeated,19,197,7,8
TRPVIS2508104ae01506,2025-08-10,AP01,new,30,297,10,9
TRPIND250810296950f1,2025-08-10,MP01,repeated,25,223,9,6
TRPJAI25081091f1bbf6,2025-08-10,RJ01,new,18,253,8,10
TRPLUC250810abbfb080,2025-08-10,UP01,repeated,5,71,6,5
TRPMYS25081036a42b07,2025-08-10,KA01,new,12,155,9,8
TRPLUC2508100c0ee0c4,2025-08-10,UP01,repeated,12,134,7,6
TRPKOC250810b5b7d64c,2025-08-10,KL01,new,13,174,8,10
TRPLUC25081005c254ad,2025-08-10,UP01,repeated,16,170,7,7
TRPLUC250810a009217e,2025-08-10,UP01,repeated,8,98,7,6
TRPSUR2508103812080d,2025-08-10,GJ01,repeated,13,123,5,7
TRPVAD2508101719f7a1,2025-08-10,GJ02,new,7,74,7,7
TRPIND2508100b693dac,2025-08-10,MP01,repeated,21,191,9,6
TRPSUR250810d435f632,2025-08-10,GJ01,repeated,5,59,5,5
TRPCOI250810e3f0d9a1,2025-08-10,TN01,repeated,19,175,9,6
TRPJAI250810d2bb063b,2025-08-10,RJ01,repeated,45,577,9,8
TRPLUC250810bc5d14bd,2025-08-10,UP01,repeated,17,179,6,6
TRPSUR2508101de74f2f,2025-08-10,GJ01,repeated,17,155,5,5
TRPLUC25081006ee0b38,2025-08-10,UP01,repeated,8,98,7,6
TRPJAI250810e5c0a133,2025-08-10,RJ01,repeated,43,553,8,9
TRPIND2508101a8b868a,2025-08-10,MP01,new,11,111,7,8
TRPJAI250810bde6a97d,2025-08-10,RJ01,new,23,313,10,10
TRPJAI25081022adb301,2025-08-10,RJ01,new,37,481,8,10
TRPSUR2508105a151ebf,2025-08-10,GJ01,repeated,13,123,6,8
TRPLUC2508107b11a290,2025-08-10,UP01,repeated,7,89,5,7
TRPSUR2508107152143b,2025-08-10,GJ01,repeated,16,147,6,7
TRPMYS250810995032fb,2025-08-10,KA01,repeated,12,155,7,8
TRPJAI250810206536f7,2025-08-10,RJ01,new,26,349,9,9
TRPSUR250810fd6370c6,2025-08-10,GJ01,repeated,17,155,5,7
TRPJAI2508105e9e159e,2025-08-10,RJ01,new,17,241,10,8
TRPVIS2508107f9cd267,2025-08-10,AP01,new,24,243,10,10
TRPJAI250810313e2f09,2025-08-10,RJ01,repeated,45,577,9,10
TRPKOC25081003529991,2025-08-10,KL01,new,18,229,10,8
TRPJAI2508100e645568,2025-08-10,RJ01,repeated,22,301,9,10
TRPJAI250810e1c7eee5,2025-08-10,RJ01,new,31,409,9,8
TRPVAD25081074c4ed2c,2025-08-10,GJ02,repeated,11,106,6,7
TRPLUC2508107568cf6b,2025-08-10,UP01,repeated,11,125,6,7
TRPJAI2508104b8ae1a8,2025-08-10,RJ01,repeated,27,361,7,9
TRPMYS250810e2fc3eaf,2025-08-10,KA01,repeated,12,155,7,8
TRPKOC250810f9fc1b95,2025-08-10,KL01,new,27,328,9,9
TRPVIS2508101e034757,2025-08-10,AP01,new,24,243,10,10
TRPKOC250810d74953ae,2025-08-10,KL01,repeated,11,152,7,8
TRPJAI2508107391cd6b,2025-08-10,RJ01,repeated,40,517,7,8
TRPCHA250810c1c635fe,2025-08-10,CH01,repeated,25,251,7,9
TRPCHA250810ebca779d,2025-08-10,CH01,repeated,13,143,9,7
TRPCOI2508107ecec425,2025-08-10,TN01,new,8,87,9,9
TRPVAD2508106ae04f5d,2025-08-10,GJ02,new,5,58,8,6
TRPJAI2508109d17489c,2025-08-10,RJ01,new,25,337,8,10
TRPCHA25081064149b6d,2025-08-10,CH01,new,18,188,10,7
TRPIND2508107f04a3b3,2025-08-10,MP01,repeated,11,111,8,6
TRPLUC25081081a8ea30,2025-08-10,UP01,repeated,9,107,5,8
TRPSUR25081037e8f3f8,2025-08-10,GJ01,new,17,155,8,6
TRPSUR250810b2f4c8f9,2025-08-10,GJ01,repeated,7,75,6,6
TRPJAI2508105ad54284,2025-08-10,RJ01,repeated,34,445,7,9
TRPIND25081098a00841,2025-08-10,MP01,new,8,87,10,9
TRPIND250810545ba8c6,2025-08-10,MP01,repeated,22,199,8,7
TRPCHA2508107a34de6b,2025-08-10,CH01,repeated,23,233,8,7
TRPCOI2508100c82cd86,2025-08-10,TN01,repeated,9,95,8,6
TRPSUR250810bb29565f,2025-08-10,GJ01,repeated,7,75,7,6
TRPLUC250810dfbfd9f5,2025-08-10,UP01,repeated,12,134,5,5
TRPKOC250810b9e0cca4,2025-08-10,KL01,repeated,34,405,9,8
TRPKOC250810d45e59f1,2025-08-10,KL01,repeated,36,427,7,8
TRPIND2508100f1b2dc3,2025-08-10,MP01,new,18,167,8,9
TRPLUC25081055d5e672,2025-08-10,UP01,repeated,7,89,5,5
TRPSUR250810aaea1640,2025-08-10,GJ01,new,15,139,9,6
TRPVIS25081096a289f0,2025-08-10,AP01,repeated,35,342,8,9
TRPJAI250810fdda1093,2025-08-10,RJ01,new,24,325,9,9
TRPJAI25081058ec7677,2025-08-10,RJ01,new,30,397,10,8
TRPVIS25081033482c6c,2025-08-10,AP01,repeated,12,135,7,10
TRPIND25081047d505f5,2025-08-10,MP01,repeated,12,119,7,8
TRPVAD250810833ec0df,2025-08-10,GJ02,new,15,138,8,6
TRPJAI250810e62b310f,2025-08-10,RJ01,new,18,253,10,9
TRPLUC250810592d93fa,2025-08-10,UP01,new,20,206,8,8
TRPSUR250810ff5e248d,2025-08-10,GJ01,repeated,16,147,6,5
TRPJAI250810974a0d70,2025-08-10,RJ01,new,30,397,10,8
TRPLUC250810f5a21e77,2025-08-10,UP01,repeated,12,134,6,7
TRPSUR250810cf2b8c10,2025-08-10,GJ01,repeated,7,75,7,7
TRPSUR250810fd5580bb,2025-08-10,GJ01,repeated,13,123,7,7
TRPJAI250810abe2e08a,2025-08-10,RJ01,new,40,517,8,8
TRPVIS250810dbeca40a,2025-08-10,AP01,new,20,207,9,10
TRPLUC250810bd126a2a,2025-08-10,UP01,repeated,13,143,7,8
TRPIND2508105b6169e2,2025-08-10,MP01,new,9,95,10,9
TRPKOC2508109509a7b2,2025-08-10,KL01,repeated,19,240,9,10
TRPKOC2508105c3c3c70,2025-08-10,KL01,new,21,262,8,10
TRPMYS250810eb770e43,2025-08-10,KA01,repeated,18,215,9,9
TRPMYS25081095b37705,2025-08-10,KA01,new,8,115,10,10
TRPIND250810f08ee73f,2025-08-10,MP01,new,23,207,7,8
TRPJAI2508107397ba90,2025-08-10,RJ01,new,30,397,10,10
TRPVAD25081069ab0483,2025-08-10,GJ02,new,11,106,8,6
TRPJAI250810523bb295,2025-08-10,RJ01,repeated,39,505,7,10
TRPJAI250810eca37451,2025-08-10,RJ01,repeated,30,397,8,8
TRPVAD2508101ff8fbc3,2025-08-10,GJ02,repeated,9,90,5,5
TRPJAI25081046385d58,2025-08-10,RJ01,new,25,337,9,9
TRPCHA25081079e296d7,2025-08-10,CH01,repeated,12,134,7,9
TRPVAD250810bf036032,2025-08-10,GJ02,repeated,13,122,6,7
TRPLUC25081037af12dd,2025-08-10,UP01,repeated,10,116,5,5
TRPJAI2508103b2ec9e6,2025-08-10,RJ01,new,44,565,8,9
TRPCOI2508105fdfeb6a,2025-08-10,TN01,repeated,12,119,8,9
TRPKOC2508104b506260,2025-08-10,KL01,new,30,361,10,9
TRPKOC250810c7a3c8f4,2025-08-10,KL01,new,14,185,8,8
TRPVAD250810e21b31b5,2025-08-10,GJ02,new,7,74,9,7
TRPVAD250810b26651cf,2025-08-10,GJ02,repeated,14,130,5,6
TRPSUR2508100ae01349,2025-08-10,GJ01,repeated,5,59,5,8
TRPSUR250810cfe6205f,2025-08-10,GJ01,new,5,59,9,8
TRPLUC250810671f30da,2025-08-10,UP01,repeated,10,116,6,6
TRPLUC2508100c817e48,2025-08-10,UP01,repeated,19,197,6,7
TRPJAI250810a8cc89cf,2025-08-10,RJ01,repeated,29,385,9,9
TRPSUR2508105d4cbc20,2025-08-10,GJ01,new,14,131,9,8
TRPJAI250810afe061a1,2025-08-10,RJ01,repeated,17,241,9,9
TRPVIS25081057768c5d,2025-08-10,AP01,repeated,17,180,8,8
TRPKOC250810d47b8201,2025-08-10,KL01,repeated,35,416,8,10
TRPLUC2508100a116636,2025-08-10,UP01,repeated,8,98,6,5
TRPLUC25081006a5e480,2025-08-10,UP01,new,11,125,9,7
TRPLUC2508108dca3ec2,2025-08-10,UP01,repeated,8,98,5,7
TRPJAI250810325ca779,2025-08-10,RJ01,new,16,229,10,9
TRPKOC2508109a3875eb,2025-08-10,KL01,new,11,152,8,10
TRPVIS2508103cd7b3f3,2025-08-10,AP01,new,25,252,10,9
TRPSUR250810e82f7c62,2025-08-10,GJ01,repeated,11,107,6,7
TRPLUC250810b74e57d3,2025-08-10,UP01,repeated,5,71,6,6
TRPLUC250810bcb164e4,2025-08-10,UP01,new,11,125,7,8
TRPJAI250810cd21de31,2025-08-10,RJ01,repeated,27,361,8,8
TRPCHA250810570c553d,2025-08-10,CH01,repeated,21,215,8,7
TRPKOC2508100218e68a,2025-08-10,KL01,repeated,24,295,9,10
TRPLUC250810c282fa92,2025-08-10,UP01,repeated,16,170,5,5
TRPVIS2508100dd14c46,2025-08-10,AP01,new,31,306,9,9
TRPLUC2508102f3b447f,2025-08-10,UP01,repeated,18,188,6,5
TRPLUC2508108233c87e,2025-08-10,UP01,repeated,8,98,5,8
TRPCHA2508109d70ab51,2025-08-10,CH01,new,26,260,10,7
TRPCHA250810e257c7c9,2025-08-10,CH01,new,29,287,10,8
TRPCOI25081081850c40,2025-08-10,TN01,new,18,167,10,8
TRPVAD250810eb4c5f8e,2025-08-10,GJ02,repeated,5,58,5,6
TRPVIS25081040c412ae,2025-08-10,AP01,repeated,31,306,7,9
TRPLUC250810b5ca063f,2025-08-10,UP01,repeated,19,197,6,5
TRPVIS250810eabebfac,2025-08-10,AP01,new,35,342,9,10
TRPVAD25081005f37f56,2025-08-10,GJ02,repeated,15,138,7,5
TRPKOC2508107f3fde4d,2025-08-10,KL01,new,13,174,8,8
TRPJAI250810fe1aec41,2025-08-10,RJ01,new,35,457,8,9
TRPLUC250810c006d7bd,2025-08-10,UP01,repeated,12,134,6,7
TRPKOC250810b81cdd9a,2025-08-10,KL01,repeated,35,416,8,8
TRPLUC2508107885fac4,2025-08-10,UP01,repeated,9,107,6,7
TRPJAI2508100f43a158,2025-08-10,RJ01,repeated,27,361,9,8
TRPVAD2508101247ba2a,2025-08-10,GJ02,repeated,11,106,6,8
TRPLUC2508101d5d8d65,2025-08-10,UP01,repeated,7,89,5,5
TRPVIS250810f4f1e7bd,2025-08-10,AP01,repeated,30,297,7,10
TRPCOI2508104731d83d,2025-08-10,TN01,repeated,19,175,9,9
TRPLUC250810e9153f71,2025-08-10,UP01,repeated,6,80,6,8
TRPKOC250810aff6ef53,2025-08-10,KL01,repeated,32,383,7,9
TRPVAD25081082362467,2025-08-10,GJ02,new,13,122,7,6
TRPSUR250810f6244295,2025-08-10,GJ01,repeated,12,115,5,6
TRPJAI250810cf124b91,2025-08-10,RJ01,new,18,253,10,8
TRPCOI2508104dc44f17,2025-08-10,TN01,new,10,103,8,9
TRPLUC25081006451059,2025-08-10,UP01,new,7,89,8,8
TRPJAI250810911cd29e,2025-08-10,RJ01,repeated,32,421,9,9
TRPVAD250810f4d364a4,2025-08-10,GJ02,repeated,13,122,7,8
TRPJAI250810409d5e35,2025-08-10,RJ01,repeated,20,277,7,9
TRPJAI250810ca6a80b7,2025-08-10,RJ01,repeated,37,481,7,9
TRPJAI2508102aabf8d4,2025-08-10,RJ01,repeated,23,313,9,9
TRPLUC2508108dd0fa51,2025-08-10,UP01,repeated,16,170,6,5
TRPSUR25081077e347fb,2025-08-10,GJ01,repeated,7,75,5,6
TRPJAI250810ad428bfe,2025-08-10,RJ01,new,28,373,10,10
TRPCHA250810ee5a3d9e,2025-08-10,CH01,repeated,31,305,6,6
TRPVAD250810f3128ea7,2025-08-10,GJ02,repeated,7,74,6,8
TRPJAI250810413b87cf,2025-08-10,RJ01,new,15,217,8,10
TRPIND250810766296cf,2025-08-10,MP01,repeated,25,223,8,9
TRPKOC250810990db34f,2025-08-10,KL01,new,35,416,9,9
TRPVIS250810e0b7ca61,2025-08-10,AP01,repeated,33,324,7,8
TRPLUC2508105db363d2,2025-08-10,UP01,repeated,20,206,6,8
TRPJAI25081025868d48,2025-08-10,RJ01,new,16,229,10,8
TRPLUC25081010084474,2025-08-10,UP01,new,15,161,9,7
TRPJAI2508107aee4a1d,2025-08-10,RJ01,new,16,229,8,10
TRPKOC2508105780f9e0,2025-08-10,KL01,repeated,19,240,8,8
TRPVAD250810c07e01b8,2025-08-10,GJ02,repeated,13,122,7,8
TRPVAD250810fab74744,2025-08-10,GJ02,new,15,138,8,7
TRPLUC250810541a82d3,2025-08-10,UP01,repeated,20,206,5,8
TRPLUC2508102fc9e4f7,2025-08-10,UP01,repeated,10,116,5,7
TRPLUC250810bd9c3499,2025-08-10,UP01,repeated,20,206,7,7
TRPJAI2508100407e0f7,2025-08-10,RJ01,repeated,17,241,9,8
TRPIND250810ce6996d0,2025-08-10,MP01,repeated,22,199,9,8
TRPLUC250810cb4ed68d,2025-08-10,UP01,repeated,8,98,6,6
TRPLUC250810cfe810cf,2025-08-10,UP01,new,7,89,9,8
TRPKOC250810e765a4f9,2025-08-10,KL01,repeated,13,174,8,10
TRPMYS250810d5eab31b,2025-08-10,KA01,new,23,265,10,10
TRPCHA250810b3b53c9e,2025-08-10,CH01,repeated,12,134,7,9
TRPKOC250810002310fa,2025-08-10,KL01,new,29,350,10,10
TRPJAI250810310f436f,2025-08-10,RJ01,new,41,529,9,9
TRPJAI25081029ce3c86,2025-08-10,RJ01,new,19,265,10,9
TRPLUC250810357092fb,2025-08-10,UP01,repeated,8,98,7,6
TRPKOC250810a956e4ed,2025-08-10,KL01,repeated,23,284,8,9
TRPLUC250810c47d95f7,2025-08-10,UP01,repeated,9,107,5,5
TRPKOC25081043a5e1c9,2025-08-10,KL01,repeated,16,207,9,9
TRPIND250810aa01926c,2025-08-10,MP01,repeated,24,215,6,6
TRPCHA250810f2d4c578,2025-08-10,CH01,new,24,242,8,8
TRPSUR25081034b98328,2025-08-10,GJ01,new,7,75,7,6
TRPLUC2508102a714b11,2025-08-10,UP01,new,20,206,7,8
TRPVIS250810d586af2e,2025-08-10,AP01,repeated,28,279,7,8
TRPVIS250810009a5858,2025-08-10,AP01,new,34,333,9,10
TRPJAI250810cf6e141e,2025-08-10,RJ01,repeated,40,517,8,10
TRPCOI250810503c7a84,2025-08-10,TN01,repeated,11,111,6,7
TRPJAI250810d77d04b9,2025-08-10,RJ01,new,27,361,9,8
TRPKOC2508103db5c3e5,2025-08-10,KL01,new,18,229,8,9
TRPKOC250810b2e78d32,2025-08-10,KL01,new,35,416,10,9
TRPKOC2508100680e180,2025-08-10,KL01,new,26,317,10,8
TRPJAI250810d7c32f1f,2025-08-10,RJ01,new,39,505,10,9
TRPVIS25081067c38d7d,2025-08-10,AP01,new,21,216,10,10
TRPVAD250810b61369eb,2025-08-10,GJ02,new,17,154,8,8
TRPLUC250810b36c51f7,2025-08-10,UP01,repeated,11,125,6,7
TRPVAD2508103c5d3b5e,2025-08-10,GJ02,new,12,114,9,8
TRPCOI250810c3828bb2,2025-08-10,TN01,new,16,151,7,9
TRPSUR2508107f20050c,2025-08-10,GJ01,repeated,5,59,7,6
TRPVIS2508108c33fbc0,2025-08-10,AP01,new,25,252,9,9
TRPCHA2508102d8fdc69,2025-08-10,CH01,new,18,188,10,9
TRPCOI250810ac02da7e,2025-08-10,TN01,new,11,111,9,7
TRPIND2508109b540a7a,2025-08-10,MP01,repeated,11,111,6,7
TRPMYS250810c4a23812,2025-08-10,KA01,new,17,205,8,10
TRPLUC250810650ea097,2025-08-10,UP01,new,5,71,7,7
TRPSUR2508104cfffbe7,2025-08-10,GJ01,repeated,11,107,6,8
TRPLUC250810363af94a,2025-08-10,UP01,repeated,14,152,6,8
TRPJAI250810de53fdd1,2025-08-10,RJ01,new,22,301,8,9
TRPKOC25081030849d2a,2025-08-10,KL01,repeated,25,306,9,8
TRPJAI250810d71ff85a,2025-08-10,RJ01,repeated,35,457,8,8
TRPLUC2508102818d43e,2025-08-10,UP01,repeated,13,143,7,8
TRPIND250810f5b568e6,2025-08-10,MP01,repeated,8,87,9,7
TRPVAD250810c5ebc436,2025-08-10,GJ02,new,17,154,9,6
TRPCHA2508101886afcc,2025-08-10,CH01,repeated,25,251,8,8
TRPVIS25081043dfb806,2025-08-10,AP01,new,19,198,9,9
TRPVAD250810ea9f2eec,2025-08-10,GJ02,repeated,11,106,6,6
TRPJAI250810944ac927,2025-08-10,RJ01,repeated,15,217,8,8
TRPIND2508106dbf6284,2025-08-10,MP01,repeated,21,191,6,8
TRPLUC250810006bc4bc,2025-08-10,UP01,repeated,15,161,7,8
TRPLUC25081041c98ff2,2025-08-10,UP01,repeated,11,125,7,6
TRPVIS2508101e0f9c2f,2025-08-10,AP01,new,23,234,9,10
TRPCHA2508101960359a,2025-08-10,CH01,new,30,296,7,9
TRPSUR25081065944efd,2025-08-10,GJ01,repeated,10,99,7,6
TRPLUC250810938259cc,2025-08-10,UP01,repeated,9,107,7,6
TRPJAI2508109c7ed5e1,2025-08-10,RJ01,new,17,241,10,8
TRPMYS2508100b7f9ee4,2025-08-10,KA01,new,20,235,9,8
TRPLUC250810285d60cd,2025-08-10,UP01,repeated,5,71,6,7
TRPCHA2508102b96a633,2025-08-10,CH01,new,31,305,9,7
TRPLUC250810d7ecb583,2025-08-10,UP01,repeated,17,179,5,5
TRPVAD250810630db925,2025-08-10,GJ02,new,10,98,8,6
TRPLUC250810bfa28fa9,2025-08-10,UP01,repeated,17,179,5,6
TRPSUR25081057abf0f5,2025-08-10,GJ01,new,14,131,7,6
TRPIND25081048b8f79f,2025-08-10,MP01,repeated,23,207,7,8
TRPJAI2508104a7037b2,2025-08-10,RJ01,new,16,229,8,9
TRPSUR25081042aad3d3,2025-08-10,GJ01,repeated,13,123,5,8
TRPMYS25081076e53ec3,2025-08-10,KA01,new,15,185,10,8
TRPIND25081010d64dec,2025-08-10,MP01,new,11,111,7,7
TRPJAI2508105e5e0421,2025-08-10,RJ01,new,24,325,10,8
TRPLUC2508105171eed7,2025-08-10,UP01,new,14,152,9,8
TRPCHA2508102f31d976,2025-08-10,CH01,repeated,14,152,8,7
TRPVAD25081008d769f3,2025-08-10,GJ02,repeated,18,162,5,7
TRPJAI2508101d9b8636,2025-08-10,RJ01,repeated,16,229,9,8
TRPVIS2508104d6d8b1e,2025-08-10,AP01,new,17,180,8,9
TRPKOC2508105698904d,2025-08-10,KL01,new,37,438,10,10
TRPVIS250810f7796947,2025-08-10,AP01,repeated,17,180,7,8
TRPLUC25081099d74ef5,2025-08-10,UP01,repeated,5,71,6,7
TRPLUC250810d58b2416,2025-08-10,UP01,repeated,9,107,6,8
TRPJAI250810d7868f82,2025-08-10,RJ01,repeated,28,373,9,9
TRPCOI250810c621e4e3,2025-08-10,TN01,repeated,13,127,8,9
TRPIND2508108f5c30ef,2025-08-10,MP01,repeated,13,127,7,6
TRPVIS25081068fca588,2025-08-10,AP01,repeated,14,153,9,9
TRPCHA25081029a36155,2025-08-10,CH01,repeated,22,224,8,7
TRPSUR2508106c7dc36a,2025-08-10,GJ01,new,6,67,8,6
TRPIND250810d3af3821,2025-08-10,MP01,repeated,8,87,8,7
TRPVIS25081041abd5d8,2025-08-10,AP01,new,31,306,9,9
TRPJAI250810f4ebd441,2025-08-10,RJ01,new,24,325,9,10
TRPLUC250810b1feec0f,2025-08-10,UP01,repeated,5,71,7,8
TRPCHA250810bb72f738,2025-08-10,CH01,repeated,33,323,8,6
TRPCOI25081091214a2b,2025-08-10,TN01,repeated,9,95,6,6
TRPJAI25081039c197fb,2025-08-10,RJ01,new,34,445,8,9
TRPCOI25081070d63efe,2025-08-10,TN01,repeated,20,183,8,8
TRPCHA25081011c699b7,2025-08-10,CH01,new,18,188,7,8
TRPSUR2508106ebf284d,2025-08-10,GJ01,new,11,107,8,8
TRPLUC2508105a4d9bb4,2025-08-10,UP01,repeated,13,143,5,5
TRPIND2508101d2007c9,2025-08-10,MP01,repeated,25,223,6,8
TRPLUC250810e52f6a50,2025-08-10,UP01,new,5,71,7,7
TRPLUC250810ad9c8bf5,2025-08-10,UP01,repeated,18,188,5,8
TRPKOC25081000f7f299,2025-08-10,KL01,repeated,11,152,9,8
TRPLUC2508102ce70d8c,2025-08-10,UP01,new,13,143,7,7
TRPLUC2508106a7e8284,2025-08-10,UP01,repeated,11,125,6,5
TRPLUC25081056d5e429,2025-08-10,UP01,repeated,20,206,7,5
TRPJAI250810aa0f0579,2025-08-10,RJ01,new,30,397,10,9
TRPJAI25081061bf6a73,2025-08-10,RJ01,new,35,457,9,9
TRPSUR250810ba727ae1,2025-08-10,GJ01,repeated,6,67,7,5
TRPLUC2508103ef1643b,2025-08-10,UP01,new,14,152,7,8
TRPCHA250810bb8adf99,2025-08-10,CH01,new,13,143,7,9
TRPJAI2508101f81cc0a,2025-08-10,RJ01,new,42,541,10,9
TRPVAD2508108a69aa4d,2025-08-10,GJ02,repeated,8,82,5,5
TRPKOC250810603a886d,2025-08-10,KL01,new,25,306,8,9
TRPLUC25081057798375,2025-08-10,UP01,repeated,16,170,7,7
TRPLUC2508104a8595c9,2025-08-10,UP01,repeated,13,143,6,7
TRPMYS25081076c1ac8c,2025-08-10,KA01,new,19,225,9,9
TRPIND250810b1b0cd15,2025-08-10,MP01,new,24,215,10,8
TRPMYS250810934a1418,2025-08-10,KA01,new,25,285,10,9
TRPLUC2508102cb2e3db,2025-08-10,UP01,repeated,16,170,5,6
TRPKOC250810ce3ef6c9,2025-08-10,KL01,repeated,19,240,7,8
TRPIND250810a6d1402b,2025-08-10,MP01,repeated,18,167,6,7
TRPVAD250810bf285e25,2025-08-10,GJ02,repeated,16,146,5,8
TRPCOI2508105d853927,2025-08-10,TN01,repeated,22,199,6,8
TRPIND250810e76c949b,2025-08-10,MP01,repeated,8,87,6,7
TRPVIS250810fab27488,2025-08-10,AP01,new,27,270,9,8
TRPJAI250810c0a9b16e,2025-08-10,RJ01,repeated,42,541,8,8
TRPJAI2508104459e5d2,2025-08-10,RJ01,new,41,529,9,9
TRPKOC2508105774c613,2025-08-10,KL01,new,13,174,8,8
TRPCOI2508102908c55a,2025-08-10,TN01,repeated,9,95,6,6
TRPCHA25081079522d26,2025-08-10,CH01,repeated,35,341,9,6
TRPSUR25081021f2b6f9,2025-08-10,GJ01,repeated,7,75,6,6
TRPLUC25081033d7f49f,2025-08-10,UP01,repeated,10,116,6,6
TRPLUC250810cadacf2d,2025-08-10,UP01,repeated,18,188,5,5
TRPIND25081027ffd9c9,2025-08-10,MP01,repeated,18,167,6,8
TRPKOC2508100fe51c07,2025-08-10,KL01,repeated,15,196,7,8
TRPSUR250810098c28d5,2025-08-10,GJ01,repeated,12,115,5,5
TRPVAD250810f435c929,2025-08-10,GJ02,repeated,12,114,5,6
TRPJAI250810ea053baf,2025-08-10,RJ01,repeated,27,361,9,10
TRPVIS25081090a522bd,2025-08-10,AP01,new,33,324,8,10
TRPCHA25081001c13e00,2025-08-10,CH01,new,13,143,10,8
TRPKOC2508105d6aad8f,2025-08-10,KL01,repeated,23,284,9,9
TRPKOC2508105b52c64c,2025-08-10,KL01,repeated,35,416,9,8
TRPSUR250810a3101237,2025-08-10,GJ01,repeated,17,155,7,5
TRPLUC2508107a0eb4e1,2025-08-10,UP01,repeated,10,116,6,8
TRPVAD250810a1306cdf,2025-08-10,GJ02,repeated,15,138,7,6
TRPVAD250810d3d0e3a1,2025-08-10,GJ02,repeated,11,106,7,8
TRPLUC250810c54abc37,2025-08-10,UP01,repeated,13,143,5,8
TRPSUR250810bf9dd5d3,2025-08-10,GJ01,repeated,6,67,7,8
TRPCHA250810e12b2911,2025-08-10,CH01,new,25,251,7,8
TRPVIS25081016f0c98d,2025-08-10,AP01,new,21,216,8,10
TRPSUR250810451e99cd,2025-08-10,GJ01,new,13,123,7,6
TRPIND250810dcedaaa7,2025-08-10,MP01,repeated,22,199,7,6
TRPSUR250810c22f7b67,2025-08-10,GJ01,repeated,9,91,7,7
TRPJAI2508105e4dd74c,2025-08-10,RJ01,repeated,21,289,7,9
TRPLUC250810793eb656,2025-08-10,UP01,repeated,17,179,7,8
TRPIND2508102296ea15,2025-08-10,MP01,repeated,20,183,8,8
TRPJAI2508100bb76573,2025-08-10,RJ01,repeated,27,361,7,9
TRPKOC250810d1838603,2025-08-10,KL01,repeated,23,284,8,10
TRPSUR2508100df7a8e9,2025-08-10,GJ01,repeated,16,147,6,6
TRPSUR250810ad289c4b,2025-08-10,GJ01,repeated,7,75,6,5
TRPSUR25081053b1c014,2025-08-10,GJ01,repeated,11,107,7,8
TRPJAI250810e2f2c27c,2025-08-10,RJ01,new,33,433,10,9
TRPVAD250810cd7e52e9,2025-08-10,GJ02,new,10,98,9,6
TRPLUC2508105c5bb607,2025-08-10,UP01,repeated,11,125,5,7
TRPJAI2508101bd30358,2025-08-10,RJ01,new,35,457,8,9
TRPSUR2508106b0d539c,2025-08-10,GJ01,repeated,6,67,7,8
TRPCHA250810dd410dd4,2025-08-10,CH01,new,16,170,9,7
TRPVAD2508105aa8e006,2025-08-10,GJ02,repeated,10,98,6,5
TRPLUC25081026359d48,2025-08-10,UP01,new,15,161,8,6
TRPLUC25081055a051e0,2025-08-10,UP01,repeated,17,179,6,5
TRPVAD25081028d92c60,2025-08-10,GJ02,new,5,58,8,8
TRPCHA250810838c99c1,2025-08-10,CH01,repeated,13,143,7,8
TRPSUR25081046f6be20,2025-08-10,GJ01,new,13,123,9,8
TRPKOC2508104c96c6aa,2025-08-10,KL01,repeated,38,449,7,9
TRPLUC250810e6f56736,2025-08-10,UP01,repeated,9,107,5,5
TRPLUC25081002aa40fe,2025-08-10,UP01,repeated,7,89,5,6
TRPCOI250810c068f8f8,2025-08-10,TN01,new,12,119,10,9
TRPIND2508101b7f5498,2025-08-10,MP01,repeated,15,143,8,8
TRPSUR2508104341c761,2025-08-10,GJ01,repeated,6,67,5,8
TRPCOI2508103d38b5ce,2025-08-10,TN01,repeated,9,95,9,9
TRPIND250810bcdeaa9d,2025-08-10,MP01,repeated,10,103,8,7
TRPSUR250810024f4efd,2025-08-10,GJ01,repeated,14,131,5,8
TRPSUR2508104a3b5b40,2025-08-10,GJ01,new,17,155,8,6
TRPKOC2508100acfbfa2,2025-08-10,KL01,new,33,394,9,10
TRPLUC2508104df12492,2025-08-10,UP01,repeated,15,161,7,8
TRPVAD25081074a5fa81,2025-08-10,GJ02,new,13,122,8,7
TRPJAI2508109df89d8e,2025-08-10,RJ01,new,38,493,10,10
TRPJAI2508103fcb9b72,2025-08-10,RJ01,new,34,445,10,8
TRPLUC2508105bd51bae,2025-08-10,UP01,repeated,15,161,5,8
TRPCOI25081080b0f467,2025-08-10,TN01,repeated,22,199,6,9
TRPIND250810698f7f64,2025-08-10,MP01,repeated,12,119,9,8
TRPLUC250810dc62a4c1,2025-08-10,UP01,repeated,5,71,5,7
TRPCHA2508100a747e48,2025-08-10,CH01,repeated,15,161,9,6
TRPSUR25081026217970,2025-08-10,GJ01,repeated,16,147,5,7
TRPKOC250810197d894f,2025-08-10,KL01,repeated,29,350,7,9
TRPCHA2508104c68557f,2025-08-10,CH01,new,18,188,8,8
TRPJAI250810425c8e2c,2025-08-10,RJ01,new,17,241,9,9
TRPIND250810f2207bdc,2025-08-10,MP01,repeated,22,199,9,8
TRPJAI250810c1f7d469,2025-08-10,RJ01,new,33,433,9,8
TRPKOC25081002c69b03,2025-08-10,KL01,repeated,10,141,7,8
TRPKOC25081009be8d4b,2025-08-10,KL01,repeated,28,339,9,10
TRPIND250810054556dd,2025-08-10,MP01,repeated,18,167,6,7
TRPJAI2508103428466e,2025-08-10,RJ01,repeated,37,481,7,9
TRPKOC250810f5ccf773,2025-08-10,KL01,repeated,20,251,7,10
TRPCHA250810bb480d5f,2025-08-10,CH01,repeated,16,170,9,8
TRPSUR2508103c1dcc9b,2025-08-10,GJ01,repeated,17,155,7,8
TRPVIS2508100238ebf1,2025-08-10,AP01,repeated,22,225,8,9
TRPCOI250810e1d2dcbd,2025-08-10,TN01,new,13,127,10,9
TRPSUR25081026d436e8,2025-08-10,GJ01,repeated,10,99,6,6
TRPLUC2508102afb7583,2025-08-10,UP01,repeated,19,197,7,7
TRPMYS250810139cc2ff,2025-08-10,KA01,new,15,185,8,10
TRPIND25081032fbd9ff,2025-08-10,MP01,new,24,215,9,8
TRPKOC25081054962b06,2025-08-10,KL01,new,27,328,8,9
TRPLUC2508104dac2726,2025-08-10,UP01,repeated,15,161,6,6
TRPVIS250810f106e8ea,2025-08-10,AP01,repeated,34,333,9,10
TRPLUC2508103d75e9f3,2025-08-10,UP01,repeated,12,134,5,7
TRPKOC250810e950e4bb,2025-08-10,KL01,repeated,29,350,8,10
TRPVIS2508106c5dba92,2025-08-10,AP01,repeated,15,162,9,10
TRPKOC25081017a57fbc,2025-08-10,KL01,repeated,30,361,8,9
TRPJAI250810f1d31d3e,2025-08-10,RJ01,new,26,349,9,10
TRPIND2508103b3b6f97,2025-08-10,MP01,repeated,25,223,6,6
TRPSUR250810bc9ec90d,2025-08-10,GJ01,repeated,17,155,6,5
TRPLUC25081030fd745d,2025-08-10,UP01,repeated,17,179,6,5
TRPCHA250810f5d32a04,2025-08-10,CH01,new,25,251,10,7
TRPVIS2508100c452997,2025-08-10,AP01,new,31,306,9,9
TRPVAD2508103103d4f8,2025-08-10,GJ02,new,17,154,7,7
TRPLUC2508106f7883fe,2025-08-10,UP01,repeated,16,170,5,5
TRPJAI25081021680063,2025-08-10,RJ01,new,44,565,10,10
TRPVIS250810061fcdb6,2025-08-10,AP01,repeated,14,153,8,10
TRPCHA25081099cf7fbf,2025-08-10,CH01,repeated,20,206,7,9
TRPJAI250810dfbae8fa,2025-08-10,RJ01,new,17,241,9,9
TRPLUC250810dcfb553c,2025-08-10,UP01,repeated,15,161,6,6
TRPLUC250810ef6234ba,2025-08-10,UP01,repeated,20,206,7,5
TRPSUR2508107b30b4ce,2025-08-10,GJ01,repeated,15,139,6,6
TRPSUR2508104f9e173b,2025-08-10,GJ01,repeated,17,155,7,5
TRPMYS250810ccf5d74e,2025-08-10,KA01,repeated,24,275,8,10
TRPVIS2508108f82e21f,2025-08-10,AP01,repeated,18,189,8,8
TRPIND2508106fbf0d90,2025-08-10,MP01,new,22,199,10,7
TRPJAI250810373ee0eb,2025-08-10,RJ01,new,17,241,10,9
TRPVIS25081090417830,2025-08-10,AP01,new,31,306,10,10
TRPSUR2508103c452594,2025-08-10,GJ01,repeated,11,107,6,6
TRPVAD25081052b833e5,2025-08-10,GJ02,new,8,82,9,7
TRPJAI25081042e85b55,2025-08-10,RJ01,repeated,19,265,7,8
TRPLUC2508102a4277a1,2025-08-10,UP01,repeated,6,80,5,5
TRPIND250810443be349,2025-08-10,MP01,repeated,15,143,8,6
TRPLUC250810a26a0cd6,2025-08-10,UP01,repeated,9,107,5,6
TRPLUC250810166ec4a8,2025-08-10,UP01,repeated,11,125,7,7
TRPKOC250810d513fdd6,2025-08-10,KL01,repeated,15,196,7,8
TRPLUC25081011235eec,2025-08-10,UP01,repeated,17,179,6,6
TRPIND2508104073efa1,2025-08-10,MP01,repeated,20,183,9,7
TRPCOI2508109a5bdd63,2025-08-10,TN01,new,15,143,9,8
TRPLUC250810c6d9752f,2025-08-10,UP01,repeated,9,107,5,6
TRPJAI250810db71365d,2025-08-10,RJ01,repeated,23,313,9,8
TRPJAI25081000e48d13,2025-08-10,RJ01,new,15,217,9,8
TRPLUC25081071176d03,2025-08-10,UP01,repeated,11,125,7,6
