trip_id,date,city_id,passenger_type,distance_travelled(km),fare_amount,passenger_rating,driver_rating
TRPJAI25080119c10349,2025-08-01,RJ01,new,25,337,8,10
TRPJAI250801f2868dbc,2025-08-01,RJ01,new,31,409,9,8
TRPJAI250801259db5f0,2025-08-01,RJ01,new,45,577,8,8
TRPIND25080104d3e191,2025-08-01,MP01,repeated,19,175,9,7
TRPSUR250801870917aa,2025-08-01,GJ01,new,12,115,9,7
TRPLUC250801b77f739d,2025-08-01,UP01,repeated,5,71,5,7
TRPLUC250801539564ea,2025-08-01,UP01,repeated,18,188,6,6
TRPLUC250801f2acd244,2025-08-01,UP01,new,20,206,9,6
TRPJAI250801927e9acd,2025-08-01,RJ01,new,38,493,8,8
TRPSUR250801c9a0cca5,2025-08-01,GJ01,new,17,155,9,7
TRPLUC25080141ac6fa0,2025-08-01,UP01,repeated,7,89,7,5
TRPCOI250801a05fb020,2025-08-01,TN01,repeated,13,127,8,8
TRPSUR250801ec48677c,2025-08-01,GJ01,repeated,9,91,7,6
TRPVAD250801b7815d49,2025-08-01,GJ02,repeated,18,162,6,8
TRPCOI2508011574298e,2025-08-01,TN01,repeated,11,111,6,9
TRPJAI250801c87ffe66,2025-08-01,RJ01,new,24,325,9,10
TRPJAI25080147834c7a,2025-08-01,RJ01,new,34,445,8,8
TRPVIS250801ce0e68df,2025-08-01,AP01,repeated,15,162,9,10
TRPMYS250801f6b93b43,2025-08-01,KA01,new,21,245,10,8
TRPJAI250801f549ee18,2025-08-01,RJ01,new,33,433,8,8
TRPVAD2508012f770fd8,2025-08-01,GJ02,repeated,17,154,7,6
TRPIND250801785102d4,2025-08-01,MP01,new,13,127,9,9
TRPJAI25080152f96300,2025-08-01,RJ01,repeated,20,277,9,8
TRPVIS2508014d1f8049,2025-08-01,AP01,new,16,171,10,8
TRPKOC2508019aad91c9,2025-08-01,KL01,repeated,16,207,7,10
TRPVIS250801c03ce549,2025-08-01,AP01,new,20,207,8,8
TRPMYS2508019cb99beb,2025-08-01,KA01,new,20,235,10,10
TRPJAI250801e585e0c0,2025-08-01,RJ01,new,33,433,8,8
TRPCHA2508018170cf89,2025-08-01,CH01,repeated,16,170,8,7
TRPVIS250801ca1df220,2025-08-01,AP01,repeated,30,297,8,9
TRPKOC25080110fb3527,2025-08-01,KL01,repeated,27,328,7,8
TRPCHA250801d68b3367,2025-08-01,CH01,new,27,269,10,8
TRPLUC250801d09f46d3,2025-08-01,UP01,repeated,20,206,5,6
TRPLUC250801f092ecc7,2025-08-01,UP01,repeated,7,89,7,6
TRPJAI250801ac5e11ab,2025-08-01,RJ01,new,21,289,8,9
TRPVAD250801ae57f357,2025-08-01,GJ02,repeated,6,66,6,5
TRPCHA25080166612280,2025-08-01,CH01,new,16,170,10,8
TRPSUR2508013ed15416,2025-08-01,GJ01,new,6,67,8,8
TRPSUR2508017a60f624,2025-08-01,GJ01,repeated,15,139,6,8
TRPVAD250801f9779eab,2025-08-01,GJ02,repeated,18,162,7,8
TRPVAD250801150aa96b,2025-08-01,GJ02,new,12,114,8,7
TRPCOI2508010cae9a13,2025-08-01,TN01,repeated,21,191,8,7
TRPLUC250801a0aa46a6,2025-08-01,UP01,repeated,12,134,5,7
TRPLUC2508015444faed,2025-08-01,UP01,repeated,14,152,6,7
TRPLUC2508018709b028,2025-08-01,UP01,repeated,20,206,6,7
TRPCHA250801e91fcad1,2025-08-01,CH01,new,33,323,10,9
TRPCHA250801e4065cc2,2025-08-01,CH01,repeated,14,152,6,8
TRPSUR250801ba3c7d03,2025-08-01,GJ01,new,6,67,9,7
TRPKOC250801403858b9,2025-08-01,KL01,new,35,416,8,10
TRPJAI250801edf25828,2025-08-01,RJ01,repeated,19,265,7,8
TRPCHA250801ec2eb7fd,2025-08-01,CH01,new,34,332,9,7
TRPIND250801d820d7ef,2025-08-01,MP01,new,10,103,9,8
TRPIND250801e662918e,2025-08-01,MP01,repeated,21,191,9,9
TRPJAI250801f804b0a3,2025-08-01,RJ01,repeated,16,229,9,8
TRPLUC25080145361f23,2025-08-01,UP01,repeated,18,188,5,7
TRPVIS25080115fce402,2025-08-01,AP01,new,29,288,9,10
TRPIND2508015bf68d65,2025-08-01,MP01,repeated,16,151,9,7
TRPJAI2508016b923f86,2025-08-01,RJ01,repeated,31,409,7,8
TRPCHA250801a3ec77e9,2025-08-01,CH01,new,15,161,10,7
TRPSUR25080113c01aa2,2025-08-01,GJ01,repeated,7,75,6,6
TRPVIS25080182ab2e24,2025-08-01,AP01,repeated,17,180,8,8
TRPCHA250801cdc68efe,2025-08-01,CH01,new,26,260,9,7
TRPIND250801119b393d,2025-08-01,MP01,new,11,111,10,7
TRPMYS250801d54aa7b1,2025-08-01,KA01,repeated,13,165,7,10
TRPJAI25080145c77033,2025-08-01,RJ01,new,23,313,9,10
TRPIND250801b595e5d4,2025-08-01,MP01,new,19,175,8,9
TRPLUC250801e6b0ece7,2025-08-01,UP01,repeated,11,125,5,6
TRPJAI250801e9893298,2025-08-01,RJ01,new,40,517,8,8
TRPJAI250801594efefd,2025-08-01,RJ01,new,32,421,8,10
TRPCHA250801881343a7,2025-08-01,CH01,new,33,323,9,8
TRPVIS250801f4ed1b24,2025-08-01,AP01,repeated,30,297,9,9
TRPIND250801daaaedb1,2025-08-01,MP01,repeated,11,111,8,8
TRPCHA250801fe4a1661,2025-08-01,CH01,new,32,314,9,9
TRPKOC250801f53f528d,2025-08-01,KL01,new,37,438,10,9
TRPIND250801e58a188c,2025-08-01,MP01,new,20,183,9,9
TRPLUC250801f9bfe9ae,2025-08-01,UP01,repeated,11,125,6,7
TRPJAI2508019e3c4b10,2025-08-01,RJ01,new,44,565,8,10
TRPLUC25080144a58e1e,2025-08-01,UP01,repeated,13,143,5,8
TRPLUC2508019cae50e1,2025-08-01,UP01,repeated,14,152,6,5
TRPCHA250801de1686c5,2025-08-01,CH01,new,18,188,9,7
TRPMYS25080121af6f3b,2025-08-01,KA01,new,23,265,9,8
TRPCHA250801d896a197,2025-08-01,CH01,new,34,332,10,7
TRPVIS250801c97659fa,2025-08-01,AP01,new,32,315,8,9
TRPLUC250801b7d1621f,2025-08-01,UP01,repeated,6,80,6,7
TRPJAI25080131e94e2f,2025-08-01,RJ01,repeated,33,433,8,8
TRPVAD2508013a0111f5,2025-08-01,GJ02,repeated,14,130,6,7
TRPIND2508016284b47e,2025-08-01,MP01,repeated,13,127,6,6
TRPVAD250801777303d7,2025-08-01,GJ02,repeated,6,66,7,5
TRPKOC25080129dd47d9,2025-08-01,KL01,new,22,273,10,8
TRPLUC250801f7a02a75,2025-08-01,UP01,repeated,20,206,7,7
TRPLUC2508015cb38fbf,2025-08-01,UP01,repeated,14,152,7,6
TRPJAI25080135242659,2025-08-01,RJ01,new,19,265,10,8
TRPJAI2508014e7d2f41,2025-08-01,RJ01,new,35,457,8,9
TRPIND25080130d5a75c,2025-08-01,MP01,repeated,17,159,6,7
TRPLUC250801dc75cf8e,2025-08-01,UP01,new,15,161,8,6
TRPLUC250801f477944e,2025-08-01,UP01,repeated,16,170,6,5
TRPVAD2508010f5918e8,2025-08-01,GJ02,repeated,11,106,7,6
TRPKOC250801333bd5b6,2025-08-01,KL01,new,18,229,9,10
TRPKOC2508016ebb50be,2025-08-01,KL01,repeated,21,262,7,9
TRPVIS250801caa2338d,2025-08-01,AP01,repeated,13,144,8,10
TRPVAD250801380fd1f2,2025-08-01,GJ02,new,12,114,7,7
TRPLUC25080180ee330a,2025-08-01,UP01,repeated,10,116,5,7
TRPCHA250801b944c459,2025-08-01,CH01,repeated,21,215,8,7
TRPCHA250801b2b40648,2025-08-01,CH01,new,19,197,8,7
TRPLUC2508017b3f463f,2025-08-01,UP01,new,19,197,8,6
TRPCHA25080153b4fd21,2025-08-01,CH01,new,13,143,8,8
TRPLUC25080130ddd8fd,2025-08-01,UP01,repeated,20,206,6,7
TRPLUC250801d611822b,2025-08-01,UP01,repeated,18,188,7,6
TRPCHA250801c1271559,2025-08-01,CH01,repeated,27,269,9,8
TRPIND2508011eccfe0f,2025-08-01,MP01,repeated,9,95,6,9
TRPIND25080136aeb32b,2025-08-01,MP01,new,20,183,7,8
TRPKOC250801a67cf6c1,2025-08-01,KL01,repeated,21,262,9,8
TRPVAD250801b9472dc3,2025-08-01,GJ02,repeated,7,74,7,7
TRPLUC250801dcfe26f5,2025-08-01,UP01,new,20,206,9,8
TRPLUC2508013a8455a7,2025-08-01,UP01,repeated,15,161,1,2
TRPVAD2508014b5e88f7,2025-08-01,GJ02,repeated,5,58,5,6
TRPJAI2508016019eec2,2025-08-01,RJ01,new,22,301,10,10
TRPCOI250801c95cff7c,2025-08-01,TN01,repeated,10,103,6,6
TRPJAI250801ed758c04,2025-08-01,RJ01,new,38,493,9,10
TRPIND250801a58b38b4,2025-08-01,MP01,repeated,19,175,7,6
TRPKOC250801d4585618,2025-08-01,KL01,repeated,26,317,9,10
TRPLUC250801269b93ab,2025-08-01,UP01,repeated,13,143,7,7
TRPSUR250801615480ef,2025-08-01,GJ01,repeated,6,67,7,6
TRPLUC2508012ef52a63,2025-08-01,UP01,repeated,14,152,5,7
TRPLUC250801cef179c9,2025-08-01,UP01,repeated,15,161,5,6
TRPVAD250801e6ec68e6,2025-08-01,GJ02,repeated,8,82,6,7
TRPKOC25080119f2993b,2025-08-01,KL01,new,12,163,10,10
TRPVIS250801bfa612b4,2025-08-01,AP01,new,19,198,9,8
TRPVIS25080109326aa2,2025-08-01,AP01,repeated,10,117,8,9
TRPIND250801f44cf4da,2025-08-01,MP01,repeated,13,127,9,7
TRPLUC25080167a28194,2025-08-01,UP01,new,6,80,8,8
TRPLUC2508017f510ad6,2025-08-01,UP01,repeated,16,170,7,6
TRPCHA25080134c386d4,2025-08-01,CH01,repeated,26,260,8,6
TRPJAI250801a85b26f6,2025-08-01,RJ01,new,40,517,8,10
TRPCHA2508010f7edc09,2025-08-01,CH01,repeated,25,251,7,9
TRPKOC25080149648ba3,2025-08-01,KL01,new,37,438,8,9
TRPSUR25080176309870,2025-08-01,GJ01,repeated,12,115,6,7
TRPJAI2508016aed50ef,2025-08-01,RJ01,repeated,41,529,9,10
TRPSUR2508015b5bb73e,2025-08-01,GJ01,repeated,16,147,6,6
TRPIND250801c59feab1,2025-08-01,MP01,new,10,103,8,8
TRPLUC250801d293b47a,2025-08-01,UP01,repeated,8,98,7,8
TRPIND2508010f8b758e,2025-08-01,MP01,new,17,159,10,9
TRPSUR25080187d9714e,2025-08-01,GJ01,repeated,15,139,5,6
TRPJAI250801d907cba4,2025-08-01,RJ01,new,32,421,8,8
TRPKOC250801bf7a69d8,2025-08-01,KL01,new,12,163,9,8
TRPLUC250801fc4e2edf,2025-08-01,UP01,repeated,10,116,5,8
TRPJAI25080121e82f8e,2025-08-01,RJ01,new,32,421,10,9
TRPLUC25080170c29f72,2025-08-01,UP01,repeated,20,206,5,6
TRPVAD250801d03f1ef9,2025-08-01,GJ02,new,8,82,7,8
TRPIND2508013b14bcb7,2025-08-01,MP01,repeated,20,183,6,7
TRPIND25080171b78d17,2025-08-01,MP01,repeated,15,143,6,7
TRPLUC2508011cddfeea,2025-08-01,UP01,repeated,11,125,5,5
TRPJAI250801a598e7a1,2025-08-01,RJ01,repeated,36,469,8,10
TRPIND250801edac4965,2025-08-01,MP01,new,9,95,8,9
TRPVAD250801aff9e3db,2025-08-01,GJ02,new,18,162,8,6
TRPJAI2508018730be7c,2025-08-01,RJ01,new,32,421,8,8
TRPJAI250801b593e1bf,2025-08-01,RJ01,new,25,337,8,10
TRPLUC2508012fd627c1,2025-08-01,UP01,repeated,16,170,6,7
TRPIND250801c4fc19e5,2025-08-01,MP01,new,9,95,8,7
TRPVIS2508019c52d854,2025-08-01,AP01,repeated,24,243,9,8
TRPMYS25080162fbed38,2025-08-01,KA01,new,21,245,10,10
TRPLUC2508013cb676f1,2025-08-01,UP01,repeated,11,125,7,5
TRPCOI2508014e40e483,2025-08-01,TN01,repeated,8,87,7,9
TRPSUR25080196035fb2,2025-08-01,GJ01,new,7,75,9,6
TRPSUR2508013fef2af3,2025-08-01,GJ01,new,9,91,9,7
TRPIND2508015382c14c,2025-08-01,MP01,repeated,14,135,9,8
TRPSUR2508011e0feb57,2025-08-01,GJ01,repeated,13,123,7,5
TRPCOI25080117400376,2025-08-01,TN01,repeated,9,95,9,6
TRPCOI250801b5f5e242,2025-08-01,TN01,new,12,119,8,8
TRPKOC250801379e937d,2025-08-01,KL01,new,11,152,10,8
TRPJAI2508016ced9d42,2025-08-01,RJ01,new,22,301,8,9
TRPVIS250801d1980ea6,2025-08-01,AP01,new,33,324,8,10
TRPVAD250801e3f858f9,2025-08-01,GJ02,new,6,66,9,8
TRPCHA2508011529e6d1,2025-08-01,CH01,repeated,30,296,9,7
TRPIND2508012060a298,2025-08-01,MP01,new,25,223,9,8
TRPMYS25080193300dc3,2025-08-01,KA01,repeated,17,205,8,10
TRPKOC250801c64e4edf,2025-08-01,KL01,repeated,18,229,8,9
TRPJAI25080152e7b71d,2025-08-01,RJ01,repeated,28,373,7,10
TRPSUR25080189fec571,2025-08-01,GJ01,repeated,17,155,7,8
TRPSUR250801f8b40a58,2025-08-01,GJ01,repeated,12,115,7,6
TRPLUC250801701f34c6,2025-08-01,UP01,repeated,18,188,7,8
TRPIND250801ca286f05,2025-08-01,MP01,repeated,25,223,1,2
TRPJAI2508012fbc6ae0,2025-08-01,RJ01,repeated,43,553,9,9
TRPJAI250801df8d67a1,2025-08-01,RJ01,repeated,27,361,8,10
TRPCHA2508012896124c,2025-08-01,CH01,repeated,26,260,7,8
TRPLUC250801beb05ff4,2025-08-01,UP01,repeated,7,89,5,8
TRPCHA250801e9bae80b,2025-08-01,CH01,new,24,242,9,9
TRPJAI2508012db11898,2025-08-01,RJ01,new,32,421,10,10
TRPCHA25080114bed7d0,2025-08-01,CH01,new,35,341,9,8
TRPLUC2508017299cc0c,2025-08-01,UP01,new,12,134,7,8
TRPSUR2508016068fbb4,2025-08-01,GJ01,repeated,15,139,6,7
TRPVIS2508012d7dbf61,2025-08-01,AP01,new,22,225,10,9
TRPLUC25080126f60d61,2025-08-01,UP01,new,14,152,9,8
TRPLUC250801b0616adc,2025-08-01,UP01,new,13,143,7,7
TRPKOC250801fde7764c,2025-08-01,KL01,repeated,27,328,9,8
TRPCOI250801daa94332,2025-08-01,TN01,repeated,12,119,6,8
TRPLUC250801ba9ba1eb,2025-08-01,UP01,repeated,7,89,5,5
TRPLUC250801a6adea40,2025-08-01,UP01,repeated,8,98,5,7
TRPCHA250801abf8d205,2025-08-01,CH01,repeated,33,323,8,6
TRPJAI2508018dc9bfed,2025-08-01,RJ01,new,21,289,8,9
TRPMYS250801c16e53a8,2025-08-01,KA01,repeated,21,245,7,8
TRPLUC2508014099a5a3,2025-08-01,UP01,repeated,20,206,7,6
TRPJAI250801059def83,2025-08-01,RJ01,repeated,22,301,7,10
TRPKOC2508018ecb19eb,2025-08-01,KL01,repeated,32,383,7,9
TRPVIS250801c4b225ff,2025-08-01,AP01,new,27,270,10,10
TRPSUR250801c0f0305d,2025-08-01,GJ01,repeated,14,131,6,6
TRPIND2508017948bf53,2025-08-01,MP01,repeated,19,175,8,8
TRPJAI2508011d8cfffe,2025-08-01,RJ01,new,31,409,8,9
TRPKOC25080125923c2e,2025-08-01,KL01,repeated,28,339,9,8
TRPJAI25080128503857,2025-08-01,RJ01,new,41,529,10,10
TRPLUC250801a8818126,2025-08-01,UP01,repeated,10,116,6,5
TRPCOI2508017323cbff,2025-08-01,TN01,new,19,175,10,8
TRPVIS2508010960c5c9,2025-08-01,AP01,repeated,29,288,8,9
TRPKOC250801df8fcbe1,2025-08-01,KL01,new,28,339,8,9
TRPVIS2508010c74f1c6,2025-08-01,AP01,repeated,20,207,8,9
TRPCHA2508010636916b,2025-08-01,CH01,new,24,242,8,8
TRPKOC250801af82e65a,2025-08-01,KL01,new,24,295,8,8
TRPLUC250801aeecbcd3,2025-08-01,UP01,repeated,12,134,7,8
TRPLUC25080195d5f6b6,2025-08-01,UP01,repeated,8,98,5,7
TRPLUC250801443df6d6,2025-08-01,UP01,repeated,11,125,5,8
TRPLUC2508015ef2512c,2025-08-01,UP01,new,12,134,9,8
TRPVAD250801723f6a9e,2025-08-01,GJ02,new,15,138,9,8
TRPCOI250801b2e8bd0a,2025-08-01,TN01,new,19,175,7,8
TRPJAI2508011ad42e6d,2025-08-01,RJ01,repeated,22,301,8,9
TRPCOI25080171965d1f,2025-08-01,TN01,repeated,22,199,7,7
TRPIND250801fce5fc48,2025-08-01,MP01,new,25,223,7,8
TRPCHA250801a5dc6b83,2025-08-01,CH01,repeated,25,251,8,9
TRPVAD250801788fa7ab,2025-08-01,GJ02,repeated,18,162,6,8
TRPJAI250801e34050b1,2025-08-01,RJ01,repeated,37,481,9,8
TRPJAI250801ed823242,2025-08-01,RJ01,repeated,33,433,8,9
TRPMYS25080122246e31,2025-08-01,KA01,new,20,235,9,9
TRPSUR250801c64bbab3,2025-08-01,GJ01,repeated,14,131,6,6
TRPKOC2508017039a804,2025-08-01,KL01,new,33,394,10,8
TRPVAD2508014585cc32,2025-08-01,GJ02,new,5,58,9,7
TRPJAI2508018513d729,2025-08-01,RJ01,new,37,481,8,10
TRPMYS250801a15c7526,2025-08-01,KA01,repeated,10,135,8,10
TRPSUR2508015dd29eb9,2025-08-01,GJ01,repeated,17,155,7,5
TRPVIS250801461d778c,2025-08-01,AP01,new,14,153,9,10
TRPCOI25080134991ed7,2025-08-01,TN01,repeated,20,183,8,6
TRPJAI250801d9d28123,2025-08-01,RJ01,repeated,35,457,9,8
TRPJAI250801e42fed87,2025-08-01,RJ01,new,16,229,10,8
TRPIND250801e8e9fb5c,2025-08-01,MP01,repeated,9,95,8,9
TRPSUR250801a5fac804,2025-08-01,GJ01,new,15,139,9,7
TRPSUR250801d592f296,2025-08-01,GJ01,new,12,115,7,8
TRPLUC2508019374e32b,2025-08-01,UP01,repeated,18,188,6,8
TRPJAI250801142996ec,2025-08-01,RJ01,repeated,18,253,8,8
TRPJAI25080191e1a645,2025-08-01,RJ01,repeated,28,373,8,8
TRPKOC250801af789b7e,2025-08-01,KL01,new,20,251,10,9
TRPLUC2508012d317a20,2025-08-01,UP01,repeated,17,179,5,8
TRPJAI250801d5cbde04,2025-08-01,RJ01,new,41,529,8,8
TRPJAI250801b8512eb6,2025-08-01,RJ01,new,20,277,10,8
TRPIND2508012f0436d6,2025-08-01,MP01,repeated,20,183,6,8
TRPSUR250801bb982b7b,2025-08-01,GJ01,repeated,11,107,7,5
TRPCHA25080197cc1aa0,2025-08-01,CH01,repeated,15,161,8,6
TRPVAD250801cedb105c,2025-08-01,GJ02,repeated,16,146,7,7
TRPIND250801b48b67eb,2025-08-01,MP01,repeated,8,87,9,9
TRPJAI25080131d99422,2025-08-01,RJ01,repeated,45,577,7,10
TRPLUC2508017c8fea32,2025-08-01,UP01,new,11,125,9,8
TRPVIS250801915e2be0,2025-08-01,AP01,new,25,252,8,9
TRPKOC250801f50ff601,2025-08-01,KL01,new,27,328,9,10
TRPKOC25080172350c69,2025-08-01,KL01,repeated,10,141,9,8
TRPCOI2508017b507d5b,2025-08-01,TN01,repeated,17,159,8,7
TRPCHA2508012026251f,2025-08-01,CH01,new,13,143,8,9
TRPJAI250801229f175d,2025-08-01,RJ01,repeated,26,349,8,9
TRPIND250801399d31ab,2025-08-01,MP01,new,14,135,8,7
TRPCOI2508011c50a2d8,2025-08-01,TN01,repeated,8,87,9,8
TRPSUR25080120bb8400,2025-08-01,GJ01,new,10,99,8,6
TRPJAI250801f40086da,2025-08-01,RJ01,repeated,29,385,8,8
TRPJAI250801b9d436cb,2025-08-01,RJ01,new,36,469,10,8
TRPSUR2508012cd18b16,2025-08-01,GJ01,repeated,12,115,7,7
TRPLUC250801d940d268,2025-08-01,UP01,repeated,16,170,5,6
TRPVAD250801adc673d0,2025-08-01,GJ02,new,7,74,9,6
TRPSUR2508014a76a6f1,2025-08-01,GJ01,repeated,14,131,5,7
TRPLUC250801f0bd88b3,2025-08-01,UP01,new,6,80,7,6
TRPJAI250801a805faad,2025-08-01,RJ01,new,33,433,9,9
TRPCOI2508010269d5bd,2025-08-01,TN01,repeated,20,183,7,6
TRPCOI25080197e4cb59,2025-08-01,TN01,new,11,111,7,7
TRPSUR25080105f2b329,2025-08-01,GJ01,repeated,5,59,6,6
TRPCOI250801579351c1,2025-08-01,TN01,repeated,21,191,9,6
TRPSUR2508010f0e8887,2025-08-01,GJ01,repeated,12,115,6,7
TRPIND25080156ef90d3,2025-08-01,MP01,new,10,103,9,7
TRPIND2508017b7e7634,2025-08-01,MP01,new,9,95,7,7
TRPIND25080128e2eb16,2025-08-01,MP01,repeated,13,127,9,8
TRPCOI25080171e09bba,2025-08-01,TN01,new,14,135,9,8
TRPKOC250801ea637420,2025-08-01,KL01,new,38,449,8,8
TRPLUC2508011fc2784e,2025-08-01,UP01,new,5,71,8,7
TRPVIS250801a53fe441,2025-08-01,AP01,repeated,24,243,9,8
TRPKOC25080120857497,2025-08-01,KL01,repeated,36,427,7,9
TRPJAI250801efddf221,2025-08-01,RJ01,repeated,17,241,7,10
TRPKOC2508019192343d,2025-08-01,KL01,repeated,13,174,9,9
TRPKOC250801cffc4542,2025-08-01,KL01,new,13,174,8,9
TRPLUC2508019b372b27,2025-08-01,UP01,new,17,179,9,6
TRPKOC25080165bd9759,2025-08-01,KL01,repeated,34,405,7,8
TRPKOC2508014d1d7401,2025-08-01,KL01,new,21,262,8,10
TRPLUC2508010923c010,2025-08-01,UP01,repeated,11,125,5,5
TRPVAD2508013a3daa2c,2025-08-01,GJ02,new,12,114,9,8
TRPLUC2508015ad8f998,2025-08-01,UP01,repeated,15,161,6,5
TRPJAI250801130991cb,2025-08-01,RJ01,new,19,265,8,9
TRPKOC2508017cbc3119,2025-08-01,KL01,new,32,383,10,9
TRPLUC25080151bfb521,2025-08-01,UP01,new,7,89,8,6
TRPJAI2508015c1bdbef,2025-08-01,RJ01,new,19,265,10,10
TRPCHA2508016ad73309,2025-08-01,CH01,new,19,197,10,9
TRPSUR2508014982e16c,2025-08-01,GJ01,new,7,75,7,8
TRPMYS2508015bd51fbe,2025-08-01,KA01,new,25,285,10,10
TRPLUC250801277e661f,2025-08-01,UP01,repeated,8,98,7,8
TRPVIS2508012f32d4a9,2025-08-01,AP01,repeated,14,153,9,9
TRPLUC250801b3d6e649,2025-08-01,UP01,repeated,17,179,5,8
TRPLUC2508012a82198c,2025-08-01,UP01,repeated,5,71,5,5
TRPCHA250801ab05e658,2025-08-01,CH01,repeated,18,188,7,6
TRPCHA25080136098b6b,2025-08-01,CH01,new,25,251,8,7
TRPCHA250801f6febe7a,2025-08-01,CH01,new,30,296,7,8
TRPCOI25080120d7c6f2,2025-08-01,TN01,repeated,8,87,8,7
TRPIND2508013f042c35,2025-08-01,MP01,repeated,21,191,7,9
TRPLUC25080177ae91ee,2025-08-01,UP01,new,20,206,7,6
TRPMYS25080131479023,2025-08-01,KA01,new,14,175,10,10
TRPLUC250801622033b0,2025-08-01,UP01,repeated,8,98,7,8
TRPVIS25080101e28637,2025-08-01,AP01,repeated,35,342,7,10
TRPCHA2508014d2a54e6,2025-08-01,CH01,new,20,206,8,9
TRPCHA250801c46142c7,2025-08-01,CH01,new,14,152,7,9
TRPVIS250801df68bdfa,2025-08-01,AP01,new,25,252,9,9
TRPVAD250801252d3e12,2025-08-01,GJ02,repeated,17,154,5,6
TRPJAI250801c207d4b2,2025-08-01,RJ01,repeated,18,253,9,10
TRPJAI250801beb5bbd9,2025-08-01,RJ01,new,38,493,10,10
TRPKOC25080199b3679b,2025-08-01,KL01,new,34,405,10,9
TRPVAD250801fe406c13,2025-08-01,GJ02,new,13,122,9,7
TRPLUC250801e2764b6c,2025-08-01,UP01,repeated,10,116,7,7
TRPSUR250801f0566329,2025-08-01,GJ01,repeated,5,59,5,8
TRPJAI25080104c97058,2025-08-01,RJ01,new,29,385,8,10
TRPCOI2508010d383e6f,2025-08-01,TN01,repeated,21,191,6,8
TRPSUR2508011f8eed8a,2025-08-01,GJ01,new,9,91,8,8
TRPCHA250801c9a33421,2025-08-01,CH01,new,23,233,7,8
TRPLUC25080172c1f4d3,2025-08-01,UP01,repeated,9,107,6,5
TRPLUC2508019f040a52,2025-08-01,UP01,repeated,5,71,5,5
TRPMYS25080135b69285,2025-08-01,KA01,repeated,22,255,8,8
TRPCHA2508014fa65cd0,2025-08-01,CH01,new,29,287,7,8
TRPLUC2508017b3d6a8c,2025-08-01,UP01,repeated,8,98,6,8
TRPJAI2508015c2e8c9f,2025-08-01,RJ01,repeated,22,301,8,8
TRPVAD250801e934c95f,2025-08-01,GJ02,new,15,138,7,8
TRPJAI250801c7534acc,2025-08-01,RJ01,repeated,17,241,7,8
TRPJAI250801fa71dd32,2025-08-01,RJ01,repeated,22,301,9,10
TRPLUC25080158f42408,2025-08-01,UP01,repeated,17,179,6,7
TRPSUR250801a3a015cf,2025-08-01,GJ01,repeated,6,67,7,6
TRPKOC250801d6a24490,2025-08-01,KL01,repeated,34,405,9,8
TRPIND250801178a9e47,2025-08-01,MP01,repeated,15,143,6,9
TRPKOC250801bb4d133d,2025-08-01,KL01,new,30,361,10,9
TRPSUR250801ddf73f0a,2025-08-01,GJ01,repeated,16,147,5,8
TRPIND250801b405f3d7,2025-08-01,MP01,repeated,9,95,7,8
TRPIND250801c6568dea,2025-08-01,MP01,repeated,23,207,7,7
TRPSUR250801495dc39c,2025-08-01,GJ01,repeated,11,107,7,5
TRPCOI250801a3e3f306,2025-08-01,TN01,repeated,12,119,9,9
TRPCHA250801795e5d16,2025-08-01,CH01,new,12,134,10,8
TRPSUR2508018da027d4,2025-08-01,GJ01,repeated,9,91,6,6
TRPCOI250801cf1a1143,2025-08-01,TN01,repeated,22,199,9,7
TRPIND25080111137426,2025-08-01,MP01,new,19,175,10,8
TRPJAI2508016ea4896b,2025-08-01,RJ01,new,36,469,10,9
TRPSUR2508016bf6fa96,2025-08-01,GJ01,repeated,5,59,7,5
TRPJAI25080189ef207d,2025-08-01,RJ01,repeated,25,337,7,9
TRPSUR2508010802d948,2025-08-01,GJ01,repeated,10,99,5,5
TRPKOC250801ed0d4d33,2025-08-01,KL01,new,34,405,10,9
TRPVIS250801eafc7a2b,2025-08-01,AP01,new,11,126,9,9
TRPLUC25080190d990db,2025-08-01,UP01,new,19,197,9,8
TRPJAI2508013fddc648,2025-08-01,RJ01,new,19,265,8,8
TRPJAI2508012050e0c6,2025-08-01,RJ01,repeated,37,481,7,8
TRPMYS2508012e372fac,2025-08-01,KA01,repeated,17,205,8,10
TRPKOC2508011cb57547,2025-08-01,KL01,repeated,25,306,7,10
TRPIND25080148448f89,2025-08-01,MP01,repeated,15,143,9,9
TRPVAD2508019ddd8f0f,2025-08-01,GJ02,new,15,138,7,6
TRPLUC250801bb39eb96,2025-08-01,UP01,repeated,13,143,5,5
TRPLUC2508015d3cb264,2025-08-01,UP01,repeated,8,98,6,8
TRPLUC250801965cf5d4,2025-08-01,UP01,repeated,5,71,7,7
TRPSUR25080191a80f2d,2025-08-01,GJ01,repeated,12,115,5,5
TRPJAI250801238b68c5,2025-08-01,RJ01,new,33,433,8,8
TRPJAI2508016dbf2705,2025-08-01,RJ01,new,16,229,8,10
TRPSUR250801ff958885,2025-08-01,GJ01,new,12,115,8,6
TRPLUC250801f394f628,2025-08-01,UP01,repeated,13,143,6,7
TRPJAI250801cf6dd4ca,2025-08-01,RJ01,new,32,421,8,8
TRPJAI25080152085cfe,2025-08-01,RJ01,new,44,565,8,10
TRPJAI25080127e3581d,2025-08-01,RJ01,new,15,217,9,8
TRPSUR250801677840df,2025-08-01,GJ01,repeated,17,155,7,7
TRPLUC25080126e96956,2025-08-01,UP01,new,8,98,7,7
TRPCHA2508016742a58e,2025-08-01,CH01,repeated,17,179,8,7
TRPJAI250801a9c35f70,2025-08-01,RJ01,repeated,38,493,7,10
TRPKOC2508017ad410ad,2025-08-01,KL01,repeated,10,141,9,9
TRPJAI2508010603e6c4,2025-08-01,RJ01,new,21,289,8,9
TRPCOI25080125bb5a38,2025-08-01,TN01,new,14,135,10,9
TRPLUC250801e8d3dac0,2025-08-01,UP01,repeated,10,116,5,5
TRPSUR250801ab9ba3f7,2025-08-01,GJ01,repeated,8,83,7,5
TRPLUC250801687c7dd2,2025-08-01,UP01,repeated,19,197,7,5
TRPJAI250801139368b5,2025-08-01,RJ01,repeated,44,565,7,9
TRPJAI2508014d147856,2025-08-01,RJ01,repeated,32,421,9,9
TRPJAI250801ec16ca59,2025-08-01,RJ01,repeated,17,241,9,9
TRPLUC250801397456ba,2025-08-01,UP01,repeated,7,89,5,6
TRPVAD25080129e25df9,2025-08-01,GJ02,new,16,146,8,8
TRPKOC25080174ce181a,2025-08-01,KL01,new,24,295,9,10
TRPCHA25080131c0d2aa,2025-08-01,CH01,new,34,332,9,7
TRPCOI250801b534ac03,2025-08-01,TN01,repeated,22,199,9,7
TRPJAI25080129f3e746,2025-08-01,RJ01,repeated,26,349,7,9
TRPCHA250801b50da8ab,2025-08-01,CH01,new,18,188,10,7
TRPJAI250801c15b71d9,2025-08-01,RJ01,repeated,26,349,8,8
TRPIND250801612eadc5,2025-08-01,MP01,new,8,87,10,8
TRPJAI250801fe34efc2,2025-08-01,RJ01,new,29,385,8,8
TRPSUR2508011c28514a,2025-08-01,GJ01,repeated,13,123,6,8
TRPLUC250801393bcff3,2025-08-01,UP01,repeated,16,170,5,8
TRPIND2508014356a865,2025-08-01,MP01,repeated,18,167,7,9
TRPKOC25080138396bb0,2025-08-01,KL01,new,13,174,8,10
TRPSUR250801c4a50638,2025-08-01,GJ01,repeated,13,123,6,6
TRPJAI250801301e1424,2025-08-01,RJ01,new,36,469,10,8
TRPLUC25080173de7759,2025-08-01,UP01,repeated,10,116,7,5
TRPJAI250801227d58db,2025-08-01,RJ01,repeated,19,265,9,9
TRPMYS2508014bc6a242,2025-08-01,KA01,new,13,165,9,9
TRPVIS2508012379890f,2025-08-01,AP01,new,11,126,8,9
TRPLUC250801561c8fc0,2025-08-01,UP01,repeated,10,116,7,7
TRPLUC250801e3109d49,2025-08-01,UP01,new,12,134,8,8
TRPLUC2508014c62bfce,2025-08-01,UP01,repeated,16,170,7,5
TRPKOC2508016968e71f,2025-08-01,KL01,repeated,15,196,8,9
TRPLUC2508015fe854fe,2025-08-01,UP01,new,8,98,8,7
TRPSUR250801f125b99d,2025-08-01,GJ01,repeated,13,123,7,6
TRPLUC250801ebccab13,2025-08-01,UP01,repeated,15,161,5,6
TRPLUC250801c58f73b7,2025-08-01,UP01,repeated,19,197,5,7
TRPVAD2508013b4605c2,2025-08-01,GJ02,repeated,14,130,5,6
TRPKOC250801945f3313,2025-08-01,KL01,repeated,21,262,9,8
TRPSUR2508013df6a6d5,2025-08-01,GJ01,repeated,11,107,5,7
TRPLUC25080140a3d38b,2025-08-01,UP01,new,11,125,7,6
TRPKOC250801a9394dff,2025-08-01,KL01,repeated,29,350,9,9
TRPIND25080115a3c53b,2025-08-01,MP01,new,21,191,10,7
TRPLUC250801e32c1b37,2025-08-01,UP01,repeated,12,134,5,8
TRPCHA2508019541e746,2025-08-01,CH01,new,20,206,8,9
TRPCOI2508018d92ee85,2025-08-01,TN01,new,18,167,8,9
TRPKOC2508017422987e,2025-08-01,KL01,repeated,22,273,7,8
TRPKOC25080191826c46,2025-08-01,KL01,new,36,427,8,9
TRPSUR25080126cbfa3a,2025-08-01,GJ01,new,9,91,7,6
TRPLUC2508018583d4a7,2025-08-01,UP01,new,17,179,9,7
TRPVIS250801d175fdfc,2025-08-01,AP01,new,15,162,8,9
TRPLUC250801e81f1140,2025-08-01,UP01,repeated,12,134,7,7
TRPLUC2508017e198dae,2025-08-01,UP01,repeated,5,71,5,7
TRPCOI25080107724757,2025-08-01,TN01,repeated,22,199,9,7
TRPLUC250801a2581819,2025-08-01,UP01,repeated,11,125,7,8
TRPIND250801f650ac9a,2025-08-01,MP01,repeated,8,87,6,7
TRPVAD250801d08f42ec,2025-08-01,GJ02,repeated,8,82,6,8
TRPVIS250801ca1d0655,2025-08-01,AP01,new,18,189,8,9
TRPIND25080178f8f690,2025-08-01,MP01,repeated,10,103,6,9
TRPJAI250801fc659cf5,2025-08-01,RJ01,repeated,16,229,9,9
TRPIND250801026c722a,2025-08-01,MP01,repeated,21,191,9,9
TRPIND250801f81307a5,2025-08-01,MP01,repeated,17,159,7,6
TRPLUC250801eeeb3b82,2025-08-01,UP01,repeated,11,125,5,8
TRPSUR2508014031d64c,2025-08-01,GJ01,repeated,8,83,7,5
TRPLUC25080119314349,2025-08-01,UP01,new,5,71,9,7
TRPVIS2508011aed86c1,2025-08-01,AP01,repeated,31,306,7,9
TRPKOC2508011c827c27,2025-08-01,KL01,new,13,174,8,10
TRPCHA25080185f5951f,2025-08-01,CH01,new,34,332,8,7
TRPIND250801bd958379,2025-08-01,MP01,new,25,223,9,9
TRPIND250801b7b95a8a,2025-08-01,MP01,repeated,21,191,7,6
TRPSUR250801b014f0a5,2025-08-01,GJ01,repeated,7,75,7,7
TRPCHA250801d626a259,2025-08-01,CH01,repeated,26,260,8,6
TRPVAD25080188565858,2025-08-01,GJ02,repeated,17,154,6,7
TRPJAI250801a61f00d3,2025-08-01,RJ01,new,20,277,8,10
TRPVIS2508013a693bef,2025-08-01,AP01,new,18,189,10,8
TRPLUC250801d0116077,2025-08-01,UP01,repeated,9,107,5,6
TRPKOC25080157954d02,2025-08-01,KL01,repeated,22,273,9,10
TRPVAD2508011dc2ba40,2025-08-01,GJ02,new,9,90,8,6
TRPSUR250801e796cf77,2025-08-01,GJ01,repeated,12,115,6,8
TRPMYS250801d40343ee,2025-08-01,KA01,new,9,125,10,10
TRPJAI25080185cf30be,2025-08-01,RJ01,new,19,265,8,9
TRPLUC250801cb30bd4d,2025-08-01,UP01,repeated,5,71,7,5
TRPJAI25080100ee923c,2025-08-01,RJ01,repeated,30,397,8,9
TRPCHA250801b2aa556d,2025-08-01,CH01,repeated,18,188,9,8
TRPIND25080119d5e89f,2025-08-01,MP01,new,15,143,10,8
TRPCOI250801798d9d3f,2025-08-01,TN01,repeated,14,135,8,8
TRPSUR250801d6ca293a,2025-08-01,GJ01,repeated,17,155,7,6
TRPCHA250801ade2d6a4,2025-08-01,CH01,new,14,152,9,7
TRPLUC25080124f34e23,2025-08-01,UP01,repeated,9,107,5,7
TRPLUC2508017a833952,2025-08-01,UP01,repeated,12,134,7,5
TRPLUC250801552fefb3,2025-08-01,UP01,new,11,125,9,6
TRPJAI25080105cd4732,2025-08-01,RJ01,new,23,313,8,9
TRPLUC250801b5b8c8b2,2025-08-01,UP01,repeated,6,80,6,7
TRPSUR250801cc7f64f0,2025-08-01,GJ01,repeated,9,91,7,6
TRPSUR2508014938aaeb,2025-08-01,GJ01,repeated,16,147,5,8
TRPJAI2508017b4c0273,2025-08-01,RJ01,new,43,553,8,10
TRPJAI250801085f39af,2025-08-01,RJ01,repeated,24,325,7,9
TRPLUC25080126fcc43e,2025-08-01,UP01,new,16,170,7,6
TRPKOC250801cd7b1a72,2025-08-01,KL01,new,10,141,8,10
TRPLUC25080114451390,2025-08-01,UP01,repeated,11,125,7,8
TRPLUC250801791f6766,2025-08-01,UP01,repeated,7,89,5,6
TRPIND25080196ce2946,2025-08-01,MP01,repeated,25,223,7,9
TRPKOC250801a3458907,2025-08-01,KL01,repeated,21,262,9,8
TRPLUC250801701facfe,2025-08-01,UP01,repeated,18,188,7,6
TRPJAI2508012ed24d1d,2025-08-01,RJ01,repeated,16,229,9,9
TRPLUC250801acbd43ed,2025-08-01,UP01,repeated,14,152,7,8
TRPLUC250801576d44b9,2025-08-01,UP01,repeated,20,206,5,6
TRPIND25080179a5926c,2025-08-01,MP01,new,21,191,10,8
TRPIND25080152347931,2025-08-01,MP01,repeated,8,87,6,7
TRPCHA25080169d8b813,2025-08-01,CH01,repeated,19,197,8,6
TRPLUC250801e9d99a39,2025-08-01,UP01,repeated,13,143,5,5
TRPKOC2508015907ed05,2025-08-01,KL01,repeated,19,240,7,9
TRPIND2508011cd69e70,2025-08-01,MP01,repeated,11,111,8,6
TRPJAI25080131e51ae5,2025-08-01,RJ01,new,31,409,8,9
TRPJAI25080114bddd7a,2025-08-01,RJ01,new,30,397,9,9
TRPCHA250801817088df,2025-08-01,CH01,new,30,296,7,8
TRPLUC25080171d6a530,2025-08-01,UP01,repeated,5,71,6,5
TRPCHA250801196ed8bf,2025-08-01,CH01,repeated,23,233,7,7
TRPJAI250801b9646b2c,2025-08-01,RJ01,new,31,409,8,9
TRPKOC25080109204c98,2025-08-01,KL01,new,10,141,9,10
TRPVIS2508012b5b0b23,2025-08-01,AP01,new,19,198,9,8
TRPVIS2508010d7cea39,2025-08-01,AP01,repeated,14,153,9,8
TRPVAD2508019ceccfa7,2025-08-01,GJ02,repeated,9,90,6,5
TRPJAI250801db0b1031,2025-08-01,RJ01,repeated,43,553,7,9
TRPCOI250801d8631cb8,2025-08-01,TN01,repeated,19,175,9,9
TRPLUC250801331532ee,2025-08-01,UP01,new,12,134,9,8
TRPVIS25080160d4c8ff,2025-08-01,AP01,repeated,29,288,7,8
TRPCHA250801e55d06cf,2025-08-01,CH01,new,17,179,8,7
TRPCHA2508010ba7e580,2025-08-01,CH01,new,19,197,10,9
TRPVIS25080167889807,2025-08-01,AP01,new,25,252,9,9
TRPSUR2508019f952719,2025-08-01,GJ01,repeated,12,115,6,5
TRPCHA2508018f22e5a5,2025-08-01,CH01,new,18,188,9,7
TRPLUC2508014ace8bd9,2025-08-01,UP01,new,12,134,7,6
TRPIND250801d634f04b,2025-08-01,MP01,repeated,22,199,8,9
TRPLUC2508016194ea44,2025-08-01,UP01,repeated,16,170,3,2
TRPIND2508011c3aec41,2025-08-01,MP01,repeated,16,151,9,8
TRPSUR2508013c8187d0,2025-08-01,GJ01,repeated,10,99,7,6
TRPLUC250801662da3b9,2025-08-01,UP01,new,10,116,9,7
TRPJAI250801e05b807f,2025-08-01,RJ01,new,28,373,9,8
TRPCHA25080190c800bf,2025-08-01,CH01,repeated,31,305,7,7
TRPCOI250801c850ea27,2025-08-01,TN01,repeated,18,167,6,8
TRPCOI25080113249bc4,2025-08-01,TN01,repeated,11,111,6,8
TRPJAI2508011e812445,2025-08-01,RJ01,new,20,277,10,10
TRPJAI250801d7853171,2025-08-01,RJ01,repeated,39,505,8,9
TRPSUR250801c829eb10,2025-08-01,GJ01,repeated,16,147,6,8
TRPLUC2508015cde69a5,2025-08-01,UP01,new,10,116,9,8
TRPIND2508013acdea68,2025-08-01,MP01,repeated,24,215,6,9
TRPJAI250801177cdbe1,2025-08-01,RJ01,repeated,20,277,8,8
TRPLUC2508017bd141cb,2025-08-01,UP01,repeated,18,188,6,5
TRPSUR250801488b4f41,2025-08-01,GJ01,repeated,14,131,6,6
TRPJAI250801847c42da,2025-08-01,RJ01,repeated,22,301,8,9
TRPJAI2508010224c0d1,2025-08-01,RJ01,repeated,18,253,7,8
TRPSUR250801e9abaeff,2025-08-01,GJ01,repeated,11,107,6,7
TRPCHA25080167da5822,2025-08-01,CH01,new,19,197,8,9
TRPMYS2508012dd1e265,2025-08-01,KA01,repeated,18,215,7,10
TRPIND250801f99cb3cf,2025-08-01,MP01,repeated,8,87,6,8
TRPVAD25080170fb1fd8,2025-08-01,GJ02,repeated,15,138,5,8
TRPJAI250801f834d0ad,2025-08-01,RJ01,new,25,337,9,10
TRPJAI2508011f9a5891,2025-08-01,RJ01,repeated,41,529,9,8
TRPVAD250801f2b5e173,2025-08-01,GJ02,repeated,6,66,5,6
TRPLUC250801a7cc9c77,2025-08-01,UP01,repeated,5,71,6,8
TRPJAI25080156f037af,2025-08-01,RJ01,new,21,289,9,10
TRPIND25080184ca7d24,2025-08-01,MP01,repeated,16,151,7,8
TRPLUC2508019ca07a60,2025-08-01,UP01,repeated,18,188,7,7
TRPKOC250801392c0e64,2025-08-01,KL01,new,37,438,9,9
TRPLUC250801b26228ee,2025-08-01,UP01,repeated,11,125,6,5
TRPLUC2508011a435937,2025-08-01,UP01,repeated,17,179,7,7
TRPCOI250801da606be1,2025-08-01,TN01,new,14,135,7,7
TRPJAI250801331e5d89,2025-08-01,RJ01,repeated,44,565,9,10
TRPJAI2508012d0fba6d,2025-08-01,RJ01,new,42,541,9,9
TRPIND250801f17c50b9,2025-08-01,MP01,repeated,10,103,8,8
TRPLUC250801fa4a5bbb,2025-08-01,UP01,repeated,11,125,6,6
TRPCHA2508011081449c,2025-08-01,CH01,repeated,14,152,8,7
TRPCOI25080173a782b1,2025-08-01,TN01,new,8,87,7,9
TRPLUC250801a7a70570,2025-08-01,UP01,repeated,16,170,7,8
TRPLUC2508017030def8,2025-08-01,UP01,repeated,20,206,5,7
TRPVIS250801ba13564d,2025-08-01,AP01,new,17,180,8,10
TRPKOC25080102192916,2025-08-01,KL01,new,12,163,8,9
TRPKOC250801a4bf58e7,2025-08-01,KL01,new,36,427,10,10
TRPSUR2508015e74615f,2025-08-01,GJ01,repeated,8,83,6,7
TRPCHA2508014cfc1fb7,2025-08-01,CH01,repeated,19,197,6,8
TRPJAI250801c439d74b,2025-08-01,RJ01,repeated,36,469,7,10
TRPJAI250801cc67ba68,2025-08-01,RJ01,repeated,20,277,9,10
TRPIND2508019958e584,2025-08-01,MP01,new,20,183,9,8
TRPCHA250801540a50e5,2025-08-01,CH01,repeated,31,305,6,8
TRPSUR250801b1bf002d,2025-08-01,GJ01,repeated,15,139,7,7
TRPVAD250801e1f1cb89,2025-08-01,GJ02,repeated,15,138,6,8
TRPVAD250801ac60b274,2025-08-01,GJ02,repeated,8,82,5,7
TRPLUC25080104489060,2025-08-01,UP01,repeated,20,206,5,6
TRPIND2508019d17ab3c,2025-08-01,MP01,repeated,25,223,6,8
TRPJAI250801be71c4fe,2025-08-01,RJ01,new,33,433,8,10
TRPCOI250801bd87d359,2025-08-01,TN01,repeated,10,103,7,6
TRPJAI250801eec885de,2025-08-01,RJ01,new,40,517,10,10
TRPJAI2508011c9d9f3c,2025-08-01,RJ01,new,43,553,8,10
TRPLUC2508016d9e11ed,2025-08-01,UP01,repeated,7,89,7,6
TRPIND2508017f086b28,2025-08-01,MP01,repeated,19,175,6,7
TRPJAI250801c35c4bdd,2025-08-01,RJ01,new,15,217,9,8
TRPCHA2508014fd73ecb,2025-08-01,CH01,repeated,30,296,8,6
TRPVIS250801d4909cda,2025-08-01,AP01,repeated,11,126,8,10
TRPCHA25080163ee3fff,2025-08-01,CH01,repeated,26,260,9,9
TRPSUR250801b88bfa95,2025-08-01,GJ01,repeated,11,107,7,8
TRPIND25080156abba81,2025-08-01,MP01,repeated,10,103,6,8
TRPSUR2508016bd087ab,2025-08-01,GJ01,repeated,11,107,5,7
TRPLUC2508015cf78bf6,2025-08-01,UP01,repeated,18,188,5,5
TRPSUR250801de1a3dc0,2025-08-01,GJ01,repeated,14,131,5,8
TRPCOI250801d0897fe7,2025-08-01,TN01,repeated,16,151,9,8
TRPJAI2508013ea6d7f5,2025-08-01,RJ01,new,17,241,9,9
TRPSUR250801ef471eae,2025-08-01,GJ01,repeated,14,131,7,6
TRPLUC250801aed4b9ee,2025-08-01,UP01,new,9,107,7,7
TRPCHA250801dbf8264c,2025-08-01,CH01,new,22,224,9,7
TRPLUC2508012a0abc7c,2025-08-01,UP01,repeated,13,143,6,6
TRPSUR2508015209ef11,2025-08-01,GJ01,repeated,16,147,7,8
TRPCHA2508011c2d9beb,2025-08-01,CH01,new,29,287,9,7
TRPLUC25080199aba7ee,2025-08-01,UP01,new,20,206,9,8
TRPKOC25080158950178,2025-08-01,KL01,repeated,23,284,8,8
TRPCOI250801024d001e,2025-08-01,TN01,repeated,22,199,8,6
TRPLUC250801a69be81e,2025-08-01,UP01,repeated,10,116,5,5
TRPCHA250801a54b0955,2025-08-01,CH01,new,22,224,8,7
TRPSUR2508013d2af327,2025-08-01,GJ01,repeated,6,67,6,7
TRPJAI250801149ce1c8,2025-08-01,RJ01,repeated,40,517,8,10
TRPCHA2508012fb32e49,2025-08-01,CH01,new,25,251,10,9
TRPVIS25080125380835,2025-08-01,AP01,repeated,24,243,7,8
TRPLUC250801bc0dc297,2025-08-01,UP01,repeated,11,125,5,5
TRPLUC250801eba75fcb,2025-08-01,UP01,repeated,19,197,6,5
TRPLUC2508011921a4c9,2025-08-01,UP01,repeated,5,71,6,6
TRPLUC25080122901afd,2025-08-01,UP01,repeated,10,116,6,6
TRPKOC250801c228a376,2025-08-01,KL01,repeated,12,163,8,10
TRPKOC250801b7c393ef,2025-08-01,KL01,new,30,361,9,9
TRPVAD250801c1546348,2025-08-01,GJ02,new,8,82,8,7
TRPKOC250801ad181d9a,2025-08-01,KL01,new,12,163,10,8
TRPLUC250801c34ac148,2025-08-01,UP01,repeated,9,107,5,5
TRPSUR2508013ae62c88,2025-08-01,GJ01,repeated,11,107,2,3
TRPLUC250801d489fffb,2025-08-01,UP01,repeated,14,152,5,8
TRPLUC2508013d26d089,2025-08-01,UP01,repeated,11,125,6,5
TRPLUC2508012816e9fc,2025-08-01,UP01,repeated,11,125,7,7
TRPJAI250801cf7ff843,2025-08-01,RJ01,new,17,241,10,10
TRPIND250801623f52ce,2025-08-01,MP01,new,24,215,9,8
TRPVAD250801550d21bf,2025-08-01,GJ02,repeated,12,114,7,8
TRPJAI250801d223f2c4,2025-08-01,RJ01,new,36,469,8,9
TRPLUC250801705d0c93,2025-08-01,UP01,repeated,13,143,5,6
TRPVIS2508012960927c,2025-08-01,AP01,repeated,26,261,9,9
TRPLUC2508016585566f,2025-08-01,UP01,repeated,17,179,6,6
TRPJAI250801165cc8e4,2025-08-01,RJ01,repeated,26,349,7,8
TRPSUR250801d5a40966,2025-08-01,GJ01,new,14,131,8,8
TRPLUC250801b1e4dd26,2025-08-01,UP01,repeated,12,134,6,6
TRPJAI25080191858cdf,2025-08-01,RJ01,new,26,349,10,10
TRPJAI250801f899d738,2025-08-01,RJ01,repeated,41,529,7,8
TRPSUR2508017e20a286,2025-08-01,GJ01,repeated,10,99,7,6
TRPCHA2508018141c502,2025-08-01,CH01,repeated,30,296,9,9
TRPLUC250801a5c44077,2025-08-01,UP01,repeated,14,152,6,6
TRPSUR25080153e01529,2025-08-01,GJ01,repeated,12,115,6,5
TRPCHA250801c9ea11c7,2025-08-01,CH01,repeated,15,161,7,7
TRPIND250801543c3cd8,2025-08-01,MP01,new,19,175,7,7
TRPJAI25080158f4ad30,2025-08-01,RJ01,repeated,21,289,9,10
TRPLUC250801c80e9df3,2025-08-01,UP01,repeated,8,98,7,7
TRPLUC2508016df51404,2025-08-01,UP01,repeated,19,197,6,6
TRPLUC25080101df97f4,2025-08-01,UP01,new,19,197,8,8
TRPCOI2508017e391271,2025-08-01,TN01,new,18,167,8,9
TRPSUR250801cb7e6522,2025-08-01,GJ01,new,16,147,9,6
TRPLUC250801c082e1b4,2025-08-01,UP01,new,9,107,9,7
TRPVAD250801497adb76,2025-08-01,GJ02,repeated,14,130,6,6
TRPCHA250801ac0915c7,2025-08-01,CH01,repeated,18,188,6,8
TRPLUC250801f75dc26a,2025-08-01,UP01,repeated,17,179,6,7
TRPJAI25080136234b4c,2025-08-01,RJ01,new,15,217,8,8
TRPVAD250801d26c5d04,2025-08-01,GJ02,new,10,98,7,6
TRPLUC250801e6ff4271,2025-08-01,UP01,repeated,19,197,6,6
TRPSUR2508014bb9b4ec,2025-08-01,GJ01,repeated,6,67,6,5
TRPIND2508019f431f71,2025-08-01,MP01,repeated,24,215,8,6
TRPCOI2508015dbeb6e0,2025-08-01,TN01,new,8,87,10,9
TRPCHA250801b2238bff,2025-08-01,CH01,new,15,161,10,9
TRPLUC250801641c5957,2025-08-01,UP01,new,7,89,8,7
TRPLUC2508011aae2877,2025-08-01,UP01,repeated,8,98,6,6
TRPLUC25080179c9dc54,2025-08-01,UP01,repeated,9,107,6,5
TRPJAI2508012896a4b5,2025-08-01,RJ01,repeated,16,229,9,8
TRPLUC25080181b312a2,2025-08-01,UP01,new,19,197,7,8
TRPLUC250801462c7c7a,2025-08-01,UP01,repeated,20,206,5,5
TRPJAI250801f5d80a09,2025-08-01,RJ01,new,25,337,10,9
TRPSUR250801c3fb0880,2025-08-01,GJ01,repeated,15,139,5,6
TRPSUR25080115686056,2025-08-01,GJ01,repeated,12,115,2,3
TRPJAI250801b4e68114,2025-08-01,RJ01,repeated,32,421,7,9
TRPCOI250801017eac55,2025-08-01,TN01,repeated,17,159,7,9
TRPLUC250801f8cf556c,2025-08-01,UP01,repeated,12,134,5,5
TRPLUC250801e2040c17,2025-08-01,UP01,repeated,6,80,6,6
TRPLUC250801f9a8f9c2,2025-08-01,UP01,repeated,5,71,7,7
TRPCHA2508018b822a83,2025-08-01,CH01,new,19,197,9,8
TRPLUC250801483206d2,2025-08-01,UP01,repeated,17,179,7,7
TRPJAI250801e8a51747,2025-08-01,RJ01,repeated,31,409,9,8
TRPLUC2508012b938642,2025-08-01,UP01,repeated,7,89,6,6
TRPLUC250801ac999844,2025-08-01,UP01,repeated,7,89,6,6
TRPCOI25080135f15772,2025-08-01,TN01,repeated,13,127,8,8
TRPJAI250801047ebf86,2025-08-01,RJ01,repeated,25,337,7,8
TRPKOC250801ee1ab5bd,2025-08-01,KL01,new,35,416,10,9
TRPIND250801621aa159,2025-08-01,MP01,new,23,207,10,9
TRPSUR25080113b2543d,2025-08-01,GJ01,repeated,5,59,5,6
TRPVAD2508019133df57,2025-08-01,GJ02,repeated,16,146,5,8
TRPIND250801d28a4374,2025-08-01,MP01,new,24,215,9,9
TRPKOC25080190eefd4e,2025-08-01,KL01,new,11,152,9,10
TRPJAI250801628f58c1,2025-08-01,RJ01,new,26,349,8,10
TRPVAD250801038dda82,2025-08-01,GJ02,new,17,154,7,8
TRPVAD250801b947fc2b,2025-08-01,GJ02,repeated,6,66,7,6
TRPVAD2508014b7bee01,2025-08-01,GJ02,new,15,138,9,7
TRPLUC2508012926194b,2025-08-01,UP01,repeated,9,107,7,5
TRPCOI2508019d42aada,2025-08-01,TN01,new,21,191,7,9
TRPCHA250801bfab3c67,2025-08-01,CH01,repeated,32,314,9,7
TRPVAD2508019264e6b1,2025-08-01,GJ02,repeated,14,130,6,6
TRPVAD250801dc3da74d,2025-08-01,GJ02,repeated,10,98,7,8
TRPCHA250801f58c99ef,2025-08-01,CH01,new,17,179,8,8
TRPCOI2508013863e6e3,2025-08-01,TN01,repeated,22,199,8,7
TRPCOI250801d2390375,2025-08-01,TN01,new,18,167,8,8
TRPJAI25080193776dac,2025-08-01,RJ01,new,20,277,9,10
TRPJAI2508010f05fb5e,2025-08-01,RJ01,new,31,409,10,9
TRPLUC2508010cebf161,2025-08-01,UP01,new,16,170,8,6
TRPVIS2508010afc160c,2025-08-01,AP01,new,17,180,10,9
TRPCHA2508011ccd78f3,2025-08-01,CH01,new,34,332,9,8
TRPVAD250801934036a8,2025-08-01,GJ02,repeated,9,90,7,6
TRPIND250801bf9aaf47,2025-08-01,MP01,repeated,17,159,9,9
TRPJAI250801ec8ab334,2025-08-01,RJ01,new,31,409,8,8
TRPLUC2508017e16c51f,2025-08-01,UP01,new,10,116,8,7
TRPLUC25080171fb1fd0,2025-08-01,UP01,repeated,20,206,7,5
TRPLUC250801f28938f7,2025-08-01,UP01,repeated,9,107,6,8
TRPKOC2508017450e981,2025-08-01,KL01,new,35,416,10,8
TRPVAD250801cfc8dd4a,2025-08-01,GJ02,repeated,16,146,6,8
TRPJAI2508018f810091,2025-08-01,RJ01,repeated,16,229,7,8
TRPJAI2508011f40a0f3,2025-08-01,RJ01,new,22,301,9,9
TRPCHA250801bc1c6f36,2025-08-01,CH01,new,12,134,8,8
TRPLUC2508017953c371,2025-08-01,UP01,repeated,20,206,6,5
TRPCHA250801d72f6b50,2025-08-01,CH01,new,35,341,9,9
TRPJAI25080132c3b988,2025-08-01,RJ01,repeated,28,373,9,9
TRPVIS2508011ad62819,2025-08-01,AP01,new,10,117,10,10
TRPVAD2508015d60a7e9,2025-08-01,GJ02,new,14,130,9,6
TRPLUC250801617e2622,2025-08-01,UP01,repeated,5,71,6,8
TRPLUC25080140939b5e,2025-08-01,UP01,repeated,7,89,7,8
TRPJAI2508016a2577a6,2025-08-01,RJ01,new,33,433,9,9
TRPVIS25080156e45581,2025-08-01,AP01,repeated,28,279,7,9
TRPLUC250801edaf07a7,2025-08-01,UP01,repeated,14,152,7,8
TRPCHA250801ec03a181,2025-08-01,CH01,repeated,32,314,8,8
TRPLUC250801362aa2fb,2025-08-01,UP01,repeated,7,89,6,6
TRPJAI25080164f7c643,2025-08-01,RJ01,new,35,457,9,8
TRPKOC250801754fd150,2025-08-01,KL01,repeated,37,438,8,10
TRPCHA250801d7b2239e,2025-08-01,CH01,new,20,206,7,7
TRPSUR2508011edf78e9,2025-08-01,GJ01,repeated,8,83,6,5
TRPLUC250801c2eaa7f7,2025-08-01,UP01,repeated,8,98,5,5
TRPSUR250801a47a1836,2025-08-01,GJ01,new,5,59,7,8
TRPKOC250801b6fb4be6,2025-08-01,KL01,repeated,27,328,8,8
TRPVIS250801d643c08f,2025-08-01,AP01,new,23,234,8,8
TRPLUC250801d58a4a9a,2025-08-01,UP01,repeated,11,125,6,6
TRPSUR250801bd4969be,2025-08-01,GJ01,repeated,12,115,6,8
TRPSUR2508012536f8be,2025-08-01,GJ01,repeated,14,131,7,8
TRPIND2508017b394934,2025-08-01,MP01,repeated,23,207,6,9
TRPLUC250801f6dc4b30,2025-08-01,UP01,repeated,9,107,5,6
TRPSUR25080174e22b96,2025-08-01,GJ01,repeated,8,83,5,5
TRPCHA250801aa2b60a4,2025-08-01,CH01,new,12,134,10,9
TRPCOI25080174968da7,2025-08-01,TN01,repeated,9,95,7,7
TRPVIS250801400c0b8a,2025-08-01,AP01,repeated,35,342,9,10
TRPCHA250801109fe309,2025-08-01,CH01,new,34,332,10,9
TRPLUC250801b96cdf6c,2025-08-01,UP01,repeated,14,152,6,7
TRPKOC2508019bcf18e8,2025-08-01,KL01,new,37,438,9,10
TRPVAD2508010744ddd9,2025-08-01,GJ02,repeated,6,66,7,5
TRPLUC250801e6b16c49,2025-08-01,UP01,repeated,12,134,6,5
TRPLUC2508019207ffd0,2025-08-01,UP01,repeated,11,125,7,6
TRPLUC25080198e4f9b3,2025-08-01,UP01,new,6,80,7,6
TRPVIS25080198ae4c09,2025-08-01,AP01,new,19,198,9,10
TRPCOI2508011d98a93f,2025-08-01,TN01,repeated,19,175,6,9
TRPVAD25080111362fb0,2025-08-01,GJ02,repeated,18,162,6,7
TRPVIS2508013c2ee170,2025-08-01,AP01,repeated,26,261,8,9
TRPCOI25080189afc5ad,2025-08-01,TN01,repeated,18,167,9,9
TRPVIS2508016b041bca,2025-08-01,AP01,repeated,32,315,7,8
TRPJAI250801b83dd52c,2025-08-01,RJ01,repeated,40,517,8,10
TRPSUR250801dfb2b7fb,2025-08-01,GJ01,repeated,16,147,7,5
TRPVAD2508019789bcb6,2025-08-01,GJ02,repeated,18,162,5,6
TRPVAD25080153988e37,2025-08-01,GJ02,new,11,106,9,7
TRPLUC2508011c7d5164,2025-08-01,UP01,repeated,20,206,5,6
TRPJAI2508017a756975,2025-08-01,RJ01,repeated,42,541,9,8
TRPLUC2508017b7cad88,2025-08-01,UP01,repeated,10,116,7,5
TRPLUC250801299228a1,2025-08-01,UP01,repeated,11,125,7,8
TRPCHA25080153d04dac,2025-08-01,CH01,repeated,21,215,6,6
TRPCOI25080189e86cb4,2025-08-01,TN01,new,9,95,10,7
TRPCHA2508019e2ee0f1,2025-08-01,CH01,repeated,19,197,6,7
TRPIND250801cb48b18f,2025-08-01,MP01,repeated,15,143,7,8
TRPKOC250801e4b8c5cd,2025-08-01,KL01,repeated,11,152,7,9
TRPVAD2508017ebdceed,2025-08-01,GJ02,new,5,58,7,6
TRPJAI250801bb8bd2aa,2025-08-01,RJ01,repeated,20,277,9,8
TRPJAI2508019a8a9578,2025-08-01,RJ01,new,19,265,10,10
TRPSUR250801e78717b5,2025-08-01,GJ01,repeated,5,59,6,7
TRPSUR250801c7f28046,2025-08-01,GJ01,repeated,17,155,7,8
TRPVIS250801034ebd83,2025-08-01,AP01,repeated,11,126,9,10
TRPSUR2508013d2ad702,2025-08-01,GJ01,repeated,6,67,6,7
TRPSUR250801538896c5,2025-08-01,GJ01,repeated,9,91,6,8
TRPLUC250801f53dae38,2025-08-01,UP01,repeated,14,152,5,7
TRPLUC250801ebf707ba,2025-08-01,UP01,repeated,18,188,7,5
TRPCHA2508016683b418,2025-08-01,CH01,new,26,260,9,8
TRPSUR250801a3ab2a87,2025-08-01,GJ01,repeated,14,131,7,5
TRPJAI250801d9a70f40,2025-08-01,RJ01,repeated,25,337,7,9
TRPJAI250801c681b43a,2025-08-01,RJ01,repeated,45,577,9,9
TRPVIS2508016c8b1f83,2025-08-01,AP01,new,19,198,8,8
TRPMYS2508016d9811b1,2025-08-01,KA01,new,12,155,10,10
TRPSUR250801d9274f9f,2025-08-01,GJ01,new,10,99,8,6
TRPLUC250801fa81b5c2,2025-08-01,UP01,repeated,11,125,5,8
TRPSUR250801d8a78233,2025-08-01,GJ01,repeated,14,131,5,6
TRPVAD250801ec23381e,2025-08-01,GJ02,repeated,16,146,5,8
TRPJAI250801e955aae1,2025-08-01,RJ01,new,37,481,9,8
TRPKOC250801bf73b9d3,2025-08-01,KL01,new,12,163,8,10
TRPLUC25080100776498,2025-08-01,UP01,repeated,19,197,5,8
TRPLUC2508010fe244d6,2025-08-01,UP01,repeated,18,188,6,6
TRPJAI2508019c591037,2025-08-01,RJ01,repeated,37,481,7,9
TRPKOC250801b01d20d6,2025-08-01,KL01,new,28,339,9,10
TRPLUC2508014bf1bbb8,2025-08-01,UP01,repeated,13,143,6,7
TRPJAI25080190b0aa8c,2025-08-01,RJ01,repeated,20,277,7,8
TRPKOC2508014d6cdae4,2025-08-01,KL01,new,21,262,8,9
TRPCHA25080150ade26d,2025-08-01,CH01,repeated,29,287,8,7
TRPVIS250801bdd85c71,2025-08-01,AP01,new,21,216,9,10
TRPSUR2508013a00db80,2025-08-01,GJ01,repeated,16,147,5,8
TRPJAI250801d7948495,2025-08-01,RJ01,new,40,517,9,10
TRPLUC250801f0d36d07,2025-08-01,UP01,repeated,5,71,7,7
TRPVAD250801503ca32d,2025-08-01,GJ02,repeated,15,138,6,6
TRPVAD250801d252639d,2025-08-01,GJ02,repeated,12,114,6,7
TRPKOC2508014bb64556,2025-08-01,KL01,repeated,10,141,7,9
TRPLUC250801117f621d,2025-08-01,UP01,repeated,8,98,5,7
TRPJAI2508010156d557,2025-08-01,RJ01,new,42,541,8,9
TRPCHA25080119fa3920,2025-08-01,CH01,repeated,25,251,8,9
TRPLUC250801c728d8ff,2025-08-01,UP01,new,15,161,7,6
TRPLUC250801a099bcb3,2025-08-01,UP01,repeated,19,197,5,7
TRPLUC2508017e389062,2025-08-01,UP01,repeated,8,98,6,5
TRPSUR250801ae2bbbe0,2025-08-01,GJ01,repeated,17,155,5,8
TRPVIS250801c7feffba,2025-08-01,AP01,new,18,189,9,10
TRPSUR250801b885590a,2025-08-01,GJ01,repeated,11,107,7,6
TRPCHA2508018856f972,2025-08-01,CH01,new,20,206,10,7
TRPCHA2508019368bdc0,2025-08-01,CH01,new,26,260,8,7
TRPCOI250801ad6c22fe,2025-08-01,TN01,repeated,21,191,6,6
TRPLUC250801aac2be34,2025-08-01,UP01,new,5,71,9,6
TRPLUC250801064695fa,2025-08-01,UP01,repeated,5,71,5,7
TRPLUC250801f69165e2,2025-08-01,UP01,repeated,11,125,5,7
TRPLUC250801b3d994a4,2025-08-01,UP01,repeated,18,188,6,6
TRPCOI250801e888219e,2025-08-01,TN01,repeated,9,95,8,9
TRPJAI2508014f93904a,2025-08-01,RJ01,new,19,265,9,8
TRPCHA250801d5a759cd,2025-08-01,CH01,repeated,27,269,8,6
TRPCHA250801a7b46fe2,2025-08-01,CH01,repeated,32,314,8,6
TRPCHA25080183829e9c,2025-08-01,CH01,new,19,197,9,8
TRPIND250801885b4c64,2025-08-01,MP01,repeated,12,119,7,8
TRPJAI25080170969f0c,2025-08-01,RJ01,repeated,23,313,8,9
TRPJAI250801b06480cd,2025-08-01,RJ01,new,20,277,8,9
TRPJAI2508014efa3ba6,2025-08-01,RJ01,repeated,44,565,7,9
TRPVAD25080185fa4d53,2025-08-01,GJ02,new,10,98,7,7
TRPLUC250801aa19dc9e,2025-08-01,UP01,repeated,12,134,7,8
TRPVIS2508015e90fa72,2025-08-01,AP01,repeated,27,270,7,8
TRPLUC250801b6459e6a,2025-08-01,UP01,repeated,8,98,6,8
TRPJAI2508013d64f30e,2025-08-01,RJ01,new,43,553,8,8
TRPLUC250801eca2e0d2,2025-08-01,UP01,repeated,12,134,5,7
TRPJAI2508013221d1eb,2025-08-01,RJ01,new,17,241,10,8
TRPSUR25080183b19ea9,2025-08-01,GJ01,repeated,11,107,6,8
TRPSUR25080103ef721b,2025-08-01,GJ01,repeated,16,147,5,5
TRPKOC25080164b9cb0d,2025-08-01,KL01,new,34,405,8,8
TRPSUR250801831766c7,2025-08-01,GJ01,repeated,6,67,5,8
TRPKOC250801b6047d33,2025-08-01,KL01,repeated,35,416,8,10
TRPJAI2508011501dd3d,2025-08-01,RJ01,new,35,457,8,10
TRPKOC250801f2db0d3f,2025-08-01,KL01,repeated,23,284,7,10
TRPSUR2508017ff4e4dd,2025-08-01,GJ01,repeated,16,147,5,6
TRPLUC250801b529cf90,2025-08-01,UP01,repeated,6,80,7,5
TRPLUC25080106b8ee6b,2025-08-01,UP01,repeated,6,80,6,5
TRPSUR25080186c5da6b,2025-08-01,GJ01,repeated,8,83,6,8
TRPLUC25080191e48b99,2025-08-01,UP01,repeated,10,116,5,7
TRPSUR250801e3abae4e,2025-08-01,GJ01,repeated,17,155,5,7
TRPLUC2508013c3b807b,2025-08-01,UP01,repeated,8,98,7,7
TRPLUC2508012626c557,2025-08-01,UP01,repeated,17,179,7,6
TRPJAI250801712e8470,2025-08-01,RJ01,repeated,30,397,7,8
TRPSUR25080188ce0dc6,2025-08-01,GJ01,repeated,14,131,7,8
TRPJAI250801e3b294c7,2025-08-01,RJ01,new,25,337,9,9
TRPJAI2508014e0c1044,2025-08-01,RJ01,new,35,457,8,10
TRPCHA250801d29736cd,2025-08-01,CH01,repeated,29,287,8,8
TRPSUR2508015ac26117,2025-08-01,GJ01,repeated,6,67,6,6
TRPSUR250801efa4d38b,2025-08-01,GJ01,new,12,115,9,8
TRPKOC250801a3606537,2025-08-01,KL01,new,11,152,9,10
TRPLUC250801846a38f1,2025-08-01,UP01,repeated,9,107,7,8
TRPVAD2508018ce3a9c2,2025-08-01,GJ02,repeated,15,138,6,8
TRPLUC25080147f8bec2,2025-08-01,UP01,repeated,12,134,7,5
TRPCHA250801ebd03d95,2025-08-01,CH01,repeated,20,206,7,7
TRPKOC250801100ad52f,2025-08-01,KL01,new,27,328,10,8
TRPSUR25080150801556,2025-08-01,GJ01,new,13,123,7,6
TRPJAI2508014a01a7d7,2025-08-01,RJ01,repeated,19,265,7,8
TRPJAI250801ebebb1d5,2025-08-01,RJ01,new,35,457,9,9
TRPIND250801d96a5489,2025-08-01,MP01,new,22,199,10,8
TRPLUC25080183eb31de,2025-08-01,UP01,new,15,161,7,7
TRPSUR250801dab1145d,2025-08-01,GJ01,repeated,17,155,7,7
TRPKOC2508013af8c547,2025-08-01,KL01,new,35,416,9,9
TRPCOI250801408395d7,2025-08-01,TN01,new,12,119,8,9
TRPSUR250801f2113499,2025-08-01,GJ01,repeated,11,107,6,5
TRPSUR25080194d9f84b,2025-08-01,GJ01,new,6,67,9,8
TRPLUC2508017d3e7fd9,2025-08-01,UP01,repeated,14,152,7,8
TRPCOI250801e7adce8d,2025-08-01,TN01,new,12,119,9,7
TRPJAI250801c9210aa5,2025-08-01,RJ01,repeated,25,337,9,8
TRPLUC250801ac3a4866,2025-08-01,UP01,repeated,14,152,5,8
TRPKOC250801042528c6,2025-08-01,KL01,new,24,295,9,8
TRPVIS2508016f7e655c,2025-08-01,AP01,repeated,31,306,8,9
TRPJAI250801fbdafa5b,2025-08-01,RJ01,new,22,301,10,10
TRPVIS250801a0905ff0,2025-08-01,AP01,repeated,35,342,8,10
TRPLUC2508015b95ffae,2025-08-01,UP01,repeated,17,179,4,2
TRPVAD250801a3e6566b,2025-08-01,GJ02,repeated,8,82,7,6
TRPKOC250801c83fd3bb,2025-08-01,KL01,repeated,19,240,8,9
TRPVIS250801467f35e1,2025-08-01,AP01,repeated,18,189,9,8
TRPJAI2508014322a8ce,2025-08-01,RJ01,repeated,35,457,9,8
TRPJAI2508014e636814,2025-08-01,RJ01,new,43,553,8,10
TRPVIS250801dd50e7ab,2025-08-01,AP01,new,33,324,10,9
TRPJAI2508011407b413,2025-08-01,RJ01,new,33,433,10,10
TRPSUR250801e9be32a0,2025-08-01,GJ01,repeated,9,91,7,5
TRPSUR2508012c1f3cd4,2025-08-01,GJ01,repeated,15,139,7,5
TRPVIS2508014053863b,2025-08-01,AP01,repeated,12,135,9,8
TRPIND2508012270ff12,2025-08-01,MP01,repeated,8,87,9,9
TRPVIS2508010f15969f,2025-08-01,AP01,new,32,315,9,10
TRPJAI2508019a894f3c,2025-08-01,RJ01,repeated,22,301,9,8
TRPVAD2508013c7428ca,2025-08-01,GJ02,repeated,13,122,5,8
TRPVAD250801c60d43e9,2025-08-01,GJ02,repeated,14,130,5,7
TRPCHA250801fc99f030,2025-08-01,CH01,new,28,278,10,9
TRPIND2508010fbd6451,2025-08-01,MP01,new,22,199,7,7
TRPVIS250801ce018b4f,2025-08-01,AP01,repeated,32,315,7,8
TRPJAI250801ff3fc742,2025-08-01,RJ01,repeated,23,313,8,9
TRPKOC25080176637976,2025-08-01,KL01,repeated,17,218,9,8
TRPIND250801b0472a64,2025-08-01,MP01,repeated,10,103,8,9
TRPVIS250801d6d4c496,2025-08-01,AP01,new,20,207,8,8
TRPJAI2508012d616f49,2025-08-01,RJ01,new,43,553,10,8
TRPVAD250801507c65d9,2025-08-01,GJ02,repeated,17,154,5,7
TRPIND250801ee30b9ff,2025-08-01,MP01,repeated,15,143,9,7
TRPSUR250801cf1b743b,2025-08-01,GJ01,repeated,6,67,6,5
TRPCHA250801a9e7bd90,2025-08-01,CH01,repeated,18,188,8,6
TRPVAD250801771f5a8d,2025-08-01,GJ02,new,10,98,9,7
TRPVAD25080164bf186e,2025-08-01,GJ02,new,10,98,9,6
TRPVAD2508014a2fb3cf,2025-08-01,GJ02,repeated,7,74,5,6
TRPVAD25080135a01c37,2025-08-01,GJ02,new,17,154,9,6
TRPCHA2508010473d7f6,2025-08-01,CH01,new,13,143,8,7
TRPCHA2508018a7229d0,2025-08-01,CH01,new,29,287,8,7
TRPLUC250801a4d566b7,2025-08-01,UP01,repeated,5,71,7,7
TRPSUR250801e6a13f56,2025-08-01,GJ01,repeated,11,107,6,6
TRPJAI2508015a271322,2025-08-01,RJ01,repeated,26,349,7,9
TRPCOI2508013cadb2d8,2025-08-01,TN01,repeated,15,143,7,7
TRPIND25080159516a82,2025-08-01,MP01,repeated,10,103,8,9
TRPLUC2508019a6f0a60,2025-08-01,UP01,repeated,8,98,5,6
TRPVAD250801fb935181,2025-08-01,GJ02,new,12,114,9,6
TRPLUC2508016f51fd18,2025-08-01,UP01,repeated,6,80,6,8
TRPLUC2508015980cb82,2025-08-01,UP01,new,17,179,7,7
TRPLUC250801372ae9df,2025-08-01,UP01,repeated,19,197,6,8
TRPJAI2508017f5f271a,2025-08-01,RJ01,repeated,22,301,8,8
TRPLUC2508016f019f36,2025-08-01,UP01,repeated,5,71,3,1
TRPKOC250801a592296d,2025-08-01,KL01,repeated,16,207,7,8
TRPVAD25080128d76fe3,2025-08-01,GJ02,repeated,14,130,5,8
TRPLUC2508014031e71c,2025-08-01,UP01,repeated,18,188,6,6
TRPVIS250801250ab16b,2025-08-01,AP01,repeated,12,135,9,8
TRPJAI250801db3df28c,2025-08-01,RJ01,new,40,517,8,8
TRPCOI2508018df6d6bb,2025-08-01,TN01,repeated,18,167,8,7
TRPLUC250801faa7193b,2025-08-01,UP01,new,7,89,9,6
TRPVAD2508012ac8d302,2025-08-01,GJ02,repeated,17,154,6,5
TRPVAD2508010064e472,2025-08-01,GJ02,repeated,9,90,6,5
TRPVIS2508013e764b16,2025-08-01,AP01,new,15,162,8,9
TRPLUC250801c44f0758,2025-08-01,UP01,repeated,6,80,7,7
TRPJAI25080115509883,2025-08-01,RJ01,repeated,41,529,9,9
TRPJAI2508019ad1cd8c,2025-08-01,RJ01,new,15,217,8,8
TRPCHA250801dfae6487,2025-08-01,CH01,repeated,26,260,7,8
TRPLUC250801c74cb3fe,2025-08-01,UP01,repeated,14,152,7,6
TRPLUC25080165b9488c,2025-08-01,UP01,new,11,125,9,6
TRPJAI2508018b0bf8bb,2025-08-01,RJ01,new,32,421,10,9
TRPSUR25080173df5989,2025-08-01,GJ01,repeated,5,59,7,8
TRPSUR2508015477affc,2025-08-01,GJ01,repeated,14,131,7,6
TRPLUC25080102372368,2025-08-01,UP01,repeated,7,89,5,7
TRPIND250801a1816d90,2025-08-01,MP01,new,15,143,9,9
TRPJAI250801e9851045,2025-08-01,RJ01,repeated,31,409,8,8
TRPLUC250801806d6bad,2025-08-01,UP01,new,13,143,7,6
TRPLUC2508013bd94e54,2025-08-01,UP01,repeated,17,179,5,5
TRPCHA250801f0d85e4d,2025-08-01,CH01,new,30,296,8,8
TRPCHA25080180eec717,2025-08-01,CH01,new,14,152,9,9
TRPLUC2508013bafddb8,2025-08-01,UP01,repeated,8,98,7,8
TRPLUC25080167779bf0,2025-08-01,UP01,repeated,12,134,7,8
TRPLUC25080185f691a4,2025-08-01,UP01,repeated,7,89,7,5
TRPCHA250801d9463a96,2025-08-01,CH01,repeated,22,224,6,8
TRPLUC250801c6663e90,2025-08-01,UP01,repeated,13,143,5,7
TRPVAD250801a9182bf7,2025-08-01,GJ02,repeated,7,74,6,7
TRPSUR25080125ef541c,2025-08-01,GJ01,repeated,16,147,7,5
TRPJAI2508016edaf915,2025-08-01,RJ01,repeated,25,337,9,9
TRPLUC25080160dfcca0,2025-08-01,UP01,repeated,7,89,7,7
TRPLUC2508017e968c32,2025-08-01,UP01,new,16,170,8,7
TRPLUC2508013262dc0d,2025-08-01,UP01,repeated,17,179,6,7
TRPSUR2508011c9433f1,2025-08-01,GJ01,repeated,11,107,6,7
TRPSUR25080187e94ee7,2025-08-01,GJ01,repeated,15,139,6,7
TRPCHA2508012561f287,2025-08-01,CH01,new,30,296,7,8
TRPLUC2508016eaf7eba,2025-08-01,UP01,new,16,170,9,6
TRPSUR250801c41714ef,2025-08-01,GJ01,repeated,17,155,6,7
TRPSUR2508019cd5c586,2025-08-01,GJ01,repeated,16,147,6,7
TRPSUR25080125f890ca,2025-08-01,GJ01,repeated,5,59,6,6
TRPSUR250801922250af,2025-08-01,GJ01,new,12,115,7,8
TRPLUC25080167e6a7f7,2025-08-01,UP01,repeated,20,206,7,6
TRPCHA2508012fb6efd3,2025-08-01,CH01,new,35,341,8,8
TRPIND250801e5d5970c,2025-08-01,MP01,new,8,87,10,8
TRPLUC2508014506c937,2025-08-01,UP01,new,10,116,9,7
TRPJAI250801178ace8d,2025-08-01,RJ01,new,42,541,10,9
TRPLUC2508018a17708b,2025-08-01,UP01,repeated,7,89,7,8
TRPIND250801dd3381b8,2025-08-01,MP01,new,8,87,8,7
TRPCOI250801a30b6d0f,2025-08-01,TN01,repeated,12,119,9,9
TRPKOC2508016f1dfef6,2025-08-01,KL01,new,10,141,10,10
TRPIND2508013c6d5144,2025-08-01,MP01,repeated,17,159,9,9
TRPSUR250801b8345b2e,2025-08-01,GJ01,new,5,59,9,8
TRPSUR250801146e2b4a,2025-08-01,GJ01,repeated,9,91,7,6
TRPKOC250801c497f115,2025-08-01,KL01,new,16,207,9,9
TRPLUC2508017b9b9181,2025-08-01,UP01,repeated,17,179,6,7
TRPKOC2508012efde84f,2025-08-01,KL01,repeated,34,405,9,10
TRPSUR2508015fa888e3,2025-08-01,GJ01,new,11,107,8,7
TRPLUC25080119edf1f2,2025-08-01,UP01,repeated,14,152,6,8
TRPKOC250801de280f6d,2025-08-01,KL01,new,34,405,10,8
TRPCHA250801fbe42fe9,2025-08-01,CH01,new,30,296,7,8
TRPLUC2508015b64e94f,2025-08-01,UP01,repeated,8,98,7,5
TRPLUC2508010158f4ca,2025-08-01,UP01,repeated,14,152,7,5
TRPVAD250801431b62eb,2025-08-01,GJ02,repeated,18,162,5,5
TRPCHA25080156baa013,2025-08-01,CH01,repeated,22,224,6,8
TRPCOI2508015274791a,2025-08-01,TN01,new,12,119,7,8
TRPSUR2508018458f3db,2025-08-01,GJ01,new,11,107,8,7
TRPLUC250801e3af31f1,2025-08-01,UP01,repeated,12,134,6,5
TRPMYS2508013fab0700,2025-08-01,KA01,new,19,225,10,9
TRPVAD250801f6b2ce44,2025-08-01,GJ02,new,6,66,7,7
TRPCOI2508014f40fe09,2025-08-01,TN01,new,21,191,8,9
TRPIND250801160418ae,2025-08-01,MP01,repeated,15,143,8,6
TRPCHA250801a115aa04,2025-08-01,CH01,repeated,23,233,7,9
TRPLUC250801fe408aae,2025-08-01,UP01,new,20,206,7,7
TRPCHA2508019e378200,2025-08-01,CH01,new,27,269,7,9
TRPCOI2508014ec43144,2025-08-01,TN01,repeated,22,199,8,9
TRPSUR25080117b7e2c8,2025-08-01,GJ01,new,10,99,8,7
TRPSUR2508010298ace4,2025-08-01,GJ01,repeated,17,155,5,5
TRPVAD250801389dcd3e,2025-08-01,GJ02,repeated,8,82,7,8
TRPLUC2508018968e577,2025-08-01,UP01,repeated,19,197,6,6
TRPLUC250801d34f7e7a,2025-08-01,UP01,repeated,18,188,7,7
TRPJAI250801d8341176,2025-08-01,RJ01,new,21,289,10,8
TRPLUC25080101518a24,2025-08-01,UP01,repeated,6,80,5,8
TRPCHA2508013abdbdb1,2025-08-01,CH01,new,27,269,10,9
TRPJAI250801f15e3d2f,2025-08-01,RJ01,new,26,349,9,10
TRPCOI250801eadcf935,2025-08-01,TN01,repeated,16,151,8,9
TRPSUR250801670c520c,2025-08-01,GJ01,repeated,11,107,6,5
TRPJAI25080155359cb2,2025-08-01,RJ01,new,30,397,8,10
TRPJAI250801a3356c3a,2025-08-01,RJ01,new,18,253,8,10
TRPVAD25080175fe62bf,2025-08-01,GJ02,repeated,16,146,7,7
TRPSUR2508015f58090a,2025-08-01,GJ01,repeated,17,155,7,6
TRPSUR250801d4fb0efd,2025-08-01,GJ01,repeated,10,99,7,6
TRPIND2508017fc34082,2025-08-01,MP01,repeated,25,223,9,6
TRPVIS250801801f808a,2025-08-01,AP01,repeated,34,333,9,8
TRPVAD250801bcb5e421,2025-08-01,GJ02,repeated,12,114,7,5
TRPIND250801172cfce6,2025-08-01,MP01,new,11,111,8,7
TRPMYS2508018cb05e12,2025-08-01,KA01,new,9,125,8,9
TRPLUC25080174cffe00,2025-08-01,UP01,repeated,6,80,7,6
TRPKOC250801aee5eb39,2025-08-01,KL01,repeated,21,262,9,10
TRPLUC250801f761dcec,2025-08-01,UP01,new,19,197,8,8
TRPLUC2508012e5c2e4c,2025-08-01,UP01,repeated,14,152,5,6
TRPLUC2508016f2df57f,2025-08-01,UP01,repeated,15,161,5,7
TRPLUC2508012a5ef468,2025-08-01,UP01,repeated,8,98,7,5
TRPIND250801b530e2ed,2025-08-01,MP01,repeated,14,135,7,7
TRPJAI2508012c7efb95,2025-08-01,RJ01,new,36,469,9,8
TRPLUC250801050d195c,2025-08-01,UP01,repeated,20,206,5,7
TRPCHA25080197aa0065,2025-08-01,CH01,new,17,179,7,7
TRPKOC25080105aaa5f2,2025-08-01,KL01,new,13,174,9,10
TRPKOC250801a02242a8,2025-08-01,KL01,new,17,218,8,8
TRPCOI250801c16e4b74,2025-08-01,TN01,new,20,183,8,8
TRPKOC2508012b0532b2,2025-08-01,KL01,new,13,174,8,9
TRPVIS2508019e6d7dd3,2025-08-01,AP01,repeated,27,270,7,10
TRPLUC2508010c1ce43d,2025-08-01,UP01,repeated,5,71,7,8
TRPJAI250801b84bfe66,2025-08-01,RJ01,new,42,541,10,8
TRPSUR25080183bb202a,2025-08-01,GJ01,repeated,8,83,6,6
TRPIND250801a0ee964d,2025-08-01,MP01,repeated,10,103,9,8
TRPVIS250801ed3d31d8,2025-08-01,AP01,new,20,207,8,10
TRPKOC2508010f925924,2025-08-01,KL01,repeated,22,273,8,8
TRPIND25080166dcfacd,2025-08-01,MP01,repeated,13,127,7,8
TRPLUC250801bc1b75cd,2025-08-01,UP01,new,5,71,9,8
TRPJAI25080155b670d6,2025-08-01,RJ01,repeated,34,445,7,8
TRPLUC250801b87c7bc3,2025-08-01,UP01,repeated,19,197,7,7
TRPJAI250801c9102965,2025-08-01,RJ01,new,32,421,10,9
TRPLUC250801d9988b20,2025-08-01,UP01,repeated,17,179,6,8
TRPJAI2508015b85175d,2025-08-01,RJ01,repeated,24,325,9,10
TRPLUC2508010a1c59da,2025-08-01,UP01,new,19,197,7,6
TRPCHA250801c9f5f4c9,2025-08-01,CH01,new,21,215,9,8
TRPJAI250801b56877b0,2025-08-01,RJ01,repeated,17,241,7,10
TRPLUC2508017a5595f0,2025-08-01,UP01,repeated,16,170,5,8
TRPKOC2508017690d97d,2025-08-01,KL01,repeated,27,328,9,8
TRPLUC2508018ac40198,2025-08-01,UP01,repeated,9,107,7,6
TRPKOC2508012c4d2fd4,2025-08-01,KL01,new,27,328,10,10
TRPLUC250801892315fa,2025-08-01,UP01,new,17,179,7,7
TRPVAD250801b03ffc32,2025-08-01,GJ02,new,13,122,9,6
TRPCHA2508017f53b1a4,2025-08-01,CH01,repeated,30,296,8,8
TRPVAD250801ef429b37,2025-08-01,GJ02,repeated,18,162,5,5
TRPSUR250801431727bd,2025-08-01,GJ01,repeated,11,107,5,6
TRPJAI250801b61a943c,2025-08-01,RJ01,new,40,517,10,8
TRPVAD25080144019da9,2025-08-01,GJ02,repeated,8,82,6,8
TRPJAI250801daa6d13a,2025-08-01,RJ01,new,25,337,10,10
TRPKOC25080180627fa8,2025-08-01,KL01,repeated,35,416,7,10
TRPVAD250801bb3c3b03,2025-08-01,GJ02,repeated,12,114,5,8
TRPVIS2508012a7511be,2025-08-01,AP01,repeated,19,198,7,10
TRPLUC250801748e8d1d,2025-08-01,UP01,repeated,12,134,7,7
TRPIND2508011ca8573e,2025-08-01,MP01,repeated,21,191,9,7
TRPLUC250801f1d0c2cc,2025-08-01,UP01,repeated,19,197,7,5
TRPIND250801127e5a2a,2025-08-01,MP01,repeated,16,151,8,7
TRPJAI250801d35561b3,2025-08-01,RJ01,repeated,28,373,8,8
TRPSUR250801fa262e0f,2025-08-01,GJ01,repeated,5,59,5,8
TRPLUC250801448a1a6e,2025-08-01,UP01,repeated,8,98,5,8
TRPVAD25080156d9d2b6,2025-08-01,GJ02,new,18,162,8,8
TRPJAI2508012aef88ee,2025-08-01,RJ01,new,33,433,8,10
TRPVIS250801ef17dcde,2025-08-01,AP01,repeated,22,225,7,9
TRPLUC2508017f67909d,2025-08-01,UP01,repeated,15,161,7,5
TRPSUR2508015e81eec7,2025-08-01,GJ01,repeated,16,147,7,7
TRPLUC2508018ff5af1e,2025-08-01,UP01,new,5,71,7,8
TRPSUR25080160c13a06,2025-08-01,GJ01,new,6,67,7,8
TRPIND25080175b94512,2025-08-01,MP01,new,10,103,9,9
TRPJAI25080158e025d9,2025-08-01,RJ01,new,18,253,9,10
TRPLUC2508019ebd3783,2025-08-01,UP01,repeated,18,188,5,8
TRPJAI250801a2b71844,2025-08-01,RJ01,repeated,19,265,9,9
TRPCHA250801daa65130,2025-08-01,CH01,repeated,15,161,6,8
TRPLUC250801b1e554cb,2025-08-01,UP01,repeated,20,206,5,7
TRPIND250801a80007e0,2025-08-01,MP01,repeated,17,159,6,9
TRPCOI2508010dc30772,2025-08-01,TN01,repeated,16,151,7,9
TRPJAI2508010b1100d4,2025-08-01,RJ01,new,42,541,10,9
TRPJAI2508010472b6c2,2025-08-01,RJ01,new,23,313,8,10
TRPKOC25080131180129,2025-08-01,KL01,new,15,196,9,8
TRPVAD2508012f0eb6bf,2025-08-01,GJ02,repeated,10,98,5,8
TRPKOC25080161d3745b,2025-08-01,KL01,new,33,394,9,10
TRPLUC250801057a4fa0,2025-08-01,UP01,repeated,15,161,6,5
TRPCHA250801ea076a39,2025-08-01,CH01,new,28,278,9,8
TRPVIS250801e0cdade3,2025-08-01,AP01,repeated,13,144,8,10
TRPSUR250801433d82be,2025-08-01,GJ01,repeated,10,99,5,8
TRPLUC2508012671536f,2025-08-01,UP01,repeated,14,152,7,6
TRPSUR2508014e2475c8,2025-08-01,GJ01,repeated,10,99,5,8
TRPLUC250801c67a36f7,2025-08-01,UP01,repeated,12,134,7,8
TRPLUC250801dc5f930d,2025-08-01,UP01,repeated,8,98,5,6
TRPLUC250801148d9b0f,2025-08-01,UP01,repeated,10,116,6,5
TRPVAD250801b7e4d1d6,2025-08-01,GJ02,new,10,98,8,7
TRPSUR25080170f5b330,2025-08-01,GJ01,repeated,12,115,5,8
TRPCOI25080168019a97,2025-08-01,TN01,new,17,159,8,9
TRPLUC250801cb9173aa,2025-08-01,UP01,repeated,16,170,6,6
TRPJAI2508011415f31e,2025-08-01,RJ01,new,35,457,8,10
TRPIND250801929861eb,2025-08-01,MP01,repeated,11,111,9,9
TRPJAI250801a31f8ff4,2025-08-01,RJ01,new,22,301,9,10
TRPIND250801a1579fbc,2025-08-01,MP01,new,24,215,9,7
TRPKOC250801ff1198cd,2025-08-01,KL01,new,30,361,9,9
TRPVIS25080129cf798b,2025-08-01,AP01,repeated,22,225,7,8
TRPLUC2508018edfa2a9,2025-08-01,UP01,repeated,9,107,6,7
TRPMYS25080182719569,2025-08-01,KA01,new,24,275,8,8
TRPIND250801df8a8da0,2025-08-01,MP01,repeated,22,199,6,7
TRPCHA25080128f86179,2025-08-01,CH01,new,21,215,9,8
TRPVIS250801dabbcd24,2025-08-01,AP01,repeated,17,180,7,8
TRPSUR25080173f22817,2025-08-01,GJ01,repeated,5,59,6,8
TRPKOC250801f8319de5,2025-08-01,KL01,new,22,273,9,9
TRPIND250801d4727db4,2025-08-01,MP01,new,13,127,7,8
TRPJAI2508019331b6b2,2025-08-01,RJ01,repeated,26,349,7,10
TRPSUR250801e9217dc6,2025-08-01,GJ01,new,8,83,9,6
TRPCHA250801b962c6ba,2025-08-01,CH01,repeated,27,269,7,9
TRPJAI25080180c912e0,2025-08-01,RJ01,new,33,433,10,9
TRPLUC2508012b4c8da1,2025-08-01,UP01,repeated,17,179,7,6
TRPLUC2508019a0c246b,2025-08-01,UP01,repeated,13,143,7,6
TRPLUC250801523ea66a,2025-08-01,UP01,repeated,8,98,7,6
TRPVAD25080105cb8533,2025-08-01,GJ02,repeated,18,162,5,6
TRPLUC2508015649f7ac,2025-08-01,UP01,new,12,134,9,8
TRPKOC250801fd1e23e1,2025-08-01,KL01,repeated,24,295,9,10
TRPVIS2508010ce7c3c4,2025-08-01,AP01,new,24,243,8,9
TRPIND250801019d3a74,2025-08-01,MP01,new,15,143,7,8
TRPLUC250801ae37e94f,2025-08-01,UP01,repeated,17,179,5,5
TRPMYS250801427bd207,2025-08-01,KA01,new,25,285,10,9
TRPCOI2508012a74851a,2025-08-01,TN01,repeated,21,191,7,6
TRPKOC2508016f701582,2025-08-01,KL01,new,32,383,9,8
TRPCHA250801eddab319,2025-08-01,CH01,new,24,242,9,7
TRPLUC250801da6dcf26,2025-08-01,UP01,repeated,11,125,5,7
TRPLUC25080152377f30,2025-08-01,UP01,repeated,9,107,7,6
TRPJAI250801fbc63985,2025-08-01,RJ01,new,31,409,8,8
TRPVIS2508015ecbd0dc,2025-08-01,AP01,new,17,180,9,9
TRPVIS250801da256554,2025-08-01,AP01,repeated,28,279,7,8
TRPVAD250801356be56e,2025-08-01,GJ02,repeated,13,122,5,7
TRPIND25080193970b97,2025-08-01,MP01,new,17,159,10,9
TRPVAD2508014cd729a0,2025-08-01,GJ02,new,7,74,8,8
TRPIND250801762e21aa,2025-08-01,MP01,new,10,103,9,7
TRPCHA2508016806170a,2025-08-01,CH01,new,26,260,7,8
TRPLUC250801e0ba743c,2025-08-01,UP01,repeated,15,161,7,8
TRPCHA250801d6266537,2025-08-01,CH01,repeated,15,161,8,6
TRPIND250801b7f1db6e,2025-08-01,MP01,repeated,14,135,9,8
TRPSUR2508011cf7e3d1,2025-08-01,GJ01,repeated,13,123,7,8
TRPSUR2508019f90bfdf,2025-08-01,GJ01,new,15,139,7,7
TRPSUR250801d2e23624,2025-08-01,GJ01,repeated,15,139,7,8
TRPSUR2508018055af28,2025-08-01,GJ01,repeated,15,139,6,6
TRPIND2508018e8051ba,2025-08-01,MP01,new,14,135,8,8
TRPCOI250801b72317d3,2025-08-01,TN01,repeated,8,87,7,8
TRPSUR250801d4ad150e,2025-08-01,GJ01,new,15,139,7,8
TRPKOC2508012afb109c,2025-08-01,KL01,repeated,27,328,8,8
TRPSUR25080140b748bc,2025-08-01,GJ01,repeated,6,67,5,7
TRPLUC250801342368c9,2025-08-01,UP01,repeated,10,116,6,6
TRPLUC250801051dcc9c,2025-08-01,UP01,repeated,19,197,5,8
TRPVAD25080148b1e556,2025-08-01,GJ02,repeated,6,66,6,6
TRPSUR2508012656379d,2025-08-01,GJ01,repeated,15,139,7,7
TRPJAI250801109b9ffb,2025-08-01,RJ01,new,37,481,10,10
TRPCHA25080157e0b629,2025-08-01,CH01,new,26,260,8,9
TRPIND25080138ba727f,2025-08-01,MP01,new,15,143,7,9
TRPCHA250801faf1697d,2025-08-01,CH01,repeated,19,197,9,7
TRPIND250801918bb1d0,2025-08-01,MP01,repeated,25,223,6,8
TRPLUC250801bcecd1aa,2025-08-01,UP01,repeated,8,98,7,8
TRPKOC25080173751786,2025-08-01,KL01,new,12,163,9,10
TRPSUR25080188c4ac7c,2025-08-01,GJ01,repeated,16,147,6,8
TRPSUR250801dab4cec6,2025-08-01,GJ01,new,11,107,8,8
TRPMYS25080151c2ffc0,2025-08-01,KA01,new,22,255,8,8
TRPSUR250801e7656dcf,2025-08-01,GJ01,repeated,6,67,5,8
TRPJAI250801533b8a48,2025-08-01,RJ01,new,24,325,9,10
TRPJAI250801574420f1,2025-08-01,RJ01,repeated,20,277,7,9
TRPSUR250801335f5b00,2025-08-01,GJ01,repeated,9,91,6,7
TRPLUC250801fa6f68c4,2025-08-01,UP01,new,19,197,9,7
TRPJAI25080165e570a3,2025-08-01,RJ01,repeated,45,577,9,8
TRPCHA2508019b304fa1,2025-08-01,CH01,new,26,260,10,9
TRPVAD2508015bf2bdf0,2025-08-01,GJ02,repeated,10,98,7,8
TRPJAI25080160465b28,2025-08-01,RJ01,repeated,37,481,7,8
TRPLUC2508013a8bae82,2025-08-01,UP01,repeated,11,125,5,8
TRPCOI250801e8849a18,2025-08-01,TN01,repeated,18,167,6,8
TRPVAD25080145947159,2025-08-01,GJ02,new,13,122,9,7
TRPJAI25080173e8408b,2025-08-01,RJ01,new,31,409,8,10
TRPKOC250801c077bd9a,2025-08-01,KL01,repeated,11,152,7,8
TRPCHA250801e2a0ac68,2025-08-01,CH01,new,19,197,7,7
TRPCHA25080154aef5de,2025-08-01,CH01,new,15,161,9,9
TRPCHA2508019653e072,2025-08-01,CH01,repeated,24,242,6,8
TRPSUR250801fbaf3cce,2025-08-01,GJ01,repeated,12,115,3,2
TRPIND250801eae8714d,2025-08-01,MP01,repeated,25,223,9,6
TRPLUC250801f3796931,2025-08-01,UP01,repeated,17,179,6,5
TRPSUR25080111de0181,2025-08-01,GJ01,repeated,6,67,5,6
TRPLUC2508012fc4ef00,2025-08-01,UP01,repeated,8,98,6,5
TRPCHA250801b8a983dd,2025-08-01,CH01,repeated,34,332,9,7
TRPIND250801f40f8762,2025-08-01,MP01,new,25,223,7,8
TRPJAI250801507bbd7e,2025-08-01,RJ01,new,36,469,8,10
TRPVAD250801c894bceb,2025-08-01,GJ02,repeated,7,74,5,6
TRPIND250801478cc4cc,2025-08-01,MP01,repeated,18,167,9,6
TRPCOI25080139b6cea8,2025-08-01,TN01,repeated,20,183,8,6
TRPJAI2508017e20016b,2025-08-01,RJ01,new,37,481,10,10
TRPSUR250801f14797e6,2025-08-01,GJ01,repeated,16,147,5,5
TRPJAI250801bfa02cd0,2025-08-01,RJ01,repeated,34,445,9,9
TRPSUR250801c41abdcf,2025-08-01,GJ01,repeated,7,75,7,5
TRPLUC25080106897209,2025-08-01,UP01,repeated,9,107,7,8
TRPIND25080127ffe331,2025-08-01,MP01,repeated,18,167,9,6
TRPIND250801b1d69908,2025-08-01,MP01,repeated,10,103,7,9
TRPIND25080105885485,2025-08-01,MP01,new,21,191,8,8
TRPCHA250801c4fd3f1a,2025-08-01,CH01,repeated,16,170,8,6
TRPLUC25080130da3b2f,2025-08-01,UP01,repeated,20,206,5,5
TRPLUC2508018975de88,2025-08-01,UP01,new,6,80,8,6
TRPJAI25080140c484a1,2025-08-01,RJ01,repeated,39,505,9,9
TRPVAD2508019687e51b,2025-08-01,GJ02,new,18,162,7,6
TRPKOC250801e2a039fd,2025-08-01,KL01,new,32,383,9,10
TRPVIS25080198683d34,2025-08-01,AP01,repeated,28,279,9,9
TRPCOI2508019efa7bfc,2025-08-01,TN01,new,9,95,8,8
TRPJAI250801d701055f,2025-08-01,RJ01,new,37,481,10,8
TRPKOC250801bda1a6cd,2025-08-01,KL01,repeated,36,427,7,10
TRPSUR25080183877401,2025-08-01,GJ01,new,6,67,8,7
TRPSUR250801a723e973,2025-08-01,GJ01,repeated,6,67,6,7
TRPLUC25080162846ae3,2025-08-01,UP01,repeated,19,197,5,5
TRPVAD250801a9935db7,2025-08-01,GJ02,new,12,114,9,8
TRPJAI2508010f2d2b00,2025-08-01,RJ01,new,43,553,8,10
TRPVIS2508010cc24496,2025-08-01,AP01,new,13,144,8,8
TRPCHA2508013ebd1af8,2025-08-01,CH01,repeated,30,296,8,6
TRPCOI2508016c2eacaa,2025-08-01,TN01,repeated,11,111,8,8
TRPLUC2508019c6b02c0,2025-08-01,UP01,new,11,125,8,7
TRPIND2508019b62f9cd,2025-08-01,MP01,repeated,15,143,8,7
TRPKOC250801fd6022f7,2025-08-01,KL01,new,22,273,10,9
TRPSUR250801ba58fe46,2025-08-01,GJ01,repeated,10,99,5,7
TRPMYS2508011d1db06e,2025-08-01,KA01,new,20,235,9,9
TRPIND250801f9d8ba42,2025-08-01,MP01,new,10,103,9,9
TRPIND250801448aaf11,2025-08-01,MP01,repeated,11,111,6,7
TRPJAI2508010555e785,2025-08-01,RJ01,new,33,433,10,8
TRPJAI250801d286c17d,2025-08-01,RJ01,new,36,469,8,10
TRPIND250801467fe2a4,2025-08-01,MP01,new,22,199,8,8
TRPCOI250801ede42ab7,2025-08-01,TN01,repeated,22,199,8,6
TRPSUR250801cb833c71,2025-08-01,GJ01,repeated,6,67,5,5
TRPSUR250801ea290abc,2025-08-01,GJ01,repeated,15,139,5,7
TRPLUC2508012c2e5cc0,2025-08-01,UP01,repeated,7,89,5,7
TRPCOI25080195d6fed3,2025-08-01,TN01,new,13,127,7,7
TRPJAI250801dc00acc0,2025-08-01,RJ01,repeated,33,433,9,8
TRPJAI250801d1eaa8e4,2025-08-01,RJ01,repeated,41,529,7,10
TRPIND2508016286b6a1,2025-08-01,MP01,new,11,111,9,9
TRPLUC2508018b8c632e,2025-08-01,UP01,new,17,179,8,6
TRPCHA25080145c49032,2025-08-01,CH01,new,26,260,7,9
TRPVAD250801ff14c14a,2025-08-01,GJ02,repeated,15,138,7,6
TRPLUC250801f7522865,2025-08-01,UP01,repeated,19,197,5,7
TRPSUR2508010f08305c,2025-08-01,GJ01,new,14,131,8,6
TRPVAD2508017758e2fe,2025-08-01,GJ02,repeated,12,114,7,8
TRPSUR2508016a096f08,2025-08-01,GJ01,repeated,13,123,5,5
TRPJAI25080199d6380f,2025-08-01,RJ01,repeated,28,373,8,8
TRPKOC250801ead9607e,2025-08-01,KL01,repeated,21,262,7,8
TRPCHA25080137066c7a,2025-08-01,CH01,new,28,278,9,7
TRPSUR25080123bd53d7,2025-08-01,GJ01,repeated,5,59,5,5
TRPJAI2508017b6c2679,2025-08-01,RJ01,new,37,481,9,9
TRPIND2508015f5286b2,2025-08-01,MP01,new,10,103,10,7
TRPIND25080121bdd49b,2025-08-01,MP01,repeated,14,135,6,6
TRPCHA250801b205133c,2025-08-01,CH01,new,35,341,9,8
TRPMYS250801f34f7e05,2025-08-01,KA01,repeated,24,275,8,8
TRPJAI250801063f585d,2025-08-01,RJ01,new,30,397,9,10
TRPSUR25080140863779,2025-08-01,GJ01,new,7,75,7,6
TRPCHA250801b9290cc0,2025-08-01,CH01,repeated,24,242,9,8
TRPSUR250801e0a49a3b,2025-08-01,GJ01,new,15,139,8,8
TRPSUR250801775b11b5,2025-08-01,GJ01,new,9,91,7,7
TRPVIS2508010fc6d469,2025-08-01,AP01,new,13,144,8,8
TRPSUR25080108d81299,2025-08-01,GJ01,repeated,15,139,7,8
TRPCHA250801e49d4f57,2025-08-01,CH01,new,19,197,10,9
TRPCHA2508016e6200f3,2025-08-01,CH01,new,17,179,9,9
TRPKOC250801aaaca10d,2025-08-01,KL01,new,24,295,10,10
TRPSUR250801344b6ca9,2025-08-01,GJ01,repeated,7,75,7,7
TRPSUR250801d6238fa9,2025-08-01,GJ01,repeated,11,107,6,7
TRPKOC250801f62a2fed,2025-08-01,KL01,repeated,23,284,8,8
TRPJAI250801c3d8d85b,2025-08-01,RJ01,new,19,265,8,9
TRPKOC25080199d666a6,2025-08-01,KL01,repeated,28,339,9,8
TRPJAI25080101d59a2e,2025-08-01,RJ01,repeated,42,541,7,9
TRPSUR2508018c221a79,2025-08-01,GJ01,repeated,16,147,6,7
TRPLUC25080186f5face,2025-08-01,UP01,repeated,5,71,5,6
TRPJAI250801caa0e808,2025-08-01,RJ01,new,38,493,8,10
TRPSUR25080149359a03,2025-08-01,GJ01,repeated,13,123,6,6
TRPLUC25080197079477,2025-08-01,UP01,repeated,20,206,5,8
TRPJAI250801b8f53de6,2025-08-01,RJ01,new,34,445,9,8
TRPSUR250801ebd3be53,2025-08-01,GJ01,new,14,131,7,7
TRPCHA25080168dc6685,2025-08-01,CH01,repeated,29,287,7,9
TRPVIS250801a8db38a3,2025-08-01,AP01,new,29,288,8,10
TRPLUC2508019135c681,2025-08-01,UP01,repeated,20,206,7,7
TRPKOC250801fcc3cba0,2025-08-01,KL01,repeated,25,306,9,9
TRPSUR25080144439cf7,2025-08-01,GJ01,repeated,9,91,5,8
TRPVAD2508012fc14c83,2025-08-01,GJ02,new,17,154,9,6
TRPSUR250801daca3b90,2025-08-01,GJ01,repeated,17,155,7,8
TRPSUR250801717d42e8,2025-08-01,GJ01,new,13,123,7,7
TRPLUC250801df438349,2025-08-01,UP01,repeated,19,197,7,7
TRPJAI2508012cb036d2,2025-08-01,RJ01,repeated,21,289,7,8
TRPIND250801d94d6e33,2025-08-01,MP01,new,18,167,7,8
TRPVAD250801fc4e395f,2025-08-01,GJ02,new,8,82,9,7
TRPLUC25080130096515,2025-08-01,UP01,repeated,18,188,7,5
TRPVAD25080176d06c36,2025-08-01,GJ02,repeated,5,58,5,7
TRPJAI2508019876b31e,2025-08-01,RJ01,repeated,26,349,9,10
TRPIND250801c7741c5e,2025-08-01,MP01,new,22,199,7,8
TRPJAI250801eb68ddc2,2025-08-01,RJ01,new,23,313,10,8
TRPSUR250801b56ca9d3,2025-08-01,GJ01,repeated,10,99,5,7
TRPSUR2508016b2c72e7,2025-08-01,GJ01,new,10,99,8,8
TRPJAI2508016827dd5e,2025-08-01,RJ01,repeated,38,493,9,8
TRPSUR250801b98aacb6,2025-08-01,GJ01,new,13,123,8,6
TRPLUC250801fa028597,2025-08-01,UP01,repeated,19,197,4,4
TRPVIS250801bb88ce9f,2025-08-01,AP01,repeated,17,180,7,10
TRPSUR250801ad9305f2,2025-08-01,GJ01,repeated,5,59,7,8
TRPSUR2508010e1e883e,2025-08-01,GJ01,repeated,16,147,5,8
TRPJAI250801c781b36c,2025-08-01,RJ01,new,42,541,9,10
TRPCOI2508012cd730cd,2025-08-01,TN01,repeated,18,167,6,7
TRPLUC2508010d3868bd,2025-08-01,UP01,repeated,11,125,6,6
TRPCHA2508011d719019,2025-08-01,CH01,repeated,27,269,8,6
TRPIND2508017c1a99c6,2025-08-01,MP01,new,11,111,9,9
TRPLUC25080116281623,2025-08-01,UP01,repeated,16,170,5,6
TRPLUC25080100015b9b,2025-08-01,UP01,repeated,18,188,7,8
TRPIND250801dce4b3e2,2025-08-01,MP01,repeated,21,191,8,6
TRPJAI250801dd1a31bf,2025-08-01,RJ01,repeated,41,529,9,10
TRPVIS25080177c697a6,2025-08-01,AP01,repeated,34,333,9,9
TRPJAI250801aec82d6d,2025-08-01,RJ01,repeated,17,241,9,10
TRPCOI25080146f79c6a,2025-08-01,TN01,new,17,159,8,7
TRPSUR25080151cb9ae2,2025-08-01,GJ01,repeated,17,155,5,6
TRPJAI250801fac57354,2025-08-01,RJ01,new,21,289,10,10
TRPIND250801b4a5f990,2025-08-01,MP01,repeated,10,103,6,8
TRPJAI2508018fef08b9,2025-08-01,RJ01,new,37,481,10,9
TRPLUC250801be69cd3a,2025-08-01,UP01,new,14,152,7,6
TRPSUR250801d10f879b,2025-08-01,GJ01,repeated,16,147,6,8
TRPVAD25080169fbade2,2025-08-01,GJ02,repeated,18,162,7,6
TRPKOC2508018bde05a5,2025-08-01,KL01,repeated,26,317,8,9
TRPLUC25080132399c92,2025-08-01,UP01,new,19,197,9,8
TRPKOC25080107a56f90,2025-08-01,KL01,repeated,12,163,8,10
TRPLUC250801ba5f9f82,2025-08-01,UP01,new,14,152,9,7
TRPVAD2508016c00d6cc,2025-08-01,GJ02,repeated,7,74,7,7
TRPSUR25080149143399,2025-08-01,GJ01,repeated,11,107,6,7
TRPMYS25080169f8a5b7,2025-08-01,KA01,new,11,145,8,8
TRPIND250801bc53d52c,2025-08-01,MP01,repeated,25,223,9,7
TRPKOC250801d9495853,2025-08-01,KL01,new,34,405,10,8
TRPCOI25080172058910,2025-08-01,TN01,repeated,9,95,9,6
TRPLUC250801c4f0c3c1,2025-08-01,UP01,repeated,19,197,6,8
TRPJAI250801823f6781,2025-08-01,RJ01,new,26,349,8,9
TRPJAI2508018547f7ff,2025-08-01,RJ01,new,43,553,10,8
TRPJAI250801b3b8baab,2025-08-01,RJ01,new,22,301,8,10
TRPCHA25080128878df9,2025-08-01,CH01,new,13,143,10,9
TRPCHA25080103eedbfd,2025-08-01,CH01,repeated,17,179,8,8
TRPLUC25080121d74842,2025-08-01,UP01,repeated,10,116,5,6
TRPJAI250801871c9fcb,2025-08-01,RJ01,repeated,31,409,8,9
TRPLUC2508018d451b08,2025-08-01,UP01,repeated,13,143,6,8
TRPCOI25080112d2c4be,2025-08-01,TN01,repeated,12,119,7,9
TRPVIS250801380cf096,2025-08-01,AP01,repeated,16,171,9,8
TRPJAI2508015e9f4564,2025-08-01,RJ01,new,28,373,9,9
TRPJAI25080109b75a5b,2025-08-01,RJ01,repeated,26,349,7,8
TRPJAI250801551fff82,2025-08-01,RJ01,new,36,469,8,8
TRPCHA250801023326ec,2025-08-01,CH01,new,29,287,9,7
TRPIND2508019934f1a5,2025-08-01,MP01,repeated,21,191,7,9
TRPIND250801013dd8fe,2025-08-01,MP01,repeated,24,215,8,6
TRPLUC250801e3b0ac53,2025-08-01,UP01,repeated,17,179,5,7
TRPKOC2508015246adde,2025-08-01,KL01,new,37,438,10,8
TRPJAI250801813efd7c,2025-08-01,RJ01,new,20,277,8,9
TRPVAD250801f02b1785,2025-08-01,GJ02,repeated,7,74,6,7
TRPCOI250801c62525a2,2025-08-01,TN01,repeated,22,199,8,8
TRPLUC2508010decb4ed,2025-08-01,UP01,repeated,19,197,5,8
TRPSUR250801af862fe7,2025-08-01,GJ01,new,13,123,8,6
TRPLUC250801967aa3a3,2025-08-01,UP01,repeated,7,89,5,5
TRPCHA250801fa0adcb1,2025-08-01,CH01,new,28,278,7,8
TRPCHA250801228ba406,2025-08-01,CH01,repeated,25,251,6,7
TRPJAI250801cded9ca7,2025-08-01,RJ01,new,15,217,10,8
TRPJAI2508013c5a87c8,2025-08-01,RJ01,repeated,20,277,7,9
TRPIND250801bba86672,2025-08-01,MP01,repeated,14,135,6,9
TRPJAI2508011926c1f4,2025-08-01,RJ01,repeated,16,229,7,9
TRPIND250801f3422ccd,2025-08-01,MP01,repeated,14,135,7,9
TRPVAD25080132851ccb,2025-08-01,GJ02,repeated,12,114,7,8
TRPJAI2508014c02980c,2025-08-01,RJ01,repeated,22,301,9,8
TRPKOC250801ba6f4dba,2025-08-01,KL01,new,13,174,10,9
TRPIND2508016c0e355e,2025-08-01,MP01,new,15,143,7,7
TRPVAD2508010a58e7ab,2025-08-01,GJ02,repeated,7,74,5,5
TRPCHA2508013cf28a1b,2025-08-01,CH01,repeated,33,323,8,7
TRPSUR250801fcafa878,2025-08-01,GJ01,new,8,83,8,6
TRPVIS2508013214ed06,2025-08-01,AP01,new,13,144,10,8
TRPSUR250801b2a04f93,2025-08-01,GJ01,repeated,12,115,6,8
TRPCOI250801a08db877,2025-08-01,TN01,repeated,16,151,9,9
TRPJAI250801d5d78d3a,2025-08-01,RJ01,repeated,27,361,9,9
TRPCHA250801af1129bd,2025-08-01,CH01,repeated,18,188,8,7
TRPLUC2508015af9c08d,2025-08-01,UP01,repeated,14,152,6,8
TRPLUC250801132c4af9,2025-08-01,UP01,repeated,15,161,5,7
TRPVAD2508012d18dabf,2025-08-01,GJ02,repeated,18,162,7,8
TRPVAD250801b3f1cf5c,2025-08-01,GJ02,repeated,6,66,6,8
TRPLUC25080127294900,2025-08-01,UP01,new,15,161,7,7
TRPKOC25080145b058a6,2025-08-01,KL01,repeated,17,218,8,8
TRPLUC2508019f7ba6b6,2025-08-01,UP01,new,13,143,9,8
TRPJAI2508017a1279c7,2025-08-01,RJ01,new,24,325,10,9
TRPCHA250801a156db00,2025-08-01,CH01,repeated,25,251,8,9
TRPVAD250801a301a461,2025-08-01,GJ02,repeated,18,162,6,5
TRPLUC2508011b440ce1,2025-08-01,UP01,new,5,71,8,7
TRPVIS25080178e8a7a7,2025-08-01,AP01,repeated,10,117,7,8
TRPSUR2508013517c84b,2025-08-01,GJ01,repeated,7,75,6,7
TRPSUR250801b11cdda0,2025-08-01,GJ01,repeated,7,75,5,7
TRPLUC250801c91cd8b4,2025-08-01,UP01,repeated,8,98,5,8
TRPSUR250801aed7fbb2,2025-08-01,GJ01,repeated,17,155,7,7
TRPIND250801b6d64604,2025-08-01,MP01,repeated,10,103,9,7
TRPKOC250801e35b0653,2025-08-01,KL01,new,26,317,9,10
TRPLUC250801ffa7c530,2025-08-01,UP01,new,12,134,7,8
TRPCHA250801f82799f7,2025-08-01,CH01,new,19,197,8,9
TRPSUR250801336544fa,2025-08-01,GJ01,repeated,10,99,6,5
TRPLUC25080122d3f318,2025-08-01,UP01,repeated,12,134,6,8
TRPCOI250801370a853d,2025-08-01,TN01,new,14,135,8,8
TRPSUR25080105089da5,2025-08-01,GJ01,repeated,15,139,5,8
TRPJAI2508015e919093,2025-08-01,RJ01,repeated,29,385,7,8
TRPJAI2508014e6bacfd,2025-08-01,RJ01,new,38,493,8,10
TRPSUR25080148f0cea0,2025-08-01,GJ01,repeated,10,99,5,7
TRPLUC250801ca5b8ad4,2025-08-01,UP01,repeated,13,143,6,7
TRPVAD250801a28614a6,2025-08-01,GJ02,repeated,15,138,7,6
TRPVAD250801ed0d3f23,2025-08-01,GJ02,repeated,9,90,7,6
TRPMYS2508018726427a,2025-08-01,KA01,new,19,225,10,8
TRPLUC2508012f4e65b7,2025-08-01,UP01,repeated,19,197,5,6
TRPLUC2508013f983991,2025-08-01,UP01,repeated,12,134,5,6
TRPCOI250801d4c7975a,2025-08-01,TN01,repeated,14,135,6,8
TRPSUR2508011f03f678,2025-08-01,GJ01,new,16,147,9,7
TRPVAD2508018897f6e5,2025-08-01,GJ02,new,8,82,7,6
TRPCHA250801fb83e8f9,2025-08-01,CH01,new,21,215,7,7
TRPLUC25080133f67e5e,2025-08-01,UP01,repeated,7,89,5,7
TRPLUC25080112c44cf5,2025-08-01,UP01,repeated,17,179,6,7
TRPKOC2508012103015e,2025-08-01,KL01,repeated,33,394,8,9
TRPJAI250801005546cb,2025-08-01,RJ01,new,36,469,10,9
TRPVIS250801c2206b84,2025-08-01,AP01,new,29,288,8,10
TRPVAD250801a7f5081d,2025-08-01,GJ02,repeated,5,58,7,8
TRPLUC25080123d1b3c1,2025-08-01,UP01,repeated,9,107,6,6
TRPIND250801a9de68ab,2025-08-01,MP01,repeated,12,119,9,7
TRPSUR25080148832170,2025-08-01,GJ01,repeated,11,107,6,8
TRPSUR2508015e321370,2025-08-01,GJ01,repeated,16,147,7,7
TRPVAD25080154e263ca,2025-08-01,GJ02,new,15,138,8,8
TRPCOI2508013f6c562d,2025-08-01,TN01,repeated,18,167,7,6
TRPLUC2508016c280654,2025-08-01,UP01,repeated,11,125,7,6
TRPKOC250801a9381db8,2025-08-01,KL01,repeated,23,284,8,9
TRPIND250801107229cf,2025-08-01,MP01,new,19,175,7,7
TRPCOI2508018f6b6bb3,2025-08-01,TN01,repeated,8,87,8,6
TRPMYS25080137f935e0,2025-08-01,KA01,repeated,14,175,7,10
TRPJAI2508015b7b0c4a,2025-08-01,RJ01,new,17,241,10,8
TRPVIS2508017a26680f,2025-08-01,AP01,repeated,24,243,7,8
TRPVAD250801489dcb18,2025-08-01,GJ02,new,18,162,8,6
TRPCHA250801707e5973,2025-08-01,CH01,new,32,314,10,8
TRPIND25080161587786,2025-08-01,MP01,repeated,15,143,7,9
TRPIND250801eb7d44c2,2025-08-01,MP01,repeated,13,127,9,6
TRPLUC250801edfa4314,2025-08-01,UP01,repeated,14,152,7,6
TRPSUR25080119335f94,2025-08-01,GJ01,repeated,17,155,5,6
TRPIND250801b300e1f9,2025-08-01,MP01,repeated,16,151,6,8
TRPKOC250801a8aaa48b,2025-08-01,KL01,new,32,383,8,8
TRPIND250801d7884311,2025-08-01,MP01,new,21,191,10,8
TRPJAI250801c238065f,2025-08-01,RJ01,new,37,481,9,8
TRPIND250801040fe286,2025-08-01,MP01,repeated,18,167,7,7
TRPVIS25080169b1eae1,2025-08-01,AP01,new,24,243,10,8
TRPLUC250801a74a0371,2025-08-01,UP01,repeated,17,179,5,7
TRPCOI250801fc7c7908,2025-08-01,TN01,repeated,10,103,8,9
TRPLUC250801a1371e94,2025-08-01,UP01,repeated,8,98,5,6
TRPIND25080170f0923f,2025-08-01,MP01,repeated,23,207,9,6
TRPCHA250801ad3c7837,2025-08-01,CH01,new,21,215,10,9
TRPSUR2508017b9841e7,2025-08-01,GJ01,repeated,12,115,7,6
TRPCHA250801c7698ae2,2025-08-01,CH01,repeated,23,233,9,8
TRPSUR250801e440f769,2025-08-01,GJ01,repeated,11,107,6,5
TRPSUR250801ac8d2cae,2025-08-01,GJ01,repeated,15,139,5,8
TRPSUR2508012bd2f8d7,2025-08-01,GJ01,new,11,107,8,6
TRPVAD250801dee2c0c8,2025-08-01,GJ02,repeated,5,58,5,6
TRPLUC250801ffe268ac,2025-08-01,UP01,repeated,18,188,6,8
TRPJAI25080153e39a00,2025-08-01,RJ01,repeated,15,217,7,8
TRPJAI250801b2d4a88a,2025-08-01,RJ01,new,39,505,10,8
TRPCHA25080175a7f52c,2025-08-01,CH01,repeated,14,152,6,8
TRPJAI25080132bbc0b2,2025-08-01,RJ01,new,37,481,9,9
TRPLUC2508016c4a438c,2025-08-01,UP01,repeated,16,170,5,6
TRPCHA25080111823b18,2025-08-01,CH01,new,33,323,9,9
TRPSUR2508013c90dfa8,2025-08-01,GJ01,repeated,15,139,6,6
TRPLUC25080124387740,2025-08-01,UP01,repeated,16,170,7,5
TRPJAI2508011dc4e0e5,2025-08-01,RJ01,new,23,313,8,10
TRPLUC2508018bd2c32b,2025-08-01,UP01,new,5,71,7,7
TRPLUC250801f2f14873,2025-08-01,UP01,repeated,7,89,7,6
TRPLUC250801985f55ca,2025-08-01,UP01,repeated,13,143,5,7
TRPLUC250801c54359be,2025-08-01,UP01,repeated,9,107,7,6
TRPVAD250801822bbecb,2025-08-01,GJ02,repeated,17,154,7,8
TRPVIS250801493f74a3,2025-08-01,AP01,new,32,315,8,8
TRPIND25080100ead2a4,2025-08-01,MP01,new,21,191,9,7
TRPSUR25080159ab0f7b,2025-08-01,GJ01,repeated,17,155,5,8
TRPLUC2508016cb6fb9a,2025-08-01,UP01,repeated,8,98,5,5
TRPLUC250801b03e6ab7,2025-08-01,UP01,new,6,80,7,7
TRPJAI2508017cf5c860,2025-08-01,RJ01,repeated,21,289,8,10
TRPCOI25080111b8a1ad,2025-08-01,TN01,new,21,191,10,8
TRPJAI250801cac7ae76,2025-08-01,RJ01,new,28,373,8,9
TRPCHA250801f68e3d02,2025-08-01,CH01,new,35,341,8,8
TRPVIS250801ddbaba3f,2025-08-01,AP01,repeated,14,153,8,8
TRPIND2508017677ef2d,2025-08-01,MP01,repeated,11,111,6,7
TRPMYS250801fd201844,2025-08-01,KA01,new,12,155,9,8
TRPJAI25080100539ce7,2025-08-01,RJ01,new,26,349,9,10
TRPKOC2508017546bc09,2025-08-01,KL01,repeated,27,328,8,8
TRPJAI2508013ed5d95c,2025-08-01,RJ01,repeated,20,277,9,8
TRPIND2508015eaa458e,2025-08-01,MP01,repeated,25,223,9,6
TRPVAD2508013f4d18ec,2025-08-01,GJ02,repeated,10,98,5,5
TRPSUR250801a6101a12,2025-08-01,GJ01,repeated,5,59,5,6
TRPJAI25080125b11f50,2025-08-01,RJ01,new,29,385,8,9
TRPSUR2508019ac99f79,2025-08-01,GJ01,repeated,17,155,7,7
TRPIND250801d70e3336,2025-08-01,MP01,repeated,15,143,9,6
TRPMYS250801965b464b,2025-08-01,KA01,new,8,115,8,9
TRPLUC25080124427bec,2025-08-01,UP01,repeated,20,206,5,6
TRPKOC250801b2bb4497,2025-08-01,KL01,new,35,416,9,10
TRPJAI2508015dc9cbbb,2025-08-01,RJ01,repeated,30,397,8,8
TRPJAI250801d6a591f2,2025-08-01,RJ01,new,44,565,9,10
TRPLUC25080138c20104,2025-08-01,UP01,repeated,9,107,7,7
TRPVIS2508016e3531bb,2025-08-01,AP01,repeated,21,216,9,10
TRPJAI250801726320e9,2025-08-01,RJ01,new,27,361,8,9
TRPVIS25080109d1f9c6,2025-08-01,AP01,repeated,35,342,8,9
TRPLUC2508010cf91b68,2025-08-01,UP01,new,12,134,7,6
TRPIND250801eb3857d4,2025-08-01,MP01,repeated,18,167,8,8
TRPCOI2508017a3789b0,2025-08-01,TN01,new,10,103,9,9
TRPJAI250801bd9037ec,2025-08-01,RJ01,new,20,277,8,9
TRPLUC2508015413dea4,2025-08-01,UP01,repeated,20,206,7,7
TRPVAD250801855639ed,2025-08-01,GJ02,new,18,162,7,6
TRPSUR2508011f4a5e1e,2025-08-01,GJ01,repeated,10,99,7,5
TRPLUC250801213f37e1,2025-08-01,UP01,new,15,161,8,8
TRPIND2508015b28b1e6,2025-08-01,MP01,repeated,25,223,9,7
TRPSUR2508019f7e24d2,2025-08-01,GJ01,repeated,6,67,5,5
TRPJAI250801c1c45881,2025-08-01,RJ01,new,15,217,8,9
TRPKOC250801c43c8b99,2025-08-01,KL01,new,32,383,9,9
TRPVAD2508014d576277,2025-08-01,GJ02,repeated,5,58,7,7
TRPLUC2508012786ec3b,2025-08-01,UP01,repeated,10,116,5,8
TRPCHA2508017400b4f9,2025-08-01,CH01,repeated,27,269,8,7
TRPCHA250801f67c60b8,2025-08-01,CH01,repeated,14,152,9,8
TRPJAI2508011549ade0,2025-08-01,RJ01,new,18,253,8,8
TRPLUC250801c309a14e,2025-08-01,UP01,repeated,19,197,6,7
TRPVIS25080182dd0f13,2025-08-01,AP01,repeated,29,288,7,9
TRPJAI25080198392298,2025-08-01,RJ01,repeated,24,325,7,10
TRPVAD25080134371330,2025-08-01,GJ02,new,16,146,7,8
TRPLUC2508014517e4fc,2025-08-01,UP01,repeated,13,143,7,7
TRPJAI2508014cb95a70,2025-08-01,RJ01,repeated,38,493,7,9
TRPKOC25080130ae7938,2025-08-01,KL01,new,29,350,8,10
TRPSUR2508014644b4fc,2025-08-01,GJ01,new,9,91,7,7
TRPLUC2508017aba37c9,2025-08-01,UP01,new,6,80,7,8
TRPJAI25080159b406e3,2025-08-01,RJ01,new,44,565,9,9
TRPSUR25080114ca971e,2025-08-01,GJ01,new,17,155,9,6
TRPVIS25080191b19e9d,2025-08-01,AP01,repeated,18,189,7,9
TRPVIS2508018a13638c,2025-08-01,AP01,repeated,14,153,8,8
TRPMYS250801a888a600,2025-08-01,KA01,new,19,225,9,10
TRPJAI250801b03b7086,2025-08-01,RJ01,repeated,36,469,7,8
TRPCHA250801cd0b677f,2025-08-01,CH01,repeated,19,197,6,7
TRPVAD250801f1713f07,2025-08-01,GJ02,repeated,12,114,7,6
TRPVAD25080141816533,2025-08-01,GJ02,new,8,82,7,8
TRPMYS250801b4505b27,2025-08-01,KA01,repeated,11,145,8,10
TRPCOI25080100f14d81,2025-08-01,TN01,new,9,95,9,8
TRPCOI250801db9a899a,2025-08-01,TN01,repeated,19,175,9,6
TRPSUR250801dc99c2e4,2025-08-01,GJ01,repeated,15,139,5,5
TRPLUC25080156f91f53,2025-08-01,UP01,repeated,16,170,5,6
TRPIND250801225449f1,2025-08-01,MP01,repeated,24,215,6,8
TRPCHA2508018bdfc7a9,2025-08-01,CH01,repeated,34,332,6,6
TRPLUC250801adae3192,2025-08-01,UP01,repeated,12,134,6,7
TRPJAI250801a131b41a,2025-08-01,RJ01,new,18,253,10,9
TRPJAI250801ce0fd5fe,2025-08-01,RJ01,new,30,397,8,8
TRPLUC250801dd493d7d,2025-08-01,UP01,repeated,6,80,7,8
TRPSUR25080167a0c808,2025-08-01,GJ01,repeated,13,123,6,6
TRPVAD250801c37d0e0f,2025-08-01,GJ02,new,6,66,9,6
TRPKOC25080165e95825,2025-08-01,KL01,new,17,218,10,9
TRPCOI25080151e02cae,2025-08-01,TN01,repeated,13,127,6,6
TRPLUC2508017372bddf,2025-08-01,UP01,repeated,5,71,5,7
TRPCOI250801ad2ea8f0,2025-08-01,TN01,repeated,20,183,9,6
TRPLUC250801f0ceea56,2025-08-01,UP01,repeated,19,197,6,5
TRPVIS2508010653c68b,2025-08-01,AP01,repeated,15,162,8,9
TRPCHA250801f4df71b7,2025-08-01,CH01,new,34,332,9,8
TRPVAD2508012762fad7,2025-08-01,GJ02,repeated,16,146,7,6
TRPLUC250801ffffab2e,2025-08-01,UP01,repeated,5,71,5,7
TRPSUR25080188f5b326,2025-08-01,GJ01,repeated,12,115,5,8
TRPSUR2508015fe7d792,2025-08-01,GJ01,new,8,83,7,8
TRPLUC25080186a54042,2025-08-01,UP01,new,12,134,8,8
TRPCHA250801f97219ea,2025-08-01,CH01,new,23,233,8,8
TRPIND250801fb5d4155,2025-08-01,MP01,new,19,175,9,8
TRPJAI250801effc7f5c,2025-08-01,RJ01,repeated,28,373,8,8
TRPVAD2508017433c6d5,2025-08-01,GJ02,repeated,17,154,5,7
TRPMYS250801f6d786b2,2025-08-01,KA01,new,8,115,10,8
TRPIND250801cd9c4d5b,2025-08-01,MP01,repeated,9,95,6,6
TRPJAI250801f6eae545,2025-08-01,RJ01,new,41,529,8,8
TRPIND250801e3e5ffad,2025-08-01,MP01,repeated,9,95,7,7
TRPSUR250801c9b03152,2025-08-01,GJ01,repeated,10,99,5,6
TRPKOC250801f040a427,2025-08-01,KL01,repeated,19,240,9,9
TRPSUR2508016413b2a7,2025-08-01,GJ01,repeated,9,91,5,7
TRPCHA250801b5dfbcc8,2025-08-01,CH01,new,22,224,8,9
TRPIND250801fd261a4a,2025-08-01,MP01,repeated,11,111,9,7
TRPJAI250801c6c6c780,2025-08-01,RJ01,new,34,445,9,8
TRPJAI250801edb8e3db,2025-08-01,RJ01,new,32,421,10,8
TRPKOC25080175caa5a5,2025-08-01,KL01,new,14,185,9,9
TRPLUC25080150bc7365,2025-08-01,UP01,repeated,15,161,7,5
TRPIND2508015d51e99a,2025-08-01,MP01,new,24,215,9,8
TRPLUC250801fb929d88,2025-08-01,UP01,repeated,17,179,6,5
TRPLUC25080102f71340,2025-08-01,UP01,new,13,143,9,8
TRPSUR250801f274924c,2025-08-01,GJ01,repeated,16,147,5,8
TRPVAD25080134a7084b,2025-08-01,GJ02,repeated,8,82,7,7
TRPJAI250801a136e9ce,2025-08-01,RJ01,repeated,23,313,9,9
TRPCHA250801edfbb656,2025-08-01,CH01,repeated,14,152,8,7
TRPLUC250801c2fddd03,2025-08-01,UP01,repeated,20,206,6,8
TRPLUC250801fb2fbdfc,2025-08-01,UP01,new,17,179,8,6
TRPLUC250801290efacc,2025-08-01,UP01,new,18,188,7,7
TRPSUR250801deebd40e,2025-08-01,GJ01,repeated,17,155,5,5
TRPJAI250801ffe45508,2025-08-01,RJ01,repeated,21,289,8,9
TRPCHA25080187166e74,2025-08-01,CH01,new,34,332,7,8
TRPVAD250801e0e89a95,2025-08-01,GJ02,repeated,9,90,7,6
TRPKOC2508014a2370d3,2025-08-01,KL01,new,12,163,9,9
TRPKOC2508013d52054d,2025-08-01,KL01,repeated,23,284,7,8
TRPLUC250801a0efa827,2025-08-01,UP01,repeated,20,206,5,6
TRPSUR2508014458e9da,2025-08-01,GJ01,new,9,91,8,8
TRPJAI250801e18096cd,2025-08-01,RJ01,new,41,529,9,8
TRPJAI250801f22d8443,2025-08-01,RJ01,repeated,25,337,7,8
TRPCHA2508013d9881a7,2025-08-01,CH01,repeated,23,233,7,8
TRPVAD250801d210a79c,2025-08-01,GJ02,new,10,98,8,8
TRPLUC2508015631d734,2025-08-01,UP01,repeated,20,206,6,8
TRPJAI250801c83d701e,2025-08-01,RJ01,new,37,481,8,9
TRPVAD250801443f659a,2025-08-01,GJ02,new,8,82,9,6
TRPVIS250801e261cf46,2025-08-01,AP01,new,29,288,8,9
TRPIND2508014701fc6e,2025-08-01,MP01,new,20,183,9,7
TRPCHA250801584c092f,2025-08-01,CH01,new,20,206,10,7
TRPLUC250801d2683b64,2025-08-01,UP01,new,12,134,9,8
TRPJAI2508016f8b5545,2025-08-01,RJ01,repeated,16,229,8,10
TRPJAI250801d30bfc1c,2025-08-01,RJ01,new,38,493,9,8
TRPCOI2508015b8b62c1,2025-08-01,TN01,repeated,21,191,7,6
TRPKOC2508011368a494,2025-08-01,KL01,repeated,22,273,9,8
TRPSUR2508012cf4ba0d,2025-08-01,GJ01,new,9,91,9,8
TRPIND250801541e1c46,2025-08-01,MP01,new,21,191,8,7
TRPJAI2508013ecebd61,2025-08-01,RJ01,new,42,541,10,9
TRPLUC25080146e15fab,2025-08-01,UP01,repeated,11,125,7,8
TRPSUR25080131229dbd,2025-08-01,GJ01,new,15,139,7,6
TRPCHA25080123e1a060,2025-08-01,CH01,repeated,34,332,9,7
TRPKOC25080196fac7fd,2025-08-01,KL01,new,18,229,9,10
TRPVIS250801a3cfdc0c,2025-08-01,AP01,repeated,28,279,9,10
TRPIND250801237223c4,2025-08-01,MP01,repeated,10,103,8,9
TRPLUC250801c29a1be6,2025-08-01,UP01,repeated,15,161,7,5
TRPLUC250801698815e6,2025-08-01,UP01,repeated,11,125,5,7
TRPLUC250801475a2c79,2025-08-01,UP01,repeated,10,116,6,8
TRPIND25080124eec4c2,2025-08-01,MP01,repeated,13,127,8,8
TRPCHA250801f308fb2e,2025-08-01,CH01,repeated,26,260,9,7
TRPKOC2508014b902771,2025-08-01,KL01,repeated,33,394,8,8
TRPLUC250801cba12acb,2025-08-01,UP01,repeated,15,161,7,8
TRPLUC25080193cc2a60,2025-08-01,UP01,repeated,13,143,7,8
TRPVIS2508010eef2d61,2025-08-01,AP01,new,35,342,10,8
TRPVAD25080108cb9122,2025-08-01,GJ02,new,14,130,9,6
TRPKOC2508013c0d87b5,2025-08-01,KL01,repeated,24,295,9,8
TRPVIS250801b1d8b13d,2025-08-01,AP01,repeated,16,171,8,10
TRPSUR25080120046200,2025-08-01,GJ01,repeated,5,59,7,7
TRPSUR250801f82c1897,2025-08-01,GJ01,repeated,16,147,6,8
TRPCOI2508012ade36d9,2025-08-01,TN01,repeated,17,159,9,8
TRPSUR2508013a35bf04,2025-08-01,GJ01,repeated,8,83,6,7
TRPCHA2508018c1b43d2,2025-08-01,CH01,new,15,161,8,7
TRPKOC250801cfc51611,2025-08-01,KL01,repeated,37,438,7,8
TRPLUC250801b26d1a11,2025-08-01,UP01,repeated,19,197,7,5
TRPSUR2508017553d2be,2025-08-01,GJ01,repeated,7,75,7,8
TRPLUC2508013d549602,2025-08-01,UP01,repeated,12,134,5,7
TRPVIS2508011d6ad949,2025-08-01,AP01,repeated,34,333,8,8
TRPJAI25080197e210c4,2025-08-01,RJ01,new,18,253,9,9
TRPVIS25080182c7a840,2025-08-01,AP01,new,19,198,9,8
TRPLUC25080179b5afbf,2025-08-01,UP01,repeated,16,170,7,6
TRPIND250801fa34b2e4,2025-08-01,MP01,repeated,11,111,6,9
TRPSUR250801f614cb7b,2025-08-01,GJ01,new,16,147,9,7
TRPCOI2508016ea9584a,2025-08-01,TN01,new,17,159,7,7
TRPVAD250801207fd133,2025-08-01,GJ02,repeated,12,114,6,7
TRPSUR250801c450830e,2025-08-01,GJ01,new,7,75,8,8
TRPIND250801e9398a16,2025-08-01,MP01,repeated,14,135,8,6
TRPLUC2508019803b4c0,2025-08-01,UP01,repeated,17,179,7,7
TRPSUR250801c30d8ae4,2025-08-01,GJ01,repeated,10,99,7,8
TRPJAI2508015b14487f,2025-08-01,RJ01,repeated,32,421,9,10
TRPLUC25080192ea392e,2025-08-01,UP01,repeated,16,170,5,7
TRPKOC2508019aa70679,2025-08-01,KL01,new,28,339,9,8
TRPCOI250801073fcdd6,2025-08-01,TN01,repeated,22,199,7,7
TRPCOI250801d1169c10,2025-08-01,TN01,new,18,167,7,7
TRPVIS25080196546749,2025-08-01,AP01,repeated,10,117,7,9
TRPSUR25080173f6c6e5,2025-08-01,GJ01,new,9,91,7,8
TRPJAI250801a2f05976,2025-08-01,RJ01,new,26,349,8,9
TRPJAI2508018915c421,2025-08-01,RJ01,new,19,265,9,8
TRPSUR250801db3b8480,2025-08-01,GJ01,new,13,123,7,6
TRPCOI2508011f996fc2,2025-08-01,TN01,repeated,9,95,6,7
TRPVIS250801a323a703,2025-08-01,AP01,repeated,11,126,7,8
TRPLUC2508010d017f38,2025-08-01,UP01,repeated,12,134,7,7
TRPJAI25080189f63412,2025-08-01,RJ01,new,19,265,8,10
TRPSUR250801d3d04cb3,2025-08-01,GJ01,new,13,123,8,7
TRPJAI250801d193b2d0,2025-08-01,RJ01,repeated,18,253,9,10
TRPLUC2508018888deb8,2025-08-01,UP01,repeated,20,206,6,6
TRPJAI250801a842ed07,2025-08-01,RJ01,new,44,565,9,9
TRPIND2508011090d226,2025-08-01,MP01,repeated,17,159,8,8
TRPVIS250801224a3651,2025-08-01,AP01,repeated,25,252,7,10
TRPVAD2508012bad8720,2025-08-01,GJ02,repeated,7,74,7,7
TRPCOI25080122368790,2025-08-01,TN01,new,16,151,8,9
TRPIND250801ec05fabc,2025-08-01,MP01,new,23,207,10,7
TRPLUC250801d9a06b05,2025-08-01,UP01,repeated,18,188,6,8
TRPKOC25080117fbf614,2025-08-01,KL01,new,23,284,10,9
TRPSUR250801a7721002,2025-08-01,GJ01,repeated,8,83,6,5
TRPCHA25080190c9bca8,2025-08-01,CH01,repeated,35,341,8,8
TRPVAD250801b1661af2,2025-08-01,GJ02,repeated,9,90,6,8
TRPCOI250801f8908fc2,2025-08-01,TN01,new,21,191,7,8
TRPCOI2508019df2948c,2025-08-01,TN01,repeated,18,167,8,8
TRPKOC250801efbfa6ba,2025-08-01,KL01,repeated,36,427,9,10
TRPCHA250801441020a5,2025-08-01,CH01,repeated,21,215,8,7
TRPVAD25080160279a5b,2025-08-01,GJ02,repeated,13,122,5,5
TRPIND2508011849b3ee,2025-08-01,MP01,repeated,23,207,9,9
TRPSUR250801a9f29d37,2025-08-01,GJ01,repeated,15,139,6,7
TRPKOC2508018ed0504a,2025-08-01,KL01,repeated,10,141,9,10
TRPIND250801cce40519,2025-08-01,MP01,repeated,21,191,8,8
